문장	여성/가족	남성	성소수자	인종/국적	연령	지역	종교	기타 혐오	악플/욕설	clean	개인지칭
일안하는 시간은 쉬고싶어서 그런게 아닐까	0	0	0	0	0	0	0	0	0	1	0
고향가서 피방가면 동네 부럴 친구들이랑은 뭐 거르는 거 없이 이야기하니까 막 말하게 되더라 당연히 키보드를 치거나 그러지는 않는데 말하는게 많이 거칠어지긴 해 반성해야겠네	0	0	0	0	0	0	0	0	0	1	0
예수 십새끼 개새끼 창녀아들 애비실종 가정교육 못받은 무뇌충 허언증 정신병자 사기꾼 망상 근본없는 병신 장애인 짱개 흑인 이슬람 전라도랑 동급	0	0	0	1	0	1	1	1	0	0	0
나이쳐먹고 피시방가는 놈들은 대가리에 똥만찬 놈들임	0	0	0	0	0	0	0	0	1	0	0
이슬람뺨치내	0	0	0	1	0	0	1	0	0	0	0
AICPA 따고 넘어갔나보네	0	0	0	0	0	0	0	0	0	1	0
협박스킬은 패시브랑께	0	0	0	0	0	0	0	0	0	1	0
띄울사람이 진짜 없긴 없나보다	0	0	0	0	0	0	0	0	1	0	0
CNN 구구절절 팩트	0	0	0	0	0	0	0	0	0	1	0
쑈 빼고 아무것도 없는 개돼지 정권이노 탄핵 개힘조	0	0	0	0	0	0	0	0	1	0	0
이슬람이고 뭐고 그냥 종교충들은 다 죽었으면 좋겠어	0	0	0	0	0	0	1	0	0	0	0
뭐하냐 기업이네 기업이여 기업에 돈갖다 받치는 어이없는 시키들도 문제다	0	0	0	0	0	0	0	0	1	0	0
교회다녀봤는데 교인들은 보여지는것에 집중하고 그들이 말하는 속세의 사람들보다 가식적임 그리고 굉장히 이분법적사고를 갖고있어서 아마 이런상황에서 예배를 드린다는거에 우선순위를 지켰다고 자뻑하고있을거임 개뿔 하나님은 그런 이기적이고 천박한 신앙을 원치 않으실 거다 개독들아	0	0	0	0	0	0	1	0	0	0	0
사망이후 조사받기 전까지 이 분 통화내역 확인 필요	0	0	0	0	0	0	0	0	0	1	0
이새끼 전라도	0	0	0	0	0	1	0	0	0	0	0
도대체 이정권에서 무고한목숨이 얼마나죽는가	0	0	0	0	0	0	0	0	1	0	0
진짜 전라도 존나 싫다	0	0	0	0	0	1	0	0	0	0	0
돈고는 질병이다 이기야	0	0	1	0	0	0	0	0	0	0	0
보지들은 딱히 저런 거에 대해 자존심 같은 걸 안 느끼지 않나	1	0	0	0	0	0	0	0	0	0	0
전라도피는 물보다 진하다	0	0	0	0	0	1	0	0	0	0	0
솔직히 패 죽일 수 있다 정당방위 상황에서 어디를 어떻게 쳐서 병신 만들지 시뮬레이션 많이 해보노	0	0	0	0	0	0	0	0	1	0	0
존나 무섭네	0	0	0	0	0	0	0	0	0	1	0
지금 이미 난리남	0	0	0	0	0	0	0	0	0	1	0
소고기 짬뽕 존나먹어보고싶다	0	0	0	0	0	0	0	0	0	1	0
민아 귀엽네	0	0	0	0	0	0	0	0	0	1	0
보지는 돈 벌어서 좋고꼬추는 섹스해서 좋고서로 윈윈인데 이게 왜 불법이냐	0	0	0	0	0	0	0	0	1	0	0
로봉순 젠신병자니까 맘껏패라 사람아님	0	0	1	0	0	0	0	1	0	0	0
이상준 황비홍댓냐	0	0	0	0	0	0	0	0	0	1	0
똥고에 들어갔던 꼬치 먹고싶은사람이 없어서 그렇지않겠노	0	0	1	0	0	0	0	0	0	0	0
막내가 예뻣으면 이런일 없다예쁜 여자는 저런데 한눈팔릴 틈조차 없음	1	0	0	0	0	0	0	0	0	0	0
그림체는 귀엽긴하지만 현실은 그렇치않아	0	0	0	0	0	0	0	0	0	1	0
저런것들은 설명해줘도 모른다	0	0	0	0	0	0	0	0	0	1	0
후팔 가사가 저게뭐노	0	0	0	0	0	0	0	0	1	0	0
보석 같아서 아껴서 꽁꽁깜춘다는데 여자가 돌맹이냐 사람이지 보석이면 더 보여주면서 자랑하고 싶지 않냐 왜 눈만 보여줘	0	0	0	0	0	0	0	0	1	0	0
이새끼 똥꼬충인거같은데 똥꼬충새끼들이 양성애자들 존나 고깝게 보더라글제목부터가 성소수자 라고 대우해주는게 이새끼 똥꼬충으로 추정된다	0	0	1	0	0	0	0	0	0	0	0
기도가 뭐 그렇게 대단하다고	0	0	0	0	0	0	0	0	0	1	0
과학이고 증거고 뭐고 다 팔아먹었구만	0	0	0	0	0	0	0	0	1	0	0
백인은 애를 안낳으니 기독교가 줄은거고 이슬람은 애를 많이 낳고 불법이민 존나가니 늘어나고	0	0	0	1	0	0	0	0	0	0	0
아니 시벌 터키 그나마 보수적 마인드 때문에 좋아했는데 동성애자들이 저정도로 날뛰는거면 답없네	0	0	1	0	0	0	0	0	0	0	0
대구븅신들	0	0	0	0	0	1	0	0	0	0	0
여대를 없애라 여대가 왜 있는지 이해가 안감	0	0	0	0	0	0	0	0	0	1	0
조선족 개새끼들 백린탄으로 멸해야한다	0	0	0	1	0	0	0	0	0	0	0
다문화는 그종족의 문화를 존중하고 지속시키며 같이 행복하게 사는건대 이나라는 걍 짬뽕이네 시부랄거	0	0	0	1	0	0	0	0	0	0	0
급식체 분탕으로 처리하고 벤하면 안되나	0	0	0	0	1	0	0	0	0	0	0
똥꼬충을 권유하는 시대까지오노	0	0	1	0	0	0	0	0	0	0	0
난 homosexual을 지지하는 heterosexual인데 솔직히 저들의 way to express는 좀 seriously 문제가 있다고 생각한다	0	0	1	0	0	0	0	0	0	0	0
일단 후장은 뚫어라 고분해진다이기	0	0	0	0	0	0	0	0	1	0	0
에이즈의 주범이 똥꼬충인거 이미 통계로 확인 되었음	0	0	1	0	0	0	0	0	0	0	0
사전 오프모임은 할 필요도 없고	0	0	0	0	0	0	0	0	0	1	0
후팔 1호선이노	0	0	0	0	0	0	0	0	1	0	0
장미칼 미만잡	0	0	0	0	0	0	0	0	0	1	0
단속안하나 이씨발	0	0	0	0	0	0	0	0	1	0	0
전라도세끼들은 딱봐도 뭔가 혐오감있게 생김 유전자가 다른 종족인건 확실함	0	0	0	0	0	1	0	0	0	0	0
인천은 진짜 수도권인데 제일 싼듯 요즘 안산부천 이딴 쓰레기동네 다오르는데 인천은 방어하는듯	0	0	0	0	0	1	0	0	0	0	0
경상도친구장점내가 존나 지적하고 꼽주고해도 다들어줌	0	0	0	0	0	1	0	0	0	0	0
어디가서 지가 다리짤라놓고 상해 당했으니 참전 용사해달라는 꼴과 뭐가 틀린가 군대가 개인적인 일탈까지 법 어겨가며 지켜야되냐 잘했다 국방부	0	0	0	0	0	0	0	0	1	0	0
우리가 납치했나왜 가고 싶어 할 사람이 있을 거라는 생각을 하냐가고 싶으면 중국으로 가서 넘어 갈수 있다 이년아아구창 강냉이 다 털리게 패고 싶네	0	0	0	0	0	0	0	0	1	0	0
나 같으면 벌떡 일어서서 펄펄 끊는 된장찌개 애새끼 머리에 부어버리고 애미년 얼굴 칼로 난도질 존나 했다	0	0	0	0	0	0	0	0	1	0	0
글좀 잘써라	0	0	0	0	0	0	0	0	1	0	0
조선족이 짱개인데 둘을 구분할필요가 없음즉 여기엔 짱개들이 졸라많음주기적으로 시간단위로 짱개 까는글이 올라올 필요가 잇단소리임	0	0	0	1	0	0	0	0	0	0	0
한남충 이새끼들은 그냥 좆질할려고 사는것 같다이기	0	1	0	0	0	0	0	0	0	0	0
이런 씨발 딱 이거랑 똑같은 스토리의 야동이나 망가 야애니 추천받는다 씨발 빨리 고추섯다	0	0	0	0	0	0	0	0	1	0	0
대구게이는 일베 글쓰지 마라 IP타고 우한폐렴 전파된다	0	0	0	1	0	1	0	0	0	0	0
이쯤에서 팩트체킹	0	0	0	0	0	0	0	0	0	1	0
꼭 저런거 버리는 년들 보면 뚱뚱한 맘충이더라 돈까스 시켜먹는데 적게나왔다고 따질년들	1	0	0	0	0	0	0	0	0	0	0
산소 아까우니 빨리 뛰어내려라	0	0	0	0	0	0	0	0	1	0	0
집사님들도 한 덩치 함워마드 돼지년들한테 안꿀림	1	0	0	0	0	0	0	1	0	0	0
더러운 똥꺼충 새끼들 아가리에 갈좆 물고 후장엔 철근빵해서 뒈져라	0	0	1	0	0	0	0	0	0	0	0
중국 살면 심심하지는 않겠다	0	0	0	0	0	0	0	0	0	1	0
구상권 무조권 청구	0	0	0	0	0	0	0	0	0	1	0
아직도 처 놀러가는거 보면 속에 천불이난다	0	0	0	0	0	0	0	0	0	1	0
적당히 지 혼자 코르셋조여도 이미지 메이킹 충분히 가능한걸 욕심내서 자꾸 한국여자 걸고 넘어져서 비호감	0	0	0	0	0	0	0	0	1	0	0
안이 저렇게 나오면 문은 똥꼬충을 오히려 다음번 총선 비례대표로 만들지 베충이들이 원하는 반동성애 정책은 절대 내놓지 않음	0	0	1	0	0	0	0	0	0	0	0
물리학자 장애인이 3명이나 되네	0	0	0	0	0	0	0	0	0	1	0
나이 한 50 먹어서 자식들이랑 보면 개꿀이겠네	0	0	0	0	0	0	0	0	0	1	0
그럼에도 일베에서 틀딱드립이나 하며 여론조작허고 있는 조선족새끼가 역대 가장 최악이지	0	0	0	1	0	0	0	0	0	0	0
이래서 남경 뽑으면 안돼	0	1	0	0	0	0	0	0	0	0	0
서현 응원하노	0	0	0	0	0	0	0	0	0	1	0
병신들 많노 자지가 꼴릴때는 편의점가서 박카스 한병 사들고 동네 어슬렁거리면 박카스아줌마가 딱 보고 눈치까고 함 대줌 대신에 박카스 상납해야됨	1	0	0	0	0	0	0	0	0	0	0
시팔새끼들이 말하는 뽄새보이 밥빌어 쳐묵겄다 정권바뀌니 저거세상인줄 아네	0	0	0	0	0	0	0	0	1	0	0
깨닫는거지 공부하는게 아니노	0	0	0	0	0	0	0	0	0	1	0
코로나19 팬데믹 황폐화된 세상을 예수그리스도의 생명의 복음으로 녹색화하자	0	0	0	0	0	0	0	0	0	1	0
순수한 풀스윙	0	0	0	0	0	0	0	0	0	1	0
남유럽 중유럽 동유럽 다 난민 받아주는데죽자고 서유럽으로만 가는거 보면 도둑놈 새끼들임	0	0	0	1	0	0	0	0	0	0	0
게이도 좆같고 레즈도 좆같고 동성애 씨발년놈들은 옛날처럼 아우슈비츠 가스실에 싸그리 모아놓고 독가스 살포해서애미애비 보는앞에서 고통스럽고 잔인하게 죽여야된다	0	0	1	0	0	0	0	0	0	0	0
무조건 이해하라고 하는것도 폭력이지	0	0	0	0	0	0	0	0	0	1	0
노친네들 잡아죽이는게애국	0	0	0	0	1	0	0	0	0	0	0
다문화걱정하지마 kkk단결성해서 쓸어버리면되	0	0	0	1	0	0	0	0	0	0	0
라도도 쌍도를 부라워함	0	0	0	0	0	1	0	0	0	0	0
우린 전라도 있어서 튀기새끼들한테 질 일 없다	0	0	0	0	0	1	0	0	0	0	0
게이나치 새끼들	0	0	1	0	0	0	0	0	0	0	0
려자가 례쁘게 안 꾸미고 지한테 잘 보일 노력 1도 안하면 국산남은 쥐좆이 쪼그라든다 이기야	0	1	0	0	0	0	0	0	0	0	0
목사란 새끼가 인간도 아녀	0	0	0	0	0	0	1	0	0	0	0
맞노 니 말 다 받고 웜년들끼리 꾸준히 논의하고 상의해야 할 새 논제라고 생각하노 또 이것이 웜년들 사이에 자연스럽게 녹아들어야 하노 의미없는 플로우는 흘려보내고 니가 말한 네 가지 주제들이 플로우로 자리잡아야 하노 더 생각하고 나도 글 써봐야겠노	0	0	0	0	0	0	0	0	0	1	0
틀무질하는새끼들 평균나이가 저거임 존나 황당한거임	0	0	0	0	1	0	0	0	0	0	0
토크온에서 페미년이랑 배틀뜰랬는데 토크온 접속하고 펑 터짐 이게 토크온 무슨 공격하는거라던데	1	0	0	0	0	0	0	0	0	0	0
후팔 시력재기해뿟노 쇼린이사진 내놔라이기	0	0	0	0	0	0	0	0	1	0	0
김치녀는 능력있는 여자라 좆거지 고추작은 한남 안만난다 이기야	1	1	0	0	0	0	0	0	0	0	0
교회도 세금 받아라 전형적인 집단 광기를 판매하는 기업인데	0	0	0	0	0	0	1	0	0	0	0
여자라서 부럽다	0	0	0	0	0	0	0	0	0	1	0
이제 겨우 결혼하는 노총각인데 만약 꽃뱀이면 진짜 슬프겠다 진짜라면 뭐 망한거고	0	0	0	0	0	0	0	0	0	1	0
디져서 너 좋아 하는 주님 곁으로 쳐가라	0	0	0	0	0	0	1	0	0	0	0
한국도 짱깨처럼 문화대혁명 해야된다통위병 결성해서 좆86새끼들 숙청 축출 제거 척살을 위한 혁명 일으키자	0	0	0	1	0	0	0	0	0	0	0
중동새끼들은 냄새 때문에라도 안됨존나 냄새 암내 시발	0	0	0	1	0	0	0	0	0	0	0
나 뉴질랜드 사는데	0	0	0	0	0	0	0	0	0	1	0
걍 서로 인정하고 선을 그으면 될 문제를 왜 니들끼리 지적하고 니가잘났니 내가 잘났니 싸우고 있노 내가 한남국자면 이거 보고 3번은 사정했다 이기	0	1	0	0	0	0	0	0	0	0	0
3차 세계대전은 이슬람쪽에서 일어난다이슬람쪽에서 핵무기 먼저 사용할거임영화로 몇개나옴 이미터지는건 시간문제	0	0	0	1	0	0	1	0	0	0	0
우리나라도 미개한 파퀴 필리피노 조선족 이슬람 새키들 넘친다	0	0	0	1	0	0	0	0	0	0	0
진짜 맘충 씨발년들 3초마다 존나게 패면서 똥 지릴때까지 패고 싶다	1	0	0	0	0	0	0	0	0	0	0
히잡을 쓴 페미니스트의 모습이다	0	0	0	0	0	0	0	0	0	1	0
국물없노 씨발련아 라면이라도 끓여	0	0	0	0	0	0	0	0	1	0	0
틀딱은 섹스자체를못함	0	0	0	0	1	0	0	0	0	0	0
나한테 이슬람좆들 칼푹찍할 권리를 달라이기 조팔것들	0	1	0	1	0	0	1	0	0	0	0
닛뽄의 어르신들은 선진국에서 태어나 세계2위국가에서 자라신분들헬센의 틀들은 필리핀 이하 후진국에서 태어나 후진국에서 사춘기를 보내고 중진국에서 전성기를 보낸 한마디로 촌놈들	0	0	0	1	0	0	0	0	0	0	0
현기 준중형급 중형급이네 딱봐도 저정도도 컨트롤이 안되는거보니 스팅어랑 지칠공 제외 솔직히 쉐보레 말리부도 저정도는 커버침	0	0	0	0	0	0	0	0	0	1	0
전라도에 대중목욕탕 졸라많다	0	0	0	0	0	1	0	0	0	0	0
백퍼 그럴거다	0	0	0	0	0	0	0	0	0	1	0
난 애밴년 와도 안비켜줌	1	0	0	0	0	0	0	0	0	0	0
가리고 있어서 안보이노	0	0	0	0	0	0	0	0	0	1	0
찬수야 정신차려라	0	0	0	0	0	0	0	0	0	1	0
그래서 이슬람이 싫다 남은 생각하지않고 오직 이슬람만 안다	0	0	0	0	0	0	1	0	0	0	0
보지파티는 착한 퀴어어	0	0	1	0	0	0	0	0	0	0	0
무식한 개소리 하지마라 추락사라는 단어에 그런건 포함 되어있지 않음그냥 떨어져 죽으면 추락사임	0	0	0	0	0	0	0	0	1	0	0
이분최소난박이	0	0	0	0	0	0	0	0	1	0	0
강용석이 말을 저렇게 해서 그렇지사실 어떻게보면 맞는말 아니냐	0	0	0	0	0	0	0	0	0	1	0
다 늙은 상폐좆놈들이 어린 쇼린이한테 질투해서 그러는거 아니겠노	0	1	0	0	1	0	0	0	0	0	0
엑스맥스로 업글하자	0	0	0	0	0	0	0	0	0	1	0
신발 외노자들 다 추방해라	0	0	0	1	0	0	0	0	0	0	0
개슬람새끼들 좀 추방좀	0	0	0	0	0	0	1	0	0	0	0
요즘 6살이면 알거 다 알지	0	0	0	0	0	0	0	0	0	1	0
이거 날조자료라 욕먹기 딱 좋은 건데	0	0	0	0	0	0	0	0	0	1	0
중국에서 조선족년 만난적있는데 술먹으러 갈때마다 한족새끼들 시비 오지게 털던데	0	0	0	1	0	0	0	0	0	0	0
이거 재미있겠다이기 남괘미랍시고 블로그에 글 쓰면서 깝치는 새끼 있는데 신상 털어봐야겠노	0	1	0	0	0	0	0	0	0	0	0
저게 목사냐 사탄이지	0	0	0	0	0	0	1	0	0	0	0
대갈통 크기봐라	0	0	0	0	0	0	0	0	1	0	0
우디르 잘할듯	0	0	0	0	0	0	0	0	0	1	0
엉덩이빵실한 창놈	0	1	0	0	0	0	0	0	0	0	0
탈북자 새끼들 패싸움이 일상임뭐더라 북한여자들 나와서 토크쇼하는거 거기서 지들이 말함주먹다짐은 아무것도 아님 말그대로 무법지대	0	0	0	1	0	0	0	0	0	0	0
돈만 섬기는 사람들	0	0	0	0	0	0	0	0	1	0	0
개만도못한 전라도 시바	0	0	0	0	0	1	0	0	0	0	0
네 대한민국 콜센터 입니다	0	0	0	0	0	0	0	0	0	1	0
설거지는 보지털로 해야 뽀송뽀송하다	1	0	0	0	0	0	0	0	0	0	0
이슬람 다른건 몰라도 피싸개들 때려 잡는건 마음에 든다	1	0	0	0	0	0	0	0	0	0	0
똑같은 성경을 갖고 설교해도 목사가 어떤 가치관을 갖고있냐에 따라 코에 걸면 코걸이 귀에 걸면 귀걸이	0	0	0	0	0	0	1	0	0	0	0
2항이아니라 3항인데	0	0	0	0	0	0	0	0	0	1	0
미국강아지들은 중국기사 돌아다니면서 멍멍거리네	0	0	0	1	0	0	0	0	0	0	0
PC사상 아웃아웃아웃	0	0	0	0	0	0	0	1	0	0	0
흑인편들면서 경찰 공격하는 백인 보지들보면서 총갈겨주고 싶음 흑인한테 강간당해봐야 정신차리지	1	0	0	1	0	0	0	0	0	0	0
다행히 분당은 아니네	0	0	0	0	0	0	0	0	0	1	0
그래 이번이 마지막 기회라 생각하고 그리 찾아 해매이던 하나님 곁으로 가시길 여기서 국민들께 민폐 두 혐오감 주지 말고 잘가라	0	0	0	0	0	0	1	0	0	0	0
저거 구라다 등신들아 선동당하지마라	0	0	0	0	0	0	0	0	1	0	0
그러네 경북인데 창문열어보니 집안보다 따뜻하노	0	0	0	0	0	0	0	0	0	1	0
글쓴놈이 맞는말 했구만 병신 난독증새끼들 존나 많네	0	0	0	0	0	0	0	0	1	0	0
or 있으므로O	0	0	0	0	0	0	0	0	0	1	0
개슬람새끼들 싹다 쓸어버리자	0	0	0	0	0	0	1	0	0	0	0
이슬람과 무슬림으로 인한 문제점만 보지 마시고 왜 그들이 이슬람을 믿고 사는지 한 번 알아보는 것도 좋을듯 합니다 제 생각엔 분명 뭔가가 있습니다 교회나 성당가고 절에 다니는 사람들처럼 그들에게도 이슬람이 뭔가 의미 있기에 믿겠죠	0	0	0	0	0	0	0	0	0	1	0
좆같네 진짜	0	0	0	0	0	0	0	0	1	0	0
근데 진짜 저만해 리얼팩트임 진짜로 풀발이 저정도	0	1	0	0	0	0	0	0	0	0	0
이만갑에 나왔던 목사네	0	0	0	0	0	0	0	0	0	1	0
가학 자해가득한 항문성관계가 정상이라고 전국민 세뇌시키는 정의당 인권팔이장사치들 ᆢ 괄약근이 얼마나 더 늘어나야 정신차릴런가 ᆢ	0	0	1	0	0	0	0	0	0	0	0
닉존나 커여운대 왜그렛냐 안다갑다	0	0	0	0	0	0	0	0	0	1	0
또 유튜브 규제하려고 시동거네	0	0	0	0	0	0	0	0	1	0	0
홍어새끼들 물타기 지리노	0	0	0	0	0	1	0	0	0	0	0
이형들 좀 맞아야겟네	0	0	0	0	0	0	0	0	1	0	0
평등이 아닌 여성 상위를 원하니까 불만이지	1	0	0	0	0	0	0	0	0	0	0
아웃라이어 읽었나	0	0	0	0	0	0	0	0	0	1	0
그래도 쟤들은 지들도 한국인이라고 우기면서 뭘 요구하지는 않지	0	0	0	1	0	0	0	0	0	0	0
개떵꺼 같은시키들	0	0	0	0	0	0	0	0	1	0	0
저딴 새키도 자식이 있다면 부끄러움을 알텐데 그걸 모르면 짐승새키지	0	0	0	0	0	0	0	0	1	0	0
아무런 미래도 소득도 없으면서 애새끼를 10명씩 싸지르고유럽에 난민이라는 명목으로 들어가서 강간해서 유럽 정복할 거다 이러는 새끼들을 보고도 좌파 물고 빠는 유럽 병신들	0	0	0	1	0	0	0	0	0	0	0
봐라 씨발 김치녀보다 더 시급하게 삼일한해야하는게 보빨남이다	1	0	0	0	0	0	0	0	0	0	0
아 입이 근질근질한데	0	0	0	0	0	0	0	0	0	1	0
자랑할려고 얼굴까지 까네	0	0	0	0	0	0	0	0	1	0	0
자지새끼들 침뱉는거 좆나 개걸레창놈같노	0	1	0	0	0	0	0	0	0	0	0
박시장은 어쨌든 죄가 없다고 해라 그게 더불당 입장 이라는거   말안해도 안다	0	0	0	0	0	0	0	0	0	1	0
요 씨발 짱깨새끼 보소1등국민 한족이란다 개씹짱퀴벌레새끼야짱퀴나 좆족이나 다 똑같은 씹버러지지 뭐가 다르냐은근 짱퀴 빠는거 딱 걸렸노	0	0	0	1	0	0	0	0	0	0	0
우리쌍도가 멍청도가 되어버렸노	0	0	0	0	0	1	0	0	0	0	0
아픔 씻어주는 축제 좋아하네 더러운 쓰레기장이다 동성애자들은 저주받은 사단의 도구일뿐이다 세상에 태어나지 않는게 조핬을걸 살가치가없는것들	0	0	1	0	0	0	0	0	0	0	0
쌍도 연쇄살남 기머하노 이기	0	0	0	0	0	1	0	0	0	0	0
동성애는 그냥 섹스중독자임이성과의 섹스에서 좀더 자극적인걱 찾다보니 동성이 되는것임	0	0	1	0	0	0	0	0	0	0	0
그래서 유충유충 하는거 아니겠노	0	1	0	0	0	0	0	0	0	0	0
야 저거 현대차 포터키 아니냐	0	0	0	0	0	0	0	0	0	1	0
자 이제 5천만원 들인 얼굴을 좀 보여줘봐라	0	0	0	0	0	0	0	0	0	1	0
역시 자댕이는 자댕이다 이기야	0	1	0	0	0	0	0	0	0	0	0
캬 적폐청산 드디어 시작하노 이니	0	0	0	0	0	0	0	0	0	1	0
우리 보영이외에는 관심없다	0	0	0	0	0	0	0	0	0	1	0
시발 동영상 재생버튼 처누르고있었다	0	0	0	0	0	0	0	0	1	0	0
봤는데 여자 흑발 존나 예쁨	0	0	0	0	0	0	0	0	0	1	0
급식개슬람보소	0	0	0	0	1	0	1	0	0	0	0
신짜오주화	0	0	0	0	0	0	0	0	1	0	0
급식이라 처벌안받노 페미는정신병이라고 느그들이 말했노 감형시켜줘라이기	1	0	0	0	0	0	0	0	0	0	0
정게 어르신들 화났다 이기야	0	0	0	0	0	0	0	0	0	1	0
참 안타깝다	0	0	0	0	0	0	0	0	0	1	0
근데 애가 임신하고 출산하는 동안 할머니는 뭐하다가 그제서야 신고하노	0	0	0	0	0	0	0	0	1	0	0
여성고객에게만 몰래 쿠폰을 준것보다 관련 문의를 마음대로 삭제하고 계정을 정지시킨 행동에 대해서 더 빡치는건데 사과문에서도 그부분은 슬쩍 넘어가네	0	0	0	0	0	0	0	0	1	0	0
저분 진심 국가요인이자 북한이 제일 벼르고있는인물이지 싶다 진짜 철통경호 해드려야된다	0	0	0	0	0	0	0	0	0	1	0
존나 패버리고싶네	0	0	0	0	0	0	0	0	1	0	0
임신했다는게 더 신기하네	0	0	0	0	0	0	0	0	0	1	0
여자는 늙으면 상품성이 없음몸값최고일때 결혼잘해야됨	1	0	0	0	0	0	0	0	0	0	0
어제 사진도 아닌데 주작질보소	0	0	0	0	0	0	0	0	1	0	0
글쓴이의 고향이 바뀔지도 모릅니다	0	0	0	0	0	0	0	0	0	1	0
어쩌라고 니일기장이냐 일베가 탈북자 새끼 여친 따먹은썰 아니면 올리지마라 병신아	0	0	0	1	0	0	0	0	0	0	0
그렇다고 또 일게이들 좌좀 산업화한답시고 일베링크 고대로 퍼가지마라	0	0	0	0	0	0	0	0	0	1	0
뭐레 자지맛 한번보여주면 빌빌 기는거지	1	0	0	0	0	0	0	0	0	0	0
아주 이기적인 놈 저런게 사기꾼이지 뭐야	0	0	0	0	0	0	0	0	1	0	0
아스팔트 틀딱은 도움이 안돼	0	0	0	0	1	0	0	0	0	0	0
페미는 시리아 락까로 보내야 합니다	1	0	0	0	0	0	0	0	0	0	0
하느님이 당신들이 예배안한다고 뭐라하실 존재가 아니다	0	0	0	0	0	0	0	0	0	1	0
정신병이 정상은 아닌게 맞잖아	0	0	0	0	0	0	0	1	0	0	0
Tongue	0	0	0	0	0	0	0	0	0	1	0
이스라엘이 차라리 중동 다 따먹었음 좋겠다	0	0	0	1	0	0	0	0	0	0	0
좆족 브로커새끼들만 노났겠노	0	0	0	1	0	0	0	0	0	0	0
패악질을 부리는 남성혐오적 페미니스트들한테 선을 그은 정치인은 여당에선 추미애가 유일하네	1	0	0	0	0	0	0	0	0	0	1
항상 통진당이랑 행동을 같이하면서 빨갱이라고 부르지말래 민통당섹기들	0	0	0	0	0	0	0	1	0	0	0
저런단체가 있는게놀랍다	0	0	0	0	0	0	0	0	0	1	0
씨발 동성애고 나발이고 예수쟁이들은 빨리 뒈져서 지들이 믿는 예수 씹새끼 곁으로 빨리 꺼졌으면 좋겠다	0	0	0	0	0	0	1	0	0	0	0
죽을려고 일부러 그러는거같은데 치료하지말고 뒈지게 냅둡시다	0	0	0	0	0	0	0	0	1	0	0
내가볼땐 일제시대때 중국에 대한민국 임시정부청사 세운것처럼아랍새기들 한국에 커맨드센터 하나 세울듯	0	0	0	1	0	0	0	0	0	0	0
추몌가 맞는말 하긴 했는데 어쨌든 설사와 변비가 한판 붙은 그림	0	0	0	0	0	0	0	0	1	0	0
가레기세퀴들 언제부터 브루나이 소식 전했다고 세퀴들 니들 의도가 뭔지 알듯한데	0	0	0	0	0	0	0	1	0	0	0
피싸개 대신 peace again 추천합니다	1	0	0	0	0	0	0	0	0	0	0
신안이면 성골중의 성골아니냐	0	0	0	0	0	1	0	0	0	0	0
상폐 선생년도 고교생 불러서 술마시는 마당에별로 놀랍지도 않다	0	0	0	0	1	0	0	0	0	0	0
경상도깍뚝태아조각비빔밥	0	0	0	0	0	1	0	0	0	0	0
경찰에 바로 신고하면되지 왜 니가 찾고 지랄이여	0	0	0	0	0	0	0	0	1	0	0
그냥 쯧쯧하다 오지 왜 저지랄했누	0	0	0	0	0	0	0	0	1	0	0
말하는거 보니 주차해도 되겠다	0	0	0	0	0	0	0	0	0	1	0
이씨발새끼가 가만 생각하이 존나 씨발열받노 개새끼가 갔이뭐노 무식한 씨발년이	0	0	0	0	0	0	0	0	1	0	0
남자들도원하면여탕에서목욕할수있나요	0	0	1	0	0	0	0	0	0	0	0
남편 출근시키고 할일없어 차마시며 쓸데없는 인생 낭비거리짓하는미친년들이지	1	0	0	0	0	0	0	0	0	0	0
좆노잼 씹틀딱새끼들땜에 좆망한 일베 시발	0	0	0	0	1	0	0	0	0	0	0
평생 한번도 일어나기 어려운데 저새끼들은 늘 달고사는것우연	0	0	0	0	0	0	0	0	1	0	0
내가 저 마티즈 만드는 창원공장 게이인데 이제 아지매들 운전해서 퇴근하면 재끼고 내가 먼저 가야겠당	0	0	0	0	0	0	0	0	0	1	0
마지막으로 트젠도 안고가는 6도덕페미9도 앵나오노 트위터하면서 별꼴을 다봤노	1	0	1	0	0	0	0	0	0	0	0
물랑루즈 개꿀	0	0	0	0	0	0	0	0	0	1	0
진짜씨발 마지막자지 발을 지입에 쳐넣고 울때까지 골프채로 패고싶다 이기야	0	0	0	0	0	0	0	0	1	0	0
무조건 대법원 갈것같은데대법원 가서 부정선거 명백하게 못밝히면 질 듯	0	0	0	0	0	0	0	0	0	1	0
군대캠프로 혜택 69696969보는걸 알기 때문에 여자한테 안시키는거노	0	1	0	0	0	0	0	0	0	0	0
이딴 앵나오는 소설을 학교에서는 가르치노 대체 여기서 뭘 공부하란 말이노	0	0	0	0	0	0	0	0	0	1	0
정당하지 않은 댓가와 제도를 요구한다면 정치적 세력의 노조라면 한치도 물러나지 말고 요구에 응해서는 되지 않는다 노조는 정치관계 없이 정당할 때 그 의미가 있음이다	0	0	0	0	0	0	0	0	0	1	0
불법광고물로 철거 신고해라 이기야	0	0	0	0	0	0	0	0	1	0	0
저러니까 혐오하지	0	0	0	0	0	0	0	0	1	0	0
역시 김치맘충은 답이 없다	1	0	0	0	0	0	0	0	0	0	0
젠신병자 변신해서 하지 왜 냄져들 지들이 화장하면 더 예쁘다며	0	1	1	0	0	0	0	1	0	0	0
눈가 주름 봐라 보지는 주름생기면 카리스마 쩌는데 좆놈들은 늙어빠지면 추하다	0	1	0	0	0	0	0	0	0	0	0
프로보빨러	1	1	0	0	0	0	0	0	0	0	0
똥꼬충 더럽다 역겹다 웩	0	0	1	0	0	0	0	0	0	0	0
아직 발의상태라 적극적인 반대운동 벌여야할듯국민들 반감 큼 통과되기 힘들다지금 계류중인 난민법개정안이나 이주아동법도 폐기될 확률 높다드만 통과되기가 힘듦	0	0	0	1	0	0	0	0	0	0	0
하얗고 남리남리한 남자 좋아했다 근데 그런 냄져들이 초중학교때는 있더니 그 이후로 증발했는지 없노	0	1	0	0	0	0	0	0	0	0	0
게이들 퍼레이드할때 나랑같이 복면쓰고 철빠따 들고 진압할사람 구한다	0	0	1	0	0	0	0	0	0	0	0
요금징수원 다 없애도 된다 기술이 안되는것도 아니고 너네 일자리 지켜줄려고 불편 감수하고 톨게이트 운영하는건데	0	0	0	0	0	0	0	0	0	1	0
싸구려 펍만 줄창 순회하고	0	0	0	0	0	0	0	0	1	0	0
사회과학대학인데 남자 한 명도 없고 한남충만 있음 안경버무리는 물론이고 그냥 존나 못생기고 키작고 더러움	0	1	0	0	0	0	0	0	0	0	0
병신 사만원이면 걍 일일알바하고말지	0	0	0	0	0	0	0	0	1	0	0
피해자의 말이 증거입니다	0	0	0	0	0	0	0	0	0	1	0
제목윾내나는데 본문다 맞는말이노 이새끼들 오히려 구렁이새끼들 69년묵은 여우새끼들이라 더 흑좆나 잘알고 일부러 그러는거노	0	0	0	0	0	0	0	0	1	0	0
교회에 돈을 가져다주는 바보들	0	0	0	0	0	0	1	0	0	0	0
다문화는 무슨 베트꽁 짱깨 뿐인데	0	0	0	1	0	0	0	0	0	0	0
호남이 원래 곡창지대고 해서 인구 존나 많았으니가 호남 비율이 높긴 높제	0	0	0	0	0	0	0	0	0	1	0
인터넷 초창기에 개초딩	0	0	0	0	0	0	0	0	0	1	0
느그뷔페니즘좀 강요하지말라고요 씹돼지년들아	1	0	0	0	0	0	0	0	0	0	0
웜이 선봉이 섰기로서니 대체 챙겨야되는 인권이 몇개노 웜한테 인권 맞겨놨냐 익이야 트랜스 자댕이는 셀프 좆 옴놈놈하고 뒤지면 되는 쀼젤	0	0	1	0	0	0	0	0	0	0	0
만지는 놈이나 당하는 년이나 그러려니 존나 자연스러운 거 보소	0	0	0	0	0	0	0	0	1	0	0
자지들은 왜 본인들이 전세계적으로 못생긴걸 인지못하노 껄껄	0	1	0	0	0	0	0	0	0	0	0
그럼 요구르트 아줌씨	0	0	0	0	0	0	0	0	0	1	0
더러운 홍어새끼들	0	0	0	0	0	1	0	0	0	0	0
지들이 자초한일 좀더 당해봐야	0	0	0	0	0	0	0	0	1	0	0
생각해바라 페미들도 당연히 같이 여대다닌다하면 끔찍하지	1	0	0	0	0	0	0	0	0	0	0
선동과 날조가 아니면 반일을 못하는 반일정신병자 수준	0	0	0	0	0	0	0	1	0	0	0
저런 병신같은 썰 모아서 좋게 결말짓는 만화 누가 좀 그렸으면 칼로 찍어버리는 결말로	0	0	0	0	0	0	0	0	1	0	0
민사소송으로 걸레짝이된 맘충들입니다	1	0	0	0	0	0	0	0	0	0	0
여자는 핑보핑두 따지고 음순모양따지고 귀모양보고 질크기까지 따지면서 지럴이들이노	0	0	0	0	0	0	0	0	1	0	0
종교느느아편이야	0	0	0	0	0	0	1	0	0	0	0
표정이 진심인거 같아서 더 무섭네	0	0	0	0	0	0	0	0	1	0	0
언제쩍 씹중복이냐 이 양심없는 새끼야글쓴새끼 결혼해서 너같은 급식충 애새끼가 하나 있겠다	0	0	0	0	1	0	0	0	0	0	0
맞노 작은 자지새끼들 좆나 더러워서 방광염 질염 오지게 걸린다 이기 안먹는게 답이다	0	1	0	0	0	0	0	0	0	0	0
기안내나는거봐라 이래서 좃그지들 걸러야됨	0	1	0	0	0	0	0	0	0	0	0
흉자들 다 갈아버리고 나야 대동단결 가능 니 맘은 알겠으나 현실을 즉시해라	1	0	0	0	0	0	0	0	0	0	0
바퀴도 양심이 있어서 사람들 들어옴 숨는데 저것들은 양심도 없노	0	0	0	0	0	0	0	0	1	0	0
드디어 잡혔네 죽일놈	0	0	0	0	0	0	0	0	1	0	0
무식한것들이 목산지 벌렌지도 모르고 다녔네	0	0	0	0	0	0	1	0	0	0	0
이래서 민주당이 국가보안법 폐지할려고 하는거임	0	0	0	0	0	0	0	0	0	1	0
태국이다 피노키오새끼야	0	0	0	0	0	0	0	0	1	0	0
저중에 착한 다문화는 몇이나 될까	0	0	0	1	0	0	0	0	0	0	0
어후 댓글은 안보는게 낫겠어요 좋은기사 잘봤습니다	0	0	0	0	0	0	0	0	0	1	0
짱깨 좋아하는 놈들은좆족아니면 홍어 둘밖에 없다	0	0	0	1	0	1	0	0	0	0	0
백메오후랑 사귀노	0	0	0	1	0	0	0	0	0	0	0
병신새끼들 다 죽여버리고 싶노	0	0	0	0	0	0	0	0	1	0	0
설교할때 목사님들마스크안씀	0	0	0	0	0	0	0	0	0	1	0
좆노잼임 1도 보지마라	0	0	0	0	0	0	0	0	1	0	0
보지들한테 대들면 이꼴나노 자댕이들아 잘봐둬라 니들의미래노	0	1	0	0	0	0	0	0	0	0	0
하소연할시간에 이혼해라	0	0	0	0	0	0	0	0	1	0	0
피해자분 허위사실 유포남들 무고남들 싹 고소하셔서 69억 버시길 앙망하노	0	0	0	0	0	0	0	0	1	0	0
잃을거 없는 놈들이 무섭지	0	0	0	0	0	0	0	0	1	0	0
중국과 항상 가까이한 러샤는 알것이다 중국의 씨발력을	0	0	0	1	0	0	0	0	0	0	0
친구 사진 모자이크 하고 캡쳐본을 올려달라이기 그래야 상황이 확 보이노	0	0	0	0	0	0	0	0	0	1	0
누누이 말하지않습니까 페미는 정신병이라고	1	0	0	0	0	0	0	0	0	0	0
남녀가 그리 평등하다면 군대 가던가 국방세 내던가 애새끼도 아니고 의무없는 권리만 울부짖고 대단하다 참	1	0	0	0	0	0	0	0	0	0	0
똥꼬충은 지들끼리 똥꼬나 쑤시지 왜 엄한사람한테 피해주냐	0	0	1	0	0	0	0	0	0	0	0
이봉원 신고 안하냐	0	0	0	0	0	0	0	0	1	0	1
우리나라의 미래까지 병들게하는 암덩어리들	0	0	0	0	0	0	0	0	1	0	0
역시 키작은 드워프새끼들은 어딜가나 무시받고 처맞으며 사는구나 183이라서 다행	0	0	0	0	0	0	0	1	0	0	0
진술 조서에 잉크도 마르지 않았는데   누가 유출시킨건지 성역없이 조사해 주세요	0	0	0	0	0	0	0	0	0	1	0
자살해라똥꼬충	0	0	1	0	0	0	0	0	0	0	0
자지멸종앙망	0	1	0	0	0	0	0	0	0	0	0
서양충입장에서는 우리랑 교미하는게 우리가 똥남이랑 교미하는것과 똑같이 느낄듯	0	0	0	1	0	0	0	0	0	0	0
막짤 아휴 진짜	0	0	0	0	0	0	0	0	0	1	0
나 기숙사 식당은 돼지고기나올때 개슬람새끼들 만 따로 뭐하나 해주던데 이렇게해야지 시발	0	0	0	0	0	0	1	0	0	0	0
그러면서 일베에도 일까들이 있는데 무슨	0	0	0	0	0	0	0	0	0	1	0
와 시발 성경까는 새끼들도 있네	0	0	0	0	0	0	0	0	1	0	0
할랄같은 소리하네 애미디진새끼들 문화가 안맞으면 오지를 말던가 에휴씨발 그것도 아니면 니들 잘하는거 셀프로 참수해서 뒤지든 해라 캭 퉤 씨팔 기분 좆같네	0	0	0	1	0	0	1	0	0	0	0
착한 인종청소 인정합니다	0	0	0	1	0	0	0	0	0	0	0
돈많이들고 리스크 큰 출산률 정책보다는돈안들고 대외 이미지까지 좋아지는난민 외노자 수입이 정권한테는 안전빵이지진짜 목숨걸고 출산률 정책 관철시킬 정권이 필요함다음 대선때 제대로 짚고가야할 포인트다	0	0	0	1	0	0	0	0	0	0	0
바한번갔다오면 오피는 싸게 먹힌거다물론 내얘기는 아님	0	0	0	0	0	0	0	0	0	1	0
세인트 고재기	0	0	0	0	0	0	0	0	0	1	0
대단하신분들이야 페미니즘이 우리사회에 얼마나 주도세력인지 전혀 모르고있어 사실상 못배우신분들같애	0	0	0	0	0	0	0	1	0	0	0
말이좋아 성소수자지 저것들 시발 병균만들어내는 쓰레기들 아니냐	0	0	1	0	0	0	0	0	0	0	0
군인권센터 소장은 병사에서 장교나 부사관으로 지원해서 전역한 병사 간부 둘다 경험해본 사람이 해야됨저런 동성애에 병역기피자는 그냥 군에 앙심을 품고 불순한 의도를 가질수 밖에 없다	0	0	1	0	0	0	0	0	0	0	0
보지 쪽내드렸습니다	0	0	0	0	0	0	0	0	1	0	0
초등학교이름점	0	0	0	0	0	0	0	0	0	1	0
냄새나면 벌금물려야함 후팔 인간재떨이 재기	0	0	0	0	0	0	0	0	1	0	0
북따라딱딱은뭐노 흑좆나 쇼타응디마냥 입에 착착 감기노 북따라딱딱북딱딱	0	0	0	0	1	0	0	0	0	0	0
댓개빻았노 재기남들 개많노 재기시켜버려야하노	0	1	0	0	0	0	0	0	0	0	0
씨발아저씨 하위호환이네	0	0	0	0	0	0	0	0	1	0	0
똥꼬충박멸	0	0	1	0	0	0	0	0	0	0	0
어려서부터보고 배운 그들만의성문화라서	0	0	0	0	0	0	0	0	0	1	0
예민충 좆복치	0	0	0	0	0	0	0	0	1	0	0
한남문한남답	0	1	0	0	0	0	0	0	0	0	0
졸리 끔찍하네	0	0	0	0	0	0	0	0	0	1	0
이슬람은 그나마 동남아 똥송 인종보다 이뻐서 인종개량 가능을 노릴 수 있음	0	0	0	1	0	0	0	0	0	0	0
사상이 바로 선 분이네	0	0	0	0	0	0	0	0	0	1	0
뒤통수 삽으로 후린다음에 저 흙파서 그대로 묻고싶다	0	0	0	0	0	0	0	0	1	0	0
고스트바둑왕 개꿀잼이었는데	0	0	0	0	0	0	0	0	0	1	0
죽어라 빨갱이년	0	0	0	0	0	0	0	1	0	0	0
수영장 오는 틀딱들 진심 죽이고싶다	0	0	0	0	1	0	0	0	0	0	0
똥꼬충새끼 그냥 자살하면 전부 해결되는데 즙은 왜 질질 짜고 자빠졌노개씹쌔끼 내 일본도로 죽여버리고 싶네	0	0	1	0	0	0	0	0	0	0	0
진짜 자지새끼들 나대는거 보면 머갈 뜯어버리고싶다	0	1	0	0	0	0	0	0	0	0	0
저런건진짜 지푸라기라도 잡을 사람들이 계속 해결책 찾다가 눈돌아가서 저런거에 홀리지저런곳도 사람이 얼마나 절박한지 보고 저런 물도 바로 주지도 않고 신도되고 돈받쳐야지줄까말까하면서 밀땅함	0	0	0	0	0	0	1	0	0	0	0
저래놓고 다시 기어들어와서 검머외노릇할거아녀	0	0	0	1	0	0	0	0	0	0	0
저년때문에 동남아년들은 사람으로 안보인다	1	0	0	1	0	0	0	0	0	0	0
도쿄에있는 양놈들 와꾸가 한국에있는 루저보단 훨씬 낫더노	0	0	0	1	0	0	0	0	0	0	0
저러니 3만원도 못주고 저러지	0	0	0	0	0	0	0	0	0	1	0
조팔 저게 18년도 선진국에서 일어나는 일이라니 믿을수가없노 내조국 좆되기전에 무슬람 좆새끼들 막아야하노 전세계가 지구상 어디도없는 한남을 이긴 여혐좆들한테 정복당하게생겼노	0	1	0	1	0	0	0	0	0	0	1
879 아가씨 패러디 문구노 찾아봐라이니	0	0	0	0	0	0	0	0	0	1	0
역시 갓순신 하는 이유가 있어외쳐 갓순신	0	0	0	0	0	0	0	0	0	1	0
이쁜애가 생각도 바르노	0	0	0	0	0	0	0	0	0	1	0
노키즈존 노맘충존	1	0	0	0	0	0	0	0	0	0	0
니들 댓글달때성추행드립 작작하라고 댓글달아라	0	0	0	0	0	0	0	0	1	0	0
20대 30대차이는 아가리똥내에서부터 차이남	0	0	0	0	1	0	0	0	0	0	0
gta 빙의해서 차로 싹 쓸어버렸으면 좋겠다	0	0	0	0	0	0	0	0	0	1	0
뭔 개소린지 모르겠다사진도 병신같이 찍어서 컴터 외엔 뭘 찍은건지 모르겠고	0	0	0	0	0	0	0	0	1	0	0
적그리스도	0	0	0	0	0	0	0	0	0	1	0
폭동유공자탈북년놈들돈회수바람닭재인띠	0	0	0	1	0	1	0	0	0	0	0
동성애 남자끼리 항문성교 구강성교 여지끼리 구강성교 더러운 짖이다 그냥 변태들이다 할려면 너희끼리 해라 인정해달라고 하지 마라	0	0	1	0	0	0	0	0	0	0	0
고맙게 생각한다 병신아 너 같이 맨날 조선조한테 짱깨라고 놀리는 새끼들 땜에 힘든거지	0	0	0	1	0	0	0	0	0	0	0
망가가 최고징	0	0	0	0	0	0	0	0	1	0	0
저런 한남새끼들 때문에 더 울화가 치밀고 빡친다이니야	0	1	0	0	0	0	0	0	0	0	0
꼬추가 작은데 식사매너도 최저 wwwwwwwww한국남자 뒤졌으면 wwwwww	0	1	0	0	0	0	0	0	0	0	0
차별금지법안이 철회되길 기도합니다	0	0	0	0	0	0	0	1	0	0	0
문죄인 개좆같은데이건 맞는말 아니냐똥꼬충 개좆같은건 너도알고 나도아는데	0	0	1	0	0	0	0	0	0	0	1
저정도면 경계성 지능 장애인듯	0	0	0	0	0	0	0	1	0	0	0
세상에 교회역할이 중요합니다	0	0	0	0	0	0	0	0	0	1	0
난 젠더 논란 이라해서 저냥반이 트렌스젠더인줄	0	0	1	0	0	0	0	0	0	0	0
아주 집안도 말아먹게 만들려고 작정했네 코로나제일교회	0	0	0	0	0	0	1	0	0	0	0
이젠뭐 웃기지도 않다	0	0	0	0	0	0	0	0	1	0	0
아니 얼마나 살이 쪘으면 자리 돼지냐	0	0	0	0	0	0	0	0	1	0	0
빨간색 양키같은놈 똥꼬충이면 존나 무섭겠노 시발	0	0	1	1	0	0	0	0	0	0	0
바퀴에 싸는거냐 냄새 좆되겟노	0	0	0	0	0	0	0	0	1	0	0
재앙이도 대가리 좆창나서 삼수해서 꾸역꾸역 경희대가는데 지잡대 앱생 인생들은 뭐란말이노이기	0	0	0	0	0	0	0	1	0	0	1
아 씨팔 그냥 한남들도	0	1	0	0	0	0	0	0	0	0	0
레즈가 잘만 구워삶으면 주2회 고정덮밥 블루오션인데 늬들은 와꾸말빨돈 심지어 교감할감정도 없으니 힘들겠지	0	0	1	0	0	0	0	0	0	0	0
트럼프가 빨리 중국 조져야지 그것만이 답	0	0	0	1	0	0	0	0	0	0	1
항문성교를 권장하는세상이 올줄이야	0	0	1	0	0	0	0	0	0	0	0
한국에도 이슬람을 능가하는 좌슬람 새끼들이 곧 저런짓하고다닐거다	0	0	0	0	0	0	1	1	0	0	0
국가가 다르니 있지	0	0	0	0	0	0	0	0	0	1	0
아마도 1호선 일듯 1호선 에서는 틀딱들 싸움 존나 자주일어남	0	0	0	0	1	0	0	0	0	0	0
걸게 망하겠노	0	0	0	0	0	0	0	0	1	0	0
뭐 수만명이 오고가는 커뮤니티사이트에 범죄자 몇명 있다고 폐쇄하나요 그럼 옛날 성범죄 일으킨 오유도 진작에 폐지 했어야죠	0	0	0	0	0	0	0	0	1	0	0
여자가 뭘 입든 한남들따위가 시건방지게 입을 놀리노	0	1	0	0	0	0	0	0	0	0	0
쟤랑 결혼당하는 남자는 또 무슨 죄냐	0	0	0	0	0	0	0	0	1	0	0
이런 좆팔 상폐남들 줘안먹 좆팔	0	1	0	0	1	0	0	0	0	0	0
전라도가 영어로 하면 PORNO 가 되냐	0	0	0	0	0	1	0	0	0	0	0
재밌는 소설이노	0	0	0	0	0	0	0	0	0	1	0
이슬람교 포기하는 조건으로 난민 받아주면 안되나	0	0	0	1	0	0	1	0	0	0	0
에효 씨발	0	0	0	0	0	0	0	0	1	0	0
지랄들 하는구만	0	0	0	0	0	0	0	0	1	0	0
젠신병자는 뒤져야된다 이기야	0	0	1	0	0	0	0	1	0	0	0
나도 사시부활 찬성하노 자지들이 자적자하는게 웃겨서 그런거노	0	1	0	0	0	0	0	0	0	0	0
조만간 잠자리때 이케했다 저케했다 고추에 점이있다 없다 터트린다에 잔고 5300원 건다	0	0	0	0	0	0	0	0	1	0	0
짱캐좃선족들은 그냥 밀고가던데	0	0	0	1	0	0	0	0	0	0	0
이렇게보니 한글 좆미개하노	0	0	0	0	0	0	0	0	1	0	0
하나님이 거짓말 하라고 시켰나 대단하네	0	0	0	0	0	0	0	0	1	0	0
호남대 vs 호서대	0	0	0	0	0	0	0	0	0	1	0
10만원 줘도 재랑안함	0	0	0	0	0	0	0	0	1	0	0
486아재들 군대썰만 들으면 평균전투력 71sdw	0	0	0	0	0	0	0	0	0	1	0
리얼플레이언가 어우동18인지뭔지 씨발새끼들 존나느림	0	0	0	0	0	0	0	0	1	0	0
124 게이 3번 똥꼬충	0	0	1	0	0	0	0	0	0	0	0
전라도 가면 이민 아니냐	0	0	0	0	0	1	0	0	0	0	0
개독화팅 힘내라	0	0	0	0	0	0	1	0	0	0	0
병신 홍어글 퍼왓노	0	0	0	0	0	1	0	0	0	0	0
광주는 우한폐렴은 감기와 같이 고치기 쉬운병이라고 하는 한의원과 한의사들이 가장 많이 모여있는곳 아닌가광주로 보내면 우한폐렴 뿌리뽑는건 시간문제겠네	0	0	0	0	0	1	0	0	0	0	0
메갈련 민정경찰보고 경찰타령하네 에휴 미필련	1	0	0	0	0	0	0	0	0	0	0
폰팔이 용팔이 옷팔이 렉카보다 악질이택시기사임	0	0	0	0	0	0	0	1	0	0	0
이성애자가 빤쓰만 입고 성행위 흉내내며 퍼레이드하면 경범죄 걸리는데 게이들이 그 지랄하면 소수자 문화라서 보호해줘야 된대이런 개소리가 어딨냐공공의 안전과 평온을 해치면 똑같이 처벌해야지	0	0	1	0	0	0	0	0	0	0	0
바르지 못한 악한 교육 으로 멸망의 길로 가는구나	0	0	0	0	0	0	0	0	1	0	0
어렵게 생각하실거 없어요 신천지인들이 명성교회 잠입했겠죠 사람들 빼가려고	0	0	0	0	0	0	1	0	0	0	0
보지를 벌려서 고추가루투척	1	0	0	0	0	0	0	0	0	0	0
혐오스런 옷입고 다니니깐 모든 게이들이 다 저래보이지 뭐	0	0	1	0	0	0	0	0	0	0	0
여자들 뚱뚱한년들 저런 금발 왜하는거냐	1	0	0	0	0	0	0	0	0	0	0
가려도 한남콘이노 구웨에에에에에엑 정화짤 필요하다 익이	0	1	0	0	0	0	0	0	0	0	0
보력가자 이기	0	0	0	0	0	0	0	0	0	1	0
요즘 이란이 정신 차려가지고 개혁 개방하고 미국이랑 친하게 지내려고 하니까 개슬람 씹새끼들이 훼방놓는거임	0	0	0	0	0	0	1	0	0	0	0
녀성부와 악성 김치녀를 보내 버렸으면 좋겠다	1	0	0	0	0	0	0	0	0	0	0
수구꼴통을 하려면 낮짝이 두꺼워야됨	0	0	0	0	0	0	0	1	0	0	0
나도 성소수자란 단어가 좆같았어	0	0	1	0	0	0	0	0	0	0	0
부모들땜에 노키즈존이 생긴겁니다	0	0	0	0	0	0	0	0	0	1	0
이 시국에 3만명이 쳐모이는게 사람새끼들이냐	0	0	0	0	0	0	0	0	1	0	0
그땐 니들이 테러를 덜일으켰겠지 조금은 순수했었겠지 지금보단 헛소리 지껄이네 연초부터 사이비교주한테 빠진거랑 뭐가 다르냐 본인만 옳고 전지전능하고 다른것은 철저히 배척하는 그게 무슨 인간을 구원하는 종교냐	0	0	0	0	0	0	1	0	0	0	0
쥬지로 입막 가능	0	0	0	0	0	0	0	0	0	1	0
글쓴게이야 김정은보다 림종석 후장빠는게 더 치욕적일거라고 조언댓글 달아	0	0	1	0	0	0	0	0	0	0	1
안받아들여도 테러는남	0	0	0	0	0	0	0	0	1	0	0
존나 역겹다 전라도 개병신새끼들존나 많노 여기에 좀 꺼지면 안되나민증 까봐 븅신들아 난 학생증 깔텡까틀딱들 말 뒤지게 많아 걍 틀니 착용하고입 좀 쳐닫으면 안되나 애미디진년들아	0	0	0	0	1	1	0	0	0	0	0
똥꼬충 새끼들 똥꼬섹스 조용히 집에서 해 사람 죽여가면서 자랑하지 말고	0	0	1	0	0	0	0	0	0	0	0
보험금 교환권으로도 사용가능	0	0	0	0	0	0	0	0	0	1	0
속눈썹못잃어 좆같노	0	0	0	0	0	0	0	0	1	0	0
병신페미년들 보지를 좌우로 쫘악 찢어버려야하는데	1	0	0	0	0	0	0	0	0	0	0
한국에게 있어서 짱꼴라는 바퀴벌레다일산사는 사람에게 있어서 파주사는새끼들은 바퀴벌레다이씨발년놈들때문에 출퇴근할때 힘들고 바퀴벌레같은놈들이 자꾸 일산에서 깔짝댐	0	0	0	1	0	1	0	0	0	0	0
쟤들이 이대교수가 빡대가리 병신년들이라고한 페미년들임사실상 무차별적으로 증거도없이 남자 신상올리고 아님말고 이지랄중	1	0	0	0	0	0	0	0	0	0	0
자댕이들한테 뭔 글을 가르치노 책은 사치다익이야 차라리 개밥그릇 던져주는게 훨씬 가치있노	0	1	0	0	0	0	0	0	0	0	0
전라도것들은 다 쳐죽여야해 이것들은 지성이없는 인간의 탈을 쓴 악귀다	0	0	0	0	0	1	0	0	0	0	0
나도 바이블은 찢어봤다 부산국제락페스티벌 데쓰메탈 밴드 Deicide공연중 팬중에 한분이 바이블 두쪽으로 찢어서 던지더라 그래서 주워들거 발기발기 찢어서 공중에 뿌렸지	0	0	0	0	0	0	0	0	0	1	0
백래시는 만물여혐병 걸린 불편벌레들이 키운거지 그것들이 여성인권을 위해 한것도 없는데 지가 페미인줄 아니까 반발이 심해진거지	1	0	0	0	0	0	0	0	0	0	0
미국도 이제 전쟁 한번 치러야 정상적으로 갈 것 같다그동안 너무 굴직굴직한 전쟁이 없었다 한국 봐라 휴전국인데도 한동안 전쟁 없으니깐 페미들 미쳐 날뛰고 개소리 지껄이고 댕기잖아	1	0	0	0	0	0	0	0	0	0	0
신호들 사람모양은 남자가 아니라 사람을 뜻하는거 아녔나 피곤하게 산다 그리고 치마는 여자만 입으니까 치마로 여자 표기하는게 또 뭔 성불평등이냐 힘들게 산다 니들 일상생활 가능하냐	1	0	0	0	0	0	0	0	0	0	0
자기들 치부를 먼저 드러낼리 없지	0	0	0	0	0	0	0	0	1	0	0
4학년 되면 술 마시기 시작할 것 같다	0	0	0	0	0	0	0	0	0	1	0
조선족병신들	0	0	0	1	0	0	0	0	0	0	0
게이는 무슨 똥꼬충이 개소리하고앉았노	0	0	1	0	0	0	0	0	0	0	0
맞는말 했구만 왜들 말꼬리 잡는겨 나도여자ᆢᆢ우리나라 여자들 너무잘났어 자기할일들 하고 정정당당히 주장하면 누가뭐래 말들만 살았어 남자들불쌍해	1	0	0	0	0	0	0	0	0	0	0
어휴 정신나간 것들	0	0	0	0	0	0	0	0	1	0	0
야 놈딱 맨질해보여서 쓰다듬어주고 싶노 이정도면 한남정도는 애완동물삼아 길러볼만 한것같노	0	1	0	0	0	0	0	0	0	0	0
똥꼬충들을 모조리 가스실로 보내 소각시키자	0	0	1	0	0	0	0	0	0	0	0
개떡같이 제대로 퍼오지도 못하면서 복붙 좆중복 올리노	0	0	0	0	0	0	0	0	1	0	0
내가 지금 뭘보고 있는건지 이정도로 썩었다니	0	0	0	0	0	0	0	0	0	1	0
머가리 오함마로 난도질해서 으깨고싶노	0	0	0	0	0	0	0	0	1	0	0
페미니즘은 보적보로 다스려야함	1	0	0	0	0	0	0	0	0	0	0
국제통계결과 20대 한국남성 5명중 1명이 약 6한달에 네번9 성매매에 돈을 쓴다	0	0	0	0	0	0	0	0	0	1	0
툰코로 혼내줘야 정신차리려나	0	0	0	0	0	0	0	0	1	0	0
일리가 있네요	0	0	0	0	0	0	0	0	0	1	0
전국도시농촌마다 조선족들 침투 중국화 진행중이러다가 조선족들에게 나라 털리는날 올지도 아직도 좆선족을 동포라 부르 는 좆등신들 많다	0	0	0	1	0	0	0	0	0	0	0
멋지노 멋지노 요즘 건축쪽 관심 많다이기	0	0	0	0	0	0	0	0	0	1	0
눈물한방울 안흘리구만 억지울음쇼	0	0	0	0	0	0	0	0	1	0	0
원래 먹사는 거짓말잘합니다	0	0	0	0	0	0	1	0	0	0	0
니들이 능력껏 해야지 싸고 질좋으면 소비자가 찾아간다	0	0	0	0	0	0	0	0	0	1	0
홍어는 원래 좆같은 놈들이고원래 일베에 뉴스퍼나르는새끼들 있었음틀딱이 과하게 하는거는 문제있고머가리 텅텅 빈 급식충들도 씹극혐유머를 종범 영양가 없는 공감글 특징글 존나 올라옴	0	0	0	0	1	1	0	0	0	0	0
설 연휴 쉬려고 총파업	0	0	0	0	0	0	0	0	0	1	0
난 한편으론 빡대가리들이 패미니즘이라고 나대는게 고맙고 다행이라고 여김이쁘고 능력있고 똑똑한 애들이 패미니즘 한다고 하면 골아픔	1	0	0	0	0	0	0	0	0	0	0
전라도놈들 종특 자기들이 한 나쁜짓 남한테 덤태기 씌우기 개좆같음	0	0	0	0	0	1	0	0	0	0	0
새벽시간대가 틀딱 좆족없는 리얼 백수 일베충만 있는시간이라 젤 꿀잼임	0	0	0	1	1	0	0	0	0	0	0
스키보드 잘못 타다가 사망할 수도 있냐 내가 겁 많음	0	0	0	0	0	0	0	0	0	1	0
이슬람도 이슬람이지만 상식을 뛰어넘는 짱개가 좆발라버릴 것 같다	0	0	0	1	0	0	1	0	0	0	0
이쯤되면 유영철 재평가 해야 하는거 아니냐	0	0	0	0	0	0	0	0	0	1	0
기독교 단체에서 채의 내용을 문제 삼아	0	0	0	0	0	0	0	0	0	1	0
걍 백마는 선진국 영어권여자가 제일 괜춘타	1	0	0	1	0	0	0	0	0	0	0
보지들이 문제앙을 더 지지하게 되는 효과를 보는것임전략적인 조작과 언플은 좌좀이 전문이긴함	1	0	0	0	0	0	0	1	0	0	1
특히 키스방 절대가지마라 거긴 곤지름왕국에 성병천국이다 입술병신이나 자지병신 되기싫으면 절대가지마라	0	0	0	0	0	0	0	0	1	0	0
보지 두툼한거 존나 꼴리게 그려놨네 한참 쳐다봤다	1	0	0	0	0	0	0	0	0	0	0
NEJM 미국져널	0	0	0	0	0	0	0	0	0	1	0
예배의 감격을 회복하고 주님을 간절히 사모하는 한국교회가 되기를 기도합니다	0	0	0	0	0	0	0	0	0	1	0
김치년들도 살인하자	1	0	0	0	0	0	0	0	0	0	0
다음 더블타켓인가	0	0	0	0	0	0	0	0	0	1	0
국제적 망신이노 더러운 한남충들	0	1	0	0	0	0	0	0	0	0	0
저딴 개소리나 지껄이는 여가부가 왜 필요하냐	1	0	0	0	0	0	0	0	0	0	0
이래서 성소수자 같은 좆같은 새끼들은 다 범죄자 취급하는게 당연하다	0	0	1	0	0	0	0	0	0	0	0
좋은글인데 사람 사람이랑 이쁘다 좀 수정해라 이쁘다말고 훤하다 관상좋다 등의 대체어를 생활화하자익이	0	0	0	0	0	0	0	0	0	1	0
요즘 남경들 하는 짓 보면 참 할 짓 없고 인력낭비다 싶은 생각이 든다 성적도 안 되는 놈들 뽑아다 완장 채운 결과가 이거지 뭐	0	1	0	0	0	0	0	0	0	0	0
병신들 더워서 저거쓴다 뭐 피부탈까봐쓴다는 개새끼들아 그럼 우리나라에서 저거 쳐쓰는 개슬람씹새들은뭔데	0	0	0	0	0	0	1	0	0	0	0
소수의 틀딱이 단톡으로 일베를 지배하는게 문제인데	0	0	0	0	1	0	0	0	0	0	0
애미 애비 등꼴 오지게 빼먹네	0	0	0	0	0	0	0	0	1	0	0
할 일이 그렇게도 없느냐	0	0	0	0	0	0	0	0	1	0	0
제발 이생에서 지옥불에 떨어지길	0	0	0	0	0	0	0	0	1	0	0
근데 왜 엄한 레슬링 사진이노	0	0	0	0	0	0	0	0	0	1	0
성소수자들의 목소리는 그리 달갑지 않다 자연 그대로 살다 가는 게 순리라 믿기 때문이다	0	0	1	0	0	0	0	0	0	0	0
항문성교 군형법 폐지는 딸을 군대에 보내는것과 같다 내 아들 군대 못보낸다	0	0	1	0	0	0	0	0	0	0	0
먹사만 탓하나	0	0	0	0	0	0	1	0	0	0	0
아 진짜 똥꼬충들 다죽이고싶다 으어어어어어이어어어	0	0	1	0	0	0	0	0	0	0	0
국민의 생활을 몰모로 잡고 자기이익을 추구하는 집단이기주의자들은 어떠한 이유 불문하고 용서해서는 안된다 인간 공해들	0	0	0	0	0	0	0	0	1	0	0
그만좀 나온나	0	0	0	0	0	0	0	0	0	1	0
전라도는 근본이 사기꾼임	0	0	0	0	0	1	0	0	0	0	0
괜히 어슬렁거렸다가는 자기가 화풀이대상될텐데	0	0	0	0	0	0	0	0	0	1	0
예배의 감격을 회복하지 못하고 형식적인 예배를 드렸던 저의 모습을 반성하게 되네요 하나님이 기뻐하시는 예배자가 되고 싶습니다	0	0	0	0	0	0	0	0	0	1	0
항상 이런거 터지면 개듣보 하나씩 저지랄해서 언론에 뜨더라	0	0	0	0	0	0	0	0	1	0	0
도대체 무슨 겉멋이 들어서 다문화 우대 개지랄들을 하는지 모르겠다 특히 십짱개새끼들은 한국국적을 따도 절대로 자기 조국으로 인정안함 이용만 해먹지	0	0	0	1	0	0	0	0	0	0	1
우리과 남페미도 와꾸 좆빻음 얼굴이 여혐인데 씨발 뭔 페미 지껄이노	1	1	0	0	0	0	0	0	0	0	0
아무데나 병신아	0	0	0	0	0	0	0	0	1	0	0
저번 총선때 싹망하고 다시시작하자고 궤변을 하던 사람들이 몇있었는데 이젠 별걸 다 망하자고 하는사람도 나오네요 비공 야무지게 하나 드려봅니다	0	0	0	0	0	0	0	0	1	0	0
다이쥬 센세니뮤	0	0	0	0	0	0	0	0	0	1	0
너 고소미 당첨아청법 위반	0	0	0	0	0	0	0	0	1	0	0
김치년들 저기서좀 당해봐야하는데	1	0	0	0	0	0	0	0	0	0	0
경상도 적폐 일베 한남충들은 제발 사회에서 격리좀시켜라	0	1	0	0	0	1	0	0	0	0	0
이미 김정은 일당에게 포섭된 사람이라서 화낼 필요가 없다	0	0	0	0	0	0	0	0	0	1	0
이래서 기독교는 없어져야하는거다	0	0	0	0	0	0	1	0	0	0	0
난 이번 계기로 미국이 문화적으로 탈종교했으면 좋겠다 이슬람을 기독교로 대처하는것도 현명하지못하고 종교에는 무교 불가지론이 답이다	0	0	0	0	0	0	1	0	0	0	0
난 머전인데 머전도 본받아라 이기야	0	0	0	0	0	0	0	0	0	1	0
자지들은 지능이 떨어지기 때문에 대화가 불가능하노 그냥 주변자지들부터 서서히 재기시키는게 생태계에 좋을것같다이기	0	1	0	0	0	0	0	0	0	0	0
참 저한마디 했다고 10년이 가까이 강호순 유영철보다 더 가열차게 까이는게 말이되노 소추한냄국 토나온다이기야	0	1	0	0	0	0	0	0	0	0	1
의사가 기독교였나보다	0	0	0	0	0	0	0	0	0	1	0
여론조작질 그만해라	0	0	0	0	0	0	0	0	1	0	0
진짜 배가 쳐 불렀네 부러운 개새끼들나도 여자와 사귈 수 있다면 컴퓨터 부수라고 해도 부술 수 있는데	0	0	0	0	0	0	0	0	1	0	0
아주 파블로프의 개처럼 반응하네	0	0	0	0	0	0	0	0	1	0	0
MMM지갑이당	0	0	0	0	0	0	0	0	0	1	0
페라리 향수 쓴다조타	0	0	0	0	0	0	0	0	0	1	0
한국교회가 국민에게 꿈과 위로를 주는 역할을 하길바랍니다	0	0	0	0	0	0	0	0	0	1	0
국방장관뭐하냐 옷벗자 자식들이잘못을했음 애비가책임울져야하지않겠냐	0	0	0	0	0	0	0	0	1	0	0
똥꾸녕에 민주화박고싶노	0	0	0	0	0	0	0	0	1	0	0
주식부자 이재명도 전라도 기업 주식은 하나도 없더라	0	0	0	0	0	1	0	0	0	0	1
후속기사	0	0	0	0	0	0	0	0	0	1	0
강간당하구좋지머	0	0	0	0	0	0	0	0	1	0	0
wwq awg	0	0	0	0	0	0	0	0	1	0	0
진짜 대구사람하곤 말도섞지말아야겟다	0	0	0	0	0	1	0	0	0	0	0
한남충들 군무 더럽노 방법은 하나다 재기해라	0	1	0	0	0	0	0	0	0	0	0
한국인이 일본인들 보고 속을 알 수 없는 사람들 이런 말이 넌센스지	0	0	0	1	0	0	0	0	0	0	0
막짤 로동당	0	0	0	0	0	0	0	0	0	1	0
좆놈들 공감력 재기한건 하루 이틀이 아니노	0	1	0	0	0	0	0	0	0	0	0
조인성 닮았네	0	0	0	0	0	0	0	0	0	1	0
개슬람 좆족 짱깨는 무조건 시행해야지	0	0	0	1	0	0	1	0	0	0	0
소아성애자는 좀 그럼차라리 스와핑같은 상호 협의가 가능한게 낫지아니면 1대 다 갱뱅이나	0	0	0	0	0	0	0	0	1	0	0
의사들 수가 목사들 수 절반만 되어도 의료공백은 없을텐데	0	0	0	0	0	0	1	1	0	0	0
강원도는 빙결 저항경상도는 화상 저항전라도는 냄새 저항	0	0	0	0	0	1	0	0	0	0	0
메갈보쉴드 앙 노무띠	0	0	0	0	0	0	0	0	0	1	0
언제부터 일베에서 홍어들이 설치게 됐노일단 일베는 홍어부터 박멸해야한다	0	0	0	0	0	1	0	0	0	0	0
조선족은 생긴게 왜 다 저리 붕어처럼 생겼냐	0	0	0	1	0	0	0	0	0	0	0
백퍼 선생 몸매좋고 예쁨	0	0	0	0	0	0	0	0	0	1	0
이런게 싫으면 회사 그만두고 다른곳으로 이직해라 쓰레기들아 몸퉁아리 하나로 먹고사는주제에	0	0	0	0	0	0	0	0	1	0	0
90퍼 창남결혼 나머지 10퍼 똥이즈 위장결혼	0	1	1	0	0	0	0	0	0	0	0
베트남 아니면 말레이시아	0	0	0	0	0	0	0	0	0	1	0
어렸을떄부터 덩치가 남달랐나보네	0	0	0	0	0	0	0	0	0	1	0
일베가 개독한테 먹힌게아니라 씨발 뭐 자료도 억지고 개독을 까도 논리적으로 까야지 이건뭐 기독교리도 모르는새끼가 까고있노	0	0	0	0	0	0	1	0	0	0	0
150충 밑바닥 인생의 여혐	0	0	0	0	0	0	0	0	1	0	0
게이들 진짜 음지에서 지들끼리 놀면 좋겠다부끄러운줄 알아야지	0	0	1	0	0	0	0	0	0	0	0
개독교까면 개독교가 애국보수라고 쉴드치던 새끼들 다 어디갔노	0	0	0	0	0	0	1	0	0	0	0
미국에서 총기사건이 왜 일어났는지 곰곰히 생각해볼만하네	0	0	0	0	0	0	0	0	0	1	0
웃음만 나와   왜그럴까 이유를 알기때문이지	0	0	0	0	0	0	0	0	0	1	0
숙명여대는 각성하라	0	0	0	0	0	0	0	1	0	0	0
애초에 정신이 이상한 새끼들이니 그럴수도있지	0	0	0	0	0	0	0	0	1	0	0
강제북송 시켜야된다 저새끼들은 총살을 당하던 벌집이돼서 거름이되던 상관할빠아님	0	0	0	1	0	0	0	0	0	0	0
나에게도 동성애를 싫어할 권리가 있으므로 역 차별금지법을 제정하라	0	0	1	0	0	0	0	0	0	0	0
부사관 장교도 가지마 그럼 씨발	0	0	0	0	0	0	0	0	1	0	0
머구엔 왜 미녀들이 많을까	0	0	0	0	0	1	0	0	0	0	0
불법이어도 잘만하면서 합법화 하자고 씨부리노	0	0	0	0	0	0	0	0	1	0	0
개슬람새끼들 삼겹살에 소주한잔 맛들이면 꼼짝못함	0	0	0	1	0	0	1	0	0	0	0
앞으로 세상은 죄에 죄가 음란죄까지더해져서 소돔과 고모라 와같은 세 상이되어서 망합니다 지금우리는 동성애자들 때문에 나라가 미래도 미래가 상실되어서 망할겁니다 하나님께서는 결코 망관하시지 않을것 입니다지금도 늦지않앗습니다 제발 제자리로 돌아와 주세요	0	0	1	0	0	0	0	0	0	0	0
전라도 멍청도 혼종	0	0	0	0	0	1	0	0	0	0	0
지는 평양냄새 풍기면서	0	0	0	1	0	0	0	0	0	0	0
자랑이다 씹새야	0	0	0	0	0	0	0	0	1	0	0
병신같은 종교때문에 믿는 새끼나 남이나 피곤하다	0	0	0	0	0	0	1	0	0	0	0
어쨌든 페미니즘은 정신병 페미니스트는 정신병자	1	0	0	0	0	0	0	1	0	0	0
존나 미개하다	0	0	0	0	0	0	0	0	1	0	0
보빨호구와 김치녀조합이 그렇지뭐그사이에서 나온 애새끼는 재앙 그자체	1	0	0	0	0	0	0	0	0	0	0
한국에서 오래 살아서 한국 시민권 얻으면저사람이 고소 가능할텐데 말 아껴서 쓰자	0	0	0	0	0	0	0	0	0	1	0
동성애가 아니라 성도착증 같은데	0	0	1	0	0	0	0	0	0	0	0
때리는건 집에서 때려야지우선적으로 90퍼 부모가 잘못 키운게 원인이다486병신이 좆잡고반성해야지학교처벌은 금해야한다전교조새끼들 좆같은거가르쳐도 반항을 못함	0	0	0	0	1	0	0	0	0	0	0
머국이 연쇄살인 수사할때 냄져를 디폴트로 두고하더노	0	1	0	0	0	0	0	0	0	0	0
진심 개공감 보지컬하노	1	0	0	0	0	0	0	0	0	0	0
할거면하나만 해라 시발년아트젠에 레즈비언은 뭐야	0	0	1	0	0	0	0	0	0	0	0
노무딱 여자답고 기개넘치노 영웅맞다 이기야	1	0	0	0	0	0	0	0	0	0	0
트랜스젠더 되라고 홍보하지 마라	0	0	1	0	0	0	0	0	0	0	0
우리도 이슬람 받아들이고 난민받아들이고해서 보지들 좀 힘들게 만들어야됨	1	0	0	1	0	0	1	0	0	0	0
서른 살인데 1년전에 말 해 주지 시발아	0	0	0	0	0	0	0	0	1	0	0
진짜로 한남들 길에서보면 개쳐빡치노 얼굴들고다니지말라이기 그것들 땜에 분노조절장애생기겠노	0	1	0	0	0	0	0	0	0	0	0
저런애들 때거지로 와서 점점 인구비율 높여가면 중국 되는거다	0	0	0	1	0	0	0	0	0	0	0
아 한남충좆같네	0	1	0	0	0	0	0	0	0	0	0
아 미래가 기대되노	0	0	0	0	0	0	0	0	0	1	0
블박차 과실이 클듯	0	0	0	0	0	0	0	0	0	1	0
부모는 자식의 거울이다 훌륭한 부모님께 사랑 많이 받고 자라서인지 자존감이 월등하군요 30호님 매력이 넘쳐요 팬 됐쓰요	0	0	0	0	0	0	0	0	0	1	0
노관심주화	0	0	0	0	0	0	0	0	1	0	0
냄져들이랑 악수도 하지말라 이기야	0	1	0	0	0	0	0	0	0	0	0
개좋네 후팔	0	0	0	0	0	0	0	0	1	0	0
비합리적이긴하다만 일베한답시고 일자리 해고시키던 사건들은 싹 입다물던사람들이 이러니 역겹네요	0	0	0	0	0	0	0	0	1	0	0
죽일 의도는 없었다하더라도 이러다 죽을 수도 있겠다는 알았다고 봐야 한다	0	0	0	0	0	0	0	0	0	1	0
한국 의 쓰레기같은 여성우월주의	1	0	0	0	0	0	0	0	0	0	0
나중엔 일베 금지법도 만드려나	0	0	0	0	0	0	0	0	1	0	0
토착왜구들 배아파서 환장하려하네 인간쓰레기들	0	0	0	1	0	0	0	0	0	0	0
건전지 사이즈 AAA 만하다 이기야	0	0	0	0	0	0	0	0	0	1	0
남자 여자 번갈아 만나는 더러운새끼만 아니면 대환영	0	0	1	0	0	0	0	0	0	0	0
와 저 광고 쎄다 확 와닿는데	0	0	0	0	0	0	0	0	0	1	0
합성할 재주 안되면 하지마라재주도 안되는 새끼들까지일베 한번 가보려는 욕심에좆지랄 떠는 꼬락서니 존나 보기 싫다	0	0	0	0	0	0	0	0	1	0	0
똥꼬충이지만 극혐이다	0	0	1	0	0	0	0	0	0	0	0
상판떼기에 사탄이 씌였다 이기야노 얼른 작두 타야 하노	0	0	0	0	0	0	0	0	1	0	0
저거 고향은 전라도	0	0	0	0	0	1	0	0	0	0	0
맞노 남혐뿐만 아니라 삶의 질 향상도 되고 자존감도 올라가고 을매나 좋노	0	1	0	0	0	0	0	0	0	0	0
고맙노 예시 유용하노	0	0	0	0	0	0	0	0	0	1	0
머가리 딸리는거 티내는 거노	0	0	0	0	0	0	0	0	1	0	0
저건 뭐 피해주는것도 아닌데 하든가 말든가	0	0	0	0	0	0	0	0	0	1	0
제발 피임약 좀 처묵어라 임신하면 여자만 손해다	1	0	0	0	0	0	0	0	0	0	0
그래 워마드가 바로 씹사탄유대교다이기야 지옥만남 함 해보자 동그랑땡고기들아	0	0	0	0	0	0	1	1	0	0	0
걍 변태들임	0	0	0	0	0	0	0	0	1	0	0
반대박고 베댓들접어라익이야노	0	0	0	0	0	0	0	0	1	0	0
정화통도 안달고 뭐하노	0	0	0	0	0	0	0	0	0	1	0
제발 내자식좀 정상적인 세상에서 살게 도와주세요 동성애교육안받게 도와주세요	0	0	1	0	0	0	0	0	0	0	0
쌍도멸망소취	0	0	0	0	0	1	0	0	0	0	0
양남은 쾌락에 의한 지배를 하고싶은거라면 한남은 자신의 우위를 섹스를 통해 확인하고 싶은거노	0	1	0	1	0	0	0	0	0	0	0
진짜 신안이면 놀리자마자 다음날 염전에서 일어날듯	0	0	0	0	0	1	0	0	0	0	0
저거 2000년대에 초딩들이하던건데 이젠 다 틀딱이 되어부랐노	0	0	0	0	1	0	0	0	0	0	0
이참에 미국이 슬쩍 짱깨랑 북한까지 박살냈으면	0	0	0	1	0	0	0	0	0	0	0
그냥 평범 통통하게 생겼 겠는데	0	0	0	0	0	0	0	0	0	1	0
핏물이 질질흐르는 사진은 입맛을 돋구는데 멀쩡한사진은 식욕재기하노	0	0	0	0	0	0	0	0	0	1	0
실상은 바늘좆	0	0	0	0	0	0	0	0	1	0	0
다문화 재네들은 왜 남의 나라에 빌붙어 살려고 기를 쓰는지 모르겠어 걍 지 나라에서 살지못하고	0	0	0	1	0	0	0	0	0	0	0
노무딱 당연하고 이견이 없어서 굳이 언급할 필요가 없는 말만 늘어놓는 게 남정치인 특징이노	0	1	0	0	0	0	0	0	0	0	0
예수쟁이들 진짜 없어져라	0	0	0	0	0	0	1	0	0	0	0
동묘가면 조희팔같이 생긴 장사꾼이 좌판깔고 이런거 팔고있고 틀딱들은 주위에 서서 상기된 표적으로 끄덕거리고 있음	0	0	0	0	1	0	0	0	0	0	0
고추뗀다고 보지가 생기면 그렇게 할 애들 존나 많지이제부터 남자 부러워하는 여자보면 왜 날 여자로 낳았어 웅앵웅 이래야겠다	1	0	0	0	0	0	0	0	0	0	0
대구 중구 공평로사노 이기야	0	0	0	0	0	0	0	0	0	1	0
똥꼬에 부부젤라 삽입해서 찢어버리고 싶네	0	0	0	0	0	0	0	0	1	0	0
아이폰은 miracamfree 이거 쓰면 됨	0	0	0	0	0	0	0	0	0	1	0
난 개안아요	0	0	0	0	0	0	0	0	0	1	0
좀만더크면 좆집으로쓰려고하는거임 게이새끼들	0	0	1	0	0	0	0	0	0	0	0
조선족이 사는 간도지방은 고려시대로 치면 거란 여진족 지역임왜 조선족이라는 명칭이 붙었는지 이해가 안됨	0	0	0	1	0	0	0	0	0	0	0
으 씹극혐	0	0	0	0	0	0	0	0	1	0	0
옳다구나새로운 화력쇼다재재 방출 운동이다살인자는 나가야지지인생도 좆된거다하차 운동 시작한다허위사실로 인한 살인이다	0	0	0	0	0	0	0	0	1	0	0
1914년	0	0	0	0	0	0	0	0	0	1	0
진짜 남자끼리 조아하면 정신질환이다	0	0	1	0	0	0	0	0	0	0	0
늙음이 정말로 애국할 때도 있네	0	0	0	0	0	0	0	0	0	1	0
오바마 개슬람인데 숨기는거자나	0	0	0	0	0	0	1	0	0	0	0
전문직 직업중 성범죄자 비율이 가장 높은 놈들이 개신교 목사라네	0	0	0	0	0	0	1	0	0	0	0
폭언을 했더라도 하나의 고귀한 생명을 뺴앗는것은 심각한 죄입니다	0	0	0	0	0	0	0	0	0	1	0
이런 날에도 그나마 있는 우군을 공격하려는 씹새들이 있네좌좀홍어분탕들이 존나게 많아졌다는 증거인거냐하긴 좌좀과 기독교는 서로 상극이니	0	0	0	0	0	1	0	0	0	0	0
육아에 따라 성씨를 주는 건 아니노 여자가 만들었으니 당연히 모계인거노 자지놈이 육아도 안하면 모부가 아니라 모일 뿐이고 모부도 많이 봐준거다이기	0	1	0	0	0	0	0	0	0	0	0
이거 하나 때문이라도 얘가 멍청한건 알겠음	0	0	0	0	0	0	0	0	1	0	0
24 나년 너년 쓰지마라이기	0	0	0	0	0	0	0	0	0	1	0
386 공산주의 운동권은 시위하면서 떼씹하고 다녔다며	0	0	0	0	1	0	0	1	0	0	0
애낳고 아줌마가되면 모든신경이 애새끼한테 집중되기때문에 주변시선생각할 새가없음	1	0	0	0	0	0	0	0	0	0	0
이건 페북으로 본지 최소 반년은 지난거 같은데 일베오네	0	0	0	0	0	0	0	0	0	1	0
한녀는 거르는게 답임	1	0	0	0	0	0	0	0	0	0	0
관잦한남충 일일히 소추누르는 정성 지리노	0	1	0	0	0	0	0	0	0	0	0
90년대 초반까지는 흔하게 쓰이던 말인데 어느순간 사라짐	0	0	0	0	0	0	0	0	0	1	0
22 다들 튈 준비하는건 아닌가싶다	0	0	0	0	0	0	0	0	0	1	0
좀 귀찮더라도 자집애들은 저때부터 교육 철저히 시켜야하노	0	1	0	0	0	0	0	0	0	0	0
이얘기 10 년 전으로 가서 우리 집사람 한테 좀 해줘라	0	0	0	0	0	0	0	0	0	1	0
너 쟤한테 맞고 사는 급식 찐따아니냐	0	0	0	0	1	0	0	0	0	0	0
대한민국에선 더이상 공사나 하교들어가려고 공부도 하지말고 대학도 필요없고 노력도 하지마라 그냥 대충 하교식당이나 톨게이트 등에 일하러 갔다가 민노총 가입해서 데모하고 투쟁하면 정규직되고 해외여행에 산으로 바다로 놀러 다니며 잘산다	0	0	0	0	0	0	0	1	0	0	0
부모가 저러니 자식이 저러지  집안대대로 저주가 있을텐데 어쩔라고	0	0	0	0	0	0	0	0	1	0	0
걔네는 그냥 틀딱들이랑 같음	0	0	0	0	1	0	0	0	0	0	0
담정권때 사실로 판명되면 지금 여권대부분은 역적죄로 처형해야 한다	0	0	0	0	0	0	0	0	1	0	0
영원한 적은 없고 영원한 친구 또한 없다	0	0	0	0	0	0	0	0	0	1	0
이길여같아	0	0	0	0	0	0	0	0	1	0	1
이교회 다니는 인간들은 도대체 뭐야	0	0	0	0	0	0	0	0	1	0	0
30대 초중반 애엄마 특징 젖골 안가려서 훔쳐보기 개꿀	1	0	0	0	0	0	0	0	0	0	0
목록에 워마드는 빠져있네요	0	0	0	0	0	0	0	0	0	1	0
호신 관련해서는 중국 영화 나오는 장쯔이 같은 무림의 고수를 늘 좋아했노 구체적인 롤모델 이미지가 있어도 좋겠다는 생각이 드노	0	0	0	0	0	0	0	0	0	1	0
민족배신자 처단했노 문구 라	0	0	0	0	0	0	0	0	0	1	0
개독이나 무슬람이나 씨발 둘다 병신들	0	0	0	0	0	0	1	0	0	0	0
인간들이거짖말을밥묵듯이하네	0	0	0	0	0	0	0	0	1	0	0
그리고 최근에 깨달은 점이 하나있는데 지금	0	0	0	0	0	0	0	0	0	1	0
쌍도년 반갑노 이기이기 죽은 누나귀신 둘셋은 기본으로 붙은 개쌍도 좆놈 마 날도 더운데 시력재기하겠노 다 칼푹찍회쳐 낙태비빔밥에다 쓰까쓰까 비버버리자이기	0	1	0	0	0	1	0	0	0	0	0
다이아는 주은 아씨지	0	0	0	0	0	0	0	0	0	1	0
그냥 나라 없애자	0	0	0	0	0	0	0	0	1	0	0
뭘좀 아는구나	0	0	0	0	0	0	0	0	0	1	0
영어라 잘 모름	0	0	0	0	0	0	0	0	0	1	0
저게 대답이노 고소해라이기	0	0	0	0	0	0	0	0	1	0	0
성소수자도 정신병의일종이다 정신병환자들이 길거리에서 일반인들 보란듯이 정신병짓을하는것은 법으로 막아야한다	0	0	1	0	0	0	0	0	0	0	0
틀딱새끼야 너나 경로당으로 꺼져일베는 모두의 것	0	0	0	0	1	0	0	0	0	0	0
봊나 천국이네	0	0	0	0	0	0	0	0	1	0	0
히틀러 같은 지도자가 나타나서 전라도 놈들 싸그리 모아서 다 화형시켜 버려야 함	0	0	0	0	0	1	0	0	0	0	0
저래서 똥꼬충들은 뒤질때까지 물고뜯어야된다 이기야 보지들이 고생고생해서 인권 올려놓으면 저 새끼들이 다 후퇴시키노 젠신도 마찬가지 병신 장애좆새끼들	0	0	1	0	0	0	0	1	0	0	0
저거 보지들임	1	0	0	0	0	0	0	0	0	0	0
태어난 아기는 진짜 혼란스럽겠다	0	0	0	0	0	0	0	0	0	1	0
보지에 썩은내 존나 나서 파리가 알까가는 지경까지온 씨팔 버러지년저년이 낳은 구더기새끼도 같이 밟아 죽여야함	1	0	0	0	0	0	0	0	0	0	0
엄마가 39고 아들이 20이라	0	0	0	0	0	0	0	0	0	1	0
귓방맹이 털어버려야지 가만히 있냐	0	0	0	0	0	0	0	0	1	0	0
아빠가 부처네 나같으면 머리 다 태워버렸음	0	0	0	0	0	0	0	0	1	0	0
잘못된 신념이 얼마나 무서운 지를 보여주는 사건임	0	0	0	0	0	0	0	0	0	1	0
니 좆대로 감상 붙이지 마라개발자들은 본인들이 만들어준게임 재밌게 즐겨주는거보면 존나 좋아할텐데더구나 병신같은 유교사상 찌든 조선인과는 다를텐데뭘 썩은표정을지어 병신아	0	0	0	1	0	0	0	0	0	0	0
솔까 국적을 포기할 자유를 주는 남한은 대단하다	0	0	0	0	0	0	0	0	1	0	0
사람없어서 군복무 늘어날 판에 지랄하고 있네	0	0	0	0	0	0	0	0	1	0	0
아니 애초에 염색체가 다른데 감히 냄져가 여자가 될라노 하노 이와중에 비수술 트렌스젠더 레즈비언같운 개똥같은 소리하노	0	1	1	0	0	0	0	0	0	0	0
네들은 됐고 난민 로린이만 데리고 오고 싶다 일게이들한테 하나씩 나눠주면 맛있는것도 먹여가면서 잘키울건데	1	0	0	1	1	0	0	0	0	0	0
오냐오냐해주니까 활어회마냥 팔딱팔딱 뛰노	0	0	0	0	0	0	0	0	1	0	0
후팔이건 생각못했노	0	0	0	0	0	0	0	0	1	0	0
레즈비언은 봐준다근데 게이들은 다 항문 찢어 죽여야 한다고 생각한다오래된 생각이다	0	0	1	0	0	0	0	0	0	0	0
페미니즘은 정신병이지	1	0	0	0	0	0	0	0	0	0	0
단지 한녀라는 이유만으로 절대 처벌 안받음 아예 수사조차 안할듯	1	0	0	0	0	0	0	0	0	0	0
야 시발 급식충들도 놀게 좀 냅둬	0	0	0	0	0	0	0	0	1	0	0
종교계 같지도 않은 사이비들 모아놓고 떠들고있네	0	0	0	0	0	0	1	0	0	0	0
기자님 성소수자인권이 가져올파장이 크기때문에 집중하는겁니다	0	0	0	0	0	0	0	0	0	1	0
야이 간나 새끼야 정은이 돼지새끼는 죽이고 왔어야지	0	0	0	0	0	0	0	0	1	0	0
일베가 이젠 주사파 추종세력이 되어가노	0	0	0	0	0	0	0	1	0	0	0
닉네임부터 존나 위장 티나네 홍어새끼	0	0	0	0	0	1	0	0	0	0	0
차기 대선에 좃선족 똥남아 불법체류자 강제추방 공약있으면 바로뽑는다	0	0	0	1	0	0	0	0	0	0	0
왜놈들 기생까지 신경쓰는 그대는 진정 토착왜구	0	0	0	1	0	0	0	0	0	0	0
한국인 저출산에 국적포기도 한몫해서 조만간 한국인이 소수민족 되는 시대가 올거임 나라이름은 한국인데 사는새끼들은 바퀴벌레 짱깨새끼들	0	0	0	1	0	0	0	0	0	0	0
저나라나 우리나라나 충들이 문제군요	0	0	0	0	0	0	0	0	1	0	0
아니 보호관찰 기간중에 총을 어떻기 휴대하고다니지 총소리 들어보니 리볼버 같았는데 그냥 순순히 내려서 몸수색당하지 미친새끼네	0	0	0	0	0	0	0	0	1	0	0
하하 이름만 들어도 토나오노 구웨에에엑	0	0	0	0	0	0	0	0	1	0	0
정신지체장애좆아니노	0	0	0	0	0	0	0	0	1	0	0
영국이새끼들존나 기고만장했는데 잘됬다	0	0	0	1	0	0	0	0	0	0	0
심즈로는 한계가있는거 같다익이야 그 좆같은 한남충 와꾸는 심즈로는 표현불가능하노	0	1	0	0	0	0	0	0	0	0	0
저 사람들이나 핑코게이 다구리친 사람이랑 뭐가 다르냐	0	0	0	0	0	0	0	0	0	1	0
870 제작자가 한남이거나 한남 영향받은 사이트가 분명하니 광고 신고하면서 캡쳐중이노 한남들이 즈그앱충 후장 검색한다고 찾던 글에서 찾았노	0	1	0	0	0	0	0	0	0	0	0
더러워 역겨워	0	0	0	0	0	0	0	0	1	0	0
청원게시판 없애버리는게 좋을듯 사리판단을 못하고 개인의 독설을 쏟아내고 분풀이하는 수단으로 이건 건설적인 신문고가 아니라 썪어 넘어저가는 꽹가리에 불가하다	0	0	0	0	0	0	0	0	1	0	0
유전자 조사가 드러가야해	0	0	0	0	0	0	0	0	0	1	0
저 자리 가기엔 너무 젊은데시장은 미어터지게 좁고 통번대 출신은 예전보다 많은데 1세대가 아직도 현역이라 교수 연줄 아니면 절대로 못 간다어디 얼굴 좀 비출 정도면 채소 40대 후반이 보통임	0	0	0	0	0	0	0	0	0	1	0
맘충년들 애새끼 관리하나 못할꺼면 왜 쳐 낳는거야	1	0	0	0	0	0	0	0	0	0	0
미친냔들이 지랄발광 하면 미친냔들을 조져야하는데 미친냔들 말을 들어주고 있으니 나라가 싫음 이민을 가 이냔들아 다른 나라 가면 한국이 얼마나 살기 좋았는지 알게 될테니	1	0	0	0	0	0	0	0	0	0	0
내새끼 건드리면 개빡쳐서 불타오르는건 본능이지 잘참았다	0	0	0	0	0	0	0	0	0	1	0
개독이나이슬람이나한국은 개독 새끼들 부터 싸그리 말살해야한다	0	0	0	0	0	0	1	0	0	0	0
대단하긴 하다 멀 어케 구워 삼길래	0	0	0	0	0	0	0	0	0	1	0
쌍도새끼들 허세가 너무심해	0	0	0	0	0	1	0	0	0	0	0
4050 전남노조 꼰대는 뒤져야지	0	0	0	0	1	1	0	0	0	0	0
역겨운 레즈 게이 페미 그냥 다 없어져라	1	0	1	0	0	0	0	0	0	0	0
우리공화국에도 건장하고착힌 남성난민100만명만 사울로 오면좋겠다	0	0	0	0	0	0	0	0	0	1	0
0랩새끼 어스름한 틈을 타 탈출했구만 다시 느그 우리로 가라	0	0	0	0	0	0	0	0	1	0	0
명작이다 요즘 한국사회 맘충들의 어두운면을 제대로 푤현했네	1	0	0	0	0	0	0	0	0	0	0
다문화 시발 존나 망한 정책인데이 망할 한국은 왜케 못띄워줘서 안달이냐좀 결혼할거면 돈주고 똥남아년좀 사와서 하지좀 말아라	0	0	0	1	0	0	0	0	0	0	0
1 알겠노 이기야노 11 죽는게 더어렵다 이니야 좀만더 힘내보자 보지대장은 못할게없노	1	0	0	0	0	0	0	0	0	0	0
지마켓은 리얼돌도 있던데	0	0	0	0	0	0	0	0	0	1	0
이젠 목사가 하나님 믿는자로 안보인다 사이비 집단 교주로만 보인다	0	0	0	0	0	0	1	0	0	0	0
이거 개구라다 앱충한테 나는 냄새때문에 온가족이 고생이노 후팔	0	1	0	0	0	0	0	0	0	0	0
여드름이 더 클것같노 자지가 더 클것같노 여드름이 더 클것가따 이기야노	0	1	0	0	0	0	0	0	0	0	0
예수님 안 믿으면 지옥간다 기독교를 열심히 믿는 나라는 선진국 된다	0	0	0	0	0	0	1	0	0	0	0
이 나라의 미래를 보려거든 고개를 들어 서두원을 보라	0	0	0	0	0	0	0	0	0	1	0
중국 짱개새끼들 이젠베트남으로 눈 돌리는 것 같더라중국하고 베트남 국경에 짱개 기공들 많이 몰렸다는 애기가 있다	0	0	0	1	0	0	0	0	0	0	0
빨렙 되는순간 현실에서 도태되는거다	0	0	0	0	0	0	0	0	1	0	0
동성애를 양지로 이끌어 내는게 오히려 에이즈환자 착출에 도움이될듯	0	0	1	0	0	0	0	0	0	0	0
이거 정말 허벌워추 696969개 박고싶은 띵문이노 특히 라도남들 조심해라 쌍도남들이 대놓고 여혐질하면 라도남은 겉으론 여자 이해해주는척	0	1	0	0	0	1	0	0	0	0	0
아 진짜 존나 싫다 시발	0	0	0	0	0	0	0	0	1	0	0
남자들 아랫돌 단속을 어려서부터 잘해야지 함부로 내돌리다 남의 귀한딸 일생을 망치는구나	0	1	0	0	0	0	0	0	0	0	0
일본이 사과하고 경제발전하라고 협조해준 부분을 안 가르쳐서 그래 학교에서 교육을 잘 시켜야하는데	0	0	0	0	0	0	0	0	0	1	0
주작까네 인증할꺼면 제대로 해라 시발 새우 올리면 끝인가	0	0	0	0	0	0	0	0	1	0	0
나는 옛날부터 캐나다 국기를 좋아하노 캐나다의 자연풍경을 사랑하고	0	0	0	0	0	0	0	0	0	1	0
누군지 말 안해주는거 보니 7시거나 그짝당이네	0	0	0	0	0	1	0	0	0	0	0
야 너련 능력자다 저 글 올라온지 을매나 됐다고 벌써 이런 쌉고퀄리티 로고가 나와벌이노 보지들 스피드가 한남 도태하는 스피드 따라잡노 껄껄	0	1	0	0	0	0	0	0	0	0	0
하여튼 뚱뚱한애들은 일단 거르고보면 된다	0	0	0	0	0	0	0	1	0	0	0
하여간 무슬림이랑 짱깨는 인종청소라는 개념이 왜 있는 것인지 설명해주는 인류말종들	0	0	0	1	0	0	0	0	0	0	0
씨발 레즈비언축제는 언제여노	0	0	1	0	0	0	0	0	0	0	0
일부러 철자 틀리게 써서 똥양 발음 비웃는 자적자보소 프리즈 뤼브미 어론	0	1	0	0	0	0	0	0	0	0	0
지겨워 죽겠다 씨발	0	0	0	0	0	0	0	0	1	0	0
자적자로 자지 자멸시키고 보지 국회의원 6969명 양산하는게 목표노 보지란 보지는 싹다 당선시켜서 보지가 표가된다는걸 알려야하노	0	1	0	0	0	0	0	0	0	0	0
천주교부터 다 학살하자	0	0	0	0	0	0	1	0	0	0	0
그냥 멀정하게 하면 될걸 똥꼬팬티랑 병신코스프레땜시 똥망	0	0	1	0	0	0	0	0	0	0	0
인도 좆미개한데유명인들 어케 나오는거냐	0	0	0	1	0	0	0	0	0	0	0
댓글 열심히 달고다니던데 쟤 앱창인생 어떡하냐	0	0	0	0	0	0	0	0	1	0	0
딱 일베노	0	0	0	0	0	0	0	0	0	1	0
저 유충들 커봐야 지금40대 개좆같은병신될꺼 뻔하노	0	0	0	0	1	0	0	0	0	0	0
일뽕사망wwwwww	0	0	0	0	0	0	0	0	1	0	0
아무리 온건한 무슬림이라도 극단주의 이슬람이 등장하면 저항하지 않고 동조하는 경향이 있다는게 문제지 점차적으로 극단주의로 물들어갈 가능성도 배제할수 없고 걍 답이 없음	0	0	0	1	0	0	1	0	0	0	0
못배운 상태에서 뭔가를 비판하려 하지마라	0	0	0	0	0	0	0	0	1	0	0
싫으면 안 하면 되는데 꼭 자기 편한대로만 하려고 하네	0	0	0	0	0	0	0	0	1	0	0
없던혐오도 생김	0	0	0	0	0	0	0	0	1	0	0
애국국민운동연합 이름이 틀딱스러운데 민주당으로 전향한 태극기부대냐	0	0	0	0	1	0	0	0	0	0	0
첫번째 자댕놈 비위상하노	0	1	0	0	0	0	0	0	0	0	0
개독 페미 개빠만 사라지면 살기좋은나라	1	0	0	0	0	0	1	0	0	0	0
짤 슴가가 허리에달렷냐 왤케 쳐짐	1	0	0	0	0	0	0	0	0	0	0
짱깨새끼들도 저렇게 대했어야했는데 오냐오냐하니까난잘했다고봄	0	0	0	1	0	0	0	0	0	0	0
아따 아줌씨 나으 부모님의 세금으로 만들어진 밥상이니께 쪼까 열심히 하쑈잉	0	0	0	0	0	0	0	0	0	1	0
죽여버리고싶노 저딴걸영화라고만드냐	0	0	0	0	0	0	0	0	1	0	0
주 예수보다 더 귀한 것은 없네 이 세상 명예와 바꿀 수 없네 이전에 즐기던 세상일도 주 사랑하는 맘 뺏지 못해세상 즐거움 다 버리고 세상 자랑 다 버렸네주 예수보다 더 귀한 것은 없네 예수밖에는 없네	0	0	0	0	0	0	0	0	0	1	0
저새끼도 역선택으로 지지율 1위인거지	0	0	0	0	0	0	0	0	1	0	0
와 씨발죶같네	0	0	0	0	0	0	0	0	1	0	0
옹졸이 가슴해지는 싸움이다 열심히 싸워라 그리고 페미는 정신병임 뷔페미니즘 짜져	1	0	0	0	0	0	0	0	0	0	0
워마드도 너무 소프트하노 페미코인 페미딥웹 만들어서 자지들처럼 쇼린이 포르노 살인청부 여혐 사이트 해킹도 해야되는데 미러링이 아직 원본을 못따라가노	0	1	0	0	1	0	0	0	0	0	0
개독이 아무리 쌍욕을 먹어도 호모새끼들 절대 인정 안하는것 하나만큼은 킹정해줘야됨	0	0	1	0	0	0	1	0	0	0	0
책이름도 하악하악	0	0	0	0	0	0	0	0	0	1	0
한국남자 눈깔 좀 빼라 늬들 눈깔론 아무도 안 쳐다보는 게 보지들을 위한 일이노	0	1	0	0	0	0	0	0	0	0	0
치마입고 화장하는게 왜 여자가 된다는거임 그냥 치마입고 화장하는 남자가 되는거지 어느 시대인데 그냥 남자인채로 치마입고 화장해라 처음에야 주변에서 좀 놀라겠지만 곧 별 신경안쓴다	0	0	0	0	0	0	0	0	0	1	0
캬 아주 점잖게 놀았구마이	0	0	0	0	0	0	0	0	0	1	0
대한민국의 미래 급식베츙이 응원한다	0	0	0	0	1	0	0	0	0	0	0
한국인이면 짱깨한테 좋은감정이 잇을리가 있냐 전라도는 외국이니 제외하고	0	0	0	1	0	1	0	0	0	0	0
무한맵에서 자원 처먹고도 망테크 타는거 보면종교탓이 크다	0	0	0	0	0	0	1	0	0	0	0
미국 후터스 보면 입에 게거품 물겠네	0	0	0	0	0	0	0	0	0	1	0
딸 인중 사마귀 같노	0	0	0	0	0	0	0	0	1	0	0
저딴거 시키는 교회를 왜가는지 이해가 안된다 진짜	0	0	0	0	0	0	1	0	0	0	0
스시남이 느끼는 한국년 특징	1	0	0	0	0	0	0	0	0	0	0
저게 어쩌면 저들이 살아남는 법일지도 모름	0	0	0	0	0	0	0	0	0	1	0
존나 어거지전라도 홍어 새끼들의 한계	0	0	0	0	0	1	0	0	0	0	0
그런것같다 같은 쌍도라도 경남보다 경북이 더 심한 이유도 지리적 폐쇄성 때문 아니노 감귤국은 훨씬 심하겠지	0	0	0	0	0	1	0	0	0	0	0
이런건 걍 돈없고 멍청한 전라도 여자들 겨냥한 상술이지	1	0	0	0	0	1	0	0	0	0	0
와 내가 하고싶은 말 잘대변해줬다	0	0	0	0	0	0	0	0	0	1	0
드러나면이겠지 병시나	0	0	0	0	0	0	0	0	1	0	0
저거 왼쪽에 있는 애 이름 뭐더라 까먹었다	0	0	0	0	0	0	0	0	0	1	0
걸어다니는 전립선 새끼들 소록도에 지들끼리 가둬야함	0	1	0	0	0	0	0	0	0	0	0
더럽다 좆나드러	0	0	0	0	0	0	0	0	1	0	0
자적자 자적자 씬나는 노래	0	1	0	0	0	0	0	0	0	0	0
한남들은 전부 가스실에 쳐 넣어야 정신차린다이기야	0	1	0	0	0	0	0	0	0	0	0
그러케 당하고도 모르냐 결국 홍어본색 드러 낼꺼다	0	0	0	0	0	1	0	0	0	0	0
상일도에선 버스에 불도 질렀는데 뭐 정윤고라고 그때당시 특지고 였다 걔네들이 버스에 불질러서 뉴스에도 나옴 300번인가 그랬을껄	0	0	0	0	0	0	0	0	0	1	0
저렇게 생긴애새끼들중에 여자가 끊임없다고 말하는 사끼들 치고이쁜 여자친구 사귀는걸 본적이 없다	0	0	0	0	0	0	0	0	1	0	0
방금 MC무현 노래 들으러 갔다가 봤다	0	0	0	0	0	0	0	0	0	1	0
저분 빨리 착한 바퀴상 드려라	0	0	0	0	0	0	0	0	0	1	0
15년간 꾸준하게 미혼모로 활동할거 같다홀트아동복지회 vvip 될듯	0	0	0	0	0	0	0	0	1	0	0
한자는 왜 번체자를 써놨노	0	0	0	0	0	0	0	0	0	1	0
아니 시발 동성애자들이 티 안내고 있으니까 호모포비아들이 많지 않은거지 대놓고 저렇게 해버리면 시발 나라도 존나 동성애자 씹 극혐 스킨헤드된다	0	0	1	0	0	0	0	0	0	0	0
종교로나라파탄	0	0	0	0	0	0	1	0	0	0	0
어떤구멍이든 맛만좋으면된다	0	0	0	0	0	0	0	0	1	0	0
기자가 영화를 아예 못본거같은데미드웨이가 다른 전쟁영화와는 다른게 단순 일본을 악으로 묘사하지 않고 그들의 국민과 나라를 위해 자기 목숨 하나쯤은 아무렇지 않게 내놓는 무사도 마냥 그려놨던데	0	0	0	0	0	0	0	0	0	1	0
귀엽게 생겼는데	0	0	0	0	0	0	0	0	0	1	0
다문화가 좋은건 어디까지나 선진국 받을떄 얘기	0	0	0	1	0	0	0	0	0	0	0
급식충들이 일베 코스프레하는거 보면 개패고싶더라	0	0	0	0	1	0	0	0	0	0	0
즌라도에선 성희롱이 아니랑깽	0	0	0	0	0	1	0	0	0	0	0
얼굴이 개씹이면 당연히 꾸미는데 많이들지 근데 그건 남자문제가아니지 시벌년아	1	0	0	0	0	0	0	0	0	0	0
시발 지금 조선반도 주류가 누군지 아냐	0	0	0	0	0	0	0	0	1	0	0
맘충을 이루고 있는 어머니상은 빼도박도 못하게 가부장제에 복속된 존재다 전복한다 해서 자지들에게 위협이 될 수 없노	1	0	0	0	0	0	0	0	0	0	0
핸드폰 때문에 동성강간 줄었다잖아	0	0	0	0	0	0	0	0	0	1	0
니들 이민전에 오늘 러시아 페널티 뻥카날린 새끼가 빨리 크로아티아로 난민 신청하고 귀화하는게 먼저다	0	0	0	1	0	0	0	0	0	0	0
홍어사냥꾼 슨로 운지운지열매 노피	0	0	0	0	0	1	0	0	0	0	0
얼마나 좆국에서 여자를 후려쳤으면 저런 기안내나는 냄져를 만나노 4B는 내 인생을 구했노	0	1	0	0	0	0	0	0	0	0	0
전형적인 한남이노	0	1	0	0	0	0	0	0	0	0	0
고마 안되는기라	0	0	0	0	0	0	0	0	0	1	0
지들끼리 후장에 박다가 에이즈걸려서 뒤지는 한남똥성애는 한남들 빨리 죽으니까 이득인데 젠신병자들은 보지한테 피해주니까 존나 싫음	0	1	1	0	0	0	0	1	0	0	0
짱퀴벌레 새끼들결국엔동북공정 성공했네 조선족 멸족하고조선족이랑 한국인들 이간질하고연변 꿀꺽	0	0	0	1	0	0	0	0	0	0	0
실족사 처리하겠지	0	0	0	0	0	0	0	0	0	1	0
평등하게 남성휴가부터 만들어라	0	0	0	0	0	0	0	0	0	1	0
대구 거주하는 노인 평균 수준	0	0	0	0	1	1	0	0	0	0	0
고졸도 못한새끼가 당연히 면접떨어지지 정신병자새끼	0	0	0	0	0	0	0	1	0	0	0
너무못한다 뱀비늘모양으로 나와야됨	0	0	0	0	0	0	0	0	0	1	0
응안뽑앗어	0	0	0	0	0	0	0	0	0	1	0
세금도 안내는 것들이 국민의 세금을 좀먹고 다닌다 다른사람 피해주고 조센진 개독교 목사 재산을 몰수해야한다	0	0	0	1	0	0	1	0	0	0	0
유일신을 믿는 개신교는 어느 종교하고도 화합할 수 없다 개신교가 득세하면 할 수록 종교전쟁은 필수이다	0	0	0	0	0	0	1	0	0	0	0
제발 좆같은 중국 망하게 해주세요	0	0	0	1	0	0	0	0	0	0	0
친목은 벤이랑깨	0	0	0	0	0	0	0	0	0	1	0
조금만 검색해봐도 시기가 안 맞다는 거 알 수 있는데 선동되는 것들은 무뇌충이지	0	0	0	0	0	0	0	0	1	0	0
병신들 이순신도 충남 아산 출신이다 어휴 라도수준하곤	0	0	0	0	0	1	0	0	0	0	0
맘충들 덕에 저 이모티콘보면 기분 다운됨	1	0	0	0	0	0	0	0	0	0	0
하 참나 저런새끼들은 진짜 저새끼 고향이랑 전국에 면상을 뿌려야됨	0	0	0	0	0	0	0	0	1	0	0
큰그림을 잘그린단말이야	0	0	0	0	0	0	0	0	0	1	0
개판친거 수습하다 임기 끝나겠노	0	0	0	0	0	0	0	0	1	0	0
워마드를 누가 페미사이트라 말하노 페미는 이미 온갖 꿘충에 먹혔노 만만한게 여자라 젠신병자며 게이며 다 들러붙는데 후팔 절대 안되노	0	0	1	0	0	0	0	1	0	0	0
에휴 급식충 새끼들 저런 새끼들 밥도 아깝다	0	0	0	0	1	0	0	0	0	0	0
가랭이에 쪼그만 똥 달려있다 이기야	0	0	0	0	0	0	0	0	1	0	0
급식아니랄까봐 1절을 못함	0	0	0	0	1	0	0	0	0	0	0
한국남자 안구 적출	0	1	0	0	0	0	0	0	0	0	0
글진짜 잘썼다 나도 예전에 이영화 본적 있었는데 주인공이 사람이라서 재밌다고만 생각했지 이런 통찰은 못했노	0	0	0	0	0	0	0	0	0	1	0
예전 갤플에 시위가는사람 게시물은 아묻따 워추박기로 했었노	0	0	0	0	0	0	0	0	1	0	0
와 진짜 새누리통수 오지네	0	0	0	0	0	0	0	0	1	0	0
생활방역 지침을 철저히 지키는 범위 안에서 함께 모여 예배하며 믿음을 회복하는데 한국교회가 하나되었으면합니다	0	0	0	0	0	0	0	0	0	1	0
전라도 IP 는 볼 수 없는 글입니다	0	0	0	0	0	1	0	0	0	0	0
후벌창이라고 해야맞다	0	0	1	0	0	0	0	0	0	0	0
원래 우리나라는 우파 딴나라는 좌파가 되야 우리한테 최대 이득이다	0	0	0	0	0	0	0	0	0	1	0
자지는 역시 언제봐도 미개하게 생겼노 다컷팅하고 단체화형식 해버리고싶노	0	1	0	0	0	0	0	0	0	0	0
적화통일해서 맘충 자식새끼들 아오지 탄광에 취업했으면 좋겠다 통일을 응원 합니다 맘충 시발년들아	1	0	0	0	0	0	0	0	0	0	0
안전한 목장 기도회가 드려지길 기도합니다	0	0	0	0	0	0	0	0	0	1	0
일베갔으면 됐지 욕심이 많노	0	0	0	0	0	0	0	0	1	0	0
이젠 가해자 실명도 안밝히네 me too 말고 who too 라 하시죠	0	0	0	0	0	0	0	0	1	0	0
문장 잇지를 못하노	0	0	0	0	0	0	0	0	1	0	0
무슬림이 테러하고 무슬림은 무시하고	0	0	0	1	0	0	1	0	0	0	0
늙은 한녀는 싹 다 죽여서 돼지사료로나 써야 함	1	0	0	0	0	0	0	0	0	0	0
외국인을 없애자 외국인을 없애자 한국에는 한국인만 남기자	0	0	0	1	0	0	0	0	0	0	0
페미랑 개독이랑 같음 존나 강요함	1	0	0	0	0	0	1	0	0	0	0
저씨발 개홍어니미 좆같은년 얼마나 한국이 우습게 보일까 씨발후라질년	0	0	0	0	0	1	0	0	0	0	0
군도에서 멋있게 나오더라	0	0	0	0	0	0	0	0	0	1	0
아다창련이 나가신다 길을 비켜라 퍄퍄퍄	1	0	0	0	0	0	0	0	0	0	0
좀 꺼져라 개슬람 씨발년들아	0	0	0	0	0	0	1	0	0	0	0
잘했다 세상에 쓸모없는 생명이 1 줄어들었구나 니가 큰일을했다	0	0	0	0	0	0	0	0	1	0	0
유리천장 만드느라 애쓴다 여자는 이것도 못하고 저것도 못하는 존재들이구나	1	0	0	0	0	0	0	0	0	0	0
퍄퍄퍄퍄퍄퍄	0	0	0	0	0	0	0	0	0	1	0
저건 간지나게 드려면 저럴수밖에없음엄지 검지면 너무 없어보인다	0	0	0	0	0	0	0	0	0	1	0
이 정도는 되어야 좆소 사장하는거구나다시는 좆소 무시하지마라	0	0	0	0	0	0	0	0	0	1	0
조임 지렸다 구멍이 한남에게 딱이노	0	1	0	0	0	0	0	0	0	0	0
진중권 니나 페미해라 페미는 정신병임	1	0	0	0	0	0	0	0	0	0	1
무조건 반중 하는 쪽 뽑고 싶지만 그런새끼가 없는 현실 씨발 얼마나 받아처먹은거야 개새끼들	0	0	0	1	0	0	0	0	0	0	0
비싼데 쓰래기는 있으나 좋은데 싼검 없다	0	0	0	0	0	0	0	0	0	1	0
말멀 수정해라 이기야	0	0	0	0	0	0	0	0	0	1	0
주님 개슬람옹호하는 이쓰레기들을 용서해주세요 이새끼들은 지들이 뭔죄를 짓고있는지도 모릅니다	0	0	0	0	0	0	1	0	0	0	0
전세계 개슬람들의 표적이 되면 어떤 기분일까	0	0	0	0	0	0	1	0	0	0	0
버니썬에도 빨갱이가 있네	0	0	0	0	0	0	0	1	0	0	0
그림상 으로는 60대가 아니라 80대 같노요즘 60대 저렇게 안들어 보인다	0	0	0	0	0	0	0	0	0	1	0
공동명의는 독을 품은 사과임 꼭 부부만이 아니라 형제 자매 다 할 게 못 됨	0	0	0	0	0	0	0	0	0	1	0
츠요이 스시온나	0	0	0	0	0	0	0	0	0	1	0
빨갱이는 그냥 죽여도 됨	0	0	0	0	0	0	0	1	0	0	0
싸이코패스네	0	0	0	0	0	0	0	0	1	0	0
길가면서 똥남아 보이면 돌집어던지자	0	0	0	1	0	0	0	0	0	0	0
고인의 삶은 안타깝지만 끝까지 좌파정치에 이용당한건 모를듯	0	0	0	0	0	0	0	0	1	0	0
S펜 분리 드립치는 새끼들 똥꼬에다 S펜 쏙 박아버리고 싶다	0	0	0	0	0	0	0	0	1	0	0
아이고 슨상님	0	0	0	0	0	0	0	0	0	1	0
2012년이면 썩은물인데아이디 샀나봄	0	0	0	0	0	0	0	0	0	1	0
와 진짜 너무했네그래도 옛 남친이라고 다시 만났을텐데 안타깝다	0	0	0	0	0	0	0	0	0	1	0
메오후 쿰척쿰척	1	0	0	0	0	0	0	0	0	0	0
페미니즘이나 기독교나 천주교나 똑같은 정신병이지판타지 소설이랑 현실이랑 구분 못하는게 정신병이지 그럼 뭐냐의게이들 등판 안하노	1	0	0	0	0	0	1	0	0	0	0
당연히 가야하는거아니노	0	0	0	0	0	0	0	0	0	1	0
생명의 위협을 느껴서	0	0	0	0	0	0	0	0	0	1	0
문신늘어날텐데	0	0	0	0	0	0	0	0	0	1	0
교단 재판국 이놈들 국은 제데로 끓일줄은 아나 별 개 나부랭이들 목사나 자식이나 그 것들 다	0	0	0	0	0	0	1	0	0	0	0
보력가라 후팔 몰카한남충 재기해	0	1	0	0	0	0	0	0	0	0	0
종교 자체가 싫은게 아니고 인간이 싫다 팔게 없어서 종교를 팔고 할짓이없어서 신도 성폭행 그냥 사형이 답인데 판례되로 몇년 이것지 법개정하고 범죄 구형 올리고 사형 진행 합시다 세금 낭비에 피해자들 인생 누가 보상할겨	0	0	0	0	0	0	0	0	0	1	0
어차피 남자가 없으면 여자고 남자고 페미니스트고 아무것도 없어질거다   페미니스트 니들도 아버지 어머니 사이에서 태어난거지 아버지 없었어봐  너희 존재자체도 없는거야	1	0	0	0	0	0	0	0	0	0	0
끝났다 민주화까지 나왔으면	0	0	0	0	0	0	0	0	0	1	0
정확히는 K 즌라 잼민 이잖아	0	0	0	0	1	1	0	0	0	0	0
모르는데 왜 나대냐	0	0	0	0	0	0	0	0	1	0	0
아직도 인신매매가 실시간으로 진행되는곳	0	0	0	0	0	0	0	0	0	1	0
염색체만 여성인 년들이 가입하는 데잖아	1	0	0	0	0	0	0	0	0	0	0
다문화 대표해서 비례 대표 되었어도 한국 국회의원으로서 좋은 모습 보여줘서 다문화에 대한 이미지를 좋게 했어야 하는데 지나치게 다문화와 필리핀의 이익만을 챙기려는 모습 보인게 실수	0	0	0	0	0	0	0	0	0	1	0
뭐 이런 좆도 아닌 사진 올려놓고 썰 풀고 있냐	0	0	0	0	0	0	0	0	1	0	0
뜨거운 녹차가 눈에 들어가서 눈실명되면 소송해서 돈받아낼듯	0	0	0	0	0	0	0	0	1	0	0
한남은 진짜 재기가 답이다	0	1	0	0	0	0	0	0	0	0	0
이렇기 때문에 전라도사람들을 싫어하는어른들의 말이 더 신빙성이 있다는거다왜냐면 7시에 거주하는 홍어는 상대하지 못했지만상경한 홍어들을 직접 겪어봤기 때문에전라도사람을 욕하는거다	0	0	0	0	0	1	0	0	0	0	0
캐나다도 좋겠다	0	0	0	0	0	0	0	0	0	1	0
어차피 아무도 안옴	0	0	0	0	0	0	0	0	0	1	0
유충낙태에티켓 쫌	0	1	0	0	1	0	0	0	0	0	0
내가 겪어 본 전라도 홍어들보면그런 것 같다초보 사기꾼전라도 홍어들은사람 데리고 가스라이팅 하듯사람 심리를 계속 알려고 함질문도 자주하고말도 많음이주 귀챦게 함	0	0	0	0	0	1	0	0	0	0	0
부랄찜 부랄전골 부랄볶이	0	1	0	0	0	0	0	0	0	0	0
부러우면 지들끼리 기차놀이나 하던가 재기따라가면 되는데 도퇘남새끼 왜 사노	0	1	0	0	0	0	0	0	0	0	0
뉴스앤조이는 기독언론 아닌듯	0	0	0	0	0	0	0	0	0	1	0
무슨 일났노	0	0	0	0	0	0	0	0	0	1	0
알아서 붕괴되는구만	0	0	0	0	0	0	0	0	0	1	0
안은 시궁창	0	0	0	0	0	0	0	0	1	0	0
캣맘충들 유튜브에서도 영상 올리더라사람들 몰래 새벽에 활동함 개 병신들	1	0	0	0	0	0	0	0	0	0	0
11년전에도 갓치였노 멋지다익이	0	0	0	0	0	0	0	0	0	1	0
진심 이자스민 명치 삼일한하고싶다	1	0	0	1	0	0	0	0	0	0	1
나 영국게이인데 클럽을 가도 펍을 가도 죄다 중동세끼들이다	0	0	0	1	0	0	0	0	0	0	0
진주출신인데 경상도 아저씨들 정직한편인데 말 많고 오지랖 뒤짐 지나 잘 살지서울 올라오니 아저씨들 조용해서 좋은데 길 돌아감근데 요즘엔 네비 키고 가니 그런 일 거의 없더라	0	0	0	0	0	1	0	0	0	0	0
흑좆나 띵문이노 예시가 노무 명쾌하다 이기	0	0	0	0	0	0	0	0	0	1	0
서울은 서울이여니가 사는 동네가 홍어밭임	0	0	0	0	0	1	0	0	0	0	0
양키꺼만 보는 놈 말하는 거다	0	0	0	1	0	0	0	0	0	0	0
호식이 둘이서 호식이두마리치킨먹고 후장 칙칙폭폭 놀이하다가 한강가서 재기하면 되겠노	0	1	0	0	0	0	0	0	0	0	0
다리가 이쁜게 강점인데 사진 찍어논거 보면 다리 깐걸 싫어하는듯그럼 인기 떨어질수 밖에	0	0	0	0	0	0	0	0	0	1	0
요구르트 트레이더 섻	0	0	0	0	0	0	0	0	0	1	0
기간제 교사라 짤릴까봐 대처도 못하고 저러는거 존나 가슴아프다자식들이 지네 아버지가 저러는거 봐쓰면 피눈물 흘릴듯	0	0	0	0	0	0	0	0	0	1	0
솔직히 이건 정상참작이다	0	0	0	0	0	0	0	0	0	1	0
글쓴 새끼 홍어 틀딱	0	0	0	0	1	1	0	0	0	0	0
맥도날드 진즉에 거름	0	0	0	0	0	0	0	0	0	1	0
남자화장실은 왜 들어갔어 박원순을 찾아가서 내인생 책임져 달라고 해야지	0	0	0	0	0	0	0	0	0	1	0
한남 비만율이 높아서 뚱뚱한게 디폴트라 그런지 뚱남이란 말 진짜 잘 안쓰노 뚱남 많이쓰자	0	1	0	0	0	0	0	0	0	0	0
동성애 물리치료사는 있는데 무슬림 물리치료사는 없노	0	0	1	0	0	0	1	0	0	0	0
내같으면 엘리베이터에서 존나 폴짝폴짝 뛰어서 흔들거리게 하거나 내리세요 할때 내려서 열림버튼 누르고 안보내줄듯	0	0	0	0	0	0	0	0	0	1	0
토착왜구 새끼들 부터 제거해야 바른 사회 된다	0	0	0	1	0	0	0	0	0	0	0
애미디진 똥꼬충들진짜	0	0	1	0	0	0	0	0	0	0	0
맞노 시골이 밤엔 껌껌하고 돌아댕기는 사람도 없지 주변에 논밭많고 산도 가까이 있지 자댕이 하나 죽이고 묻기에 제격이노	0	1	0	0	0	0	0	0	0	0	0
TK 저것들은 왜구종자다 사람아니다	0	0	0	0	0	1	0	0	0	0	0
저거 짱꺠마인드인데 가진건 쥐뿔없으면서 자존심 똥꼬집	0	0	0	1	0	0	0	0	0	0	0
린정하노 한남들 빡머갈 후드리 챱챱 뽀개버리고 싶노	0	1	0	0	0	0	0	0	0	0	0
칭기즈칸 성님은 개슬람 새끼들 한톨 남김없이 조졌는데 칭기즈칸 후손인 우리는 왜 그렇게 못하냐	0	0	0	1	0	0	1	0	0	0	0
개슬람 버린거 같아서 좋네	0	0	0	1	0	0	1	0	0	0	0
미친 개씨부럴 같은 새끼 저런게 정칠 하니 이 꼴 나지	0	0	0	0	0	0	0	0	1	0	0
통수의 통수	0	0	0	0	0	0	0	0	0	1	0
그씹색기보내라북한지하자원왜한국에줘야되냐는탈북자새끼	0	0	0	1	0	0	0	0	0	0	0
사회자 십새끼	0	0	0	0	0	0	0	0	1	0	0
다문화가 원흉이였구나	0	0	0	1	0	0	0	0	0	0	0
자릉 자릉 자르르르르르르르르르르르릉	0	1	0	0	0	0	0	0	0	0	0
아메리칸 스나이퍼형님 고향아니냐 개슬람새끼들 깝치다가 저격맞는다	0	0	0	0	0	0	1	0	0	0	0
카페같이 오픈된 WiFi 이용해도 된다익이 너가 사진을 올리면	0	0	0	0	0	0	0	0	0	1	0
나는 페미를 혐오한다 메갈쿵쾅이 멧퉤지년들 꺼져라	1	0	0	0	0	0	0	0	0	0	0
꽃자라는 비제이도 예전에 여자때린적 있다고 했다	0	0	0	0	0	0	0	0	0	1	0
문재인도 절라도 관상임	0	0	0	0	0	1	0	0	0	0	0
근데 성소수자를 혐오하는게 왜 나쁜거냐	0	0	1	0	0	0	0	0	0	0	0
동꼬충들은 삼청교육대가야됨	0	0	1	0	0	0	0	0	0	0	0
일베드림 아 내가보냈다	0	0	0	0	0	0	0	0	0	1	0
오젔다 개독들 또설친다 시발 창조설믿는 머가리 랩터보다 못한새끼들 또날뛰네 시발 마굿간콜걸 아들새끼 왜빠는지몰라	0	0	0	0	0	0	1	0	0	0	0
안철수 말에 공감하는이가 많다는건 성소수자들의 인격과 취향을 존중하지만 남녀노소 전부가 보는 광장에서 하는건 아이들의 정서발달에 악영향을 줄수있다는 판단이다 성소수자들의 권리도 중요하지만 반대로 보고싶지않은 이들의 권리도 있다는게 옳은말아닌가	0	0	1	0	0	0	0	0	0	0	1
페미니즘할거면 대체 결혼은 왜한거야 걍 이혼해야 하는거 아닌가	1	0	0	0	0	0	0	0	0	0	0
저게도 조선족새끼들이 숨어들어있겠지	0	0	0	1	0	0	0	0	0	0	0
걔들은 걔들대로 어린남자 돈주고 사먹으라해	0	0	0	0	0	0	0	0	1	0	0
구라안까고 15년전에 봣다	0	0	0	0	0	0	0	0	0	1	0
사막에서도 살아남은 새끼들을 너무 과소평가하면 안되는데	0	0	0	0	0	0	0	0	1	0	0
지들 스스로도 게이라고 못밝히는것들이 무슨 인권을 논하노 걍변태 똥꼬충 그이상 그이하도 아님	0	0	1	0	0	0	0	0	0	0	0
으 생각하는거 좆나 한남같노	0	1	0	0	0	0	0	0	0	0	0
일단 추징금 부터 내고 목사 고고	0	0	0	0	0	0	0	0	0	1	0
불쌍하네요 소중한 아이들이 제일우선이죠 쌍둥이 는 혼자서 못키워요 누군가의 도움이 필요한데 기관에 맡기든가 아빠를 찿아 넘기든가 부모님의 도움을 받든가 했어야죠 혼자서 3명의 아이를 어찌 키운답니까 힘들게	0	0	0	0	0	0	0	0	1	0	0
편도결석 냄새 개꼴림한번 맡으면 헤어나오지 못해서다음 결석은 언제 생기나 기다려짐	0	0	0	0	0	0	0	0	1	0	0
선 지적 후 감상이노 말머리 달아라이기	0	0	0	0	0	0	0	0	0	1	0
캬 명불허전 쌍도저장소	0	0	0	0	0	1	0	0	0	0	0
똥꼬충 페스티벌을 저딴식으로 하니까 인식이 더 좆되는거지 장애인들	0	0	1	0	0	0	0	0	0	0	0
남동충새끼 부랄부터 휴롬 주스기에 넣고 착즙해서 먹여주고싶노	0	1	0	0	0	0	0	0	0	0	0
박원순 시장은 대권을바라보는 차기 후보라고 보는데 여직원 에게 못할짓을 햇으면 떳떳 하게 사과하고 물러날것이지 비겁하게 죽음을 택하다니 이런분이 대통령이됏으면 답이 안나온다	0	0	0	0	0	0	0	0	1	0	0
아 씨발 어디서 노릇노릇한 뭐 타는 냄새 난다	0	0	0	0	0	0	0	0	1	0	0
좋네 저거 시술받은 사람은 생리휴가도 못내겠네	0	0	0	0	0	0	0	0	0	1	0
가만히 있으면 반이라도 가지 지손으로 끌어내림	0	0	0	0	0	0	0	0	1	0	0
아무말안하는게 좋음	0	0	0	0	0	0	0	0	0	1	0
웃기고 있네	0	0	0	0	0	0	0	0	0	1	0
죠죠죠죠죠죠죠죠죠죶죠죠죠죠죠죠죠죶죠죶죠죠죠	0	0	0	0	0	0	0	0	1	0	0
주둥이찢어서 북한에던지도싶다 이기	0	0	0	0	0	0	0	0	1	0	0
그나라가면 그나라 법을 따라야지 당연한거 아닌감 이슬람 사람들 가뜩이나 테러자들이 많은데 말이야	0	0	0	0	0	0	1	0	0	0	0
틀딱은 좌좀임	0	0	0	0	1	0	0	1	0	0	0
쓰레기 기사	0	0	0	0	0	0	0	0	1	0	0
기쁨조 이빨다뽑는 북돼지보고 이니으니 이지랄하는것들이 뇌가있을리가 없노 환멸난다	0	0	0	1	0	0	0	0	0	0	0
975 고추도 없거니와 고추 달려서 저런거노 자집애들이란 원래 미개하고 야비한 종특 밖에 없노	0	1	0	0	0	0	0	0	0	0	0
술존나마시고 담날 점심까지잠	0	0	0	0	0	0	0	0	1	0	0
감자채볶음에 김치 넣어서 밥 비벼먹어라 호박도 있고 풍성하네	0	0	0	0	0	0	0	0	0	1	0
요즘 급식새끼들은 왜케 비리비리하냐 손목보니까 난민보다 좀더나은수준이노	0	0	0	1	1	0	0	0	0	0	0
급식충이 아니라 이나라의 미래다 무식한놈아	0	0	0	0	1	0	0	0	0	0	0
진짜 법이란게 정의가 맞는지 모르겠다 씨발	0	0	0	0	0	0	0	0	1	0	0
스시녀도 대단하다 베트콩남을 만나다니	0	0	0	1	0	0	0	0	0	0	0
중간에 분홍걸레 뒤집어쓴사람 누구냐자살충동만 느끼지말고 그냥 죽었으면 좋것다	0	0	0	0	0	0	0	0	1	0	0
쌍도남들 지네 말 좆본에서 책으로 나왔다고 좁은 어깨 으쓱거리는 꼬락서니가 눈에 선하노	0	0	0	0	0	1	0	0	0	0	0
교회쟁이들이 문제야ㆍ	0	0	0	0	0	0	1	0	0	0	0
역시 중심은 팡주다	0	0	0	0	0	0	0	0	0	1	0
중동식 주작	0	0	0	1	0	0	0	0	0	0	0
목사들이 나라를 망하게 하고 있다	0	0	0	0	0	0	1	0	0	0	0
밑에 주소들도 들어가서 읽어보는걸 추천하노 지적장애인들의 심각성을 알수있노	0	0	0	0	0	0	0	1	0	0	0
역시 한국뉴스보다 일베가 빠름	0	0	0	0	0	0	0	0	0	1	0
촌놈새끼들 나이는 나이대로 쳐먹어놓고 똥남아 병신년 사먹지좀 마라	0	0	0	1	0	1	0	0	0	0	0
이인영야이넘아청수처부터설치하고법원부터개혁해라	0	0	0	0	0	0	0	0	1	0	0
목사의탈을쓴 악마	0	0	0	0	0	0	1	0	0	0	0
내글도 마포갔었다가 다시 돌아왔노	0	0	0	0	0	0	0	0	0	1	0
동성애 대신에 물리치료 받아라	0	0	1	0	0	0	0	0	0	0	0
남주한명잇노	0	0	0	0	0	0	0	0	0	1	0
실제상황 이거 잼있음 일요일 낮에 재방하는거 가끔 보는데 꿀잼	0	0	0	0	0	0	0	0	0	1	0
뿌리는 한국 개좆같은 소리를 하고 있네 씨발새끼들중국에 있는 에미애비 아직 안 썩고 살아있으면 물아봐라 육이오때 누구편애서 누구한테 총질했었는지	0	0	0	1	0	0	0	0	0	0	0
옛말에 암탉이 울면 나라 망한다고 했다	1	0	0	0	0	0	0	0	0	0	0
여자가 아니다 이런 발언은 좀 시대에 뒤떨어지긴 했음	0	0	0	0	0	0	0	0	0	1	0
삭제된 댓글입니당	0	0	0	0	0	0	0	0	0	1	0
무개념 틀딱에겐 몽둥이가 약인데 세상 잘만나서 안쳐맞고 다니는걸 고맙게 생각을 못하네	0	0	0	0	1	0	0	0	0	0	0
저 카페에도 선동하는 애들 존나많을듯	0	0	0	0	0	0	0	0	1	0	0
응 좆족 보단 나아 물타가 꺼져	0	0	0	1	0	0	0	0	0	0	0
한녀충보센징	1	0	0	0	0	0	0	0	0	0	0
좆충은 멍청해서 안돼 멸종 아니면 5퍼로 개체수조절 할 것도 없노 앞으로 여자 백년넘게 살때 무뇌 기생충들 평균수명 17년으로 하고 자적자나 시켜야	0	1	0	0	0	0	0	0	0	0	0
박근혜 강박증도 최태민이 고쳐준건가	0	0	0	0	0	0	0	0	0	1	0
1박2일에서 3주연속 전라도만 갈때 경상도사람들이 저지랄하는거 한번도못봄	0	0	0	0	0	1	0	0	0	0	0
트럼프 솔직히 백인양키 입장에서는 존나 사이다일듯병신같은 감정에 호소하는 선비같은 새끼들 빼고	0	0	0	1	0	0	0	0	0	0	1
핸드폰은 유사시 좋은 무기가 될수 있노 잘만 찍으면 뚝배기도 깰수 있다 이기야노	0	0	0	0	0	0	0	0	0	1	0
저거 메뉴화면보면 꼭 내가 저기 장난감가게에 들어온느낌들더라자동차박스보면서 왠지 사는느낌들고	0	0	0	0	0	0	0	0	0	1	0
공부도 안해놓고 공무원 공사 직원 해달라는 이 그지 근성들	0	0	0	0	0	0	0	0	1	0	0
맞는말대잔치노	0	0	0	0	0	0	0	0	0	1	0
목사이야기 그만쓰고 사람이야기만 기사화해라 목사들이 사람이냐 양의탈쓴 굶주린 이리떼지 주둥이만사람이고	0	0	0	0	0	0	1	0	0	0	0
와 씨발 개슬람 새끼들 태워 죽여야 한다	0	0	0	0	0	0	1	0	0	0	0
어쩜 하나도 빠지지 않고 민좆당이냐	0	0	0	0	0	0	0	1	0	0	0
왜 희한한게 개념보수녀들은 다 미인이냐 게다가 이분은 전투력도 오지네	1	0	0	0	0	0	0	0	0	0	0
진짜 뷔페년들 자기 마음에 안들면 여혐 이란다  의무는 0도 안하면서 권리는 100 다찾아 먹을 려는 얌체보다 더한 지 집들이다	1	0	0	0	0	0	0	0	0	0	0
역시 한남충 앱새끼들 사회악이노	0	1	0	0	0	0	0	0	0	0	0
원래 가슴후벼파면서 비아냥거리고 비꼬면 그게 사람 빡돌게만들지	0	0	0	0	0	0	0	0	1	0	0
브금좀 넣지그랬냐놈놈놈 ost가 딱일듯	0	0	0	0	0	0	0	0	0	1	0
한녀들 개꿀 빠네	1	0	0	0	0	0	0	0	0	0	0
유대교에서 가톨릭이 나왔고 가톨릭에 반발해서 이슬람이 나왔고가톨릭에서 루터교 프로테스탄트가 나왔고동방정교도 가톨릭에서 뻗어나온거고사실 씨발 걍 다 하난데뭐 씨발 지들끼리 싸우고 지랄예수가 메시아냐 아니냐모함메드냐 예수냐 를 떠나서다같은 GOD만 믿으면서	0	0	0	0	0	0	1	0	0	0	0
게이 아웃 레즈 아웃	0	0	1	0	0	0	0	0	0	0	0
나도 장난인줄 알앗는데성향이라는게 진짜 있더라	0	0	0	0	0	0	0	0	0	1	0
시발 난 고졸에 흙수전데개 소심해서 뭐 진상짓 꿈에도 못꾼다시발 좆같다	0	0	0	0	0	0	0	0	1	0	0
트레이 위에 맘충터치 볼때마다 좆같네	1	0	0	0	0	0	0	0	0	0	0
왜 저리도 경상도정권을 무너트리려고 평생을싸워 왔는지 저 사진 한장이 모든걸 설명해주네	0	0	0	0	0	1	0	0	0	0	0
해줘충 극혐	0	0	0	0	0	0	0	0	1	0	0
탈북자들 받을때마다 김일성 김정일 김정은 개새끼 하는거 영상 따놨다가 북한가면 그영상 북으로 전송해주면 다됨	0	0	0	1	0	0	0	0	0	0	0
맘충들 보지는 무슨 맛일까 허엌허엌	1	0	0	0	0	0	0	0	0	0	0
이재명을 뽑아 대한민국 시즌 1을 끝내야지대꺠문과 홍어 쥐새끼들을 모조리 뼈까지 뽀개 멸종시켜야시즌 2 시작 가능함	0	0	0	0	0	1	0	0	0	0	1
좆족이라 부르지 말고 그냥 짱개새끼라 부르면 되는데 아니면 북조선족이라 하던가	0	0	0	1	0	0	0	0	0	0	0
저런 새끼들 설치면 애국게이들 몰려다니면서 도리깨로 무슬림의 해골을 깨자 다 깨면 개독의 해골도 깨자	0	0	0	0	0	0	1	0	0	0	0
개슬람 극혐 알라는 존재하지 않는 소설 속 등장인물	0	0	0	0	0	0	1	0	0	0	0
너련 말이 맞노 중국도 개돼지 많아서 유행 타는 시기가 좆국처럼 빠르노 중국홍콩 있으면서 한류 때문에 코르셋 하나씩 주워드는꼴보고 기함했노 현재 여자 아이돌 위주 한류 같은것도 사실상 사라져야하노	0	0	0	1	0	0	0	0	0	0	0
제발 한남민국 오지 않기를 바라노 나도 곧 탈조한다 이기 이제 꼬레아하면 몰카다 이기 한남충들 나라 망신 다시키노 좆팔 애비뒤진 새끼들	0	1	0	0	0	0	0	0	0	0	0
축제는 니미 세미 누드쇼 보러 출사나간 자지보지년놈들 발기쇼지	0	0	0	0	0	0	0	0	1	0	0
댓고 난 걍 얘 나락으로 떨어졌을때 어떻게 생활할지 궁금하다	0	0	0	0	0	0	0	0	1	0	0
담에 또 소추 소리 나오면 꺼내서 보여줘라	0	0	0	0	0	0	0	0	1	0	0
저런말 하는 애들 특징 국민 분열시키려는 조선족임	0	0	0	1	0	0	0	0	0	0	0
우리나라도 개독목사들 사지를 찢어서 광화문에 메달아놨으면 좋겠다 씨발 개독은 무조건 쳐죽이는게 나라평화	0	0	0	0	0	0	1	0	0	0	0
약올리는이가 잘못했네유입되서 분탕질하는것 같은데	0	0	0	0	0	0	0	0	0	1	0
국가보안법으로 잡아넣주쇼 이적행위	0	0	0	0	0	0	0	0	1	0	0
흰가운보이가 제일가는 챙롬이노 특기는 냄저교수후장빨기다	0	1	0	0	0	0	0	0	0	0	0
인구감소 핑계로 좌빨놈들이 중국에 나라 팔아먹는거보면 페미 짱깨새끼들이 퍼트리는거같음	0	0	0	1	0	0	0	1	0	0	0
957 요정 디폴트가 왜 여자냐 요정은 자지한테나 어울리는 말이노	0	1	0	0	0	0	0	0	0	0	0
좋은 글인거같다 우리가 항상 웜뽕빼라	0	0	0	0	0	0	0	0	0	1	0
갓건배 조팔년이기	1	0	0	0	0	0	0	0	0	0	0
북유럽빠는 병신새끼들은 걍 머가리 오함마로 찍으면 된다	0	0	0	0	0	0	0	0	1	0	0
우리나라 개독들 뭐햇노이거	0	0	0	0	0	0	1	0	0	0	0
동성애가 질병을 유발한다는 건 이미 많이 밝혀졌는데 아직도 모르고 우긴다고 하는 사람들 정말 제대로 알아보고 하시는 말씀인지 모르겠습니다	0	0	1	0	0	0	0	0	0	0	0
왜저래파였냐 운동복이	0	0	0	0	0	0	0	0	0	1	0
다문화건 뭐건 나라지켜주겠다는데 까진말자물론 불법외노자 조선족 개슬람은 아웃	0	0	0	1	0	0	1	0	0	0	0
호오 고년들 참	1	0	0	0	0	0	0	0	0	0	0
프로그램출연자 아빠의직업일뿐인데 목사인게머 노래잘하면됐지 목사갖다붙혀서 열라까이라고 일부러기사낸거같아 반기독교감정일으키려	0	0	0	0	0	0	0	0	0	1	0
서로 돌아가면서 박고 서로 그걸 빨아주노 구웨에에엑 한남충들똥찌린내 토나온다이기	0	1	0	0	0	0	0	0	0	0	0
교회 사이비 집단 다 폭파시켜야지 왜 미친 지랄하고 자빠졌냐	0	0	0	0	0	0	1	0	0	0	0
쓰까 죽어 멍청한 좆병신들	0	0	0	0	0	0	0	0	1	0	0
이형 인물좋네	0	0	0	0	0	0	0	0	0	1	0
블리치표절이더만 블리치가더재밌음	0	0	0	0	0	0	0	0	1	0	0
진짜 구라안치고 면상 여장안하고 걍 긴 생머리가발만씌워도 짤에나온년들보다 내가 더 보지같이 나오겠다	1	0	0	0	0	0	0	0	0	0	0
SCUM교의 스캄드 신께선 이 땅에 있는 남성을 많이 죽여야 천국으로 이끌어 주신다 했다이기야	0	1	0	0	0	0	0	0	0	0	0
여자들 평일에도 카페에 가서 옷 쫙 빼입고 노가리 까는 인간들 많음 남자는 공부하랴 일하랴 바쁘게 사는데	1	0	0	0	0	0	0	0	0	0	0
여자가 저런 생각을 한다는건 사타구니를 검사 해봐야 한다	1	0	0	0	0	0	0	0	0	0	0
빙딱 정부	0	0	0	0	0	0	0	0	0	1	0
나와어떤형태로건엮이지만않는다면당신들의선택과삶을존중합니다	0	0	0	0	0	0	0	0	0	1	0
서면 화전국수가 짱	0	0	0	0	0	0	0	0	0	1	0
뿔테멸치클론 클럽충들은 맞아죽어도 싸다	0	0	0	0	0	0	0	1	0	0	0
세계를 정복하는데엔 인구가 최고구나	0	0	0	0	0	0	0	0	0	1	0
우리나라 개독교들머하냐 이이제이 로 밀어버려라	0	0	0	0	0	0	1	0	0	0	0
미쳤네 차라리 동방신기나 빅뱅을 넣지	0	0	0	0	0	0	0	0	0	1	0
강력한 대응은 구체적으로 어떤거노 궁금하다이기야	0	0	0	0	0	0	0	0	0	1	0
홍어와좆족 이젠 강용석 빨아되겠네	0	0	0	1	0	1	0	0	0	0	1
학교에서 남자 교사가 힘든일 다 하는것부터 개선해야죠	0	0	0	0	0	0	0	0	0	1	0
쿡제사회의 의무 같은소리하네 어우 씨발	0	0	0	0	0	0	0	0	1	0	0
캬 즐기고 있었구나	0	0	0	0	0	0	0	0	0	1	0
김치년들은그냥답이없다 천성임	1	0	0	0	0	0	0	0	0	0	0
폭탄테러 당하니까	0	0	0	0	0	0	0	0	0	1	0
도원결의편 읽다가 노무 힘들어 때려쳤다	0	0	0	0	0	0	0	0	0	1	0
진짜 딱 저 글 저 댓글들이대한민국의 한 단면이다 필요없는 쓸모 없는 글로 이세상을 더럽히는 모습	0	0	0	0	0	0	0	0	1	0	0
그냥 유료버전 무료광고있는버전 두개 뽑아라이기야	0	0	0	0	0	0	0	0	0	1	0
어이구 시바 생쇼를 해요 양키새끼가	0	0	0	1	0	0	0	0	0	0	0
예수님 항문에 선인장 넣은썰	0	0	0	0	0	0	1	0	0	0	0
528 게이 정병으로 몰면서 레즈 후려치지 마라 성별하고 젠더 관련 글 쪄야 겠노 조팔	0	0	1	0	0	0	0	0	0	0	0
으엑 창놈걸레새끼들때문인갑노 후팔 여행가도 기안내 여행은 자제해야겠노	0	1	0	0	0	0	0	0	0	0	0
내가 방금 노령연금 관련 틀딱글도 정게 쳐보내더라	0	0	0	0	1	0	0	0	0	0	0
러쉬 저번에 똥꼬충이 감히 여성 고객에게 지랄한 거 보고 믿고 거른다 이기야 그리고 좆본 방사능에 오염된 원재료 쓴다고 하니 불매나 해야 하노	0	0	1	1	0	0	0	0	0	0	0
다음 총선에 정의당 비례대표 한자리 가능하겠네	0	0	0	0	0	0	0	0	0	1	0
박사모와 동일선상에 있다	0	0	0	0	0	0	0	0	0	1	0
니네들 팩션 잘 골라라 지금 똥꼬충들 건드릴 시즌 아니다	0	0	1	0	0	0	0	0	0	0	0
점점 진화한다 보슬아치 김치녀 맘충 쿵쾅이 피싸개 더진화햇음 좋겟는데	1	0	0	0	0	0	0	0	0	0	0
난 원더우먼보다 백배 재밌더만	0	0	0	0	0	0	0	0	0	1	0
시발 용어만 다 붙이면 똑똑해보이는 줄 아네 보지들은겉멋만 존나게 들어가지고 시발 허1지웅이냐	1	0	0	0	0	0	0	0	0	0	0
항문은 똥싸는데 쓰는거다	0	0	1	0	0	0	0	0	0	0	0
애새끼가 무슨 할인 쿠폰이나 상품증정권으로 아는 맘충들 않음시발 보지도 돈받고 파니까 지 보지에서 캐쉬백이라도 생성되는 줄 아나	1	0	0	0	0	0	0	0	0	0	0
탈북자가 한국인하고 결혼해서 낳은 아들은 병역 어떻게 처리되는지 아는사람 있냐	0	0	0	0	0	0	0	0	0	1	0
트젠들은 강간당하는게 소원이라는것에서 이미 여자가 아니다 겉도 속도 유전자도 뼛속까지 냄져임	0	1	1	0	0	0	0	0	0	0	0
호모포비아 정신병이야 치료받아	0	0	0	0	0	0	0	0	1	0	0
이건 교육당국문제가 아니여	0	0	0	0	0	0	0	0	0	1	0
적어도 아저씨라고 적어야하노 아저씨 아저씨 거리더니 쏙 빼는 한남충 이중성보소	0	1	0	0	0	0	0	0	0	0	0
6언제든지 섹스하는 성자	0	0	0	0	0	0	0	0	1	0	0
원장님 응원합니다	0	0	0	0	0	0	0	0	0	1	0
한남개돼지들은 저며서 거름으로나 써야한다 그 마저도 돼지들이라서 거름으로 쓸 수 나 있는지 모르겠다 이기	0	1	0	0	0	0	0	0	0	0	0
근데 뭐저렇게 주렁주렁 많이다냐	0	0	0	0	0	0	0	0	0	1	0
자유주의 자본주의가 서민 인생 씹창나게하고있으니 무슬림같이 교리가 곧 인생인 신도들이 점점 늘어나는거지	0	0	0	0	0	0	1	0	0	0	0
종 교 는 아 편 이 다 하는 말은 정말 명언이다	0	0	0	0	0	0	1	0	0	0	0
1년동안 관계해 왔다는대 강간은 아닌거같은대 똥꼬충임원과 오카마연예인이 몰래 사귄거지	0	0	1	0	0	0	0	0	0	0	0
캬 필력 지리노 오2수보다 백배낫다 게이야	0	0	0	0	0	0	0	0	0	1	0
다정한부부	0	0	0	0	0	0	0	0	0	1	0
제발진짜 제발 보냈으면 좋겠다제발이다 제발	0	0	0	0	0	0	0	0	0	1	0
까고 보니 전라도	0	0	0	0	0	1	0	0	0	0	0
여자는 여자가 까야 제맛	1	0	0	0	0	0	0	0	0	0	0
동성애자는 군 면제받을수있던데트랜스젠더도 되려나	0	0	1	0	0	0	0	0	0	0	0
후팔 내장탕 알탕 별거 다봐도 파스타 한접시 뚝딱인데 저건 진짜 꿈에 나올거같노	0	0	0	0	0	0	0	0	1	0	0
멍청한건가 그럴듯한 변명을 해라 생리가 늦어진것도 아니고 출산 1주일 전에야 혹인줄 알았다고	0	0	0	0	0	0	0	0	1	0	0
족같지만 직장이라 욕 사용안하고 빙썅짓하거나 갈구는거밖엔 못 한다	0	0	0	0	0	0	0	0	1	0	0
전라도에 사는 홍어 vs 전라도에 사는 똥남아 몽골인	0	0	0	1	0	1	0	0	0	0	0
걍 다 뒤졌으면	0	0	0	0	0	0	0	0	1	0	0
니 냐루코빠는게이지	0	0	0	0	0	0	0	0	0	1	0
그러니까 똥고에 박지말라고 새끼들아 허벌보지라도 정해진 곳에 박어여기저기 옮겨다니면서 박지말고 하지말라면 하지 말아좀	0	0	1	0	0	0	0	0	0	0	0
그렇다고 가만히만 있으면 기어오르는게 페미다	1	0	0	0	0	0	0	0	0	0	0
모사드가 손 보겠구나	0	0	0	0	0	0	0	0	0	1	0
원래 이슬람 별로 안나쁘게 생각했는데이제는 존나 싫다개씨발년들	0	0	0	1	0	0	1	0	0	0	0
언젠가는 중국이 테러 제일 빈번하게 일어나는 국가가 되겠네	0	0	0	1	0	0	0	0	0	0	0
시발 겉옷을 쳐 입으면 되지 별걸로 성차별	0	0	0	0	0	0	0	0	1	0	0
남들보다 몇년늦을까봐 벌벌떨었던거 앵나빡치노 나이코르셋은진짜 한남 후장에처넣어야하노	0	1	0	0	0	0	0	0	0	0	0
저새끼들 그냥 지하에 클럽같은거 하루 빌려서 저 지랄하고 놀지 왜 굳이 저기에서 지랄일까	0	0	0	0	0	0	0	0	1	0	0
쟤네는 아마 친미성향일 확률이 높은데 좀 아쉽다	0	0	0	0	0	0	0	0	0	1	0
이미봤음 근데 일베줄게	0	0	0	0	0	0	0	0	0	1	0
흑맥주는 레페브라운이 제일 맛있더라	0	0	0	0	0	0	0	0	0	1	0
맘충년들이 대부분이니까	1	0	0	0	0	0	0	0	0	0	0
절절함이 없으신가보네 확실히 유약해 체력달려서 당도 이끌질 못하는데 총선이나 대선땐 답도 없겠네	0	0	0	0	0	0	0	0	1	0	0
바벨로 내장 으깨고싶다	0	0	0	0	0	0	0	0	1	0	0
솔직히 틀린말 아니지고졸무직통구이새끼들 나중에 늙어서 병원신세질때쯤 되면베트남 2세 의사슨상님 말 잘듣어야 될 상황도 온다좆빠지게 돈벌어라	0	0	0	1	0	0	0	1	0	0	0
메일이 없는데 어케 메일을줘 씨바라	0	0	0	0	0	0	0	0	1	0	0
지금 휘발유 사러 간다	0	0	0	0	0	0	0	0	1	0	0
이미 서로 의심중	0	0	0	0	0	0	0	0	0	1	0
이상성욕자	0	0	0	0	0	0	0	0	1	0	0
검머외 보스	0	0	0	1	0	0	0	0	0	0	0
둘이 결혼할듯	0	0	0	0	0	0	0	0	0	1	0
그냥 전라도개씨발새끼들은 저주받은새끼들임풍시지리자체가 반골새끼들 니오는곳이라 학살햇어도 저기사 사람다시태어나면 똑같은 쓰레기들 태어나는거라 효과없음	0	0	0	0	0	1	0	0	0	0	0
진 그만해라	0	0	0	0	0	0	0	0	1	0	1
으아 성병저장소	0	0	0	0	0	0	0	0	1	0	0
글쓴놈아 가가가가가가가가가가 이거는 뭔지 맞춰봐라	0	0	0	0	0	0	0	0	1	0	0
방독면 벗으면 방독면 모양 그대로 생겼을듯	0	0	0	0	0	0	0	0	0	1	0
나도 고위직 한남충만 보면 살충욕구가 드노 그놈이 내가 갖고 싶은 권력을 가지고 있기 때문이노	0	1	0	0	0	0	0	0	0	0	0
장땡 나이샷	0	0	0	0	0	0	0	0	0	1	0
만화에 나오는 싸이코박사 같다	0	0	0	0	0	0	0	0	1	0	0
니애비애미도 분탕홍 좆족개새키	0	0	0	1	0	1	0	0	0	0	0
옷 진짜 병신같이만들었네	0	0	0	0	0	0	0	0	1	0	0
필리핀 과일 과세좀 줄여서 싸게 들여왔으면 좋겠다	0	0	0	0	0	0	0	0	0	1	0
난 진즉 없어진줄 알았는데 끈질기기도하노	0	0	0	0	0	0	0	0	1	0	0
우리도 대구켱북 분리법 시행하자	0	0	0	0	0	1	0	0	0	0	0
다녀 왔노 그리고 국정원이 때문에 보력글 조건 바뀌었노 보고와라이기	0	0	0	0	0	0	0	0	0	1	0
피시방 분위기가 맘에 안 들지 않냐	0	0	0	0	0	0	0	0	1	0	0
야 존나 귀엽게생긴 남자애보면 꼴리는데 정상이냐	0	1	0	0	0	0	0	0	0	0	0
저런 보빨좌좀 새끼들이 오히려 여자를 약자로 가두고 더 밝히는 변태새끼들임	1	0	0	0	0	0	0	0	0	0	0
박보검이 교회에서 연기연습 했나보넹	0	0	0	0	0	0	0	0	0	1	0
그생선이 광주했네	0	0	0	0	0	1	0	0	0	0	0
무슬림 새끼들은 레알 중국 이상의 인류 암이다 답이 없는 새끼들임 그냥 총칼로 찜질하는게 유일한 처방이다	0	0	0	1	0	0	0	0	0	0	0
징하다 2년동안 저리살았는데 아직도 눈치없게 그런걸 물어보노	0	0	0	0	0	0	0	0	1	0	0
전립선에 유충들었노	0	1	0	0	0	0	0	0	0	0	0
합의금 3천 물어준적있어서 그이후로 다시는 안싸운다	0	0	0	0	0	0	0	0	0	1	0
좆대가리 막굴리는 병신새끼들은 감방에서 현실감각좀 길러야지	0	0	0	0	0	0	0	0	1	0	0
한국문화는 외국에서 대접받고 한국에서는 개잡종문화가 대접받는다	0	0	0	1	0	0	0	0	0	0	0
좆들끼리 붙어먹다가 냄저새끼들 다 에이즈걸러 뒤졌음 좋겠노	0	1	1	0	0	0	0	0	0	0	0
일단 군대부터 같이 가자 그럼 생각이 달라지겠지	0	0	0	0	0	0	0	0	0	1	0
지들이 걸리면 피해자 다른 사람들이 걸리면 그들은 가해자 논리 우습네	0	0	0	0	0	0	0	0	1	0	0
여자 난민만 들여보내라내 자식들이라도 똥송에서 벗어나게 하고싶다	0	0	0	1	0	0	0	0	0	0	0
동성애는 정신병자이고 병을 고쳐 주어야한다  신은 음과양을 만들었고 둘이 조화를 이루며 살아간다 양과양 음과음은 곧 파멸이다	0	0	1	0	0	0	0	1	0	0	0
친붕친중 진짜 노답	0	0	0	1	0	0	0	0	0	0	0
직업 어줍짢은 년 만나지마라	1	0	0	0	0	0	0	0	0	0	0
멍청도 새끼나 홍어새끼나 다 병신이지	0	0	0	0	0	1	0	0	0	0	0
악마의 유혹에 넘어가셨노	0	0	0	0	0	0	0	0	1	0	0
와 저 피시방 어디노	0	0	0	0	0	0	0	0	0	1	0
신지다이스키신지다이스키신지다이스키신지다이스키신지다이스키신지다이스키신지다이스키신지다이스키신지다이스키신지다이스키신지다이스키신지다이스키신지다이스키신지다이스키신지다이스키신지다이스키신지다이스키신지다이스키신지다이스키신지다이스키신지다이스키신지다이스키신지다이스키신지다이스키	0	0	0	0	0	0	0	0	0	1	0
앞뒤상황은 없노	0	0	0	0	0	0	0	0	0	1	0
지랄하지마 등신아	0	0	0	0	0	0	0	0	1	0	0
오유하는 급식충일듯	0	0	0	0	1	0	0	0	0	0	0
잔나비가 갑자기 생각남	0	0	0	0	0	0	0	0	0	1	0
뭐 대구잖아 그러려니해라	0	0	0	0	0	1	0	0	0	0	0
맘충련들 극혐	1	0	0	0	0	0	0	0	0	0	0
니들은 남자화장실에서 옷벗고 다리 벌려도 안벌려	0	0	0	0	0	0	0	0	1	0	0
역시 오우거의 장비는 도끼가 제맛이지	0	0	0	0	0	0	0	0	0	1	0
쓰레기중에 쓰레기	0	0	0	0	0	0	0	0	1	0	0
페미니즘이 포함된 pc운동은 정상적인 사람도 이상한 사람으로 만들어 버린다	1	0	0	0	0	0	0	0	0	0	0
저런게 경찰이지 멋있노	0	0	0	0	0	0	0	0	0	1	0
제발 쟤네들 아새끼들 전부 지잡대갔음 좋겠다이기	0	0	0	0	0	0	0	1	0	0	0
현대그룹자체는 그렇게 큰 회사가 아니지않냐	0	0	0	0	0	0	0	0	0	1	0
애기가 울 수도 있고 뛸 수도 있지 근데 그걸 방치하고 애가 그럴수도 있지라는 개소리하는 부모 문제	0	0	0	0	0	0	0	0	1	0	0
한남좆이 작아서 이런 문제가 생긴거노 그러니 아묻따 재기해라이기야	0	1	0	0	0	0	0	0	0	0	0
총알 다 쓰고 왔다 이기야 뒤집는다 이기	0	0	0	0	0	0	0	0	0	1	0
니들은 존나 비웃지만 문천지교 신도들의 사고방식이 딱 저 수준이잖아차이점은 교회에선 신도들을 대상으로 저런 소릴 지껄이지만 문천지는 사람을 가리지 않는다는거	0	0	0	0	0	0	1	0	0	0	0
기독교 교회 다니는 누나들이 잘주지	1	0	0	0	0	0	0	0	0	0	0
고츄가 뇌를 지배한 무슬림들	0	0	0	1	0	0	1	0	0	0	0
히틀러 등신새끼 개슬람이나 짱개를 쳤으면 지금쯤 재평가받고 영웅이 됐을텐데	0	0	0	0	0	0	1	0	0	0	0
네팔이 아니라 부탄일거노 국민들 개돼지마냥 가둬기르니 지들이 행복한줄 알았다가 외국인들 여행한다고 들락날락하니 지들 상황 깨닫고 행복수치 뚜우우우우우우우욱	0	0	0	1	0	0	0	0	0	0	0
조샌징이 노소가 어데있다고 그러냐다 개되지들뿐인데	0	0	0	1	0	0	0	0	0	0	0
그러나 내 생활에 부정적인 영향을 끼치는 건 틀딱들임	0	0	0	0	1	0	0	0	0	0	0
문재앙 병신은 자국에서 위험하다고 원자력 없애고 있는데 정작 짱깨가 사고 치면 방사능에 좆되버림 문병신새끼	0	0	0	1	0	0	0	0	0	0	1
시급도 존나 올라있어서 좋아할거 같은데	0	0	0	0	0	0	0	0	0	1	0
그냥 꼬추 자른다는 조건하에 군대 면제시켜줘라	0	0	0	0	0	0	0	0	1	0	0
그런여자들 보고 딸치러감	1	0	0	0	0	0	0	0	0	0	0
이거레알 촌놈 시발놈들 레알 노답	0	0	0	0	0	1	0	0	0	0	0
하 갈수록 사이비들이 느는것이	0	0	0	0	0	0	0	0	1	0	0
리볼트 더하우스오브더데드 안하는 호구새끼 없지	0	0	0	0	0	0	0	0	1	0	0
오키나와 시발	0	0	0	0	0	0	0	0	1	0	0
그리고 당연하지만 이성애만큼 사회 주입 세뇌가 강한 정체성도 없다 하루속히 남성에게만 옮는 전염병이 돌기를 바라노	0	1	0	0	0	0	0	0	0	0	0
뒤에 어떻게 될지는 너 내키는대로 너 하는대로구만	0	0	0	0	0	0	0	0	0	1	0
스타미만잡	0	0	0	0	0	0	0	0	0	1	0
솔직히 경상도 전라도 여자들만 있어도 됨남쪽 자지 새끼들 시끄럽고 성격만 드럽지 쓸데없음어부농부유망자들 혀깨물고 하루빨리 자살요망	0	1	0	0	0	1	0	0	0	0	0
다음정권은 무조건 가져 와야 한다저번 정권 광우뻥파동 으로 아무것도 못하고 그나마 레가께서 비정상의정상화를 부르짖으시며 자리가 잡혀가는데 다음정권 뺏길경우 도로아미타블 생각하기도 싫다	0	0	0	0	0	0	0	0	1	0	0
우파에 권력이 없기 때문이다	0	0	0	0	0	0	0	0	0	1	0
천성이 게으르고 추잡스런 똥남아 out	0	0	0	1	0	0	0	0	0	0	0
국내 도입이 시급하다	0	0	0	0	0	0	0	0	0	1	0
교묘한 성추행 오지고요	0	0	0	0	0	0	0	0	1	0	0
냄져가 페미니스트이면 현실이 너무 고통스러워서 못견디다 뒤져야함	0	1	0	0	0	0	0	0	0	0	0
다른 나라들도 심한걸로 알고있음	0	0	0	0	0	0	0	0	0	1	0
별 시답지않은것들 홍어들	0	0	0	0	0	1	0	0	0	0	0
씨발 짱깨새끼들 존나 싫네 개시발	0	0	0	1	0	0	0	0	0	0	0
미친 동성애옹호하는새끼들 모아다가 죄다 학살시켜야된다더럽고 추잡노 사회물다흐리고있네	0	0	1	0	0	0	0	0	0	0	0
재미동포나 재일동포는 자신을 한국인이라고 생각하지만 재중동포는 자신을 중국인이라고 생각하는구나	0	0	0	1	0	0	0	0	0	0	0
150 cm 150kg 메갈로돈이랑 사귀기 vs 저 트젠이랑 사귀기	1	0	1	0	0	0	0	0	0	0	0
저 사진중에 내가 아는애있다 페북에 맨날 허구한날 페미글올림 급식충땐 평범했는데 성인되고 갑자기 왜그렇게 된건지 모르겠다	1	0	0	0	0	0	0	0	0	0	0
대통령병 걸린 제2의 개대중	0	0	0	0	0	0	0	0	1	0	0
무슬림은 10대여자만 망명 받자	1	0	0	1	0	0	1	0	0	0	0
맘충들이 마녀사냥을 많이 하는건 그만큼 존나 미개해서 그런거임 중세시대에서나 하던 의식수준이 낮아서 벌어지던 행위를 반복하는거 보면 스스로 미개함을 입증하는건데	1	0	0	0	0	0	0	0	0	0	0
크으 맞노 알량한 지배심 뭉개놔야하노	0	0	0	0	0	0	0	0	1	0	0
미국은 사기치다 걸리면 인생이 쫑나버림한국처럼 전라도사기꾼들 위한 솜방망이 아님요	0	0	0	0	0	1	0	0	0	0	0
젊은여자알바생들이 맘충들 더 극혐함 군대갔다온 남자알바생들은 그냥 저렇게 안따지고 보통 씨발씨발거리면서 그냥 치우더라	1	0	0	0	0	0	0	0	0	0	0
보적보 되버렷노	1	0	0	0	0	0	0	0	0	0	0
근데 무슬림 인식이 원래 안좋잖아 한국에선 그냥 무슬림보면 신기하다에서 끝인데 미국에선 무슬림이 가방던지면 폭탄인줄알고 존나 뛰더만	0	0	0	0	0	0	1	0	0	0	0
문벌레충들아 잘한거 1이라도 말해봐 코리아가 아니고 코리안이 잘한거지 문폐렴은 세계 정서에 반하는 동북공정에 앞장서 신남방정책이라 부르며 짱개몽에 혼밥처먹고 짱개에 충성하는 동남아 총아를 이루며 자국민을 짱개 예속국민으로 만들 뿐이다 더러운사상을 가진 정신병자다	0	0	0	1	0	0	0	1	0	0	0
두번째남 모자 잘못 본거 아니노 6혐찰9	0	0	0	0	0	0	0	0	0	1	0
개종안할꺼면 뒤져라 정신이네 딱 이슬람 정신이구만 이슬람이 좋아해야지	0	0	0	0	0	0	1	0	0	0	0
이제 김치년들은 진짜로 가망이 없는듯 무조건 피하는게 답이다	1	0	0	0	0	0	0	0	0	0	0
섹1스를 못해봣는데 콘돔을 알 턱이있나	0	0	0	0	0	0	0	0	0	1	0
덕담배틀에 마음이 흡족하노	0	0	0	0	0	0	0	0	0	1	0
한남 답게 노무나 병신같고 미개해서 웃챙돼뿌렀노	0	1	0	0	0	0	0	0	0	0	0
일본이 괜히 대단한게 아님	0	0	0	0	0	0	0	0	0	1	0
Menstrual Blood Spitter 합시다	0	0	0	0	0	0	0	0	0	1	0
편집한게 무슨 씨발 80년대 영화포스터같네	0	0	0	0	0	0	0	0	1	0	0
글래머 헠헠	1	0	0	0	0	0	0	0	0	0	0
경계선상의 호라이즌	0	0	0	0	0	0	0	0	0	1	0
대한민국 최고다	0	0	0	0	0	0	0	0	0	1	0
진짜 시발 나만 안대주는 이유가 대체 뭐노 이기	0	0	0	0	0	0	0	0	1	0	0
노조가 설치는 나라가잘될수가 없다	0	0	0	0	0	0	0	1	0	0	0
차라리울나라는 개독이독점하는게속편할지도 살생은 안하니	0	0	0	0	0	0	1	0	0	0	0
사람이 개하고 무슨 협치를 한다는 건가요	0	0	0	0	0	0	0	0	0	1	0
힘든일이실텐데 옳은 얘기 참된일인데  탈동성애 위해 국가의 미래위해 힘쓰시는것 응원합니다	0	0	1	0	0	0	0	0	0	0	0
자지 달린 이쁜 트젠이랑 사귀고 싶다	0	0	1	0	0	0	0	0	0	0	0
저건 이재용부회장 집행유예가 부당하다는 글이 아니고내 남편 삼성다닌다고 자랑하는 글이지덤으로 그래도 나는 깨어있다 이것도 자랑하고	0	0	0	0	0	0	0	0	1	0	0
동성애자는 무슨 장애지 존나 포장하는거보소	0	0	1	0	0	0	0	0	0	0	0
글씨도 읽을 줄 모르고 왜 사노 재기해라익이	0	0	0	0	0	0	0	0	1	0	0
급식은 참일베충이 되기전의 과도기라 봐주는데홍어 이 씨발련새끼들이 더 문제임이새끼들은 머릿속에 좆털론만 가득차서 그저 분탕질할 생각밖에 안함	0	0	0	0	1	1	0	0	0	0	0
크으 한남틀딱 재기해	0	1	0	0	0	0	0	0	0	0	0
핑크색 팔뚝만한거 보면 꼴리긴 하노	0	0	0	0	0	0	0	0	1	0	0
가려놓았구먼	0	0	0	0	0	0	0	0	0	1	0
일본처럼 항시 순찰하며 불법체류자들 추방종하자 거기에 외국인 통장 못만들게해라	0	0	0	1	0	0	0	0	0	0	0
이 나라에서 악마집단인 교회를 추방하자	0	0	0	0	0	0	1	0	0	0	0
꼬우면 끄지든가	0	0	0	0	0	0	0	0	1	0	0
자박꼼을 모르네	1	0	0	0	0	0	0	0	0	0	0
틀딱잘못은 맞는데 점주도 싸가지 없이 얘기했겠네 손모양만 봐도 딱 싸가지없게 얘끼했네	0	0	0	0	1	0	0	0	0	0	0
요즘 방송이 대중을 지배하잔아 방송에서 죄다 뽀얗고 여성스러운 남자를 미니까 대중들도 거기 따라가는거지	1	0	0	0	0	0	0	0	0	0	0
흉악범 전국5대범죄는 전라도와 비슷함	0	0	0	0	0	1	0	0	0	0	0
교회가 교인이 싫다	0	0	0	0	0	0	1	0	0	0	0
군쾅이들 댓글 신고해라이기	0	1	0	0	0	0	0	0	0	0	0
괜히 윗 형님들이 모텔갈때 괜히 여자한테 돈주고 계산하라는 이유가 있는거임	1	0	0	0	0	0	0	0	0	0	0
영상구독하는놈도 공범	0	0	0	0	0	0	0	0	1	0	0
잘생겼따 간지남	0	0	0	0	0	0	0	0	0	1	0
망천지도 그렇고 왜케 숨어드냐 바퀴벌레도 아니고	0	0	0	0	0	0	1	0	0	0	0
이휘재는 몰래몰래 공부했구나	0	0	0	0	0	0	0	0	0	1	0
좆팔 팀플할때 음란물쳐보던 자지새끼들 생각나노	0	1	0	0	0	0	0	0	0	0	0
그곳 목사의 필수 덕목노예 테임 레벨 21이상	0	0	0	0	0	0	1	0	0	0	0
일단 당선되고 권력으로 짖밟으면 되노 그래서 권력이 필요하노	0	0	0	0	0	0	0	0	1	0	0
무슬림이 아닌 인간은 몰라도 기독교인 우선받아들이는건 좀 그렇다	0	0	0	0	0	0	1	0	0	0	0
개고기 먹는 한국이랑 동급의 나라인데국격이 한국이랑 같노	0	0	0	1	0	0	0	0	0	0	0
페미 정신병으로 분류됨	1	0	0	0	0	0	0	0	0	0	0
유럽의안좋는거따라하냐 이제는 영국프랑스가 무슬림받고 잘해준 결과 어땟냐 테러에시달리고 개판이구만	0	0	0	1	0	0	1	0	0	0	0
지구오물 짱개 무슬림을 인간취급하지말라	0	0	0	1	0	0	0	0	0	0	0
절대 워마드의 존재를 알리지 않겠다 이기야	0	0	0	0	0	0	0	0	0	1	0
PC는 철저한 개인주의일뿐이다 올바르고 나발이고 그냥 씹선비랑 말과 거희 동일시하면 된다 남은 올바르게 살아야 하지만 지가 미약하게 법좀 어겨서 욕쳐먹으면 개거품 무는 섹히들임	0	0	0	0	0	0	0	1	0	0	0
이런새끼들덕이지노인혐오는 모르겟고 급식혐오는 존나 생겻다	0	0	0	0	1	0	0	0	0	0	0
아 오늘도 참는다 내가 읍읍읍	0	0	0	0	0	0	0	0	0	1	0
알라앜후바르 길거리 한국보지 내보지 무슬림 할랄푸드 시발려나 내 권리를 위해 샤리아을 주장한다 알라쉬불려나	1	0	0	0	0	0	1	0	0	0	0
아니 좆팔 젠신병 이론 자체가 틀렸다고 니비 후팔 머가리 재기한 새끼들	0	0	1	0	0	0	0	0	0	0	0
저렇게 분석해서 글 올리는 놈들 거진 알바임 저거 하라고 각종 협회 시민단체에 돈 엄청 뿌리잖아	0	0	0	0	0	0	0	0	1	0	0
종교충들이 오히려 순수하지 못하고 타락해 있다	0	0	0	0	0	0	1	0	0	0	0
남일에 끼지말자는 좋은사례를 보여준 사건	0	0	0	0	0	0	0	0	0	1	0
하다못해 개독은 선교할 때 학교 병원 같은 봉사시설이라도 많이 지었는데이새끼들은 그런 것도 없음지구의 암세포가 개슬람이다	0	0	0	0	0	0	1	0	0	0	0
무슨 생각으로 저런 불법영업하는 범법자들한테 신상정보를 주냐 꼬추가 뇌를 지배하는게 이런거냐 지능이 모자란건가	0	1	0	0	0	0	0	0	0	0	0
다문화 검머외 부대로 가노 아니면 그냥 일반 부대로 가노	0	0	0	1	0	0	0	0	0	0	0
요즘에 이상한 애들 정말 많아	0	0	0	0	0	0	0	0	1	0	0
나련 주짓수 배울 례정	0	0	0	0	0	0	0	0	0	1	0
해외 사는 응딩이 게이들만 믿어야겠노	0	0	1	0	0	0	0	0	0	0	0
떵꼬충 관심없다	0	0	1	0	0	0	0	0	0	0	0
십자가에 매달아 사형	0	0	0	0	0	0	0	0	1	0	0
다문화를 해도 시발새끼들이 미국 영국 일본 독일 이런나라랑 해야지좆같은 중국 동남아 이런새끼들이랑 하고있어	0	0	0	1	0	0	0	0	0	0	0
북한 선수새끼들 쌔게 나가면 그냥 뺨 후렸으면 좋겠다한국 선수들이 북한 같은 민족이라고 그지새끼들 너무 봐주는 경향이 있음	0	0	0	1	0	0	0	0	0	0	0
느그아빠한테도 큰엄마가 반말할꺼다 불편해 하지마라	0	0	0	0	0	0	0	0	1	0	0
주상절리는 죄악이다 애비는 AS도 안시켜서 장가를 보내다니 좆뱀집안이노	0	1	0	0	0	0	0	0	0	0	0
성전환자로서의 전역이 아닌 심신장애에 의한 전역이지	0	0	1	0	0	0	0	0	0	0	0
글내용을 보니 핵교 때려치고 배달하길 잘한듯하다	0	0	0	0	0	0	0	0	1	0	0
저새끼들 진짜 죽여버리고싶다	0	0	0	0	0	0	0	0	1	0	0
서양 페미 책 읽으면서도 이해안갔던뿌젤 트페미들은 헬조 현상황 생각도 안하고 그대로 갖고 오기만 함	1	0	0	0	0	0	0	0	0	0	0
역시 고담 고기로 사기치노	0	0	0	0	0	1	0	0	0	0	0
세계 PC화의 주범은 좆바마 니거새끼임	0	0	0	1	0	0	0	0	0	0	0
나도 기도하고싶다	0	0	0	0	0	0	0	0	0	1	0
노무현 사진 보여줬는데 웃으면 일게이지	0	0	0	0	0	0	0	0	0	1	0
제발 좋으면 안보인데서 가서 사랑을 하던 살던 길거리까지 나와서 지랄들 하세요	0	0	1	0	0	0	0	0	0	0	0
이니하고싶은거 다해	0	0	0	0	0	0	0	0	0	1	0
쟤네 원래 저러고 다녓슴 저짝도 급식들은 범죄처벌 약해서 젤 무서움	0	0	0	0	1	0	0	0	0	0	0
다녀왔노 좆이버 뉴스댓글에 설치는 그남들 머가리 깨고싶어 못참겠노 아쉬운대라도 길가는 쇼린이 잡아다 스트레스 풀어야겠노	0	1	0	0	0	0	0	0	0	0	0
의사 나부랭들 댓글 처달지말고 일해라 니들 파업은 밥그릇 지키기다	0	0	0	0	0	0	0	1	0	0	0
보력 한번을 안오냐 혼자 아이디 돌리기 앵나 힘드노 좆팔	0	0	0	0	0	0	0	0	1	0	0
정문 길 건너 약국 뒤에 황제뒷고기 맞냐5분 준다대답해라	0	0	0	0	0	0	0	0	1	0	0
그래도 책임감 있는 저런애들이 낫지낙태충년들은 욕 먹어도 싸다	1	0	0	0	0	0	0	0	0	0	0
중국바퀴보다 조선족을 먼저 박멸해야 됨	0	0	0	1	0	0	0	0	0	0	0
갓럼프가 되야지만검머외 개새끼들 조질수있음	0	0	0	1	0	0	0	0	0	0	1
결혼무효화라 웃기는군	0	0	0	0	0	0	0	0	0	1	0
무슬림들은 자신이 사는 곳을 지옥으로 만들고 또 다른 천국을 꿈꾼다	0	0	0	0	0	0	1	0	0	0	0
뭐냐 저거 진짜냐	0	0	0	0	0	0	0	0	1	0	0
하얀트집 신상 좀 까봐라	0	0	0	0	0	0	0	0	0	1	0
그냥 반대목소리 내라는 존나 단순한 글을 왜 이렇게 장황하게 써갈겨놨냐	0	0	0	0	0	0	0	0	1	0	0
다시한번 한국교회를 불쌍히여겨주소서 글 감사드립니다	0	0	0	0	0	0	0	0	0	1	0
절라도 증말 이갈리게 싫다	0	0	0	0	0	1	0	0	0	0	0
어두운데 우굴우굴 모여있다가 불켜면 사사삭 사라지는 바퀴벌레가 따로 없네	0	0	0	0	0	0	0	0	1	0	0
맞노 요즘 웜애서 개돼내 허벌로 난다이기야	0	0	0	0	0	0	0	0	0	1	0
그런 저새끼는 조선족	0	0	0	1	0	0	0	0	0	0	0
소돔과 고모라가 따로 없네 양쪽다 폭탄 터트려서 없애버리면 클린 서울	0	0	0	0	0	0	0	0	1	0	0
구웨에에에엥엑 와꾸가 하나같이 다 똑같노	0	0	0	0	0	0	0	0	1	0	0
너무나도 이상하게 옳은말이 터부시되는사회가 됐네 동성애는 있어서는 안되는 사회악이다	0	0	1	0	0	0	0	0	0	0	0
말들 드럽게 안들어 진짜	0	0	0	0	0	0	0	0	1	0	0
히잡으로 꽁꽁 싸매도 외모 출중하면 뷰지발광해댈 그 사상 뷔페니즘	1	0	0	0	0	0	0	0	0	0	0
홍어들이 많이 사는 지역 콜로라도	0	0	0	0	0	1	0	0	0	0	0
관광객 불체자 구별도 못하는 좆병신 급식충 새끼들 천지오바마 방한하면 미개한 껌둥이라며 반대할 새끼들인듯	0	0	0	0	1	0	0	0	0	0	0
무슬림 할로윈 분장은 복면쓰고 폭탄 몸에 두르기만 하면 완벽한데	0	0	0	1	0	0	1	0	0	0	0
아 보기싫다	0	0	0	0	0	0	0	0	1	0	0
머한민국에서는고향을 물어보는것도수치고 불편하고 지역 차별이란다	0	0	0	0	0	0	0	0	0	1	0
홈쇼핑에서 젤 많이 파는게 프라다 짱개명품이다 디자인도 발전없고 다 중국생산 흔한 가방일뿐 특히 너무 칙칙해 요즘 스탈 아님 효도 했는데 이런 소리해서 미안해	0	0	0	0	0	0	0	0	1	0	0
진짜 좆같이 미개해 보인다 미친 짱깨새끼들은 왜이리 단체로 북치는걸 좋아할까	0	0	0	1	0	0	0	0	0	0	0
조미현 기자야 페미니즘이 남성혐오 사상이잖냐 그래서 혐오당하는거다	1	0	0	0	0	0	0	0	0	0	1
틀딱은 근육 있어도 역겨움	0	0	0	0	1	0	0	0	0	0	0
뭘 당연한 소리를 하고 앉았노 언제는 연세대 나온 한남이 씹치 아니었던 적이 있었노 서울대 나온 한남도 키 185인 한남도 재산이 수십억인 한남도 결국엔 한남충이다 이기야	0	1	0	0	0	0	0	0	0	0	0
미투보고하는말 유투	0	0	0	0	0	0	0	0	0	1	0
보고싶다이기야	0	0	0	0	0	0	0	0	0	1	0
학원보다 못가르쳐서 애보기 수준이면 애나 잘볼것이지 진짜 교사들도 사상 이상한 것들 좀 추려내서 날려라	0	0	0	0	0	0	0	1	0	0	0
남녀간 결혼에는 나이차이라는 묘수가 있어 괜찮은 남자들에겐 항상 보지가 넘쳐난다	1	0	0	0	0	0	0	0	0	0	0
그 상폐가 그 상폐아니겠노 깔깔	0	0	0	0	1	0	0	0	0	0	0
좀있으면 보트피플될 판인데 아직 여유있을때 얼른 떠나야지	0	0	0	0	0	0	0	0	0	1	0
최현희선생 전라도라서 전라도판사빽있음	0	0	0	0	0	1	0	0	0	0	0
조회수올릴려고 별짓 다한다	0	0	0	0	0	0	0	0	1	0	0
틀딱새끼들 틀니 부셔버리기 전에 조용이 있어라	0	0	0	0	1	0	0	0	0	0	0
피해자가 고소도 하기전 젠더에게 고소할거란 사실을 알려준 인간 반드시 찾아서 처벌해야한다	0	0	0	0	0	0	0	0	1	0	0
머구 원래 인건비 존나 싼걸로 유명해서 골목식당 좆후리는 병신들 등판해서 장사할거다 사업할거다 하던 예루살렘 이었는데	0	0	0	0	0	1	0	0	0	0	0
조선족들은 한복을 입으면서 왜 본인을 중국인이라고 말할까요	0	0	0	1	0	0	0	0	0	0	0
교회애들한테 막아달라하면되자나	0	0	0	0	0	0	0	0	0	1	0
일단 선처같은거 해주지마라 인실좆	0	0	0	0	0	0	0	0	1	0	0
부산은 쌍도 아니다 시발놈아 저새끼들 이미 라도멀티돼서 쌍도 아니다 아 자존심상한다	0	0	0	0	0	1	0	0	0	0	0
걍 한국 보지만 거르삼	1	0	0	0	0	0	0	0	0	0	0
시발 누가 노짱으로좀 달려라	0	0	0	0	0	0	0	0	1	0	0
예능도 보지들 축구하던데 바로 티비 껐다	1	0	0	0	0	0	0	0	0	0	0
지하철 기관사하면 연봉은 7000 대충 600은 땡기겟노	0	0	0	0	0	0	0	0	0	1	0
레몬테라스가 애미뒤진 맘충들이지	1	0	0	0	0	0	0	0	0	0	0
미친 종교쟁이 새끼들 진짜 짱깨들 한테 배워야할 딱 한가지는 개독과 개슬람을 안믿는거다	0	0	0	1	0	0	1	0	0	0	0
제발 다문화 문제점에 관한글은 다른데도좀 많이 쓰면 안되냐 맨날 일베이올리면 뭐함 일베충들밖에 안보는데	0	0	0	0	0	0	0	0	0	1	0
지금 자칭 폐미들 하는것 보면 여자니까 대우해 달라는거 맞잖아 추전 장관 별로 안좋하는데 저 말은 동의한다 자칭 폐미는 뇌가 우동사리라서 특혜와 평등을 동일시하는 경향이 있더라고	1	0	0	0	0	0	0	0	0	0	0
어그로네씨발	0	0	0	0	0	0	0	0	1	0	0
대께문이라 하는 사람들 개신교 사람들인것 같은 생각드네요	0	0	0	0	0	0	1	0	0	0	0
아니 시발 의무도 안질거면서 권리 달라는 병신같은 날강도 마인드가 어딧냐 존나 어이털리네	0	0	0	0	0	0	0	0	1	0	0
한국 교회를 잘 리더해주실 총회장님 응원하며 기도합니다	0	0	0	0	0	0	0	0	0	1	0
생후 3살 짜리 여자애에게 풀메시켜서 모델시키는데 보기 좀 딱하더라 안그래도 충분히 예쁜애기인데	0	0	0	0	0	0	0	0	0	1	0
한남 답이 없노	0	1	0	0	0	0	0	0	0	0	0
좆중고딩 금지시키자는게 요런 이유때문에 아니겄노	0	0	0	0	1	0	0	0	0	0	0
골빈년들 몰살시키고싶다	1	0	0	0	0	0	0	0	0	0	0
이거 합성이다	0	0	0	0	0	0	0	0	0	1	0
한남충들 한국여자 만날생각하노 재기 생각은 왜 안하노	0	1	0	0	0	0	0	0	0	0	0
병신3으로 보이노	0	0	0	0	0	0	0	0	1	0	0
너희들이나 잘하세요	0	0	0	0	0	0	0	0	1	0	0
닭사모 새끼들 서울로 올라오지좀 마라대구에서 짜져 있으라고	0	0	0	0	0	1	0	0	0	0	0
디테일한 묘사에 전 성자련 토하고 가노ᆢᆢ 하나같이 비실멸치 좆돼지고 성욕만 오짐	0	1	0	0	0	0	0	0	0	0	0
나도 안보려고했는데 앞으로 자지품평하고 줄세울 이런 좋은기회가 다신없을수도 있다고 생각하니까 투표욕구가 생겼노	0	1	0	0	0	0	0	0	0	0	0
인류의 퇴보야 이건	0	0	0	0	0	0	0	0	1	0	0
경상도에서 문재인칭찬하면 얼굴에 침뱉는다	0	0	0	0	0	1	0	0	0	0	1
내말이 그말이다우리나라 동성애 한다고회사에서 쫓겨나고 벌금내고 승진기회 박탈하고 처벌 하는 나라가 아니잖아근데도 차별금지법이라니 기가찬다	0	0	0	0	0	0	0	1	0	0	0
좆같은 좆족 짱깨 씨발새끼들 운동권은 미국 대사관이 아니라 짱깨 대사관에 가서 불을 질러라 좀	0	0	0	1	0	0	0	0	0	0	0
분탕홍어가 만선이구나	0	0	0	0	0	1	0	0	0	0	0
저비율과 일베에 오는 홍어비율이너무나 같다는데 소름	0	0	0	0	0	1	0	0	0	0	0
쟤네 티비출연이나 안 시켰으면 꼴도 보기 싫음	0	0	0	0	0	0	0	0	1	0	0
무슬림들은 서로 형제라면서 미친놈들아	0	0	0	1	0	0	1	0	0	0	0
참 골때려	0	0	0	0	0	0	0	0	0	1	0
부산에도 홍어 많이 살고결정적으로 성자가 분탕 홍어	0	0	0	0	0	1	0	0	0	0	0
코스피 1700인거는 게이들아 왜 말이없누	0	0	0	0	0	0	0	0	0	1	0
원하는대로 행동하네	0	0	0	0	0	0	0	0	0	1	0
사람을 저렇게 몰아세워도 되나	0	0	0	0	0	0	0	0	0	1	0
짱께가 일본인인척 하는거 아님	0	0	0	1	0	0	0	0	0	0	0
이미 전국민을 상대로 세뇌가 진행 중이었구나	0	0	0	0	0	0	0	0	1	0	0
황재노조는 없어져야 함	0	0	0	0	0	0	0	1	0	0	0
착홍죽홍착짱죽짱착똥죽똥	0	0	0	1	0	0	0	0	0	0	0
월욜마다 주말에 광안리에서 술먹고 여자 돌림빵 때린 영웅담이 펼쳐지던 시절	1	0	0	0	0	0	0	0	0	0	0
아니 저 여자를 욕할건 없지	0	0	0	0	0	0	0	0	0	1	0
요즘 헬스 약물 어쩌고 그거 남성호르몬 이슈되는거 반대로 여성호르몬 처맞는게 아닐까 의심되는 멸치 투블럭 뿔테충들 극혐 그런 놈들은 군대 10년 끌려가도 아가리 닫고 있을놈들임	0	0	0	0	0	0	0	0	1	0	0
도망가는게 문제가아니라고 으그	0	0	0	0	0	0	0	0	0	1	0
외국 범죄학 강의에서도 우리나라 주민등록제랑 지문수집제도가 모범사례로 나온대더라	0	0	0	0	0	0	0	0	0	1	0
이제 쉐도우복싱 나올타이밍	0	0	0	0	0	0	0	0	0	1	0
어차피 지잡대 수시 예비는 100번대까지 다 돈다	0	0	0	0	0	0	0	1	0	0	0
내 전남충 얘기노 후팔놈	0	0	0	0	0	0	0	0	1	0	0
난 이발언에 찬성이요	0	0	0	0	0	0	0	0	0	1	0
중국인인척해라	0	0	0	1	0	0	0	0	0	0	0
너 여권보여달라고 했으면 좆될뻔했네	0	0	0	0	0	0	0	0	1	0	0
아니 그닥 이해하고싶지않던데그냥 늙으면 뒈져야지	0	0	0	0	1	0	0	0	0	0	0
인간이 아니지 저것들은	0	0	0	0	0	0	0	0	1	0	0
카더라 좆까 씨팔아	0	0	0	0	0	0	0	0	1	0	0
그정도는 중국에서 세탁으로 없애주면 되잖아	0	0	0	0	0	0	0	0	0	1	0
제2의 홀리워터 생산 공장 풀가동 중이노	0	0	0	0	0	0	0	0	0	1	0
뭘 시급해 이년아 니나라로 꺼져	0	0	0	1	0	0	0	0	0	0	0
조선족 무작정 까는건 아니라고본다 너네들 지금하는게 1910년대 일본의 헌병경찰시대랑 뭐가다르냐 각성해라	0	0	0	0	0	0	0	0	0	1	0
똥꼬충은 솔직히 극혐이다	0	0	1	0	0	0	0	0	0	0	0
사진 멋진데	0	0	0	0	0	0	0	0	0	1	0
뽐뿌 보배 틀니사이트	0	0	0	0	1	0	0	0	0	0	0
키야 사스가 갓스시녀	1	0	0	1	0	0	0	0	0	0	0
문법 공부 부터 다시좀	0	0	0	0	0	0	0	0	1	0	0
130403 입소했는데 플랜카드 만들어서 흔들다가 소인사장교한테끌려가서 퇴소당할뻔했다	0	0	0	0	0	0	0	0	0	1	0
동성애독재법 결사반대	0	0	1	0	0	0	0	0	0	0	0
좆같은 15살짜리 페미 트위터보다 맘충블로그가 낫다	1	0	0	0	0	0	0	0	0	0	0
북괴 두만강쪽도 저런 시체 넘쳐나잖아	0	0	0	0	0	0	0	0	1	0	0
허위매물 방지를 위해 공인감별사 국가공인자격시험 실시	0	0	0	0	0	0	0	0	0	1	0
중국인이 왜 집단적 한글패치를 해가지고 우리사회를 혼란에 빠트림	0	0	0	1	0	0	0	0	0	0	0
게이는 왜 한남에서 빼는거노 이기야	0	1	1	0	0	0	0	0	0	0	0
탈북자들도 못믿어	0	0	0	1	0	0	0	0	0	0	0
태생이 범죄충	0	0	0	0	0	0	0	0	1	0	0
이게 실화였다면 을매나 좋겠노 광광	0	0	0	0	0	0	0	0	0	1	0
야 꺼져 요새 이런거로 트러블없어 억지로 조장하지마	0	0	0	0	0	0	0	0	1	0	0
그냥 거절하면 끝난거지 저런것까지 처벌하면 인된다	0	0	0	0	0	0	0	0	0	1	0
닉값하네 니아날 니 아날 너의 똥꾸멍	0	0	0	0	0	0	0	0	1	0	0
좆같이도생겻노 씨발나라말아쳐먹은년	0	0	0	0	0	0	0	0	1	0	0
햇님 누명 벗고 복권해야 한다 이니문강간자집아	0	1	0	0	0	0	0	0	0	0	0
개독이 동성애인건 뭔 씹혼종이냐	0	0	1	0	0	0	1	0	0	0	0
밥먹다가 글보고 입맛떨어짐	0	0	0	0	0	0	0	0	1	0	0
잘했노 개짓거리하러 동남아 가는 새끼들이 뚫린 주둥아리라고 나불나불 한남좆병신들은 모가지 따야 조용해지노	0	1	0	1	0	0	0	0	0	0	0
문재앙표 개돼지 노조나라	0	0	0	0	0	0	0	1	0	0	1
다행히 나는 한건도 없다근데 만나는 여자도 없다 뭔진몰라도 다행인거 같다	0	0	0	0	0	0	0	0	0	1	0
탈북자들이 오히려 북파공작원들 일수도있다황개도 거짓투항해서 적벽대전에서 이겼잔아불붙인배 조조선쪽으로 보내서	0	0	0	1	0	0	0	0	0	0	0
같은 거 중고로 사주면 되지 않나	0	0	0	0	0	0	0	0	0	1	0
이민호는 피부좋은여자 좋다고 햇는데 당연히 수지지	0	0	0	0	0	0	0	0	0	1	0
대구서구에 이슬람옷입은 사람들 존나많음	0	0	0	0	0	0	0	0	0	1	0
홍어좆 같은 넘이노	0	0	0	0	0	1	0	0	0	0	0
나년윽 아이티는 아니지만 생명공학가노	0	0	0	0	0	0	0	0	0	1	0
부럽다 오래가라 김치녀 만나지말고	1	0	0	0	0	0	0	0	0	0	0
뭐 지들이 지들 돈으로 혼수로 들여온다면야 상관 없는데	0	0	0	0	0	0	0	0	1	0	0
여자 씩씩하니까 군대도 좀 가라 무임안보 승차하지말고	1	0	0	0	0	0	0	0	0	0	0
아 저 맞는애 훚앙에 박고 앂다	0	0	0	0	0	0	0	0	1	0	0
이건 민주화유공자로 특별사면시키야된다	0	0	0	0	0	0	0	0	0	1	0
좆주작이겠지만 신고하면 조사받고 골치아파진다	0	0	0	0	0	0	0	0	1	0	0
아메리칸 히스토리 x	0	0	0	0	0	0	0	0	0	1	0
무슬림새끼들 조상은 돼지고기 잘먹었음 이게팩트	0	0	0	1	0	0	1	0	0	0	0
아무리 의사라도 저거 손댔다가잘못되면 처벌받을수있지않나	0	0	0	0	0	0	0	0	0	1	0
성락의 성이 그성이였냐	0	0	0	0	0	0	0	0	0	1	0
야우리먹자골목 양꼬치골목은 씨발중국에 온거같더라 짱깨들이 사장이고 아주 개지랄남	0	0	0	1	0	0	0	0	0	0	0
갓양남이 아니라 목 썰어 죽일 개슬림 새끼 같은데	0	0	0	1	0	0	0	0	0	0	0
구형은 쇼다	0	0	0	0	0	0	0	0	1	0	0
지랄 이럴때만 기독교 인용하냐	0	0	0	0	0	0	0	0	1	0	0
1절만 해라	0	0	0	0	0	0	0	0	1	0	0
진짜개슬람새끼들 우리나라와서 민폐부리면어카냐	0	0	0	0	0	0	1	0	0	0	0
아기가 어떻게생겼든 뱃속에 품고 있던 아기였는데  모성애 도 없는 나쁜x	1	0	0	0	0	0	0	0	0	0	0
EU랑 빠이했으니 무슬림도 이제 안녕임	0	0	0	1	0	0	1	0	0	0	0
쌍도에서는 평범한 일상이잖아	0	0	0	0	0	1	0	0	0	0	0
연기나 잘해라 이것들은 좀 뜨면 정치인 행세하네	0	0	0	0	0	0	0	0	1	0	0
태국 가서 티파니쇼 봤던거 기억난당	0	0	0	0	0	0	0	0	0	1	0
게이들아 내수시장 씹창내게 소비조금줄이고 전부다 금고에 저금하라 이기야	0	0	0	0	0	0	0	0	1	0	0
좆은 다 미개하노	0	1	0	0	0	0	0	0	0	0	0
으 원래같았음 정화짤보고 왜 상폐 가져왔냐고 욕했을텐데 허겁지겁 눈정화했노	0	0	0	0	1	0	0	0	0	0	0
홍어가 경상도를 죽이고있다	0	0	0	0	0	1	0	0	0	0	0
우리나라도 난민입국 찬성한다고 시위하는 미친 개병신새끼들 보면 한숨만 나온다	0	0	0	1	0	0	0	0	0	0	0
납작만두란 말 없애고만두피 쌈이라고 솔직하게 말해라	0	0	0	0	0	0	0	0	0	1	0
예전 초딩 아니 국민학교책에 내세울거없어서 단일민족 부심만 부리던것들이이제 다문화에 국가예산 다 쏟아부음	0	0	0	1	0	0	0	0	0	0	0
몸에 좋잖아 얘들아 장단점이 있는거지맨날 피자햄버거 처먹는데 저게 입에 맞겠냐	0	0	0	0	0	0	0	0	1	0	0
보혐 충전 완료	1	0	0	0	0	0	0	0	0	0	0
일부러 설치안함 만화보느라 나가질 않음	0	0	0	0	0	0	0	0	0	1	0
구냥 조용히 사드소 뭘그리 불만이노	0	0	0	0	0	0	0	0	0	1	0
솔까 게이가 부럽다 김치년들에게 피 빨릴 일도 없고 보지 한번 먹어보겠다고 보빨 할 필요도 없잖아 문제는 남자가 안땡긴다는 게 문제인	1	0	1	0	0	0	0	0	0	0	0
필리핀년한테 왜이리 관심을주냐	0	0	0	1	0	0	0	0	0	0	0
아니 여자는 어린게 뭐 탱글탱글 풋풋한 느낌이 좋아서 찾는다지만급식새끼들은 떡 스킬도 적고 중딩이면 꼬추도 성장중일텐데뭐가 좋다고 따먹엇노	1	0	0	0	1	0	0	0	0	0	0
허미 틀딱새끼 뭐 저딴걸 사쳐먹노 할배입맛이노	0	0	0	0	1	0	0	0	0	0	0
왜 도망가 나도 공유하자고요	0	0	0	0	0	0	0	0	0	1	0
그냥 끼리끼리 만나는거임 불량식품 쳐먹으면 배탈남 안전한음식 먹으면 건강해짐 제대로 교육받고 집안좋은 여자 만나라 이목 집중되거나 불편한건 알아서 서로 조심함	0	0	0	0	0	0	0	0	0	1	0
여유증인거 자랑하고 싶어서	0	0	0	0	0	0	0	0	1	0	0
거의 9개월만에 들어와서 다시 정신 다잡는중이다이기야 좋은글 고맙노	0	0	0	0	0	0	0	0	0	1	0
팩폭 날리노	0	0	0	0	0	0	0	0	0	1	0
대한민국 동성애 합법화 결사반대 우리 아이들 미래가달렸다	0	0	1	0	0	0	0	0	0	0	0
저렇게하니사우디가잘살잖아 한국봐라 암탉이우니 자살율1위됬잖아	1	0	0	0	0	0	0	0	0	0	0
참 길게도 썼네요	0	0	0	0	0	0	0	0	0	1	0
개쌍도 자택서 검거	0	0	0	0	0	1	0	0	0	0	0
걍 이 시극에 모인것 부터가 잘못인데	0	0	0	0	0	0	0	0	0	1	0
맘충이라고 탓하기전에 다치거나 죽으면 보상도 좆도 조금해주면서 전역시켜버리는 국방부씨발롬들이 문제가 크지 입대할때는 나라의자식 다치면 느그자식 씨발롬들	0	0	0	0	0	0	0	1	0	0	0
탁아소에 애 좀 그만 맡기고 남편 월급 루팡 짓 좀 그만해라	1	0	0	0	0	0	0	0	0	0	0
우린 여자니까 어케 해도 자댕이처럼 될숭없다	0	1	0	0	0	0	0	0	0	0	0
맘충들 동태탕 한사바리 먹여라 좆족맘충 대거포진일거야	1	0	0	1	0	0	0	0	0	0	0
설현스타킹 헠헠	0	0	0	0	0	0	0	0	0	1	0
뉴스 조회수 올려줘서 기자들은 개꿀임	0	0	0	0	0	0	0	0	0	1	0
똥꼬충들 후장 풍혈이라 지갑넣고 빗넣고 이것저것 넣고 다니는거 아니었노 똥꼬충들 주는 물건 쓰지마라 똥묻음 윾엒	0	0	1	0	0	0	0	0	0	0	0
도퇘지들 참학교일이라면 관심은 많아가지고 자들자들	0	1	0	0	0	0	0	0	0	0	0
10년전 아니냐	0	0	0	0	0	0	0	0	0	1	0
정치병 플러스 개독의 조합이군이런 벌레새끼들이 득실대니 개소리가 난무하지	0	0	0	0	0	0	1	0	0	0	0
이쁜애들은 상단바도 깨끗하다 못생긴애들은 상단바도 지들처럼 더러움	0	0	0	0	0	0	0	0	1	0	0
어쩌라고 니애미애비분탕좆족 새키야	0	0	0	1	0	0	0	0	0	0	0
진짜 노인들은 박멸해야된다 50넘는순간 국가에서 거세시켜야됨	0	0	0	0	1	0	0	0	0	0	0
래퍼라서 그런가 글을 잘쓰네	0	0	0	0	0	0	0	0	0	1	0
뭐 사실이던 아니던 참교육 시킨게 뭐 그래도 나은선택 일거다 딱 10년전에 체벌 금지 되어서 그때 중학교 들어가던 급식들이 안맞고 자라서 현재도 급식 이거나 학식 된거거든 사회 무서운줄 모르고 깝치는새끼들 많은데 니가 그래도 용기를 낸거다	0	0	0	0	1	0	0	0	0	0	0
차별금지법은 인권의 탈을 쓴 악법 중의 악법이다	0	0	0	0	0	0	0	1	0	0	0
풉 어이재기	0	0	0	0	0	0	0	0	0	1	0
멋진녀석 부럽다 너가	0	0	0	0	0	0	0	0	0	1	0
시발 진짜 드러워 죽겠네 정말	0	0	0	0	0	0	0	0	1	0	0
이년 앵나 다 떠먹여주노 하고왔다이기 양심에 손을 얹고 가라이기 지나치면 안되노	0	0	0	0	0	0	0	0	0	1	0
막짤씹극혐	0	0	0	0	0	0	0	0	1	0	0
인종청소 함가야겠노	0	0	0	1	0	0	0	0	0	0	0
똥남아년 나올줄알았는데눈과 마음이 정화된다	1	0	0	1	0	0	0	0	0	0	0
꼭 똥송한 존못새끼들이 옷 잘입으면 달라진다고 생각함걍 현실을 받아들여라	0	0	0	1	0	0	0	0	0	0	0
페미는 집단이기주의다 이기야	1	0	0	0	0	0	0	0	0	0	0
한국인도 아닌새끼들이 무슨 나라일을 보는 공무원이야	0	0	0	1	0	0	0	0	0	0	0
이건 지역이 문제임	0	0	0	0	0	1	0	0	0	0	0
한국어 모르는 거 보니 니 새기가 짱개간첩인 듯	0	0	0	1	0	0	0	0	0	0	0
신박 좋아하시네 원래 로고가 저런데 씹병신 눈깔 삔놈아	0	0	0	0	0	0	0	0	1	0	0
역시 편돌이로 썩기엔 아까운 인재야	0	0	0	0	0	0	0	0	0	1	0
저러다가 피해자 나오면 입 싹 닫을거노 제주도 아기천사들 봊나 위험하노	0	0	0	0	0	0	0	0	0	1	0
지금은 아이들이나 고령층을 위해 모두 조심할때 성소수자 아니어도 비난 받았을듯 해요 등교 못하는 아이들 치사율높은 고령층 좀더 내아이 조카 부모 조부모를 위해서 참았어야지요	0	0	0	0	0	0	0	0	0	1	0
하나은행 swift code 구글링 해봐라 이기	0	0	0	0	0	0	0	0	0	1	0
저건 원래 pc열풍 전에도 여주 좆같이 생기고 그랬던걸로 아는데	1	0	0	0	0	0	0	0	0	0	0
일베에 암거하고있는 좃족 홍어들도 모두 소탕시켜주세요 아멘	0	0	0	1	0	1	0	0	0	0	0
아 기독교 잡것들 다 불태워버리고싶네	0	0	0	0	0	0	1	0	0	0	0
틀무새 또 폭동이노	0	0	0	0	1	0	0	0	0	0	0
틀딱까는 글 한두개면 멀라도 보다보니 틀딱보다 노잼인새끼들이 줜나게 나대네	0	0	0	0	1	0	0	0	0	0	0
똥꼬충집단 신라의 후예답네	0	0	1	0	0	0	0	0	0	0	0
20대인데 나 죽고 내 손자세대까지 통일안됬으면 좋겠다 반세기넘게 단절된 사람들한테 동질감은 들지않고 언어만같은 사람이 사는곳이라고 인식한다	0	0	0	0	0	0	0	0	1	0	0
개슬람 새끼들 남의나라 처들어가서 사는주제에 감내놔라 배내놔라 지림	0	0	0	0	0	0	1	0	0	0	0
어디 최씹니꺼	0	0	0	0	0	0	0	0	0	1	0
2D로 대동단결	0	0	0	0	0	0	0	0	0	1	0
게이가 벼슬이 되는 시대	0	0	1	0	0	0	0	0	0	0	0
반박불가 진심으로 한남만 재기하면 봊쾌적해짐 퍄	0	1	0	0	0	0	0	0	0	0	0
전라도는 진짜 다르구나	0	0	0	0	0	1	0	0	0	0	0
자지작은 좆부랄들은 여자찾지말고 지들끼리 좆말대고놀아라이기	0	1	0	0	0	0	0	0	0	0	0
한남이 쿰척거릴 만한 모든 동남아 중앙아시아 국가에 망혼해봤자 코리아드림 이딴거 없고 틀딱한남충들 강간이나 하는게 일상이라고 대대적으로 알리고 싶노	0	1	0	1	1	0	0	0	0	0	0
이거보면 코로나사태가 신이 없다고 반증해주는것 같다	0	0	0	0	0	0	0	0	0	1	0
2010년 주화	0	0	0	0	0	0	0	0	0	1	0
윗선에 분위기 파악 못하는 꼴통들만 있는듯	0	0	0	0	0	0	0	0	1	0	0
역시 피싸개들이 맘충 소리 듣는건 자업자득귀가 얇고가랑이가 가볍고	1	0	0	0	0	0	0	0	0	0	0
인권이라는 가면 뒤에 다수를 차별하고 갈등을 초래하는 차별금지법안 철회를 강력히 요구합니다	0	0	1	0	0	0	0	0	0	0	0
은근 커여움	0	0	0	0	0	0	0	0	0	1	0
남 죄 관리말고 자기 죄나 관리하자	0	0	0	0	0	0	0	0	1	0	0
아진짜 트젠이랑 섹스하고싶다	0	0	0	0	0	0	0	0	1	0	0
시발 개슬람	0	0	0	1	0	0	1	0	0	0	0
동의헙니다	0	0	0	0	0	0	0	0	0	1	0
질문하는거 찍어서 올리면 천베 예상	0	0	0	0	0	0	0	0	0	1	0
솔직히 여자가 죽을만했다 여자가 페미 스타일에 머리를 하고 있슴	1	0	0	0	0	0	0	0	0	0	0
옥자환은 어떻게 착용하냐	0	0	0	0	0	0	0	0	0	1	0
그러니까 니들이 노땅 노인내 소릴 듣는거다 군대나 갔다와 이 샹늠아 니 면제도 받아들이기 어렵다	0	0	0	0	1	0	0	0	0	0	0
마누라가 저능안가보네	0	0	0	0	0	0	0	1	0	0	0
봊좋노 잘 써먹겠다 이기야	0	0	0	0	0	0	0	0	1	0	0
매브니 열려라 제발제발제발	0	0	0	0	0	0	0	0	0	1	0
저런 새끼들이 재기 제삿상에 복숭아 갖다놓고 처앉아있는 놈들이다이기	0	0	0	0	0	0	0	0	1	0	0
혐오 표현 금지시키면 대다수 영화 드라마 노래 다 금지된다이기 제정신인 나라가 아니노	0	0	0	0	0	0	0	1	0	0	0
황폐해진 세상과 마음의 복음이 푸른 숲을 이루길 기도합니다	0	0	0	0	0	0	0	0	0	1	0
조선족은 마인드 자체가 한국인이 아니잖아그러면 한국인이 아닌 것임고려인은 자신을 외국에 거주하는 한국인으로 인식하고 행동하는데 여기까지만 동포로 치는게 맞다고 본다	0	0	0	1	0	0	0	0	0	0	0
다문화 폭동 일어나야 되겠노	0	0	0	1	0	0	0	0	0	0	0
동성애는 정신질환이며 뇌수술로 치유될 수 있다	0	0	1	0	0	0	0	0	0	0	0
50대 70대는 다 이번에 오세훈 찍었어 존만아40대 분탕틀딱새끼야	0	0	0	0	1	0	0	0	0	0	0
집에서 기도하면 기도빨이 안먹히나욧	0	0	0	0	0	0	0	0	0	1	0
아줌마 섹스좋아하게 생겼네	0	0	0	0	0	0	0	0	1	0	0
쌍도남들 하루빨리 뒤지길 앙망	0	1	0	0	0	1	0	0	0	0	0
하 시발 아까부터 바퀴벌레 짤은 왜이렇게 많아	0	0	0	0	0	0	0	0	1	0	0
오만국제여자마라톤	0	0	0	0	0	0	0	0	0	1	0
역시 자댕이에게는 재기하고자 하는 본능이 있다 한국 남성들의 재기 본능 응원합니다	0	1	0	0	0	0	0	0	0	0	0
저 많은 수류탄은 도대체 어디서 나온 거냐	0	0	0	0	0	0	0	0	0	1	0
휴 고득점이라 다행이다	0	0	0	0	0	0	0	0	0	1	0
트렌스 젠더 ㆍ게이 등 이런 사람들 정신병자 맞다 왜 신의 영역을 거스르는가 인간은 태어나면서 성별이 정해지는법 그것을 바꿀려는게 정신병이지	0	0	1	0	0	0	0	1	0	0	0
페미는 xanggirl들	1	0	0	0	0	0	0	0	0	0	0
크 자지에 물주네	0	0	0	0	0	0	0	0	1	0	0
진짜 지저분한 새끼들 많음	0	0	0	0	0	0	0	0	1	0	0
돈줄테닌까 애새끼 낳아주고 꺼지라그래	0	0	0	0	0	0	0	0	1	0	0
박사모좆족새끼들 진심 죽여야된다	0	0	0	1	0	0	0	0	0	0	0
정치학적으로 저게 맞는거다보수가 존나 어리버리 까고 있는거다 중도적인 선택만큼 멍청한것도 없다	0	0	0	0	0	0	0	0	1	0	0
한국여자들은 잠재적 아동학대범	1	0	0	0	0	0	0	0	0	0	0
저 시절에 이미 본질을 깨달으신 분이네	0	0	0	0	0	0	0	0	0	1	0
메시아가모냐	0	0	0	0	0	0	0	0	0	1	0
전라도 경상도 사람들 존나 생선비린내 나더라 가까이가도 존나 비린내 썩은내 존나 남	0	0	0	0	0	1	0	0	0	0	0
소통과 공감으로 한국교회가 하나되길 바라며  성탄절에는 교회가서 예배 드리길 기도합니다	0	0	0	0	0	0	0	0	0	1	0
난 지하철 같은데서 남자끼리 응딩이만 닿아도 소름끼치고 불쾌하던데걍 남자몸은 너무 더러운거같음	0	1	0	0	0	0	0	0	0	0	0
그냥 이혼후 합리화 아닐까	0	0	0	0	0	0	0	0	1	0	0
이런새끼들이 보지 손한번 잡아볼라고 교회가서 성경책보는 븅신새끼들 좀 언행일치하면서 살어라 씨발놈들아	1	0	0	0	0	0	1	0	0	0	0
생긴것도 변태같긴함	0	0	0	0	0	0	0	0	1	0	0
북한으로 가라 지들 말로는 종교의 자유가 있다고 했다	0	0	0	0	0	0	0	0	1	0	0
이민자나 난민대처방법은 일본이나 중국따라하면 되는데한국은 존나 웃기게 똥송주제에 유로피안정책배끼려함	0	0	0	1	0	0	0	0	0	0	0
병슨놈이 찡찡찡 일기적고 앉았노	0	0	0	0	0	0	0	0	1	0	0
와 시발 보지에 전구넣고 깨버리기 전에 시발 찰지노 와	1	0	0	0	0	0	0	0	0	0	0
미국지잡다니는데 우리학교 화장실 절반 넘게 남녀공용임	0	0	0	0	0	0	0	1	0	0	0
김치좆들은 후아무치라서 주제파악들을 못한다이기야	0	1	0	0	0	0	0	0	0	0	0
팩트 커피믹스는 1976년 12월에 동서식품에서 최초로 개발하였으며 2천년대 초반에 절취선을 뜯기 쉽게 개량하여 판매량이 증가하였다	0	0	0	0	0	0	0	0	0	1	0
시발 품번 빨리	0	0	0	0	0	0	0	0	1	0	0
으 폭동이다	0	0	0	0	0	0	0	0	1	0	0
조현병의 고향	0	0	0	0	0	0	0	1	0	0	0
원래 정신병인듯	0	0	0	0	0	0	0	0	1	0	0
남자를 증오 한다면서 왜 남자가 되고 싶어 하냐	0	0	0	0	0	0	0	0	1	0	0
하아 시발 동성애자새끼들 일렬로 세워놓고 드럼식탄창 끼운 톰슨 기관총으로 쏴죽이고싶다다 쏴죽이고 중절모 눌러쓰고 시가물고 돌아서고싶네	0	0	1	0	0	0	0	0	0	0	0
일본은 상식이 통하는 사회이다 우린 야비한 위증과 거짓으로 한 밑천 대박 노리는 기생충 사회다	0	0	0	1	0	0	0	0	0	0	0
혐오조장이 후장충파티 목적이면 똥꼬충들 전부 M이노	0	0	1	0	0	0	0	0	0	0	0
근데 이런건 여초 이용해서 몰아내야된다	0	0	0	0	0	0	0	0	1	0	0
캬악퉤 미개한것들이 진짜 짬지하나도 흑좆나 징그럽노	0	0	0	0	0	0	0	0	1	0	0
자동화하면 없애라	0	0	0	0	0	0	0	0	0	1	0
근데 이건 이이제이 아니냐	0	0	0	0	0	0	0	0	0	1	0
좆놈 아재 상폐들 다 짜르고 그냥 일반인 뽑아라이니야	0	1	0	0	0	0	0	0	0	0	0
남자끼리 페미니즘 동아리 만들고 간식 냠냠 해도 되겠노	0	0	0	0	0	0	0	0	0	1	0
허세를 부리는 남자가있어 허세를	0	0	0	0	0	0	0	0	0	1	0
오늘도 베리나 목소리들으면서 자야지 얼굴은 싫어 멈춰	0	0	0	0	0	0	0	0	1	0	1
짱깨를 제재해야	0	0	0	1	0	0	0	0	0	0	0
마지막 소추새끼 불알 터뜨리고 밟아서 으깨버리고싶노	0	1	0	0	0	0	0	0	0	0	0
설라디언 무시하면 안된다	0	0	0	0	0	1	0	0	0	0	0
인증은 워추노 이기	0	0	0	0	0	0	0	0	0	1	0
까고 있네	0	0	0	0	0	0	0	0	1	0	0
저런년놈들이 한국에 뭔가 필요하면 동포드립	0	0	0	1	0	0	0	0	0	0	0
하리수도 여대지원하면 저렇게 되겠구나	0	0	1	0	0	0	0	0	0	0	0
개념녀의 최후	0	0	0	0	0	0	0	0	0	1	0
아니 좀 동포라는 개소리좀 안쓰면안되나 그냥 중국인 7명 이렇게 쓰면되지 뭘 자꾸 동포래	0	0	0	1	0	0	0	0	0	0	0
남자들은 글로 내용을 가득 채우는데 좆같은 년들은 이모티콘이나 사진으로 거의 반 이상을 채움	1	0	0	0	0	0	0	0	0	0	0
울지마톤즈 이태석 신부님도 올려주라	0	0	0	0	0	0	0	0	0	1	0
전라도랑은 비교도안되는 경상도 지하철	0	0	0	0	0	1	0	0	0	0	0
실제로 한번 보고싶다 내 앞에서도 저지랄 할수있는지 없는지도 궁금하고 또 사람 같지 않은거를 사람으로 만들어주는거 잘하는데 견적이나 한번 내보자	0	0	0	0	0	0	0	0	1	0	0
틀딱새끼들 좀 안디지냐	0	0	0	0	1	0	0	0	0	0	0
이래서 자댕이한테는 사람취급 해주면 안된다 이기 쉰부랄달고 여자한테 대드노	0	1	0	0	0	0	0	0	0	0	0
미국이 부럽다	0	0	0	0	0	0	0	0	0	1	0
굶어 뒤져라 개슬람 새끼들아배고프면 느그나라로 돌아가서할랄인지 부랄인지 쳐먹어	0	0	0	0	0	0	1	0	0	0	0
한남들 다 국제개망신이노 돼지들끼리 정치하고 똥싸고있노 다 끌어내려야 한다 이기	0	1	0	0	0	0	0	0	0	0	0
겁쟁이 한국인 떠나라	0	0	0	0	0	0	0	0	1	0	0
개소리도 적당히 하자 남녀평등 외치면서 저런것도 평등하게 같은 수준으로 해야되는거 아니냐 사무직 뽑는게 아니라 경찰뽑는건데	0	0	0	0	0	0	0	0	1	0	0
미친 짱깨새끼들 시진핑 자지나 빨아라	0	0	0	1	0	0	0	0	0	0	0
실제로도 비슷한거 본적있어서 개극혐 맘충 씹년들 캬약퉤 노맘충존 요구됨	1	0	0	0	0	0	0	0	0	0	0
크 쌍도남클라스 외국까지나가서 쌍도냄새를 풍기노	0	0	0	0	0	1	0	0	0	0	0
모여서 집단예배하고 천국행 노리나	0	0	0	0	0	0	1	0	0	0	0
급식충들은 뒤져도돼	0	0	0	0	1	0	0	0	0	0	0
아랍새끼들은 다죽여야해짱깨와 아랍새끼들은 다죽여야지	0	0	0	1	0	0	0	0	0	0	0
진정한 남페미는 알아서 재기함 후팔 재기할 용기도 없으면서 페미운운하는거 역겹노	0	1	0	0	0	0	0	0	0	0	0
섹스하다가 질리면 헤어지는거지 순정은 지랄	0	0	0	0	0	0	0	0	1	0	0
저런거 못잡지 않나	0	0	0	0	0	0	0	0	0	1	0
욕봤노 한남충들은 뜯어먹을것도 앵나 없노 코르셋들도 여행가면 한남은 경계한다이기	0	1	0	0	0	0	0	0	0	0	0
진짜 저러면 그저 빛	0	0	0	0	0	0	0	0	0	1	0
좌빨종북주사파 달창대개문 김정은애완견 들 조민 표창장 은 어디서 나온거야 유시민은 동양대 총장한데 전화 는 왜 한거야 중국가서 사드 보복하라구 고자질 은 누가 한거야비리 들어나면 메신저 공격하는 생양아치 좌빨 종북주사파 달창대개문 김정은애완견 들	0	0	0	0	0	0	0	1	0	0	1
페미니스트는 멀쩡한 여성들도 욕먹게 만드는 정신병임	1	0	0	0	0	0	0	0	0	0	0
처형이고 글쓴놈이고 대화수준이 촌동네 시골바닥 수준이네	0	0	0	0	0	1	0	0	0	0	0
돈받고 기사쓰나	0	0	0	0	0	0	0	0	1	0	0
하이패스가 웬수지 누구한테원망 갈수록 힘들어진다 급격한 ai에 도처에서 날리지 5년후면 10년후면 로봇이 점령할거다	0	0	0	0	0	0	0	0	1	0	0
말이 14억이지 미국 호주 캐나다 일본 한국 퍼진거합치면 추산 불가아니냐	0	0	0	0	0	0	0	0	0	1	0
저거보면 진지하게 지나가는 게이 뚜두려패고 싶은 마은 솓아남	0	0	1	0	0	0	0	0	0	0	0
가부장제 사회 디폴트가 여혐이다	0	0	0	0	0	0	0	0	0	1	0
무슬림들에게 전복당하면이슬람 율법을 거부하는 남자들은 가축마냥 참형에 처해짐샤리아 체계 아래 자유와 선택따윈 없음 죽음과 복종뿐	0	0	0	0	0	0	1	0	0	0	0
그러니 그런데를 왜다녀요	0	0	0	0	0	0	0	0	1	0	0
ppap 크게 틀면 조용해짐	0	0	0	0	0	0	0	0	0	1	0
갓본께서 빨리 동아시아를 통일시켜주면좋겠다	0	0	0	1	0	0	0	0	0	0	0
초대남줄서봅니다	0	0	0	0	0	0	0	0	1	0	0
개독 만세	0	0	0	0	0	0	1	0	0	0	0
탈북자 새끼들 다 북한으로 돌려보내야한다 얘들은 자기 조국을 배신한 변절자다참고로 알겠지만 배신을 한번하면 또 두번하고 그 이상으로 한다	0	0	0	1	0	0	0	0	0	0	1
존나 깝치네 개슬람새끼들이	0	0	0	1	0	0	1	0	0	0	0
저거 야동을 너무 많이 보고 좆본가서 저런 거 아니냐씨발 현실과 판타지를 구분 못하는 새끼들좆본법으로 외노자새끼들은 강력하게 처벌해야됨	0	0	0	1	0	0	0	0	0	0	0
피싸개들이 낳아봐야 똥싸개뿐이지 별거있냐	1	0	0	0	0	0	0	0	0	0	0
난 오줌싸고 꼬츄 휴지로 닦음	0	0	0	0	0	0	0	0	0	1	0
외국은 여자가 성바꾸더만 병신년들 정도를모르네	1	0	0	0	0	0	0	0	0	0	0
짱깨 속국을 자처하는 대가리 깨진 새끼들이 있는데 어쩌겠노빨리 떠야지	0	0	0	1	0	0	0	0	0	0	0
진짜 쟤들은 얼마나 가난한거냐	0	0	0	0	0	0	0	0	1	0	0
사투리꼬라지보소 쌍도자지들은 사투리쓸때마다 존나 촌내나고 역겨움	0	0	0	0	0	1	0	0	0	0	0
전남 보성에 광주 이씨잖아몰랐냐지금 보성에 날리도 아닌데	0	0	0	0	0	0	0	0	0	1	0
똥남아 존나 냄새나게 생김	0	0	0	1	0	0	0	0	0	0	0
어깨가넓은게아니라 얼굴이존나작네시말	0	0	0	0	0	0	0	0	1	0	0
w전라도 외국이니깐 다문화맞지	0	0	0	0	0	1	0	0	0	0	0
행갓치는 워추다이기야	0	0	0	0	0	0	0	0	0	1	0
사일런트힐이네	0	0	0	0	0	0	0	0	0	1	0
신기하게도 알라뽕 우가차차 위주로 구워졌네	0	0	0	1	0	0	1	0	0	0	0
연발 시발 좆같음 누르면 없어져서 쏘는재미도 없음	0	0	0	0	0	0	0	0	1	0	0
장애있냐 마지막에 왜 물어보는거냐	0	0	0	0	0	0	0	0	1	0	0
20대 남자 현실 알만하다 모질이 천치들	0	1	0	0	0	0	0	0	0	0	0
진짜 차기 대통령감이다	0	0	0	0	0	0	0	0	0	1	0
저런 거지새끼들하고 통일하기 싫다오지좀 마라 제발 북한이든 조선족이든	0	0	0	1	0	0	0	0	0	0	0
경찰도되고 군인도되고 소방관도되고 여자도 똑같이 다 할수 있다고 하지만 여자가 약해서 당하는건 어쩔수 없다는건 이런데서 확연히 표시난다는거	1	0	0	0	0	0	0	0	0	0	0
시민들의 성문제을 대처하고 예방해야될 기관이 도리어 무풍지대가 되어 저것들도 쉬쉬하는것들이 무슨 시민의 단체장을 맡고 성문제특보는 뭐한다고 있나 누구보다 문제 심각성을 심도있게 파고 들어 해결해야되는 사람이 허수아비가	0	0	0	0	0	0	0	0	1	0	0
한남충새끼들존나폭력적이고개지랄을다떠는데 누가좋아하느	0	1	0	0	0	0	0	0	0	0	0
스시녀랑 결혼해서 갓본으로 귀화하고싶다	1	0	0	1	0	0	0	0	0	0	0
어쩐지 문통지지률과 민주당 지지률 이상하고 대통령 응원 만이올라가더라 모두가 공산당과 짱개들 짓이내	0	0	0	1	0	0	0	0	0	0	1
치욕을 받았노	0	0	0	0	0	0	0	0	0	1	0
필리핀 제발망하게해주세요	0	0	0	1	0	0	0	0	0	0	0
카야 스코델라리오가 더 이쁘지 않냐	0	0	0	0	0	0	0	0	0	1	0
기업들이 만든거 달통한테 왜 서한보낸겨 이기사거리로 또 선동질하겠구먼	0	0	0	0	0	0	0	0	1	0	1
정신또라이들 교회 다니는 인간들 졸라 재수없어 지들만 믿으면 되지 꼭 끌어드리려고 얼굴에다 염산 확 뿌려버려야지	0	0	0	0	0	0	1	0	0	0	0
이자식들 나라망하게 바이러스 퍼트리고다니네 저것도 목사라고 한심하다	0	0	0	0	0	0	1	0	0	0	0
좆중고딩 허세 방출 글댓글들이 가관이다지워라 글좆중고딩을 보면 조사버리고 싶어	0	0	0	0	1	0	0	0	0	0	0
오 난 당연히 노르웨이인인것을	0	0	0	0	0	0	0	0	0	1	0
남들에게 유식한척 훈수는 두고 싶은데 그만큼 잘나지도 않고정보화 시대에 젊은사람들보다 지식이 뛰어나지도 않으니까정상인들은 관심조차 가지지 않는 이상한 음모론 틀튜브 주워듣고와서자기만 아는 대단한 정보인양 떠벌려대는 거임	0	0	0	0	0	0	0	0	1	0	0
난 왜안나오냐 시발련들아	0	0	0	0	0	0	0	0	1	0	0
어차피 친구가 준건데 어떻노 병신아	0	0	0	0	0	0	0	0	1	0	0
트랜스젠더 이거 정신병이에요	0	0	1	0	0	0	0	0	0	0	0
그게 이상해 발악하는 새끼들이 다 짱개분탕새끼들임	0	0	0	1	0	0	0	0	0	0	0
저런 씨발틀딱 새끼들 진짜 나한테 걸리면 반 조져놓는다	0	0	0	0	1	0	0	0	0	0	0
목숨 처럼 여기는 예배가 아니고 돈	0	0	0	0	0	0	1	0	0	0	0
유산균이 필요하면 쟤들은 요구르트먹는데 한국은 맵고 짠 김치랑 쉰내나는 된장쳐먹고 있으니	0	0	0	1	0	0	0	0	0	0	0
맞는말이네 결혼하면 100점이라는게 뭐가 성추행이냐 늙어서 남한턱 피해주말고 결혼해서 애들낳도록합시다	1	0	0	0	0	0	0	0	0	0	0
저 시발련 전라도에서 통수스킬 배우고 바로 써먹노	0	0	0	0	0	1	0	0	0	0	0
또 또 교회야 아우지겨워	0	0	0	0	0	0	1	0	0	0	0
창녀들은 세금도 안내는데 지원 받는건 왜 이렇게 많냐	0	0	0	0	0	0	0	1	0	0	0
난민에 꼴페미에 아주나라 잘돌아간다	1	0	0	0	0	0	0	1	0	0	0
여성우월국가 여성우대국가 여성배려국가에서는 당연한 결과지	1	0	0	0	0	0	0	0	0	0	0
짤게 노인네들을 욕해 가만히 잇는 사람들한테 그러노	0	0	0	0	1	0	0	0	0	0	0
조선족 천지 사이트네	0	0	0	1	0	0	0	0	0	0	0
동양인이 서구권에서 발발한 종교믿는거 자체가 허영심임	0	0	0	1	0	0	1	0	0	0	0
어떤 간식을 쳐드시길라 600만원임	0	0	0	0	0	0	0	0	0	1	0
살면서 기독교충이랑 앱등이만 거르면 사교관계 8할은 성공한거랬음	0	0	0	0	0	0	1	0	0	0	0
고소가 먼저다	0	0	0	0	0	0	0	0	0	1	0
명불허전 존 라 도	0	0	0	0	0	1	0	0	0	0	0
괴벨스의 선동이론도 모르느냐 게헛소리를 믹스해놓으니 한남들이 노발대발한거 아니겠느냐 이 빻은련아 네이련 웜상주바이러스 걸린련이 조신하지 못하게 어서가서 베둘레헴이나 확장시키거라	1	1	0	0	0	0	0	0	0	0	0
하다하다 이거가지고 심술이노개같은김치녀까는건 어쩔수없다하더라도 저건 그냥 진심으로 맛있어서 그런겉은데	1	0	0	0	0	0	0	0	0	0	0
기분개더럽노	0	0	0	0	0	0	0	0	1	0	0
348 난 워마드에 창작 게시판 만드는 건 반대한다 이기야 여기서는 토론하거나 정보교환하고 앞으로 어떤 전략을 세워야 할지만 얘기하는게 더 좋다고 보노	0	0	0	0	0	0	0	0	0	1	0
개슬람 존나 싫어	0	0	0	1	0	0	1	0	0	0	0
개독 중에도 아직 사람새끼가 있었나보네	0	0	0	0	0	0	1	0	0	0	0
홍어 핫스팟이네 좆같다	0	0	0	0	0	1	0	0	0	0	0
가세연이 뭔데 씨발놈들아	0	0	0	0	0	0	0	0	1	0	0
지가 거르는줄아노 장애인이노	0	0	0	0	0	0	0	1	0	0	0
왜 충동에서 끝나냐 안타깝네 씨발	0	0	0	0	0	0	0	0	1	0	0
사실상 세상에서 제일 미개한 민족 짱깨보다 더미개함	0	0	0	1	0	0	0	0	0	0	0
로봉 요새머하냐	0	0	0	0	0	0	0	0	0	1	0
단지 한국여자라는 이유만으로 단 1의 예외도 없이 전부 다 살처분해 돼지사료로 줘버리기만 해도 이 세상 모든 인류에게 평화가 찾아오고 이전에 경험해 보지 못한 놀라운 수준의 발전이 가능해질듯	1	0	0	0	0	0	0	0	0	0	0
시발 탈북자 정부 보조금 좀 줄여라	0	0	0	1	0	0	0	0	0	0	0
이늠 물지마라 우파끝난다 페미코인탄 안정권라인 전라도다	1	0	0	0	0	1	0	0	0	0	0
쟤가 타던차종이 뭐엿내	0	0	0	0	0	0	0	0	0	1	0
뒈짓 쿨내 오지노	0	0	0	0	0	0	0	0	1	0	0
한남들 또사고치네 진짜	0	1	0	0	0	0	0	0	0	0	0
노력해서 자지좀 키워라 후팔새끼들아	0	1	0	0	0	0	0	0	0	0	0
와 멋잇다	0	0	0	0	0	0	0	0	0	1	0
걍 북으로 다시 꺼져 제발	0	0	0	1	0	0	0	0	0	0	0
지금 가짜좆민 새끼들 쫓으라고 난민법 폐지하라고 시위하는 사람들 대부분 애있는 보수층이노	0	0	0	1	0	0	0	0	0	0	0
자지들 돈 벌기 쉽노	0	1	0	0	0	0	0	0	0	0	0
홍어 는 죽여도 된당께	0	0	0	0	0	1	0	0	0	0	0
홍어에 뇌빨린 개쌍도인	0	0	0	0	0	1	0	0	0	0	0
씨발 진짜 개극혐이네 지들끼리 살라고해 왜 정상인의 범주로 들어올려고 지랄이냐	0	0	0	0	0	0	0	0	1	0	0
그동안 논란이됐던 교과서 역사왜곡보다 훨씬 심각한 일이고 정말 역겨운 범죄다 교사라는 인간이 아이들한테 반사회적 사상교육을 한다니 이런 미친짓을 당장 멈춰야 하고 뿌리뽑아야 한다 정말 구역질이 올라온다	0	0	0	0	0	0	0	0	1	0	0
교인들돈삥뜯어 새끼들 까지 끼고 관광 이나 기돌아다니면서 전염병이나 옮기고 참으로 엿같은 개독 먹사시키들 먹사들유흥비나 대주는 한심한 교인들	0	0	0	0	0	0	1	0	0	0	0
옥주할매 보지에 불나서 쉰다는 글 생각나네우웩	1	0	0	0	0	0	0	0	0	0	0
그러니교회가사회악이되어간다	0	0	0	0	0	0	1	0	0	0	0
맘충이란 단어를 국어사전에 등재해도 될듯싶다	1	0	0	0	0	0	0	0	0	0	0
미국에서는 9살 연하가 또래군	0	0	0	0	0	0	0	0	0	1	0
솔직히 별로 재미없음	0	0	0	0	0	0	0	0	1	0	0
추운 사람은 입으면 해결되지만 더운건 상탈할수도 없고 해결이 안되잖아	0	0	0	0	0	0	0	0	0	1	0
틀딱탈모충 극혐	0	0	0	0	1	0	0	0	0	0	0
아버지도 처벌해야지	0	0	0	0	0	0	0	0	0	1	0
소추감별 감사	0	1	0	0	0	0	0	0	0	0	0
퍄퍄 보면 볼수록 이글은 한남 퇴치 부적이노	0	1	0	0	0	0	0	0	0	0	0
북남 남남둘다 기차놀이하고 죽엇으면	0	1	0	0	0	0	0	0	0	0	0
꼭 키 작은 급식충이 이런 글 씀	0	0	0	0	1	0	0	0	0	0	0
시발년들아 똥송민국 일이나 걱정해라	0	0	0	1	0	0	0	0	0	0	0
틀딱들 혈압올릴라고 들어오는거임 빨리뒤지라고	0	0	0	0	1	0	0	0	0	0	0
할짓거리 없이 책상머리 틀어박혀 하는거라곤 피해망상  뿐인 페미 쿵쾅이 기레기들 싹 다 잡아다 군대  훈련소 보내 남자 똑같이 훈련하게 하면 하루도 못가  눈물 찔찔 짜며 살려주세요 다신 망상 안할께요 할텐데	1	0	0	0	0	0	0	1	0	0	0
헬게이트 런던	0	0	0	1	0	0	0	0	0	0	0
동성애는 일반인과 조금 다른게 아니라그냥 틀린거다	0	0	1	0	0	0	0	0	0	0	0
으 조오팔 좆나 답답하네	0	0	0	0	0	0	0	0	1	0	0
火기 찬 하루	0	0	0	0	0	0	0	0	0	1	0
와쇼린이 탁탁탁 오늘은 이거다	0	0	0	0	0	0	0	0	1	0	0
동성애는 변태 성욕이다	0	0	1	0	0	0	0	0	0	0	0
콘돔껴도 안되노 그냥 먹지마라 이기야	0	0	0	0	0	0	0	0	1	0	0
그래도 지구는 평평하다	0	0	0	0	0	0	0	0	0	1	0
선거는국회의원이하나 당신들이아무리날뛰어도  국민이투표로 심판한다 국민이 바보로이나 홍콩보았을것이다  보이나 봤나 국민을 우롱하면 그만큼의죄을받는다  두고보시라 지금이야 권력잡고있으니 마음대로하겠지만 국민이 바보가아니다	0	0	0	0	0	0	0	0	1	0	0
경상도새끼들 수준봐라 버러지같은새끼들	0	0	0	0	0	1	0	0	0	0	0
대구라서 죄송합니다 시발좆나 쪽팔리네	0	0	0	0	0	1	0	0	0	0	0
유튜브해서 남피해주는새끼들 걸리면 바로 모가지따서 직이뿌야된다	0	0	0	0	0	0	0	0	1	0	0
나 불렀노	0	0	0	0	0	0	0	0	0	1	0
저 애비도 일베를 했어야지	0	0	0	0	0	0	0	0	0	1	0
사우디 개슬람새끼들 씨발 밤새도록 음악 존나 크게 쳐틀어놓고 집에서 딸딸이를 치는지 존나시끄러움 개새끼들 씨발 좆미개 사막땅그지새끼들	0	0	0	0	0	0	1	0	0	0	0
시발 난저거 다 조선족 몸또같은 사긴줄 알고안갓네 여튼 잘됫네	0	0	0	1	0	0	0	0	0	0	0
딱봐도 우덜구울당 당원에 매일 틀튜브나 처보는 구울틀딱이네	0	0	0	0	1	0	0	0	0	0	0
자유민주주의 국가들에겐 자폭 테러나 일삼는 개 찌질한 개슬람 색히들 전혀 동정이 가지 않는다	0	0	0	0	0	0	1	0	0	0	0
자연이 좋아서	0	0	0	0	0	0	0	0	0	1	0
붓다가 보면 어떤 생각을 하실까	0	0	0	0	0	0	0	0	0	1	0
늘 니글보면서 느끼는거지만 이란을굉장히좋아하는듯	0	0	0	0	0	0	0	0	0	1	0
함 박아줘	0	0	0	0	0	0	0	0	0	1	0
트랜스 섹스토이 지 남충 바람피웠다는 영상에도 업업하는 정성이 머단하노	0	0	1	0	0	0	0	0	0	0	0
어느 책에서 본건데종교로 인해서 죽는 사람이 백명이라면80명은 이슬람에 의해 죽는 기독교인나머지 20명은 이슬람 율법에 죽는 여자들 이라고	0	0	0	0	0	0	1	0	0	0	0
목사 시키 구속하고 재산압류하여 피해보상 청구하라 쓰레기 목사 다	0	0	0	0	0	0	1	0	0	0	0
저러다 한국인 빡치면 폭력행사되는거다참다참다 폭력사태터지면 조선족들엄청 맞아죽을수도있다	0	0	0	1	0	0	0	0	0	0	0
개슬람은 홍어들이랑 똑같아 밖으로는 아닌듯 코스플레 하지만 결정적인 순간에 직들 종특 나옴	0	0	0	0	0	1	1	0	0	0	0
저친구는지금뭐할까	0	0	0	0	0	0	0	0	0	1	0
메드포갈릭이다 이기야	0	0	0	0	0	0	0	0	0	1	0
예수개씨발새끼야 니가씨팔신이면 니후빨하는저런개시팔목사새끼좀 알아서처단해라 씨펄존재하지도않는 개잡신을만들고쳐믿고추종들하는 개독은답이없다진짜	0	0	0	0	0	0	1	0	0	0	0
여혐낙태부터 시작해서 김치녀개념녀 구분짓기	1	0	0	0	0	0	0	0	0	0	0
웜련들아 전쟁나면 10틀딱은하고 난민신청하자이기야	0	0	0	0	1	0	0	0	0	0	0
형 그냥 등록취소해	0	0	0	0	0	0	0	0	0	1	0
한남은 죽으면 착해진다이기 흙이되야 착해짐 개사료로도 개 탈난다 안된다이기	0	1	0	0	0	0	0	0	0	0	0
진짜 이번에 좇선족이나 뭐던 시벌 동남아던 비례대표 번호주면표안준다씨발 정신차릴때까지	0	0	0	1	0	0	0	0	0	0	0
동남아 새끼들은 씨를말려야되 좆같은 새끼들	0	0	0	1	0	0	0	0	0	0	0
크 역시 텍사스	0	0	0	0	0	0	0	0	0	1	0
개독 새끼들 사람 뇌가 아녀	0	0	0	0	0	0	1	0	0	0	0
진짜 존나 병신같다	0	0	0	0	0	0	0	0	1	0	0
꽉낀청바지 갈아입고 거리를 나섰네	0	0	0	0	0	0	0	0	0	1	0
너보다스펙좋은여자들은뭐냐내주변만해도있던데결국 유유상종문제아닐까 고졸 지잡 좆문이거나말야	0	0	0	0	0	0	0	1	0	0	0
상무 따라 가라 익2야2야2야	0	0	0	0	0	0	0	0	0	1	0
양남좆에 한남좆 넣는거 충분히 가능할듯	0	1	0	1	0	0	0	0	0	0	0
구웨엑 다뒤진 시체벌레를 기계벌레로 감싸다가 난자에 박노 후팔 좆극혐 으씨팔 그 다 뒤진유충 그걸 포궁에다 넣어서 기르게할것아니노 존나더럽노 벌레노	0	1	0	0	0	0	0	0	0	0	0
왜 보지들은 생리랑 군대랑 비교를하냐 씨발년들	1	0	0	0	0	0	0	0	0	0	0
레즈비언이 여자가 여자를 좋아하는 거잖아 저 트젠년은 지가 여자라 생각하는거지	0	0	1	0	0	0	0	0	0	0	0
뜯어고칠게 한두개가아니다이기 한남은 학살이 답이노 여윽시 한남은 고쳐쓰는게 아니다이니야	0	1	0	0	0	0	0	0	0	0	0
슬리퍼에 호남향우회 적혀있네	0	0	0	0	0	0	0	0	0	1	0
말투부터 기갈 따라하면서 이건 내가 아니고 웃자고하는거다 절대 난 기갈이랑 상관없다 이부랄 안떠는 자댕이가 없노 창짓하는 좆이돌들 아이돌 춤추면서도 그러노 같은 아이돌끼리 춤빠꾸면 그대로 당연하게 어울려보이게 노력한다이기야	0	0	1	0	0	0	0	0	0	0	0
한남만 죽이는 인종차별단체는 응원한다 이기야	0	1	0	0	0	0	0	0	0	0	0
조선족은 바퀴벌레의 꼬붕 할짓없어서 짱깨꼬븡이냐	0	0	0	1	0	0	0	0	0	0	0
한국같은 곳에서 정말 이질적 모순적인 단어임 퀴어	0	0	1	0	0	0	0	0	0	0	0
북한에서 한국	0	0	0	0	0	0	0	0	0	1	0
필리핀에서는 사람 죽이는데 20만원 이라며	0	0	0	1	0	0	0	0	0	0	0
주연이형 페미는 정신병이야 성차별이 아니야	1	0	0	0	0	0	0	0	0	0	0
이상도 흑좆나 이상	0	0	0	1	0	0	0	0	0	0	0
이건 페미완 상관없는일 같은데 그냥 규정을 악용한 일부 공무원인듯 그 악용한 규정이 육아휴직일뿐 너무 여혐조장인듯 왜 있는규정써서 교묘하게 힘든일 빠져나가는게 페미니즘일까요 그냥 교활한짓이고 제도적 개선이 필요한 일일뿐이라고 느껴집니다	0	0	0	0	0	0	0	0	0	1	0
쿵쾅피싸개	1	0	0	0	0	0	0	0	0	0	0
백퍼 짬지에다가 당근도 넣엇다	0	0	0	0	0	0	0	0	1	0	0
당신아빠도 저렇게200만짜리기계달고오면 기분이 어떻겠노 저가게어디지오픈해라	0	0	0	0	0	0	0	0	1	0	0
인생에서 기독교는 믿고 걸러야됨	0	0	0	0	0	0	1	0	0	0	0
형님 안녕하세요 정말로 형님의 여동생분과 교제를 하고 싶습니다 꼭 연락주세요	0	0	0	0	0	0	0	0	0	1	0
먼일했었냐	0	0	0	0	0	0	0	0	0	1	0
힘내라게임파밍이랑 뭐 비슷한기다	0	0	0	0	0	0	0	0	0	1	0
부산의 전라도영도새끼들 반성해라영도새끼들 아무래도 섬사람이라존나 개새끼들 많음암튼 성격 좆같은새끼들도 존나 많고사색즐기는새끼 변태같은새끼 일단 말투만 경상도고 하는짓 생긴거는 전라도임	0	0	0	0	0	1	0	0	0	0	0
문재앙덕분에 짱께멀티 되는것도 한순간이네	0	0	0	1	0	0	0	0	0	0	1
근데 다음날이 바로 시위날아니노	0	0	0	0	0	0	0	0	1	0	0
제발 저 미친 개독교 짐승에게서 저아이 구해주세요	0	0	0	0	0	0	1	0	0	0	0
대표연설 2탄썼다 이기야1탄은 틀딱들 딱스터콜 쳐맞고 삭제됬다	0	0	0	0	1	0	0	0	0	0	0
전라도에서 북괴 김씨 3부자 쳐빠는 새키들이 바로 저런 부류임북괴 주체사상교가 기독교의 변형된 사이비형태거든나라 10창내고 부정선거 저지른 종중 종북 매국노 민족반역 공산 독재자 문재앙 지지율이 지금 전라도에서 92프로임	0	0	0	0	0	1	0	0	0	0	1
동생애자 새끼들은 IS 가 가지고 있는꿈과 희망의 투명미끄럼틀 에 다 태워야된다	0	0	1	0	0	0	0	0	0	0	0
개새끼들아 한국놈이 난민을 헤꼬지했다곤 생각안하냐	0	0	0	0	0	0	0	0	1	0	0
못살고 힘도 없는 것들이 강대국이 대학교를 설립해준다고 하면 주절먹 해야지	0	0	0	0	0	0	0	1	0	0	0
후팔 세상이 미쳐돌아가노	0	0	0	0	0	0	0	0	1	0	0
또다시 그 그림 보니 이상하긴 하네 왜 하필 여자캐릭터에다가 조개라니 으음 방송국에서 띄워줄 때 알아봐서야 했었는데	0	0	0	0	0	0	0	0	1	0	0
비계덩어리들이 뭘 알겠냐	0	0	0	0	0	0	0	0	1	0	0
안절수가 쑈한다고 봉사자를 폄훼하는 사람이 사는 대구는 코로나 걸려도 쌈	0	0	0	0	0	1	0	0	0	0	0
진짜로 너하고 자고 싶고	0	0	0	0	0	0	0	0	1	0	0
근데 진짜 실제로 저거 짤 바꼈다 진짜 한국 보지단체년들 파워가 쌔긴한거같더라 저 년들 지랄하고나서 바로 없어지더라 저 짤	1	0	0	0	0	0	0	0	0	0	0
난 옛날부터 아빠다리라고 들으면서 컸는데 앞으로 단어 바꿀생각도없음	0	0	0	0	0	0	0	0	0	1	0
급밍아웃 좆같이하네 그냥 나처럼 조용히 활동해라	0	0	0	0	1	0	0	0	0	0	0
차라리 동남아 필리핀같은데가서 꺼드럭거리며 사는것도 나쁘지않을듯	0	0	0	1	0	0	0	0	0	0	0
이것도 뭔가 조작느낌이 팍 난다 이기야그냥 오바마가 하던거니까 지웠을거같은데	0	0	0	0	0	0	0	0	1	0	0
싹모아서 흑산도로 보내자	0	0	0	0	0	1	0	0	0	0	0
그냥 무슬림 새끼들 다 뒤쟛으면	0	0	0	1	0	0	1	0	0	0	0
공짜로 치로 해주니까 그러지 관리 소홀로 집단간염 발생시 절대 공짜로 치로 해주지말고 비급여로 전액 개인청구 합시다	0	0	0	0	0	0	0	0	1	0	0
워념글 읽어보고 메모장이라도 켜서 니 생각 쓰는습관들여라이기 그러다보면 이해안가고 막히는 부분생기노 그럼 그부분에대해 고민하고 더 공부하면서 니 의견 확립해가면 된다이기 그게 워마드랑 백프로 일치할 수도 있고 아닐 수도 있는거노	0	0	0	0	0	0	0	0	0	1	0
나 나가면서 가까이서 봤노 국자대인 맞았다 이기야 맑은 날씨에 그늘 아래서 활짝 웃는 삭발머리 보니 기분이 봊나 좋더노	0	0	0	0	0	0	0	0	0	1	0
게이들아 난 남자인데 여자처럼 예쁘게생겨서 옛날부터 어른들이 여자같다고 예쁘다고 그러셨다 그런데 나도 모르게 점점 남자가 좋아진다 이거어떻게 해야하냐	0	0	0	0	0	0	0	0	0	1	0
자집애들 진지할 때가 제일 웃기노	0	1	0	0	0	0	0	0	0	0	0
사스가 불의도시	0	0	0	0	0	1	0	0	0	0	0
이런데도 탈북자 옹호하는 개씨발 틀딱새끼들부터 사형시켜야한다	0	0	0	1	1	0	0	0	0	0	0
트젠이라 충격 먹고 죽은거 아니노	0	0	1	0	0	0	0	0	0	0	0
벌써 했지 병신아 말 놓은거보면	0	0	0	0	0	0	0	0	1	0	0
씨발년 보확찢	1	0	0	0	0	0	0	0	0	0	0
봊나 멋지노 또 한번 배우고 간다 이기야	0	0	0	0	0	0	0	0	0	1	0
개 좆같은 똥남아 씨발련이 국개의원 됐다고 존나 유새부리고 다니네 개썅년이 살살 빨아 쟤껴주니 뵈는게 없어	1	0	0	1	0	0	0	0	0	0	0
넘 단조로운거같은데	0	0	0	0	0	0	0	0	0	1	0
부자만 애 낳으니까 점차 저렇게 되겠지	0	0	0	0	0	0	0	0	0	1	0
이래서 전과자새끼들은 걸러야해	0	0	0	0	0	0	0	0	1	0	0
김치년 수준	1	0	0	0	0	0	0	0	0	0	0
똥남아새끼들이 작은거냐 저년이 키가 큰거냐	0	0	0	1	0	0	0	0	0	0	0
이기적이고 미개하다	0	0	0	0	0	0	0	0	1	0	0
페르시아만 은 조용한 날이 없노	0	0	0	0	0	0	0	0	0	1	0
대한민국에 저런 인간이 있다는 사실이 역겹다	0	0	0	0	0	0	0	0	1	0	0
단국머 국민머까지는 알고는 있음	0	0	0	0	0	0	0	0	0	1	0
또 페미년들 튀어나온	1	0	0	0	0	0	0	0	0	0	0
다 내가 안보는것들이네순위권 밑에 찌끄러기 버러지들이노	0	0	0	0	0	0	0	0	1	0	0
어디 남자가 조신하지 못하게 교통사고 당해서 길바닥에 피를 휘갈기노	0	1	0	0	0	0	0	0	0	0	0
근데 니머리 만진거 말고는 피해준건없엇잖아	0	0	0	0	0	0	0	0	0	1	0
홍대남 사건으로 자들대는 거 보면 후팔 앵나온다 여성 몰카 강간 포르노 찍은 자집놈들은 안 잡고 뭐하노	0	1	0	0	0	0	0	0	0	0	0
일장기 달고나가라	0	0	0	0	0	0	0	0	0	1	0
출산정책때매 그런건가	0	0	0	0	0	0	0	0	0	1	0
성매매 앵나게 하고 뒷통수 좆나 치는 라도남 무시하지 말아라 말투가 얌전해서 그렇지 까놓고 보면 얍샵하게 비열하노 와꾸도 키큰 놈들 없고 앵나게 빻음	0	0	0	0	0	1	0	0	0	0	0
짱깨바이러스 짱깨폐렴	0	0	0	1	0	0	0	0	0	0	0
속시원하다	0	0	0	0	0	0	0	0	0	1	0
소신발언 지지합니다	0	0	0	0	0	0	0	0	0	1	0
더 정확히말하면인류역사의 건설적인 생산활동을 거스르고사는 극소수의 정신병자	0	0	0	0	0	0	0	1	0	0	0
수술전 한국남자와 같이 군대보내면 여자로 살고싶은 마음이 절실할껄	0	0	1	0	0	0	0	0	0	0	0
착한보지 가랑이 벌리면 효심이 콸콸 흐르는 파이프 보지	1	0	0	0	0	0	0	0	0	0	0
야들야들한 양쇼리니나 자질큰 흑남이 맍나는것도 손해구먼 한남을 외국나가서따먹고잇노	0	1	0	1	0	0	0	0	0	0	0
링크에 특수문자 붙여라이기	0	0	0	0	0	0	0	0	0	1	0
10차례면 즐기고 뒷통수 때린건데여자고향은 모르지만 통수가 통수했다라고 느낌온다	0	0	0	0	0	1	0	0	0	0	0
사진에 나온새끼들 죽여버리고 싶다	0	0	0	0	0	0	0	0	1	0	0
P2P에서 동야 받앗는데 허스키랑 양키랑 떡친영상보고 고추죽은거 생각난다판매자 시1발련	0	0	0	1	0	0	0	0	0	0	0
징글지글한 교회도 지겨운 데 무슬림까지 보태서 난리 굿을 하네 둘다 지겹다 추방해라	0	0	0	0	0	0	1	0	0	0	0
씨X럼의새X	0	0	0	0	0	0	0	0	1	0	0
찝접은 니 밥먹는 소리냐 깔깔깔	0	0	0	0	0	0	0	0	1	0	0
왜 하필 중국짱깨년과 짝이 되었을까 선생님의 한수	0	0	0	1	0	0	0	0	0	0	0
허리디스크 있는데 내일 점심 짜장 짬봉 뭐 먹을지 골라줘라	0	0	0	0	0	0	0	0	1	0	0
합법적 살인권만 주어지면 k9몰고 가 다 쓸어버릴 자신 있는데 대한민국에 엠흑 개슬람 조선족 외노자 새끼들은 안 된다 무적권 안 된다	0	0	0	1	0	0	1	0	0	0	0
그거 어디서 구하냐	0	0	0	0	0	0	0	0	0	1	0
쟤 짱깨조선족이잖아	0	0	0	1	0	0	0	0	0	0	0
발작하면서 되저어라 벌레 같은 쓰레기들	0	0	0	0	0	0	0	0	1	0	0
김치년과 비교해봐	1	0	0	0	0	0	0	0	0	0	0
열등인종청소하고 다문화하면 될텐데	0	0	0	1	0	0	0	0	0	0	0
반갑습니다 저도 그 동네에서 오래 살았어요 76년생 입니다 간증에 감사함이 절로 나옵니다	0	0	0	0	0	0	0	0	0	1	0
어차피 태권도 관장이 이긴게임임 대인배 모드로 글쓰는게 여러므로 이득이지 오히려 저렇게 글쓴게 그 맘충이나 회사입장에서 더 좆같을껄	1	0	0	0	0	0	0	0	0	0	0
오열사 김관진정도면 탈라도임	0	0	0	0	0	1	0	0	0	0	0
정성꿘은 워추노	0	0	0	0	0	0	0	0	0	1	0
저런 시설 대대적으로 조사한번 들어가서 뒤집어 엎어야 한다 저런데가 한두군데 겠냐	0	0	0	0	0	0	0	0	1	0	0
씨발놈들 이기회 한몫 땡기겠다 이거구만	0	0	0	0	0	0	0	0	1	0	0
쌀국 자댕이들이 부랄딸랑이면 볼 만 하겠노 껄껄	0	1	0	0	0	0	0	0	0	0	0
독일 유학충인데 여기 살면서 느끼는 건 대학같은 곳에서 깨시민엔줄 아는 얘들은 난민 돕는데 혈안이다 그런 얘들 보면 거의 여자임	1	0	0	0	0	0	0	0	0	0	0
파오후 극혐	0	0	0	0	0	0	0	0	1	0	0
참 지눌도 풍년일세 저런걸 기사화 시키는게 더 웃기다	0	0	0	0	0	0	0	0	1	0	0
납치해서 30일 굶기고 씻겨서 데리고 살아히키아다 일게이 장가도 가고 개꿀	0	0	0	0	0	0	0	0	1	0	0
페미의 주장은 아무리 들어줘도 성차별이라고 계속 우기기 때문에 애초에 처음부터 무시하는게 정답입니다	1	0	0	0	0	0	0	0	0	0	0
역시 펨코남들 하는 짓 구려가지구	0	1	0	0	0	0	0	0	0	0	0
가운데 에서 살짝오른쪽 앉아있는아재 귀두보인다 그리고 가운데 살짝 왼쪽은 입으로빨아주고있네	0	0	0	0	0	0	0	0	1	0	0
아니 머리 말리기 귀찮아서 짧게 짤랐더니 여자좋아하냐거 물았던 부장 생각나네	0	0	0	0	0	0	0	0	0	1	0
시발 진짜 다문화에 관해서는 여야가 따로없고 남녀가 구분없네저건 이자스민없다고 다문화법안이 발의안될거라는건 순진한 생각이다 진짜	0	0	0	0	0	0	0	0	1	0	0
피싸개 고고 피싸개들 보지들의나라로	1	0	0	0	0	0	0	0	0	0	0
쌍화탕 비니루에 담아서 줘라	0	0	0	0	0	0	0	0	0	1	0
누구하나 총기탈취해서 난사좀 하고 가면안되낭	0	0	0	0	0	0	0	0	1	0	0
병신한국인 인종자체가 병신인듯	0	0	0	1	0	0	0	0	0	0	0
멀로내리쳐서 피가 천장에 맺히노	0	0	0	0	0	0	0	0	0	1	0
재덜 진짜 맘충이 아니라 북지령 간첩공범이야	1	0	0	0	0	0	0	0	0	0	0
추억의 담배하면 솔 88 이런거 말해야지나중에 용돈좀 받으면서 레종 사서피고 2010년 쯤에 보헴시가 모히또이런거 나왔을때 진짜 신세계였지 담배곽이 이렇게 예뻐도 되나하고	0	0	0	0	0	0	0	0	0	1	0
진짜페미들이 남성혐오 하는거 아니래잖아 가짜페미들아	1	0	0	0	0	0	0	0	0	0	0
모범을보일사람들아닌가	0	0	0	0	0	0	0	0	0	1	0
저런똥남아 새끼들 잡아다가 나라에서 족쳐야 한다	0	0	0	1	0	0	0	0	0	0	0
아직도 한남충들의 진실을 모르는 사람들이 많다 이기야 전세계적으로 다 퍼져서 모든 사람들이 알아야하노	0	1	0	0	0	0	0	0	0	0	0
그런데 남성용 새티 이미 있던데 쟨 찾아보지도 않고 뭘 부러워하는거노	0	0	0	0	0	0	0	0	0	1	0
홍어새끼들 특징 경상도가 바뀌어야한다며 개소리함 정작 전라도는 바꿀생각없음	0	0	0	0	0	1	0	0	0	0	0
신경숙은 표절 논란 쩔지 않았냐	0	0	0	0	0	0	0	0	0	1	0
마리망가봐라 한국만 똥꼬충들이 병신같은 동인지 봊나 올려낸다 감자 두마리가 후장쎅스하는 표지만 봐도 역겹노	0	0	1	0	0	0	0	0	0	0	0
올 삼일절 대목에 반일장사 실패	0	0	0	0	0	0	0	0	0	1	0
휴게실에서 뭐뢀지는 안봐도 비디오노 그거 만들어달라고 한놈들 다 창놈들이다	0	1	0	0	0	0	0	0	0	0	0
즈그들끼리 똥꼬에 좆질을 하든 사까시를 하든 그건 내 알 바 아닌데 그러다 에이즈 걸려서 억억대는 걸 세금으로 고쳐준다는 게 좆같음	0	0	1	0	0	0	0	0	0	0	0
그 일상의 조짐이 겨우 6안웃어주기9 는 아닐거노	0	0	0	0	0	0	0	0	1	0	0
저분도 신변위협당하다 다리건너시는거아니냐	0	0	0	0	0	0	0	0	0	1	0
너 안 같은 놈 놈이라면 다 싫다고 씨앙놈아	0	0	0	0	0	0	0	0	1	0	0
저 동네에는 한남들이 많이 사는게 분명하노 사람들이 모여사는 동네에는 저런 갈등이 하나도 없다 이기야	0	1	0	0	0	0	0	0	0	0	0
지금 바이든이 유리하네	0	0	0	0	0	0	0	0	0	1	0
저거 일일히 캡쳐한 새끼 솔직히 재기 이렇게 관심받는거 부러워했다에 지나가는 똥꼬충 전립선건다	0	0	1	0	0	0	0	0	0	0	0
저 아나운서 키라라 아스카 닮았노	0	0	0	0	0	0	0	0	0	1	0
응 그려 이름에 맞춰서 왜놈들한테나 커피 팔아 먹어라	0	0	0	1	0	0	0	0	0	0	0
현자가 되어서 책을 읽다니	0	0	0	0	0	0	0	0	0	1	0
와 좆나 지 후장만큼이나 흘러내리노	0	0	0	0	0	0	0	0	1	0	0
그말이 아니잖아 군전역하고 여군으로 지키라고 짤라매면 여군되고 붙히면 남군되고 하지말고 과정이 잘못됐잖아요 마치 숙명여대는 허용했지만 꽉막힌 시대흐름을 거스르는 군은 거부했다 이렇게 받아드려지는데	0	0	1	0	0	0	0	0	0	0	0
우리나라도 두테르테처럼 이런 개목들 체포해서 감방보내 갱생시키자	0	0	0	0	0	0	1	0	0	0	0
이딴 꼴 볼때마다 나는 살의에 차오르노 농담이 아니라 한남 지들이 이때까지 누려온거 고마운 줄도 모르고 대가리 텅텅 빈채로 빼애액 하는 꼴 볼때마다 살려둘 가치를 1기생충단위 만큼도 못 느끼겠노	0	1	0	0	0	0	0	0	0	0	0
무슨 기술있는것도 아니고 차라리 노가다 기술자를 국가직 공무원으로 고용해라 직접고용해주면 다음에는 학교다닐때 모범생들 은 밤 낮공부해서 취업한 사람들과 동등한 대우해달라고 데모할것아니냐 차라리없애라 전부 무임통과로 하고 자동차세 올려 그돈으로 민간도로세 주자	0	0	0	0	0	0	0	0	1	0	0
냄새나는 김치좆이는 재기가 답	0	1	0	0	0	0	0	0	0	0	0
무고죄가 더 악질이지서로합의하에 해놓고 남자인생 파탄시킴	1	0	0	0	0	0	0	0	0	0	0
나 초등학교때 여자 인원이 더 많아서 여자가 앞번호 였는데	0	0	0	0	0	0	0	0	0	1	0
총기를 들고일어난 하나의 폭동이야	0	0	0	0	0	0	0	0	0	1	0
개 천 재	0	0	0	0	0	0	0	0	1	0	0
아이고 웜 다 망해뿟노 좆팔 좆놈들 좋으라고 누가 자꾸 이런 글 올리노	0	0	0	0	0	0	0	0	1	0	0
왜냐하면 급식충 상당수는 걍 친구들이 뽑는거 따라 뽑거나 아무생갈없이 투표함	0	0	0	0	1	0	0	0	0	0	0
대한민국 성범죄 1위 직업 성직자 목사가 1위	0	0	0	0	0	0	1	0	0	0	0
토착왜구 아시아경제	0	0	0	1	0	0	0	0	0	0	0
이새낀 똥남아랑 결혼한새낀가 매매혼이고 뭐고 상괜없고 걍 열등유전자 퍼트리는게 좆같은거지	0	0	0	1	0	0	0	0	0	0	0
자기턴을 정직하게 지켰네 그래도	0	0	0	0	0	0	0	0	0	1	0
이래서 종중 매국노 중국몽 외치는 시발 새키들부터 쓸어버려야 한다는거다	0	0	0	1	0	0	0	0	0	0	0
뒤에 붙여진거 보니까 고등학교같은데 저런건 누가 붙여서 만드는거임	0	0	0	0	0	0	0	0	0	1	0
조씨 존나 싫다	0	0	0	0	0	0	0	1	0	0	0
그리고 이글도 데스노트로 옮겨라이니	0	0	0	0	0	0	0	0	0	1	0
그지랑 결혼한거잖노 중국은 애낳으면 10억준다더만	0	0	0	0	0	0	0	1	0	0	0
하나님 나라에 머물러 야할 사람이 사탄의정치를 두고 왈가 왈리 하는 자는 사탄의자식이다	0	0	0	0	0	0	1	0	0	0	0
한국교회가 하나되길 간절히 소망합니다	0	0	0	0	0	0	0	0	0	1	0
국내에 있는 파퀴 새끼들 다 죽여야 됨	0	0	0	1	0	0	0	0	0	0	0
남는 장사	0	0	0	0	0	0	0	0	0	1	0
러시아엿음 물리치료 당하고 두번다시는 못할텐데	0	0	1	0	0	0	0	0	0	0	0
아니저게뭐꼬오오오오오오오	0	0	0	0	0	0	0	0	0	1	0
빨렙들은 믿지말라노헬조선도 남도쪽으로 가면 짜짐홍통일체라노청도 밑으론 다 못 먹겠음그래서 되도록 그쪽밑으론 안 내려감	0	0	0	0	0	1	0	0	0	0	0
홍어들 밥상머리 정치교육이랑 다를바 없음	0	0	0	0	0	1	0	0	0	0	0
둘다 혐오스러운데 저학력 한남은 진짜 씹미개하고 옆에 두면 나까지 머갈빡 병신되는 느낌이라 노무싫노 면상 밟아서 눈알텨나오게 하고싶음	0	1	0	0	0	0	0	0	0	0	0
퀴어축제 반대반대 있어서는 안될일이에요	0	0	1	0	0	0	0	0	0	0	0
그렇네 결국 종교의 끝은 자지들의 날조와 자집애들을 위한것이었노	0	1	0	0	0	0	1	0	0	0	0
일요일엔 내고향 6시 안해 이 틀딱스키야	0	0	0	0	1	0	0	0	0	0	0
이건좀 오바같은데	0	0	0	0	0	0	0	0	0	1	0
최유정 닮았는데	0	0	0	0	0	0	0	0	0	1	0
블랙헤드가 아니라 털이야 깍아내고 피부안에 박혀 남은 털먹어도 되는데 좆같으면 못 먹는거고	0	0	0	0	0	0	0	0	1	0	0
스타벅스 커피한잔 들고 다니면 된장녀 소리듣던 10년 전과 단어만 바뀌었네요	0	0	0	0	0	0	0	0	0	1	0
기관지 폐쇄증 의심	0	0	0	0	0	0	0	0	0	1	0
잠재적이 아닌 그냥 범죄자 한남충	0	1	0	0	0	0	0	0	0	0	0
개독 까는떡밥 재밋다 계속해주라	0	0	0	0	0	0	1	0	0	0	0
뭔노래가이러냐 가사있어도 알아듣기 힘들다	0	0	0	0	0	0	0	0	1	0	0
관잦 아들친다 먹이주지마라	0	0	0	0	0	0	0	0	1	0	0
유노는 탈라도 아니노	0	0	0	0	0	1	0	0	0	0	1
저정도면 애기가 빡쳐서 젖 안빤다 하겠다	0	0	0	0	0	0	0	0	0	1	0
하여튼 진작에 자지들 도태되었어야하는데 살아있으니 문제노	0	1	0	0	0	0	0	0	0	0	0
살아서 뭐하냐 쯧쯧	0	0	0	0	0	0	0	0	1	0	0
원숭이보다 났네	0	0	0	0	0	0	0	0	1	0	0
개같은 신교가 문제야 사회악이여	0	0	0	0	0	0	1	0	0	0	0
노명우 교수님이 철장속에 갇혔네	0	0	0	0	0	0	0	0	0	1	0
통구이 프리존 경기북부 살아서 기분 딱 조타	0	0	0	0	0	1	0	0	0	0	0
피부가왜저러냐	0	0	0	0	0	0	0	0	1	0	0
좌파의 최고봉 북한으로 가서 행복하게 살거라	0	0	0	0	0	0	0	0	1	0	0
애새끼팔아서 돈땡기노	0	0	0	0	0	0	0	0	1	0	0
성범죄 가장 많은 직군 1위	0	0	0	0	0	0	0	0	1	0	0
ebs에서 실험한거네 이거말고도 여러가지있다 가운데 원 그려놓고 지갑 놓고 가져는거 보는거랑 횡단 보도 건너다 3명이 하늘을 쳐다볼때 다른 사람들이 어떻게 행동하는가 하는거랑 좋은차와 경차가 늦게 출발할때 경적을 얼마만에 올리는가 하는거 등등 잼나는거 많다	0	0	0	0	0	0	0	0	0	1	0
어차피 안뽑을거야	0	0	0	0	0	0	0	0	0	1	0
와 씨발 없는 곳이 없었노	0	0	0	0	0	0	0	0	1	0	0
365일 레인보우축제중	0	0	0	0	0	0	0	0	0	1	0
개신교회 니들 확진받는건 내알바아니지만 일반인들한데 전파는시키지말아야지 아유 줘박을수도 없고 디게 말않듯네	0	0	0	0	0	0	1	0	0	0	0
고백한순간 니넨 노예가됨	0	0	0	0	0	0	0	0	1	0	0
아 조팔 프젝이나 보력에 링크 걸어라 방법 적어놓으면 나년도 바로 신고하겠노	0	0	0	0	0	0	0	0	0	1	0
지금 알바 10달해서 1500모았다 쓸거 다쓰고	0	0	0	0	0	0	0	0	0	1	0
재학생인데 진짜 싸잡아서 욕하지 말아주세요 말만 학생회지 몇 명 안되는 꼴페미들끼리 모아서 간판만 학생회라고 내건 집단입니다	1	0	0	0	0	0	0	0	0	0	0
00인데 존나 어릴때 형빡쳐하믄거 본것같다	0	0	0	0	0	0	0	0	0	1	0
진짜 키보드로도 사투리쓰는 미개한새끼들은 세계적으로도 보기 드뭄	0	0	0	0	0	1	0	0	0	0	0
아니 저 씨발년은 왜 자꾸 우리나라 우리나라거리냐 씨발년이 생긴거부터 좆미개동남아새끼가 왜 우리나라거리는거여 존나기분나쁘게	0	0	0	1	0	0	0	0	0	0	0
팝콘 꿀맛이노	0	0	0	0	0	0	0	0	0	1	0
그냥 페미니즘 하게 내버려둬야할거같은데	0	0	0	0	0	0	0	0	0	1	0
근데 보통 개쌍도라함은 부산을 말하는거냐 대구를 말하는거냐 둘다 말하는거냐	0	0	0	0	0	1	0	0	0	0	0
칼로 잘라버려 좆팔 다 썩어 뭉그러진 걸레짝 달고있노	0	0	0	0	0	0	0	0	1	0	0
바바예투예투예투예	0	0	0	0	0	0	0	0	0	1	0
단순히 여성 인권을 신장시키자는 운동을 하면서 일어나는 부정적인 측면을 과장시키고 정신병이라고 치부하고 일반화하는 사람들은 자신이 노력하고 싶지 않지만 도태되기 싫다는 이유로 정치질하는것에 불과하다	0	0	0	0	0	0	0	0	0	1	0
시발홍콩은왜저더러운 중국에서 어떻게생존했나싶다	0	0	0	1	0	0	0	0	0	0	0
유충낙태는 에티켓 봊나 맞는말이노 워추다 이기	0	1	0	0	1	0	0	0	0	0	0
진보틀딱이 또	0	0	0	0	1	0	0	0	0	0	0
지원금 많으니 반발심만 생기지 돈지원해준걸 대출식으로 바꿔서 빡시게 일시킨다음 갚으라 해야한다 그게싫으면 북한으로 보내버리고	0	0	0	0	0	0	0	0	1	0	0
쁘락지 게이 아이디 빌려줘라	0	0	0	0	0	0	0	0	0	1	0
재기 저 창놈쌔끼는 대체 몇놈이랑 떡치노 한강물 좆물바다 되것노	0	1	0	0	0	0	0	0	0	0	0
대단한 분이시네 지검 판사는 구형하고 판결을 같이 하노	0	0	0	0	0	0	0	0	0	1	0
개슬람 쓰레기새끼들 극혐	0	0	0	1	0	0	1	0	0	0	0
예의없고 더러운 외노자들 때문에 나라가 후진화 되고있다	0	0	0	1	0	0	0	0	0	0	0
아무것도 아닌 쓸데없는 기사	0	0	0	0	0	0	0	0	1	0	0
강간도하고 테러나 좀 했으면 좋겠다그래야 소중함을 알지	0	0	0	0	0	0	0	0	1	0	0
정작 낳으면 맘충맘충 거리면서 지랄남	1	0	0	0	0	0	0	0	0	0	0
아 씨팔 진짜 똥냄새가 폰액정을 뚫고나온다	0	0	0	0	0	0	0	0	1	0	0
저기에 시리아군 하나씩 묶어서 총으로 존나 쏘겟노	0	0	0	1	0	0	0	0	0	0	0
페미니즘은 그냥 정신병이다 남자여자할거없이 페미들은 정신병자임 정상인들이 반드시 바로잡아서 페미들을 퇴출시켜야되고 gs25같은 페미메갈기업은 불매가답이다	1	0	0	0	0	0	0	1	0	0	0
에어컨 기사 택시기사도 여사로 바꿔야되나	0	0	0	0	0	0	0	0	0	1	0
글에서 와꾸가 보이는 것은 오랜만이노	0	0	0	0	0	0	0	0	1	0	0
그렇긴한데 항상 조심은 해라 전라도새끼들은 중국만큼은 아니지만 칼로 사람 담구는거 생활스포츠로 안다	0	0	0	1	0	1	0	0	0	0	0
현실적인 엔딩이네 역겨운 맘충년들 삼대가 망해야 함	1	0	0	0	0	0	0	0	0	0	0
전에 스티브유가 랩 중간에 westside 하던게 생각나네	0	0	0	0	0	0	0	0	0	1	0
좆놈들이 얼마나 하등하냐면	0	1	0	0	0	0	0	0	0	0	0
그래도 주먹	0	0	0	0	0	0	0	0	0	1	0
한국에서 나이먹을수록 거짓말 철면피만 늚산송장들임	0	0	0	0	1	0	0	0	0	0	0
된장녀의 원조 김옥빈	1	0	0	0	0	0	0	0	0	0	1
어차피 주작 소설	0	0	0	0	0	0	0	0	1	0	0
경제10위국이명동때문인줄아노	0	0	0	0	0	0	0	0	0	1	0
아니 그만큼 노력해 올라와서 즐기겠다는데 무슨 잘못인가	0	0	0	0	0	0	0	0	0	1	0
시발년들이 전라도 빼면 없다 저런짓 하는 새끼들	0	0	0	0	0	1	0	0	0	0	0
저런 남자다운 모습에 여자들이 뻑이 가는거니네 중성화된 내시나 다름이 없는 한남들이 조금은 보고 배워야 하는 부분이다	0	1	0	0	0	0	0	0	0	0	0
사실상 기독교 이미지는 끝장났죠 이제 누가 저런 종교를 좋게 볼까요	0	0	0	0	0	0	1	0	0	0	0
벌써 활동 들어갔구만	0	0	0	0	0	0	0	0	1	0	0
좆같은 개독교의 유일한 장점이 똥꼬충 박멸인 것이지	0	0	1	0	0	0	1	0	0	0	0
종교가 화의 근원이야	0	0	0	0	0	0	1	0	0	0	0
생리냄새가 아니라 어휴 보릉내 홍어삭힌내거 왜이렇게나니	1	0	0	0	0	0	0	0	0	0	0
아는척하지마라 이기ᆢ	0	0	0	0	0	0	0	0	1	0	0
불교 유고 도교같은 동양권 종교는 유일신을 믿고 어쩌구 하는게 아닌그냥 철학에 가까움	0	0	0	0	0	0	0	0	0	1	0
근데 요즘 13살나쁘지않다	0	0	0	0	0	0	0	0	0	1	0
봐 군복이 문제가 아니라 한남이 문제라니깐 옷걸이가 좋으니깐 얼마나 멋지냐	0	1	0	0	0	0	0	0	0	0	0
다 죽이러 가고 싶다 온 몸을 난도질하고 토막내서 죽여버리고 싶노	0	0	0	0	0	0	0	0	1	0	0
홍누드새끼야 재기하기전에 후전깨 함 하게 대줘라 마 이기야	0	0	0	0	0	0	0	0	1	0	0
릴베인지 베릴인지 워맏짭은 계속 놔두더니 워마드가 뭐 좀 할라치면 좆레벌떡 달려와서 밴하노	0	0	0	0	0	0	0	0	1	0	0
소름돋네 진짜	0	0	0	0	0	0	0	0	0	1	0
피카츄 배나 만집시다	0	0	0	0	0	0	0	0	0	1	0
저런애들 특징 공부못함	0	0	0	0	0	0	0	0	1	0	0
관짜고누워야될 틀딱 수영한물은 시체물인데 마시는거 역겹노	0	0	0	0	1	0	0	0	0	0	0
관종 주작 어그로꾼 입니다	0	0	0	0	0	0	0	0	1	0	0
힙업된게 더 열받네	0	0	0	0	0	0	0	0	1	0	0
오저가 클래식티비네	0	0	0	0	0	0	0	0	0	1	0
박애 찾던 씹선비들이 설치면 나오는 결과다	0	0	0	0	0	0	0	0	1	0	0
일베성정신병이 올바른 표현이다 성소수자는 일베경상화랑도새끼들이 퍼트리는 선동단어다	0	0	1	0	0	1	0	1	0	0	0
쟤네 왜 우리말투 따라하노 기분재기	0	0	0	0	0	0	0	0	1	0	0
역시 여자는 머리만 길지 사상은 짧은동물	1	0	0	0	0	0	0	0	0	0	0
디시카연갤이면 상폐자댕이노	0	1	0	0	1	0	0	0	0	0	0
역시 페미는 나쁜건가봅니다	1	0	0	0	0	0	0	0	0	0	0
더 비우고 더 낮아져 맨살로 이땅에 오신 예수그리스도의 시그널을 깨닫고 기도하는 우리가 되었으면 합니다	0	0	0	0	0	0	0	0	0	1	0
근데 일단 김치녀는 좀 가릴 필요가 있다	1	0	0	0	0	0	0	0	0	0	0
아주 정확한 독소조항의 예다 차별금지법안	0	0	1	0	0	0	0	0	0	0	0
잘생겨봤자 열등인종 개슬람일뿐이라고 미친새끼들아 예수님 저들을 용서해주세요 저들은 자신들이 무슨짓을 하는지 모릅니다	0	0	0	1	0	0	1	0	0	0	0
남혐은 있어도 여혐은 있을수 없다 예쁜여자가 혐오당하는것 봤나 자신이 여자라서 혐오당한다고 생각하지말고 거울을 봅시다	1	0	0	0	0	0	0	0	0	0	0
머구면 문재지변탓 못하겟네 불의 도시라	0	0	0	0	0	1	0	0	0	0	0
세계인들은 무슬림을 죽일 권리가 있다	0	0	0	0	0	0	1	0	0	0	0
암베가 또	0	0	0	0	0	0	0	0	1	0	0
사실 맘충미시오줌이엿음 사장을 흠모함	1	0	0	0	0	0	0	0	0	0	0
아이 시발 놀랐자노	0	0	0	0	0	0	0	0	1	0	0
이새낀 불쾌하겠네	0	0	0	0	0	0	0	0	1	0	0
이래서 자지는 이성적이지 못하고 비논리적이라는 거다	0	1	0	0	0	0	0	0	0	0	0
맘충애새끼면 이미 병신임	1	0	0	0	0	0	0	0	0	0	0
당시 인천 부산은 지금의 중공 수준 정도라고 생각한다	0	0	0	1	0	1	0	0	0	0	0
따먹힐수만 있으면 에이즈각 성병각 100퍼라도 부랄딸랑이는게 자지다 이기야	0	1	1	0	0	0	0	0	0	0	0
이러다가 일베 워마드 커플 생겨나는 거 아니냐떡치고 장구치고	0	0	0	0	0	0	0	0	0	1	0
다문화 난 찬성함 한녀들이 안대주니깐 그거라도 찬성해야됨	1	0	0	1	0	0	0	0	0	0	0
짱개새끼등 이간질 하는게 하루이틀이냐	0	0	0	1	0	0	0	0	0	0	0
그냥 치료 불가능한 거의 장애에 가까운 정신병임	0	0	0	0	0	0	0	1	0	0	0
멍청도 내친구도 싫어하드라	0	0	0	0	0	1	0	0	0	0	0
똥남아새키는안됨 총기난사한다백퍼	0	0	0	1	0	0	0	0	0	0	0
녹음파일 널리널리 퍼뜨려라	0	0	0	0	0	0	0	0	0	1	0
메르스때 니년 입에서 무슨 쌍소리가 나왔는지 궁금하네	1	0	0	0	0	0	0	0	0	0	0
저인간이 제일 의심됨	0	0	0	0	0	0	0	0	1	0	0
문슬림인줄 알았자너	0	0	0	0	0	0	1	0	0	0	0
엑스트라 귀환 커밍순	0	0	0	0	0	0	0	0	0	1	0
틀딱들 한국이라 덜쳐맞는걸 감사해야함	0	0	0	0	1	0	0	0	0	0	0
드라마 영화도 여성 할당제 해야하냐	1	0	0	0	0	0	0	0	0	0	0
신지도 못할걸 주노	0	0	0	0	0	0	0	0	0	1	0
참 한심 하네 교인들 십자가만 봐도 정떨어지네 정말 왜그러는지	0	0	0	0	0	0	1	0	0	0	0
인천 노무노무 무섭노	0	0	0	0	0	1	0	0	0	0	0
와 저거 떨어지는 짤 존나 생동감 있네	0	0	0	0	0	0	0	0	0	1	0
개독 씹병신	0	0	0	0	0	0	1	0	0	0	0
짱깨를 짱깨라 하지못하고	0	0	0	1	0	0	0	0	0	0	0
대한민국은 진짜빨갱이 전라도 이슬람 개독교총체적 난국	0	0	0	0	0	1	1	1	0	0	0
왜 계속 올리냐 태클만 겁나 받는데그래도 열심히 쓴거라 게이들 심한욕은 안하더라 츤사들이 되뿟노	0	0	0	0	0	0	0	0	0	1	0
중은 고기 먹어도됨	0	0	0	0	0	0	0	0	0	1	0
딴건모르겠는데 김치년에대한건 펙트	1	0	0	0	0	0	0	0	0	0	0
나는 2006년 월드컵 재경기한다고서명했는데지금보면 참 바보였다	0	0	0	0	0	0	0	0	0	1	0
전쟁일어나면 가장먼저 죽여야할 대상이 조선족이다 그냥 씨발 구덩이 깊게 파고 총으로 다 쏴죽여야함	0	0	0	1	0	0	0	0	0	0	0
저런건 배워야된다	0	0	0	0	0	0	0	0	0	1	0
밥그릇 싸움 진흙탕	0	0	0	0	0	0	0	0	0	1	0
외노자들을 혐오하던 베충이들이 스스로 외노자가 되어가는 모습이다	0	0	0	1	0	0	0	0	0	0	0
아이가 약간 특별한느낌을 주기위한 컨셉이였던거같음	0	0	0	0	0	0	0	0	1	0	0
그리고 짱깨들이 계속 첨단기술을 도둑질하지	0	0	0	1	0	0	0	0	0	0	0
그런데 자주 피싱질 하지않지만 10년전에도 이수법을 쓰긴 했음 유행지난 수법 소규모업체에서 잡아서 게이까지 전화갔네	0	0	0	0	0	0	0	0	0	1	0
지금 집에도 저거2마리있다이기	0	0	0	0	0	0	0	0	0	1	0
이단과 정통이 바뀌는 시작	0	0	0	0	0	0	0	0	0	1	0
저기는 진짜 총기휴대 하고 가야될것 같다	0	0	0	0	0	0	0	0	0	1	0
점마 저쪽 방면으로 유명한 탈북자임완전 전라도스타일	0	0	0	1	0	1	0	0	0	0	0
야 여기 라도애들 댓글단거들좀봐봐 미친새끼들 일베 분열 시키고잇다	0	0	0	0	0	1	0	0	0	0	0
남자스턴트맨이구만	0	0	0	0	0	0	0	0	0	1	0
라이딩가끔가는데 저기 노인네새끼들 바둑이랑 장기 돈걸고 존나한다 피시방초딩처럼 노인네들 뒷짐지고 구경하고	0	0	0	0	1	0	0	0	0	0	0
난민 안받으면 제일 좋지만받을수밖에 없다면 개슬람 씹새끼들은 개종안하면 받으면 안됨	0	0	0	0	0	0	1	0	0	0	0
더불어다잘살수는없는데 열심히일한자가잘살수있도록공정과환경을만들어줘야지 적당히일하는놈까지신경쓸거없잔아	0	0	0	0	0	0	0	0	0	1	0
이승만 박정희시절도 반일이었다김대중부터 친일정권이 등장한것임김대중이전만 해도 일본애니 겜은 죄다 검열했다 더빙만 허용했고욱일기뿐 아니라 일장기만 있어도 삭제 사무라이 단어만 있어도 삭제사무라이쇼다운이 한국판으로 패왕전설이라고 해서 나왔음	0	0	0	0	0	0	0	0	0	1	0
발가락만 봐도 못생김이 여기까지 느껴짐	0	0	0	0	0	0	0	0	1	0	0
똥꼬충극혐이다 익이야	0	0	1	0	0	0	0	0	0	0	0
경상도만 지들 싫어하는줄 안다	0	0	0	0	0	1	0	0	0	0	0
이미 다녀왔노	0	0	0	0	0	0	0	0	0	1	0
남기자 죽이러간다	0	0	0	0	0	0	0	0	1	0	0
병신같노 이새끼 채소 급식충	0	0	0	0	1	0	0	0	0	0	0
개신교 가 말하는 교리는 도대체 가 무었이냐 예수팔이 사업뿐이냐 아님 성경말씀 사랑이냐	0	0	0	0	0	0	1	0	0	0	0
이러니 개독이래도 할말이 없지	0	0	0	0	0	0	1	0	0	0	0
내일퀴어축제때rpg쏘고싶다	0	0	1	0	0	0	0	0	0	0	0
자신이 거지같았던 시기를 정신승리로 넘길려는 아련한 방어기재	0	0	0	0	0	0	0	0	0	1	0
버튼좆이라 안꺾이노 깔깔깔깔깔깔깔깔	0	1	0	0	0	0	0	0	0	0	0
모든 홍어들이 뒤통수 치는 것는 아니지만 모든 뒷통수 치는 것들는 홍어들이다	0	0	0	0	0	1	0	0	0	0	0
니는 왜 요양병원에 있냐	0	0	0	0	0	0	0	0	0	1	0
무상급식이라는게 이런거야호의가 계속되면 권리인줄 알거든	0	0	0	0	0	0	0	0	1	0	0
조선족홍어틀딱인듯	0	0	0	1	1	1	0	0	0	0	0
설득력있다	0	0	0	0	0	0	0	0	0	1	0
나 에프인데 어느정도맞는듯	0	0	0	0	0	0	0	0	0	1	0
이자스민정도면 주절먹	1	0	0	1	0	0	0	0	0	0	1
저 병신들은 뭘 알고 아는척하는걸까 아오 진짜 갈아버리고 싶다	0	0	0	0	0	0	0	0	1	0	0
그런거 100개따는것보다 일하는게 더 좋아하시지 않을까	0	0	0	0	0	0	0	0	0	1	0
사실 뒈지면 발할라 가서 맨날 fps 함	0	0	0	0	0	0	0	0	0	1	0
일베가 대단함을 느낌	0	0	0	0	0	0	0	0	0	1	0
항마력딸려서 못보겠다 시발 급식쳐먹는 새끼들 다 뒤져야 내가 살겠다 개씹세끼들	0	0	0	0	1	0	0	0	0	0	0
젠신병자 다 수술하다가 과다출혈로 뒈져야 됨	0	0	1	0	0	0	0	1	0	0	0
모르겠고 그냥 니네 존재자체가 더러움내가 게이한테 당해본적이 있어서	0	0	1	0	0	0	0	0	0	0	0
고트흑 고트흑	0	0	0	0	0	0	0	0	0	1	0
아닙네다 아닙네다 우리 폭동의 고장사람이그럴리가 없습네다	0	0	0	0	0	1	0	0	0	0	0
마스크가 생명줄	0	0	0	0	0	0	0	0	0	1	0
니미 씨발 위선으로 가득찬 pc충 새끼들도 싹 죽여버려야 됨좆가튼 피해자 가족들 용서하네 뭐네 개주접 떠는거 보니까 가해 앰흑새끼보다 더 역겹노	0	0	0	1	0	0	0	1	0	0	0
교회분들아 이웃을 사랑하라 라고 가르치던데 이웃을 싹 다 죽이네 너희들의 이기심으로 진짜 민폐다	0	0	0	0	0	0	1	0	0	0	0
머구토박이인데 머구련중에 저렇게 길가는데 살면서 안당해본련없을거다 심지어 급식일때도	0	0	0	0	0	1	0	0	0	0	0
대만은 나라취급도 못받는다고 치고 우리나라 보다 방역 훨씬 잘한 사실상 서방국가 뉴질랜드도 있는데 왜 허구헌날 한국타령만 하는거죠 진짜 다 정신병자들 같애 이상한 세상이야 하여간 종말 올때가 다됐나봐	0	0	0	1	0	0	0	1	0	0	0
절대 안됩니다  포괄적 차별금지법 반대합니다	0	0	0	0	0	0	0	1	0	0	0
리얼플레이어 사사미 아드레날린 피디박스 섹코 트킴 포키 파도 소리바다 당나귀 뱀프 버디버디 타키 개인음악방송 스카이러브윈엠프 파워엠프 엠파스 라이코스 심마니 유니텔 천리안 하이텔 퇴마록 등등 생각 존나 많이 나노	0	0	0	0	0	0	0	0	0	1	0
글에 쓴 유투버는 지식채널이고팩맨 티비 유투버도좀 걱정스러울 정도로 시원하고 간단하게 말해주더라	0	0	0	0	0	0	0	0	0	1	0
레알 공짜로 줘도 안봄 진심이다	0	0	0	0	0	0	0	0	1	0	0
좇족 짱깨 새끼들이 점령한지 오래임	0	0	0	1	0	0	0	0	0	0	0
체급 현실반영 오지노	0	0	0	0	0	0	0	0	0	1	0
성추행 없는 지들 나라로 꺼저여기서 차별받고 성추행당하는데왜 기어들어와	0	0	0	1	0	0	0	0	0	0	0
머구에서 먹고 살거는 자영업과 공무원 뿐이다	0	0	0	0	0	1	0	0	0	0	0
무슬림 이종교는 없어야할 종교다	0	0	0	0	0	0	1	0	0	0	0
씨발 조선족새끼들 전부 만주땅으로 추방시켜야된다	0	0	0	1	0	0	0	0	0	0	0
우리가 특히 이슬람에 제대로 알지못하는것일수도 있다 과격단체도 기본이 이슬람이니 사실 두렵기도 하다 오랜 분쟁으로 그 의미가 원래보다 많이 달라졌을수도 있고 참 복잡한건 분명하다	0	0	0	0	0	0	1	0	0	0	0
뜬금 반말하시길래 어이없어서 안읽었어요	0	0	0	0	0	0	0	0	0	1	0
하여간 온갖 물은 한남새끼들이 다 흐리고 다니노	0	1	0	0	0	0	0	0	0	0	0
으여기 왜이렇게 돈고냄시나노	0	0	1	0	0	0	0	0	0	0	0
신천지 당장 해체시키고 교주 이만희는 끌어내어 처형해라	0	0	0	0	0	0	1	0	0	0	1
감사합니다 이런 중요한 문제들을 덮으려고만하는건 사람들을 더 망가뜨리는 결과만 초래하겠죠 우리나라가 동성애의 심각성을 드러내서 알게 하는게 에이즈치료 지원하는것보다 더 시급하고 중요하다는 생각이 듭니다 소잃고 외양간 고치기보다 미리 방지하는게 더 현명하다고 봅니다	0	0	1	0	0	0	0	0	0	0	0
애비 진심으로 울고있노	0	0	0	0	0	0	0	0	0	1	0
김치년이 애새끼를 장착하면 맘충으로 전직함	1	0	0	0	0	0	0	0	0	0	0
초즁딩은 에바고 고딩부터는 욕정생기더라	0	0	0	0	0	0	0	0	0	1	0
벌레새끼나 저새끼 후장빨아주는 똥꼬충이나 죄다 챙놈이노	0	0	1	0	0	0	0	0	0	0	0
존나 저급하고 역겹다 틀딱새끼들	0	0	0	0	1	0	0	0	0	0	0
안 씻고 냄내사는건 똑같음	0	0	0	0	0	0	0	0	1	0	0
내 와이프 예비1순위다	0	0	0	0	0	0	0	0	0	1	0
남예맨은 전라도임	0	0	0	1	0	1	0	0	0	0	0
등산할때 음악틀고 다니는 십새끼들 때문에 개빡침못배워 쳐먹은 뻔뻔한 틀딱들	0	0	0	0	1	0	0	0	0	0	0
미개한 조센식 김치 거지피싸개년 때려 족칠년 사지를 찢고 밟아 죽일년	1	0	0	0	0	0	0	0	0	0	0
쟤들 도와줄 돈으로 휴지줍는 참전할아버지나 도와주자	0	0	0	0	0	0	0	0	1	0	0
십일조 따박따박 내는 신도들이 봉 이지 신도들이 문제여	0	0	0	0	0	0	1	0	0	0	0
읽으려는데 도저히 못 읽겠다엔터의 미학좀 길러봐라 새끼야	0	0	0	0	0	0	0	0	1	0	0
who 흑인 사무 총장 보다 문재인이 100번 낫네	0	0	0	0	0	0	0	0	1	0	0
더 쉽게얘기해라 자기들 보지값 떨어지니까	1	0	0	0	0	0	0	0	0	0	0
더해서 품평하자 이기야 자댕이란 모름지기 티끌만한 흠집이라도 있으면 안된다 핑좆 핑부랄 핑두는 기본이요 팔꿈치 발꿈치 무릎이 복숭아빛이고 억센 기운이 있어서는 안되노 이런 식으로 말이다 이기	0	1	0	0	0	0	0	0	0	0	0
후장똥내나노	0	0	1	0	0	0	0	0	0	0	0
3번짤다리꼴릿	0	0	0	0	0	0	0	0	1	0	0
너부터 읽고 와라	0	0	0	0	0	0	0	0	1	0	0
병신vs병신	0	0	0	0	0	0	0	0	1	0	0
웜에 찌질이들천지노 개노잼	0	0	0	0	0	0	0	0	1	0	0
아 뭐라는거야 말 좀 제발 똑바로	0	0	0	0	0	0	0	0	1	0	0
그건 아니지 병신아	0	0	0	0	0	0	0	0	1	0	0
레알 에버리진이 쑤셔죽여도 말못할 오지새끼들	0	0	0	1	0	0	0	0	0	0	0
벌써 4회째라는게 함정	0	0	0	0	0	0	0	0	0	1	0
외노똥송여가 정치인으로 억대 세비받고 대우 받으면서 한국을 위해 일하는게 아니라 지네 삐리삐리나 위하는게 욕심은 존나 많네 시바르여어언 뒈져라	0	0	0	1	0	0	0	0	0	0	0
북미에서 식당하는 주인장들 중에 90프로가 홍어임	0	0	0	0	0	1	0	0	0	0	0
똥냐 정신승리 오지노 응 한국똥은 외국에서도 인기없노 폭행판타지 있는 걸 보니 백퍼 시디노 참고로 양인은 너보면 throw up	0	0	1	0	0	0	0	0	0	0	0
우즈벡 이슬람교 많은데 무슨소리냐 똥남아 새끼들은 얼굴까지 꽁꽁 싸매는데 비해 쟤들은 좀 자유로운 이슬람이더라 반팔 반바지 뭐 가슴골파인거 입고다니는거 보면 그냥 평범한 백마같은데 물어보면 이슬람이래	0	0	0	1	0	0	0	0	0	0	0
지상낙원이라며 왜 미국에서 사냐	0	0	0	0	0	0	0	0	0	1	0
틀무새 out	0	0	0	0	1	0	0	0	0	0	0
더러운 필리핀년이 이래라 저래라야 돌았나	0	0	0	1	0	0	0	0	0	0	0
잠수탄 게 아니라 페미 티 내다가 안 냈을 뿐이구만무슨 잠수탄 것처럼 말하네	0	0	0	0	0	0	0	0	0	1	0
영어연수얼마하노	0	0	0	0	0	0	0	0	0	1	0
여성부가 있는것보다저런 보빨남들 때문에 남자가 힘들어지는거같음	1	0	0	0	0	0	0	0	0	0	0
이쯤되면 등교연기가 맞다고본다	0	0	0	0	0	0	0	0	0	1	0
총기를 들고 일어난	0	0	0	0	0	0	0	0	0	1	0
편의점에서 스타벅스 커피 2600원인가 한다	0	0	0	0	0	0	0	0	0	1	0
기독교랑 중국이랑 뭐가 다른지 모르겠음	0	0	0	1	0	0	1	0	0	0	0
돈에 환장했군	0	0	0	0	0	0	0	0	1	0	0
앞뒤반동하면서 멋진 사나이부르는거 개꿀이었는데 이젠 여군들이 신고할듯	1	0	0	0	0	0	0	0	0	0	0
저기 어디지 착한사장님 돈쭐내줘야되는데	0	0	0	0	0	0	0	0	0	1	0
듣보들이 열폭 하던말던	0	0	0	0	0	0	0	0	1	0	0
지구반대편에서 뭘기대하노 시발	0	0	0	0	0	0	0	0	1	0	0
아 로딩 좆같이 김 어떻게 해결하냐 크롬씀	0	0	0	0	0	0	0	0	1	0	0
초반이랑 호두머니 부분에서 합성인줄	0	0	0	0	0	0	0	0	0	1	0
호주에서 태어났는데 마오리족이면 어떻게 함	0	0	0	0	0	0	0	0	0	1	0
피싸개 한녀들한테는 이슬람 혁명이 필요하다	1	0	0	0	0	0	0	0	0	0	0
일단 보내줄게 맘 바뀔 수도 있다	0	0	0	0	0	0	0	0	1	0	0
자댕이들 다리없노 왜 다리가 있는데 서서가라고 있는거노 건방지다이기야	0	1	0	0	0	0	0	0	0	0	0
떠돌던 고소문이 사실이긴한거구나ᆢ	0	0	0	0	0	0	0	0	0	1	0
참 맘충 가지가지한다	1	0	0	0	0	0	0	0	0	0	0
한남 가스 수용소는 3일에 한번씩 당연히 하는거고 재기가 최종 목표 아니노	0	1	0	0	0	0	0	0	0	0	0
개좆미개 씹슬람	0	0	0	1	0	0	1	0	0	0	0
그러게 하기싫음 구만두고 이게 힘들다고 기자는 기사를 사실대로 써라 일하기 싫다고 맘대로 하고 김천에서 했던 입에도 담기힘든 욕지거리 비아냥 시설파괴와 직원폭행 그러고 현재도 여전하고 민노는 아니다	0	0	0	0	0	0	0	1	0	0	0
시발 용감한 정신으로 사병으로는 왜 안가노	0	0	0	0	0	0	0	0	1	0	0
셀프적폐청산	0	0	0	0	0	0	0	0	0	1	0
틀니부셔애국하자	0	0	0	0	1	0	0	0	0	0	0
그래도 원수니뽑힘	0	0	0	0	0	0	0	0	0	1	0
저런글쓰는 맘충특징근현대사 물어보면 대답못함	1	0	0	0	0	0	0	0	0	0	0
정신병은 물리치료김치녀는 삼일한	1	0	0	0	0	0	0	1	0	0	0
성재기 후장에 8명 한남소추 도전하노	0	1	0	0	0	0	0	0	0	0	1
주변에 레즈봤는데 똑같이극혐이였다	0	0	1	0	0	0	0	0	0	0	0
일단 한국인의 숫자 자체도 많고다른 아시아 국가에서 미국 갈 정도면 돈 많은 애들이 대부분이겟지	0	0	0	0	0	0	0	0	0	1	0
광주는 총기를 들고 일어난 하나의 그	0	0	0	0	0	1	0	0	0	0	0
30대여자는 40초반대 남자를 만나야지 어디서 감히 30대남자를 넘봐	1	0	0	0	0	0	0	0	0	0	0
여자가 날라갔다는데 물리학적으로 불가능덩치가 큰 여성이라 70kg으로 가정 했을때 몇J의 운동에너지를 가해야할지 보면평균인의 운동신경으로는 정대 불가능하지7 SDW정도의 운동신경을 가진 80kg이상의 남성이 있어도 힘들듯 싶다	0	0	0	0	0	0	0	0	1	0	0
이거봐 다 한패야 검찰 개독 미통나쁜놈	0	0	0	0	0	0	1	1	0	0	0
여긴 교회가 아닌데 김기동이는 목사가 아닌데 제2의 신천지 집단인데	0	0	0	0	0	0	0	0	1	0	0
모든 여자를 김치녀라고 욕하는게 아니니까 제정신 박힌년이면 아무 느낌없는게 정상인데 뭐가 꿀리는게있으니까 지랄하는게 아니겠냐	1	0	0	0	0	0	0	0	0	0	0
더러운 중공 짱깨 새끼들 개지랄하네	0	0	0	1	0	0	0	0	0	0	0
퍼스트퀸4도 모르는거 보니 틀딱도 아니고 겜알못이네그냥 어디서 주워들은걸로 아는척 하는 급식	0	0	0	0	1	0	0	0	0	0	0
와이프 팬티 입어봤는데 내가봐도 좀 꼴릿하더라	0	0	0	0	0	0	0	0	1	0	0
좀만 더노력하면 오감도쓰겠네	0	0	0	0	0	0	0	0	0	1	0
출산율 저하의 근본적인 집값 교육비 직장급여등은 생각안하고 바보같은생각으로 외노자로 메꿀려고 하는정책 쓰는인간들은 싹다 쳐죽여야함 지아들 딸 손자 친척은 저런일당할 일 없으니 저따위로 하는거임 지들만의 캐슬을 짓는거지 진짜 봉기한번 일어나야함	0	0	0	1	0	0	0	0	0	0	0
화장실가서 목소리 낼일이 있냐	0	0	0	0	0	0	0	0	0	1	0
개슬람 좆같은 케밥새끼들 좆되봐라 시발롬들	0	0	0	1	0	0	0	0	0	0	0
지잘못은 실수고 지한테 저런건 큰 잘못이니 처벌해주세요네	0	0	0	0	0	0	0	0	1	0	0
얼릉 귓볼만지면 안죽음	0	0	0	0	0	0	0	0	0	1	0
좆팔 다 재기시켜야하노	0	0	0	0	0	0	0	0	1	0	0
칭찬을 가장한 성차별입니다	0	0	0	0	0	0	0	0	0	1	0
아따 우덜은 우덜식 복장이 있당께	0	0	0	0	0	0	0	0	0	1	0
냄져 순이 서열이다 와보지도 않았으면서 지랄하고있노 똥양남도 존중해주는척 하지 뒤에서 비웃는게 키위들임 요새 워홀 자리 흑좆나 많이 풀렸다고 똥양남 한남충 우루루 오는데 자집애새끼들 전용기에 태워서 추락사 시키고싶노	0	1	0	1	0	0	0	0	0	0	0
헤어지자 해놓고 붙잡지나 마라	0	0	0	0	0	0	0	0	0	1	0
죠센징들은 일본사람에 비하면 민도가 정글 원시부족 수준이지 암 그라제	0	0	0	1	0	0	0	0	0	0	0
똥꼬에 미치다	0	0	1	0	0	0	0	0	0	0	0
이시국에 먼말이더냐	0	0	0	0	0	0	0	0	1	0	0
한남이 문제요	0	1	0	0	0	0	0	0	0	0	0
가상공간 닌민전사 수준에 비하면 아직 멀었구만 기래	0	0	0	0	0	0	0	0	0	1	0
660 웜에서 언제 보지를 팼노 보혐하는 흉자벌레들을 팼지	1	0	0	0	0	0	0	0	0	0	0
캐나다서 학교다녔거나 사는 게이들은 알걸베트남갱들이 젤빡세다 좆됨	0	0	0	1	0	0	0	0	0	0	0
미드 화이트칼라 아는 게이있노나 이거 시즌2까진가 재미있게 보다가 좆나 멋지다고 생각했건 맷보머 똥꼬충인거 알고 좆나 놀랐다이런 새끼는 왜 그런거냐성장과정에 문제가 있었냐	0	0	1	0	0	0	0	0	0	0	0
백퍼 게이 아니냐 죽여버리고싶노	0	0	1	0	0	0	0	0	0	0	0
근데 남녀가 한명씩만들어지면 다근친아니냐그리고 성경보면 무슨 일주일만에 우주를 창조했다는데우주는 빅뱅이론으로봤을때 3분만에 만들어진거아니냐존나 무교일수밖에없는게 저런 헛소리를 믿을수가없다	0	0	0	0	0	0	1	0	0	0	0
게이가되야겠다	0	0	0	0	0	0	0	0	0	1	0
귓방맹이에 레프트 라이트 훅 날리면 꽥 하것구마	0	0	0	0	0	0	0	0	0	1	0
흥청망청 좋네	0	0	0	0	0	0	0	0	0	1	0
털많고 냄새남 몸 가리고 다니니까 몸매관리 안해서 뚱뚱한 여자들 존나많음	1	0	0	0	0	0	0	0	0	0	0
이새끼 개슬람 맞다	0	0	0	0	0	0	1	0	0	0	0
자똥스민 어떻게 의원 간거냐	0	0	0	1	0	0	0	0	0	0	1
글쓴이 의도는 좋다고 보노	0	0	0	0	0	0	0	0	0	1	0
이 물건은 교도소 처 넣는게 답이다	0	0	0	0	0	0	0	0	1	0	0
진짜 한남콘 프사인줄 알았노	0	1	0	0	0	0	0	0	0	0	0
시골촌놈 새끼들 비상식적이고 성질 이상한 놈들인데착하고 순박하게 포장돼있음	0	0	0	0	0	1	0	0	0	0	0
도대체 n번방 영상이 어떤 내용이길래	0	0	0	0	0	0	0	0	0	1	0
첫짤은 근데 맞지 않냐	0	0	0	0	0	0	0	0	0	1	0
노콘만 한다	0	0	0	0	0	0	0	0	1	0	0
우리누나가 세상에서 제일착한거같다	0	0	0	0	0	0	0	0	0	1	0
예수쟁이들은 답없다	0	0	0	0	0	0	1	0	0	0	0
저기 운영자 대깨문 홍어 아니냐 경상도 욕하는 글은 아무 문제 없던데	0	0	0	0	0	1	0	1	0	0	0
이시국에 먼말이더냐	0	0	0	0	0	0	0	0	0	1	0
우리나라 점점 비정상적인게 정상이되는거 같아 무서워질라 그래	0	0	0	0	0	0	0	0	0	1	0
탈북자들이 방송에 나와서 북한에 무슨 엄청난 지하자원이라고 있는것처럼 말하는데 싸게 줄 지하자원이라는게 있긴 하나	0	0	0	1	0	0	0	0	0	0	0
유공자에 환장한 종족들이라최저임금 유공자 만들어주면 다시 돌아옴	0	0	0	0	0	0	0	0	1	0	0
기독교 아닌데 퀴어 축제 너무 싫습니다	0	0	1	0	0	0	0	0	0	0	0
얼마나 나라 애국심이 개판이면 저딴 말이 나오노	0	0	0	0	0	0	0	0	1	0	0
영국은 파퀴새끼들때문에 망했고프랑스는 알제리새끼들때문에독일은 터키새끼들때문에 망함문제는 죄다 개슬람쓰레기들	0	0	0	1	0	0	1	0	0	0	0
개십창 짱개새끼들	0	0	0	1	0	0	0	0	0	0	0
자유발목당 자유빤스당 자유빤스동원당 아베숭상당 토착왜구당 자유빤스망국당 자유빤스일국당	0	0	0	1	0	0	0	0	0	0	0
여자 힘도 좋네 무슨 포켓나이프 한방으로 혈을 찔렀나	1	0	0	0	0	0	0	0	0	0	0
개독은 종교가 아니라 정신병이다	0	0	0	0	0	0	1	0	0	0	0
이슬람이 세계 처먹으면 그냥 좆망한다고 보면 됨	0	0	0	1	0	0	1	0	0	0	0
난민들 잘하고 있네	0	0	0	0	0	0	0	0	0	1	0
잦풍당당 남자들이 무관심했어서 그렇지여론이 정신병자 페미들 문제점들 하나씩 까발려지는 중인데도아직 상황파악못하고 지들이 더 우월한줄 알고 남혐조장 글써재끼면서 돈벌어먹는인터넷 트페미기자들 존나많다는게 현실이다	1	0	0	0	0	0	0	1	0	0	0
짱깨에 의존하는 경제는 그래서 없애야됨	0	0	0	1	0	0	0	0	0	0	0
그냥 기존의 장애인택시를 여성도 이용하게 하면 되자너 대수도 늘리고	0	0	0	0	0	0	0	0	0	1	0
저런 언냐가 풀메이크업 하믄 이쁨 봐줄만하다	0	0	0	0	0	0	0	0	0	1	0
독일이 그나마 대응안하는 좌파pc충 나라 좆랑스보다 나음 갓틀러국이 참다가 폭발하면 어떤건지 모르는듯 난민새끼들은	0	0	0	1	0	0	0	0	0	0	0
쫌 늦은감이있지만 다문화폐지하자	0	0	0	1	0	0	0	0	0	0	0
후팔 소추줄뻔했노 제목에 혐주의 추가해라 좆팔	0	0	0	0	0	0	0	0	1	0	0
쌍도 어린이들이 라도 어린이들보다 든든하노	0	0	0	0	0	1	0	0	0	0	0
포주가 전라도를 물로봤네 그쪽동네에서 포주짓하려면 투기종목 아마추어 타이틀정도는 있어야한다 사시미는 항상 차고다녀야하고	0	0	0	0	0	1	0	0	0	0	0
씨발 이게일베가면 일베접는다	0	0	0	0	0	0	0	0	1	0	0
역겹다 이기야	0	0	0	0	0	0	0	0	1	0	0
그나마도 진짜 난민도 아니라며	0	0	0	1	0	0	0	0	0	0	0
맛이 가버린 페미년들	1	0	0	0	0	0	0	0	0	0	0
솔까 김치녀보다 훨낫게따 국방의의무를 저렇게까지 하는거보믄 개념풀옵아니겠노	1	0	0	0	0	0	0	0	0	0	0
일베 하는 급식이 제일 혐오스러워서 밍듀아	0	0	0	0	1	0	0	0	0	0	0
개독이 과장한 부분이 있는거 같긴해도 레알인 부분도 반 이상은 되는듯	0	0	0	0	0	0	1	0	0	0	0
홍어들한테 한번 식겁당해봐야 알지근데 딴 홍어는 또 좋아보여서 친해졌다가 또 통수맞고그러다보면 홍어라면 학을 띈다	0	0	0	0	0	1	0	0	0	0	0
역시 7시 외국새끼들	0	0	0	0	0	1	0	0	0	0	0
이윤택닮았다	0	0	0	0	0	0	0	0	0	1	0
이거글쓴놈관잦이노소추눌러라이기	0	1	0	0	0	0	0	0	0	0	0
한남충이 울면 집안이 망한다더니 딱 그 꼴이노	0	1	0	0	0	0	0	0	0	0	0
급식충 솔직히 환영한다근데 좆고딩만	0	0	0	0	1	0	0	0	0	0	0
근데 저정도는 뭐 길 막는것도 아니고 사람도 많이 없는거같은데겨울에 추운데 저정도는 하게냅둬라그냥	0	0	0	0	0	0	0	0	0	1	0
몸매부각하는 옷부터 조패고싶노 배우한테 저게 무슨짓이노	0	0	0	0	0	0	0	0	1	0	0
일단 노무현 존나 질림 12년째 지랄하는건데 소스도 다끝난지가 몇년 지남그리고 씹 노인새끼들이 노무현 빨아줄생각도 없어보임그냥 뉴페이스 최태민 빨면 되는거임	0	0	0	0	1	0	0	0	0	0	1
아무 한남이나잡고 아가리찢고싶다진심	0	1	0	0	0	0	0	0	0	0	0
글쎄 나는 동성애 나쁘게 생각 안함특히 인구증가율이 높은 인도나 아프리카에 널리 퍼져야된다고 생각함인구가 너무 많다	0	0	1	1	0	0	0	0	0	0	0
멋글 개빻았노 여혐충들 이때다싶어 우루루 몰려드노	0	0	0	0	0	0	0	0	1	0	0
인권 찾는 사람들은 죄다 성씨가 두개네	0	0	0	0	0	0	0	0	1	0	0
여가부 폐지가 답 좌파는 감옥이 답 거지는 밟고 또 밟고 또 밟아야만 반응하지	1	0	0	0	0	0	0	1	0	0	0
아 내가 저 무궁화고속관광에서 일햇엇다 질문받는다	0	0	0	0	0	0	0	0	0	1	0
후팔 워마드 이렇게 힘들게 운영되어왔노 그럼에도 불구하고 일년넘게 굴러가고있음에 노무딱다리 감사하노	0	0	0	0	0	0	0	0	0	1	0
셔터맨 되고싶은 놈들 넘쳐날듯	0	0	0	0	0	0	0	0	0	1	0
페미니즘이 21세기 빨갱이 맞았네 어쩐지 냄세난다 했더니	1	0	0	0	0	0	0	0	0	0	0
김어준 뉴스공장보기가 없네	0	0	0	0	0	0	0	0	0	1	0
부처님은 자비롭구려	0	0	0	0	0	0	0	0	0	1	0
문제가 많을 겁니다	0	0	0	0	0	0	0	0	0	1	0
잃어버린 10년동안 전의경으로 복무한 이들도 상당하다고 본다	0	0	0	0	0	0	0	0	0	1	0
쌍도남은 아무도 안좋아해	0	0	0	0	0	1	0	0	0	0	0
팩트는 그런년들 먹을려고 하는거임 연애목적이아니다	1	0	0	0	0	0	0	0	0	0	0
잘했어씨발 개독예수쟁이들은 다 처맞아야해아물논 정상적으로 기도하시는 분들 예외	0	0	0	0	0	0	1	0	0	0	0
로리 페도 똥꼬충 꼴페미들은 잡아다가 광화문 광장에서 화형 시키거나 가스실에 넣고 섬멸해야 한다	1	0	1	0	0	0	0	0	0	0	0
자꾸 블라인드 되노	0	0	0	0	0	0	0	0	0	1	0
본잍 안 간다고 편하게 말하네	0	0	0	0	0	0	0	0	1	0	0
기수한테 메읶으업 배운거같노	0	0	1	0	0	0	0	0	0	0	0
니들끼리 후장에 쑤시던가 신경안쓸데니대신 에이즈걸리면 그대로 뒤지렴괜한 의료보험 돈 빼먹지말고안그래도 검머외들이 의료보험 빼먹어서빡치는데 게이들까지 설치면 죽여야지뭐	0	0	1	0	0	0	0	0	0	0	0
칭 챙 총	0	0	0	1	0	0	0	0	0	0	0
뿔테쫌 끼지마라	0	0	0	0	0	0	0	0	1	0	0
오늘도 조선족 바퀴벌레들은 열심히 댓글알바 하고 있구나	0	0	0	1	0	0	0	0	0	0	0
다시 가긴 싫지만 솔직히 군머처럼 강압적으로 후장 따먹힐 만한데가 잘 없으니 그건 좀 그립긴 함	0	0	0	0	0	0	0	0	1	0	0
그저께는 진화론이 공산주의 사상이라고 지랄하는 병신 개독새끼도 있더만	0	0	0	0	0	0	1	0	0	0	0
카바디카바디카바디카바디카바디카바디카바디카바디	0	0	0	0	0	0	0	0	0	1	0
엔드레스 쓰리	0	0	0	0	0	0	0	0	0	1	0
파키스탄여자보고 파키스탄이 한국보다 여성인권 높다고 헛소리 하면 쳐 맞을듯	1	0	0	0	0	0	0	0	0	0	0
반일이고 친일이고 별 생각은 없는데 저걸보고 욱일기가 생각난다는 발상이나 그걸 보고 자라는 애기한테 안좋은 영향이 간다는 생각은 정말 신기함	0	0	0	0	0	0	0	0	0	1	0
병신아 우리도 징병 안했으면 존나 도망쳤을걸 다똑같음 근데 난민 받아주는건 병신짓 맞음	0	0	0	1	0	0	0	0	0	0	0
김치년 참살 할 유일한 영웅 난민 환영합니다	1	0	0	0	0	0	0	0	0	0	0
와꾸는 무조건 거른다 눈갱각이다익이	0	0	0	0	0	0	0	0	1	0	0
좆같이 못생긴 호모새끼들 지들끼리 물고빨고 하지 더러운 에이즈보균자새끼들이	0	0	1	0	0	0	0	0	0	0	0
남패미는 근본이 없는것이 특징이지	0	1	0	0	0	0	0	0	0	0	0
어우 심했노	0	0	0	0	0	0	0	0	0	1	0
포미닛 공연중이였음	0	0	0	0	0	0	0	0	0	1	0
북유럽 갬성이라면 죽고못사는 한녀들 수준	1	0	0	0	0	0	0	0	0	0	0
코르셋 터졌노	0	0	0	0	0	0	0	0	0	1	0
진짜 재 얼굴만 봐도 몸이 부르르 떨릴만큼 혐오스럽다	0	0	0	0	0	0	0	0	1	0	0
여자 지워서 젠신병자 챙기노	0	0	1	0	0	0	0	1	0	0	0
아래 글에 짤 첨부하는 방법 있노	0	0	0	0	0	0	0	0	0	1	0
개독은 거르자 제발 목사 신도 집사 근처도 안갈겁니다	0	0	0	0	0	0	1	0	0	0	0
저건 거의 여자들 성욕채우는 방송이네 방통위 찔러라 선정성으로	1	0	0	0	0	0	0	0	0	0	0
시발 짱깨새끼들 한국 게임서버들와서 해킹하는게 좆같음 애미종범범영주영 뻐킹 차이나	0	0	0	1	0	0	0	0	0	0	0
통베에서 탈북자 반대하는 새끼들 좌빨홍어 의심해봐야함	0	0	0	0	0	1	0	1	0	0	0
쟤들은 코가 못 생겨서 안 돼	0	0	0	0	0	0	0	0	1	0	0
닭뽕틀딱만하겟니	0	0	0	0	1	0	0	0	0	0	0
그래도 개슬람국가엔 종교에미친 개또라이들이 넘처나서 저새끼들 상대로 언제 테러일어날지 모른다	0	0	0	0	0	0	1	0	0	0	0
뭐 진짜일수도있고 프락치일수도 있고	0	0	0	0	0	0	0	0	0	1	0
존나 웃긴게 이슬람이 좋으면 중동으로 가면되지그건싫고 유럽에 빌붙어사는 좆난민 이슬람 새끼들 다 죽여야됨	0	0	0	1	0	0	1	0	0	0	0
가족회사 비상장사 교회 주식회사 영업이익 최고 수익 무자본 최고 아이템 돈벌고 싶으면 창업하세요 교회지점 내세요	0	0	0	0	0	0	1	0	0	0	0
이게 완전 허구가 아니고 실제랑 비슷하다는 게 존나 소름이다	0	0	0	0	0	0	0	0	0	1	0
젠신병자들 다 군대 끌고가서 육방패 제1호로 써야 함	0	0	1	0	0	0	0	1	0	0	0
쟤 귀엽던데 다시 활동재개 안하노	0	0	0	0	0	0	0	0	0	1	0
너 네가 더 부추기고 있다	0	0	0	0	0	0	0	0	0	1	0
아까 본 거 또 보고	0	0	0	0	0	0	0	0	0	1	0
고추점자리	0	0	0	0	0	0	0	0	0	1	0
냔 걍 대놓고 동성애 혐오하는데	0	0	1	0	0	0	0	0	0	0	0
진짜 개좆같다	0	0	0	0	0	0	0	0	1	0	0
이쁜애들도 거부감이 있을 수 있는데 못생기면 답이없지	0	0	0	0	0	0	0	0	1	0	0
홍어out	0	0	0	0	0	1	0	0	0	0	0
못배운것들이 말빨로 돈버는 직업이 목사다	0	0	0	0	0	0	1	0	0	0	0
간통죄 없어져서딴놈이랑 빠구리 무죄	0	0	0	0	0	0	0	0	0	1	0
신천지 교회 이제는 이슬람까지 우리나라 종교에게보다 더 엄격하게 관리해야한다고 생각합니다 미우나 고우나 내국인이야 뭐 야단칠거 치고 치료하고 조심시킨다쳐도 외국인은 민폐끼치면 출국시키는것이 당연하다고 봅니다	0	0	0	1	0	0	1	0	0	0	0
아니 저렇게 하고 다니면서 어떻게 혐오를 하지 말라는거냐 일반인이 저러고 다녀도 혐오인데	0	0	0	0	0	0	0	0	1	0	0
이 씨발 애기봉 점등행사떄문에 전방있을때 포상에서 좆뺑이깐거만 생각하면 부들부들 거린다 이기야개독교좌좀 씨발새끼들	0	0	0	0	0	0	1	0	0	0	0
그냥 존나게 패야됨	0	0	0	0	0	0	0	0	1	0	0
또 머리 굴리는구나 지한테 이익이면 아무소리나  막함	0	0	0	0	0	0	0	0	1	0	0
좆족에 비해 동남아 애들 존나 대부분 착하다 그냥 좆족 애들만 어케 다 보내버리자	0	0	0	1	0	0	0	0	0	0	0
오 이런거 필요했는데 워리가또	0	0	0	0	0	0	0	0	0	1	0
유독 현재 애들엄마들 맘충들이 수준이하의 매너와 민도를 갗춤	1	0	0	0	0	0	0	0	0	0	0
돈 많아서 좋겠다	0	0	0	0	0	0	0	0	0	1	0
미국가서 입대해 그럼 왜 한국에서 난리치냐	0	0	0	0	0	0	0	0	0	1	0
똥이 유쾌하고 사랑스러울 지경으로 세뇌시켜야지만 김치좆와꾸비벼볼만하기때문이노 온갖 더러운것들을 쓰까 놓아도 한남한테는 못당해서 그런다이기	0	1	0	0	0	0	0	0	0	0	0
아 좆팔 육성으로 욕나오노	0	0	0	0	0	0	0	0	1	0	0
길에서 저러고 있는 자댕이 보면 경찰서 신고하면 되노 바로 견찰들 와서 쫓아보내주노	0	1	0	0	0	0	0	0	0	0	0
저거 환생치료하면 낫는다던데	0	0	0	0	0	0	0	0	1	0	0
미친 새끼들 제발 니네나라로 꺼져	0	0	0	1	0	0	0	0	0	0	0
저런 오물 손으로 지 여친 만지는거	0	0	0	0	0	0	0	0	0	1	0
국정조사 해라	0	0	0	0	0	0	0	0	0	1	0
부정탈때 소금 뿌린다 뿌린다고 가만있는 가마니냐	0	0	0	0	0	0	0	0	0	1	0
그런 걱정 전혀 없게 생긴 얼굴인데뭔 걱정이고 씨발	0	0	0	0	0	0	0	0	1	0	0
전라도는 앞에선 친한척 뒤에서 욕하고 이간질하고 경상도는 항상 지가 잘났고 지가 존나쎄고 이런 중고딩 애새끼들도 안할법한 행동을 성인이 한다는점 앞에서 대놓고 말좆같이하면 지가 멋있고 쎄보이는줄 안다는거	0	0	0	0	0	1	0	0	0	0	0
여자 잘 물었네	0	0	0	0	0	0	0	0	1	0	0
제일 큰 문제 세상에 남자 여자 반반이라고 똑같은 대우 받을려 하니 문제가 생기는건데 무슨 육아 차별 이런 말로 말장난 하냐	0	0	0	0	0	0	0	0	0	1	0
일베 탈북자 게이가 한 말이 저렇게 말하는 새끼들 주로 평양출신이고 하나원에서 저지랄 하다 다른 탈북자들 한테 린치맞고 정신 차린다던데	0	0	0	1	0	0	0	0	0	0	0
후팔 이미 애비뒤진 틀딱새끼 입확찢해버리고싶노 틀딱심리연구련은 워추야	0	0	0	0	1	0	0	0	0	0	0
응디 다 죽었노한녀는 관리 안하는 순간 끝인듯	1	0	0	0	0	0	0	0	0	0	0
진정한 젠신병자면 페미니즘 할텐데 젠신이 죽어도 페미니즘이 안티 젠신이라는거 보니까 젠신은 그냥 거세당한 자지놈이노	0	0	1	0	0	0	0	1	0	0	0
전국에 김여사들이 줄지어 깜방가겠누	1	0	0	0	0	0	0	0	0	0	0
드립이 재미도없고 뭐 조딴걸 트윗으로 쓰냐	0	0	0	0	0	0	0	0	1	0	0
동성애자는 개돼지와 사랑을 나눌 수 있다는 것과 같은 자연법칙 위반자들이므로 사회적인 대접을 받고자 하면 안된다	0	0	1	0	0	0	0	0	0	0	0
뭔개소리냐 저새끼가 비록 개슬람이긴 하지만 잘못한게 없는데 경찰이 헛좆질한건 맞잖아	0	0	0	0	0	0	1	0	0	0	0
이 새끼들이 할줄 아는게광주사태 세월호 반일 딱 3개임	0	0	0	0	0	0	0	0	1	0	0
이집트가 고양이 신성시하는 건 많이 알려졌는데이슬람 전체가 그런건가	0	0	0	0	0	0	0	0	0	1	0
혹시라도 자신이 위기에 처했을 때 옆에서 멀뚱 보기만해도 원망하기 없음	0	0	0	0	0	0	0	0	0	1	0
지들 인생 지들이 사는거라고 처음에는 동성애 신경도 안써서 그렇게 나쁘게 보진 않았는데똥꼬충 새끼들 퀴어축제 같이 극혐 짓거리 하는거 보고 인식이 나쁘게 바뀜	0	0	1	0	0	0	0	0	0	0	0
큰 쏘세지로 바꾸세요	0	0	0	0	0	0	0	0	0	1	0
좆레벌떡 몰려오는거 웃기노 그게 다 니들 와꾸상태다이기야	0	1	0	0	0	0	0	0	0	0	0
진짜 딱 일주일만 군대 보내면 달라질텐데	0	0	0	0	0	0	0	0	1	0	0
수염존나안어울림	0	0	0	0	0	0	0	0	0	1	0
주작없으면 여혐을 못하는데 쓰까라고 웜혐에 주작 못한다는 보장 있노 스까는 패야한다 이기야	1	0	0	0	0	0	0	0	0	0	0
틀니새끼들이 만든줄	0	0	0	0	1	0	0	0	0	0	0
다들 머리에 우동이들었나	0	0	0	0	0	0	0	0	1	0	0
나서서 화력지펴주는 쀼젤라또띠아메리카노	0	0	0	0	0	0	0	0	0	1	0
아 한남다운 노래다이니	0	1	0	0	0	0	0	0	0	0	0
진짜 맞는말 이리해도 자지들 이해 못하지	0	1	0	0	0	0	0	0	0	0	0
존나게 빨리달리네 병신 짜장새끼들	0	0	0	1	0	0	0	0	0	0	0
번탈 수퇘지 하다못해 동물한테 열복 중 쿵쾅쿵쾅	0	1	0	0	0	0	0	0	0	0	0
군대가면 육노예로 사용할듯	0	0	0	0	0	0	0	0	1	0	0
개검들이 키워준 기더기들 개검 잡고 이젠 기더기들 잡아들여야 나라가 바로 선다	0	0	0	0	0	0	0	1	0	0	0
흉자모한테는 자주쓰는 말이노 광광	1	0	0	0	0	0	0	0	0	0	0
갓국대 인정합니다	0	0	0	0	0	0	0	0	0	1	0
중동새키들은 진짜 볼떄마다 뭔가 간사하고 사악하게 생겼다는 느낌을 지울수없다	0	0	0	1	0	0	0	0	0	0	0
돼지들은 제로콜라만 마셔도 목숨 건지는거다	0	0	0	0	0	0	0	0	0	1	0
형을 피하려는 걸로밖에안보임	0	0	0	0	0	0	0	0	1	0	0
독도가 일본 땅이다고 주장하는걸 인정하고자 참가하려는 정부 평창올림픽때 독도 우리땅이라는걸 지운 대한민국 나라가 이 모양이니 개나소나 목사하는 대한민국	0	0	0	0	0	0	1	0	0	0	0
저 유골 진짜일 거 같냐 가짜일 거 같냐	0	0	0	0	0	0	0	0	0	1	0
냄저들 패느라 미뤄두기만한거지 상종하기도 싫고 존나멍청해보임	0	1	0	0	0	0	0	0	0	0	0
메갈련 남자화장실에 들어왔다고 상상하니 소름돋네	1	0	0	0	0	0	0	0	0	0	0
동향동향 진짜 저쪽것들은 동향 좋아하네	0	0	0	0	0	0	0	0	1	0	0
좆슬람이랑 여성인권 똑같다익이 후팔	0	0	0	1	0	0	1	0	0	0	0
닥쳐이자슨민은 팩트없어도 까도돼	0	0	0	0	0	0	0	1	0	0	1
로고말고 위안부 발언한거 보내	0	0	0	0	0	0	0	0	0	1	0
트럼프가 되라 무조건 시발새끼들	0	0	0	0	0	0	0	0	1	0	0
전부다 그런건 아니다예전에 새터민 마지막으로 일반인 집에서 하루 자고 가는거 우리집에서 한번 했었는데 그때 북한 실상도 많이 듣고아직까지 연락하면서 지내는데 열심히 일하면서 한국에서 사는거 만족하더라	0	0	0	0	0	0	0	0	0	1	0
이 댓글 쓰는 와중에도 몇마리 뒤졌을듯	0	0	0	0	0	0	0	0	1	0	0
저런 빡대가리새끼가 어떻게 3억5천이나 모은거냐	0	0	0	0	0	0	0	0	1	0	0
오바마 퇴임할때 다 되었는데 뭐 어쩌잔건지 모르겠슴	0	0	0	0	0	0	0	0	0	1	0
후팔놈들이 오냐오냐 해주니 버르장머리 없어짐	0	0	0	0	0	0	0	0	1	0	0
내가 돈만 많았어도 제2의 성재기 할텐데 시발	0	0	0	0	0	0	0	0	1	0	0
일게이들 로망아니노	0	0	0	0	0	0	0	0	0	1	0
놀고있네 나도 여자지만 이건 아니다 그냥 토막살아범일 뿐이지 성별 따져서 젠더갈등으로 몰지마라 어디 내세울게 없어서 여자남자 따지냐 그냥 저여자는 흉악한 토막살인범일뿐 그이상도 그이하도 아닌 세상에서 영원히 격리돼야할 쓰레기일 뿐이다	0	0	0	0	0	0	0	0	1	0	0
지구 최대의 사기극 종교 ᆢ	0	0	0	0	0	0	1	0	0	0	0
씹거지 틀딱상대로 돈도 못받을텐데 개손해네요 껄껄	0	0	0	0	1	0	0	0	0	0	0
연변거지 딱이노	0	0	0	1	0	0	0	0	0	0	0
저러니 전국민이 전라도 전라도 하는거지	0	0	0	0	0	1	0	0	0	0	0
저당시 똥꼬충들은 길거리에서 후장까고놀지를 않아서그래	0	0	1	0	0	0	0	0	0	0	0
생리컵 브라렛	0	0	0	0	0	0	0	0	0	1	0
정신과치료나 받아라 세상에 짐승도 안하는 짓을 하며 동조받길 바라는건 뭔지모르겠네	0	0	0	0	0	0	0	0	1	0	0
물리치료크루 수장 막심선생님도 초빙해서 조언을 구해야지	0	0	0	0	0	0	0	0	0	1	0
개슬람새끼들 좆미개	0	0	0	0	0	0	1	0	0	0	0
왜 전라도인들은 경상도사람만 전라도를 싫어한다고 착각할까	0	0	0	0	0	1	0	0	0	0	0
산에서 일렬횡대로 오는 사람에 비하면 양반임	0	0	0	0	0	0	0	0	1	0	0
나도 이거 뉴스로 본 적 있음 근데 기사에는 그렇게 늦은 밤이 아니라 8시인가 9시였던걸로 나온걸로 기억하는데	0	0	0	0	0	0	0	0	0	1	0
20살때 군대가기전 빕스알바 했는데 평일 아침 점심 고객90퍼가 아줌마임 그거보고 환멸감 존나 느꼈다	1	0	0	0	0	0	0	0	0	0	0
총선용 언플이라 어차피 흐지부지	0	0	0	0	0	0	0	0	1	0	0
그 냄져 잘못이 크구만	0	1	0	0	0	0	0	0	0	0	0
씨발 이딴게 재밌냐	0	0	0	0	0	0	0	0	1	0	0
매국노 시키	0	0	0	0	0	0	0	0	1	0	0
살판 났구나	0	0	0	0	0	0	0	0	0	1	0
서울 대역죄인새끼들 발언권 없다 저리 꺼져라	0	0	0	0	0	1	0	0	0	0	0
좆까 시발 개독새끼야 십자가로 찍어죽여벌라	0	0	0	0	0	0	1	0	0	0	0
우웩 개토나온다 따라가길	0	0	0	0	0	0	0	0	1	0	0
이제 유대인이 아니라 이슬람교가 다시 주적이다	0	0	0	1	0	0	1	0	0	0	0
천조국 대통령이 성경책에 손얹고 선서하는 거 보면 존나 멋있고 감동적인데김치맨들이 하면 그저 똥송	0	0	0	1	0	0	0	0	0	0	1
강제 바텀행	0	0	0	0	0	0	0	0	0	1	0
5명도 많이 남은거노 한남충들 싹다 정리했더니 카톡창이 노무 크린한 쀼젤	0	1	0	0	0	0	0	0	0	0	0
역시 빤스목사	0	0	0	0	0	0	1	0	0	0	0
니가 낚아채라	0	0	0	0	0	0	0	0	0	1	0
니거랑 개슬람 짱깨새끼들만 내보내면 다 해결됨	0	0	0	1	0	0	1	0	0	0	0
고추 다리사이에 끼우고 여자같지 이 말 함	0	0	0	0	0	0	0	0	0	1	0
다른 보지 걱정할정도로 사치부릴 주제가 안 된다 이기	0	0	0	0	0	0	0	0	0	1	0
총칼 말고 폭탄 들어도 테러 됨	0	0	0	0	0	0	0	0	0	1	0
사탄들 아주 오바이트 나오려고 한다 아재 교회말만 들어도 토 쏠려	0	0	0	0	0	0	1	0	0	0	0
맞다 이기야 이 얘기 꾸준히 해야하노 여기는 워마드지 워마드심리상담센터가 아니다 이기야 피해받은 일은 복수한썰 피해준 자댕이 부랄 파열시킨썰 아니면 들고 오지 마라 이기야	0	1	0	0	0	0	0	0	0	0	0
우리나라는 저 교회때문에 코로나 못잡는다	0	0	0	0	0	0	1	0	0	0	0
목사들은 알아 자기가 사기꾼인것을근데 자기도 현실에선 돈이 벌리고 행복을 누려야 하니 알고도 계속 하나님 팔아 돈버는것임우매하고 어리석은 신도가 문제지 목사는 죄가 없음	0	0	0	0	0	0	1	0	0	0	0
시발하리수 비키니 짤 보고 고추 안 슨 놈들은 나한테 리플을 달어라	0	0	1	0	0	0	0	0	0	0	0
조선족들 동화되서 다 없어지는개 남	0	0	0	1	0	0	0	0	0	0	0
저게 목사냐 악마숭배자지	0	0	0	0	0	0	1	0	0	0	0
홍어새끼들 저렇게 도와주는것도 조롱하더라 금수같은 새끼들임	0	0	0	0	0	1	0	0	0	0	0
한남충들 다 재기하소서 자멘	0	1	0	0	0	0	0	0	0	0	0
봊나 통쾌하노 이제 테레비에서 그남들 안볼 수 있어서 좋노	0	1	0	0	0	0	0	0	0	0	0
뇌만 보지에 달려 있는 줄 알았더니 눈깔도 보지에 달려 있네 그니까 못 보지	1	0	0	0	0	0	0	0	0	0	0
나도 이민 가고싶다	0	0	0	0	0	0	0	0	0	1	0
같이 편 먹더니 이제 지들끼리 치고박고 난리네	0	0	0	0	0	0	0	0	0	1	0
하여튼 기독교 문제야 문제집단이야	0	0	0	0	0	0	1	0	0	0	0
돈없어서 필기도구 꺼냇다	0	0	0	0	0	0	0	0	0	1	0
이쪽 좆나 심하노 당장 이쪽커뮤들어가 보면 부치 팸 앵나 나누고 개빻았음 물론 괘미들도 많고 남혐하는보지들도 많은 쀼젤 한남들이 레즈의 계략이라고 하는거보면 기가찬다이기야 자지 365갈래로 찢고싶노	0	1	0	0	0	0	0	0	0	0	0
민정이 세벽2시 여의도에서 촬영하는데 아무도 없고 나랑 내친구만 바로앞에서 보고 인사했는데 눈이 와 작살난다	0	0	0	0	0	0	0	0	0	1	0
저새끼 말에서 느꼈다 저건 생리대콜렉터다	0	0	0	0	0	0	0	0	0	1	0
동성애는 심각한 정신질환이다 과거 나병환자처람 한 섬에 죽을때까지 격리시키는게 옳은 처사다	0	0	1	0	0	0	0	0	0	0	0
마 종범아 더 욕보지 말고 싸게싸게 종범해라익이야 느그애비보기 창피하지도 않노 아 종범이애비 후장팔아서 종범이새끼 길러놧더니 하는짓이 애비따라가면 종범이 애비가 을매나 눈물겹겠노 부자가 나란히 후장뚫리고 잘하는짓이노	0	1	0	0	0	0	0	0	0	0	0
좋기만한데 진짜 일베에 홍어들이 바글바글하네	0	0	0	0	0	1	0	0	0	0	0
종교를 이용해서 사기치는 새끼들 재산 압류하고 처벌 강화해야 한다	0	0	0	0	0	0	1	0	0	0	0
그게 하나의 사회 이동과정이지 선진국들은 이미전부 겪었고 후진국인 한국이 이제 그과정을 거치는중	0	0	0	0	0	0	0	0	0	1	0
막짤 한국이었으면 좋겠노 아쉽노	0	0	0	0	0	0	0	0	0	1	0
이로써 죠샌진과 짱개는 동일함을 알게됨	0	0	0	1	0	0	0	0	0	0	0
고려 훈요십조도 있는데	0	0	0	0	0	0	0	0	0	1	0
구토유발자들	0	0	0	0	0	0	0	0	1	0	0
탈쌍도해서 서울사는 학식인데 주변에 망혼의사있는사람 아예 없고	0	0	0	0	0	1	0	0	0	0	0
저러고 발정났다 소문다나고 성희롱으로 처벌받을빠엔 걍 성폭행하는게 훨 이득이지 어차피 미성년자끼리 하는 짓인데	0	0	0	0	0	0	0	0	1	0	0
방역 철저히 해서 예배가 다시 회복되길 간절히 바랍니다	0	0	0	0	0	0	0	0	0	1	0
좆족박사모네	0	0	0	1	0	0	0	0	0	0	0
요약모든 무슬림이 테러리스트가 아니다 하지만 테러리스트는 모두 무슬림이다	0	0	0	1	0	0	1	0	0	0	0
표현의 자유가 있으니까차별금지법 같은 건 별로그래도 저 개독들 꼴보기는 싫은데	0	0	0	0	0	0	1	0	0	0	0
임영웅 저새끼 눈 사팔뜨기 존나 무섭네 사시가 진짜 좆같음 신기한게 송가인도 눈 사시임 둘이 1등 먹음 사시 트롯	0	0	0	0	0	0	0	0	1	0	1
정상적인 자지라면 동성애를 혐오할 수 밖에 없다 보지년들이나 동성애에 환장하지	0	0	1	0	0	0	0	0	0	0	0
어차피 서울 미만관심없음밑구석 촌놈새끼들은 지들끼리 놀면됨	0	0	0	0	0	1	0	0	0	0	0
아따 할배 살아잇네	0	0	0	0	0	0	0	0	0	1	0
강당에 있는 씹새끼들 기관총으로 좆나 다쏴죽여버리고 싶다	0	0	0	0	0	0	0	0	1	0	0
캬 홍어새끼 분탕치느라 개고생하盧 홍어새끼 분탕새끼 밴처먹여라	0	0	0	0	0	1	0	0	0	0	0
개극혐이네 모아서 총쏴죽이고싶다	0	0	0	0	0	0	0	0	1	0	0
앞으로 모든 범죄에 휴대폰은 증거 능력 없애라	0	0	0	0	0	0	0	0	0	1	0
우하하하 팡파레	0	0	0	0	0	0	0	0	0	1	0
진짜 한국남자만큼 자기자신을 잘모르는남자들이 없을거같노 주제를 정말모르고 언제나 자신을 높게평가한다익이야 자의식과잉	0	1	0	0	0	0	0	0	0	0	0
이거 여자버전도있다 그리고 남자가 줫나말도안되게 더펴대는건 팩트임 그리고 여자는 적어도 길빵은 안하지않냐 담배 10명피면 9명이남자임	0	1	0	0	0	0	0	0	0	0	0
저렇게 안하면 도리어 상전짓을 함 그러니 저런거 시켜야돼	0	0	0	0	0	0	0	0	0	1	0
난 그룹이오	0	0	0	0	0	0	0	0	0	1	0
제 큰일이네 10년살다 나오것다	0	0	0	0	0	0	0	0	0	1	0
멋지게 반박은 해주고 정신승리 시전하게 만들어줘야지방구석에서 혼자 정신슨라 시전하노	0	0	0	0	0	0	0	0	1	0	0
벌집후장인 에이즈충은 후장을 뭘로 맞았길래 저모양이노	0	0	1	0	0	0	0	0	0	0	0
지지리도 말도안들어요 정말이기적인집단 이나라에서 영원히 사라져하는 종교집단 이런종교을 믿는인간들 제발 정신좀차리세요	0	0	0	0	0	0	1	0	0	0	0
저 여성단체들이 여경들 더 욕을 멕이는군	1	0	0	0	0	0	0	0	0	0	0
앱충 사진 불태우는 페미 동아리 어디노 가입하고 싶노	0	1	0	0	0	0	0	0	0	0	0
누가 비비탄 총으로 저거 터뜨려라누가 비비탄 총으로 저거 터뜨려라 누가 비비탄 총으로 저거 터뜨려라 누가 비비탄 총으로 저거 터뜨려라	0	0	0	0	0	0	0	0	0	1	0
끔찍한 혼종이지	0	0	0	0	0	0	0	0	1	0	0
급식충들은 그냥 죄다 총살시켜야함 애미디진 쓰레기새끼들 내가 어릴떄도 급식충들 싫엇어	0	0	0	0	1	0	0	0	0	0	0
로마에서 로마법을 따라야지 필리핀 쳐들어가서 삭제해버렷으면 좋겟네	0	0	0	1	0	0	0	0	0	0	0
기분조지네 애새끼들 존나 꼴보기 싫음	0	0	0	0	1	0	0	0	0	0	0
내가 부모였음 법 좆까고 직접 면상을 피떡으로 만든다 똥꼬충새끼는 주먹으로 다스려야 한다	0	0	1	0	0	0	0	0	0	0	0
전 메인보드 그대로 가시는걸 추천 드림 cpu는 X붙은걸 사시는걸 추천 드림	0	0	0	0	0	0	0	0	0	1	0
보토피아 완성할려면 우리도 해야한다 이기	0	0	0	0	0	0	0	0	1	0	0
진짜 개독들 다 죽어라	0	0	0	0	0	0	1	0	0	0	0
피는건 뭐라 안하는데길빵충은 패죽여도 무죄	0	0	0	0	0	0	0	0	1	0	0
이민자들 받아 들이기 전에 한국에 동화될 놈들인지 아닌지 판별부터 좀해라요즘 돌아가는 거보면 개슬람이고 짱개고 한국에 동화되서 사회구성원으로서 공동체에 기여하면서 살려는게 아니라 한국을 지들한테 동화시키고 현지인을 정복해서 자기밑에 두려고 드는걸로 보인다	0	0	0	1	0	0	0	0	0	0	0
사탄도 너 버릴거같다 사탄보다 더 한 악마야	0	0	0	0	0	0	0	0	1	0	0
입모양을 보면 종북이 아니라 홍어임	0	0	0	0	0	1	0	0	0	0	0
윾입 봊나 늘었노 애액이라는 워딩 안쓰기로한지가 6969년은 될 텐데	0	0	0	0	0	0	0	0	1	0	0
난 저런거 볼때마다 위에 침대가 무너지는 상상을 해	0	0	0	0	0	0	0	0	0	1	0
저건 게이가아니라 여자가돠고싶은 병신새장애인끼들모임아니냐	0	0	1	0	0	0	0	0	0	0	0
브로커 인정했네	0	0	0	0	0	0	0	0	0	1	0
진짜 전라도 음식이 국내 음식 탑 이라 생각하는건가	0	0	0	0	0	1	0	0	0	0	0
프로 불편러들 많네	0	0	0	0	0	0	0	0	1	0	0
외국이라하고 꼬시면 후장도 따겠노 껄껄	0	0	0	0	0	0	0	0	1	0	0
뭔 개 좆같은소리야 동남아 다문화는 우리나라 후퇴의 지름길인데 선진국끼리면 모를까	0	0	0	1	0	0	0	0	0	0	0
쇼윈도우 부부	0	0	0	0	0	0	0	0	1	0	0
무슬림 청년끼리 데스매치	0	0	0	1	0	0	1	0	0	0	0
네이버 댓글이 참 이성적임	0	0	0	0	0	0	0	0	0	1	0
하여튼 절라도	0	0	0	0	0	1	0	0	0	0	0
후기 반드시 올려라	0	0	0	0	0	0	0	0	0	1	0
너희 김치년들 만나주는남자는 한국남자뿐이라느니 외국나가서 걍 섹스토이취급받는거라느니 캣콜링보고 성희롱인줄도 모르고 좋아하는거 불쌍하다느니 그외에도 여자외모나이후려치기 오짐 한남좆은 작지만 단단하고 정력이좋다느니 아시아 최고미남 최장신이라느니 올려치기오지노	0	1	0	0	0	0	0	0	0	0	0
계정도용도 하나보네	0	0	0	0	0	0	0	0	0	1	0
스키장이 무슨 나이트냐 병신같은 마케팅	0	0	0	0	0	0	0	0	1	0	0
현실은 남편 노가다충임 인증없으면 아무튼그럼	0	0	0	0	0	0	0	1	0	0	0
저런부모밑에서 자라느니 차라리 죽는게 낫지 어디 보내버릴거 아니였으면	0	0	0	0	0	0	0	0	1	0	0
아무리 돈을 벌어도 씨발 저 얼굴론 못살겠다저딴 얼굴을 지녔으니 행실이 저렇지 모	0	0	0	0	0	0	0	0	1	0	0
페미니스트가 되고싶어도 페미니스트가 될 수 없는 사회 병신년에 같이 좀 쓸어버렸어야 되는데	0	0	0	0	0	0	0	0	1	0	0
이제 조금씩 하고 산다 이기야	0	0	0	0	0	0	0	0	0	1	0
경상도사투리는 일본어랑유사하다고함	0	0	0	0	0	0	0	0	0	1	0
왜케 피해의식이 많냐 전라도 좋아하려고해도 저런거땜에 정떨어지네	0	0	0	0	0	1	0	0	0	0	0
저능아 막무가내 박사모 틀딱들과 돈독오른 먹사새끼들의 노예인 신도들이 끊임없이 보수에 들러붙어 괴롭히는구나아주 상진드기가 붙어버렸어	0	0	0	0	1	0	1	0	0	0	0
게이가되는게 자유라면 게이를 싫어하고 혐오하는것도 자유지	0	0	1	0	0	0	0	0	0	0	0
진우 이놈아야 얼굴 떡하니 안티페미짓하다 니 인생 골로갈지 모르노 밤길 조심해라 이기	0	0	0	0	0	0	0	0	1	0	1
한국여자들 다 아다임	1	0	0	0	0	0	0	0	0	0	0
똥성애 에이즈 99 레즈 에이즈0 이것만 봐도 자지들이 문제란거 알텐데 왜 함께하는거노	0	1	1	0	0	0	0	0	0	0	0
난 잘생기고 어깨넓고 키크고 자지 크고 맛있는놈만 좋아한다이기 보빨 24시간 필수코스	0	1	0	0	0	0	0	0	0	0	0
키보드야 잠깐 커피마시고 와	0	0	0	0	0	0	0	0	0	1	0
근데 진짜 하지도 않은 성범죄로 인생 다 조지는거나 사람 죽여서 조지는거나 비슷해지면 걍 죽이고 갈듯	0	0	0	0	0	0	0	0	1	0	0
여윽시 배운 놈들은 다르노	0	0	0	0	0	0	0	0	0	1	0
뭐긴 뭐야 목사들이 좆질을 좆같이 하는거기업화하고 돈 존나 벌어놓고 종교인 과세 거부하는거길거리에서 예수천국 불신지옥 이지랄하는거 등등 있지	0	0	0	0	0	0	1	0	0	0	0
쳐망해봐야정신차리노	0	0	0	0	0	0	0	0	1	0	0
후팔놈아 직수해라익이 20대면 상폐노 남자는 20넘으면 다 재기시켜야하노	0	1	0	0	1	0	0	0	0	0	0
그래서 틀튜브 망상속에서 못빠져나오는거임오직 그안에서만은 자신들이 원하는 이상적인 세계가 존재하니까	0	0	0	0	1	0	0	0	0	0	0
머가리 좆물만 그득 찬거 누가 애비랄까봐 태세전환도 소추처럼 삼초직이노 한남 종특 3초 42언스다이기	0	1	0	0	0	0	0	0	0	0	0
저건 뭔 개짓거리야	0	0	0	0	0	0	0	0	1	0	0
지금이 뭔 70 80년대인줄아나 븅신 돈주고도 못가는데 요새 호주 투자이민만해도 30억이다	0	0	0	0	0	0	0	0	1	0	0
네다음 통통구이 개쌍도	0	0	0	0	0	1	0	0	0	0	0
아무리 지금 햇님 지지해도 성재기 옹호했던 정미홍이 좋게 보이지 않는 이유가 이거노	0	0	0	0	0	0	0	0	0	1	0
꼬추가 숨막힐거같다고 생각들정도다	0	0	0	0	0	0	0	0	1	0	0
글 다 맞는 말인데 양보지말고 양인으로 워딩바꿔라	1	0	0	1	0	0	0	0	0	0	0
과자나 인스턴트를 줄여	0	0	0	0	0	0	0	0	0	1	0
이러니까 나치가 생기지	0	0	0	0	0	0	0	1	0	0	0
병신인걸 인정하면 유쾌한데 요즘은 인정을 안함	0	0	0	0	0	0	0	0	1	0	0
보지나 벌리고 있어 시발년이	1	0	0	0	0	0	0	0	0	0	0
섹스재기 말고 세인트재기 합시다	0	0	0	0	0	0	0	0	1	0	0
저 한남콘봐도봐도 놀랍도록 새롭게 못생겼노 내 앱충 판박이노	0	1	0	0	0	0	0	0	0	0	0
일베도 마찬가지임 쉰내나는사람들 별도로 표기해줬음 좋겠음	0	0	0	0	1	0	0	0	0	0	0
읽어보니 감귤국의 미개함도 만만치 않노 후팔 한남민국에 사는 냄져들 미개하기로는 쌍도 따를 냄져가 없다지만 어찌 쌍도 하나만 미개하겠노 필시 이 저주받은 땅에서 숨쉬는 냄져라면 전부 미개하니 빛의 속도로 재기해라	0	1	0	0	0	1	0	0	0	0	0
진짜 보아성님 노무 저평가됐노 춤 노래 강단까지 지금 아이돌 자집애들 다 처바르는데 좆팔	0	1	0	0	0	0	0	0	0	0	0
면상이야 안봐도 뻔하지 앞서 공개된 세놈팽이 보니까 관상은 과학이더구만 애미애비 다른 세쌍둥이인줄	0	0	0	0	0	0	0	0	1	0	0
살인마 동고충들	0	0	1	0	0	0	0	0	0	0	0
인상찌푸려지노 기분 재기했다이기	0	0	0	0	0	0	0	0	1	0	0
러시아 일베	0	0	0	0	0	0	0	0	0	1	0
보지들 대가리에서 뭐가 나오겟냐	1	0	0	0	0	0	0	0	0	0	0
저런 새끼들이 인터넷에선 짱깨보고 미개하다고 까겠지짱깨랑 미개함 수준이 오십보 백보 또이또이한소중화 틀딱 씨발년들	0	0	0	1	1	0	0	0	0	0	0
어차피 안할듯	0	0	0	0	0	0	0	0	0	1	0
능력도 있고 의지도 있는 년이 판사 돼서 자혐 판례 만들면 좋기야 하지 한둘은 나오지 않겠노	0	1	0	0	0	0	0	0	0	0	0
익산 사는 틀딱이노 지금 칼들고 버스타러 가는 중이노 조팔 부랄봉제선부터 몸을 두동강내서 금강에 빠뜨릴거노 남경들아 순직하고 싶으면 금강 주변 수색해라 자지부터 뜯어서 죽여줄테니	0	1	0	0	0	0	0	0	0	0	0
인상이 팍팍 구겨지노	0	0	0	0	0	0	0	0	1	0	0
이제 저 새끼는 공부도 못하고 밥도 혼자 못쳐먹고 산송장이노 그나마 복수는 제대로했다이기야	0	0	0	0	0	0	0	0	1	0	0
염전밭 역전앞	0	0	0	0	0	0	0	0	0	1	0
맘충들 국가내란죄로 언젠가는 다 잡아 처넣어야함	1	0	0	0	0	0	0	0	0	0	0
좆족 좆족 좆족 좆족 좆족 좆족 좆족 좆족 좆족 좆족 좆족 좆족 좆족 좆족 좆족 좆족좆족 좆족 좆족 좆족 좆족 좆족 좆족 좆족말꼬투리 잡아서 정의로운 척 존나 하네	0	0	0	1	0	0	0	0	0	0	0
민폐와 진상의 화신 맘충	1	0	0	0	0	0	0	0	0	0	0
메갈년들 보지에 전구넣고 바늘로 꿰메고 납땜하고 배 존나 밟고싶당	1	0	0	0	0	0	0	0	0	0	0
좆같다 씨발진짜	0	0	0	0	0	0	0	0	1	0	0
역시 부산이 최고다부산 화이팅	0	0	0	0	0	0	0	0	0	1	0
앰창vs 앰창의 대결이노	0	0	0	0	0	0	0	0	1	0	0
난민새끼들 혜화역에서만 수용안돼냐 바퀴잡는 개미로	0	0	0	1	0	0	0	0	0	0	0
소름돋았다	0	0	0	0	0	0	0	0	0	1	0
난징대축제같은 행사를 중국전역으로 확대해야함	0	0	0	1	0	0	0	0	0	0	0
여자탓하는게 종특이노	0	0	0	0	0	0	0	0	1	0	0
386의 딸들	0	0	0	0	0	0	0	0	0	1	0
깔깔깔 나만 아니면됨 팝콘각	0	0	0	0	0	0	0	0	1	0	0
잭스 존잘이노	0	0	0	0	0	0	0	0	0	1	0
맞노 좆나 갈대같은놈들이다이기	0	0	0	0	0	0	0	0	1	0	0
20년 경상도 살면서 경상도것들 질렸다	0	0	0	0	0	1	0	0	0	0	0
여자는 겁나게 욕하는 곳인데또 여자 입맛에 맞추려고 겁나 눈치보고 보빨하는멀고도 험한 애국보수인들	1	0	0	0	0	0	0	0	0	0	0
안산가봐라 외2세들 끝장난다 물론 쥬럽쪽	0	0	0	1	0	0	0	0	0	0	0
시발 이번 수능때 이브금 써먹어야지	0	0	0	0	0	0	0	0	1	0	0
클라인펠터 같은데	0	0	0	0	0	0	0	0	0	1	0
홍어새끼였노	0	0	0	0	0	1	0	0	0	0	0
나이쳐먹은 스시녀 데리고 25살이라고 구라쳐서 일베쳐먹을려고 한거네 이해해줘라 상폐 데리고 살아야되잖아	1	0	0	1	1	0	0	0	0	0	0
몽정해서 예민했나보지	0	1	0	0	0	0	0	0	0	0	0
아미타불관세음보살	0	0	0	0	0	0	0	0	0	1	0
후장에 금테둘렀냐 느그들이 그래 빨아주는 군인들한테 좀 대주고 상부상조하고 게이즈걸려서 재기하면 될것을 뭐가 말이 많노	0	0	1	0	0	0	0	0	0	0	0
3억이면 서울에서 아파트 살수 있다내가 공무원5급인데 대출1억나온다신용대출별도로 1억가능하다주택청약당첨되면 서울 좀 외진데 5억으로 청약된거 분양가능	0	0	0	0	0	0	0	0	0	1	0
야 술은 먹고 운전했지만 음주운전할 생각은 없었다란 뭐가 틀려	0	0	0	0	0	0	0	0	0	1	0
기자야 니가 이상한거야	0	0	0	0	0	0	0	0	1	0	0
성매매는 합법화 되어야한다	0	0	0	0	0	0	0	0	0	1	0
일부여성은 매일 불려가는게 즐거운년도 있지 않았을까나	0	0	0	0	0	0	0	0	1	0	0
이놈 저놈한테 몸팔다가 누가 애비인지 모르는 창녀 아들로 태어난새끼 믿는 종교인 만큼이곳 저곳 신화 배껴다 쓴 종교 믿는 새끼들은 대가리 왜 달고 다니냐	1	0	0	0	0	0	1	0	0	0	0
툭까놓고 말해 한국에서 할랄푸드 이슬람기도실이 늘어야 할 이유가 없지 않나	0	0	0	1	0	0	1	0	0	0	0
너는 엄마한테 그런말 쓰면못써	0	0	0	0	0	0	0	0	0	1	0
조팔 쓰까들 얘기 들을 때마다 앵나 스트레스 받노 글쓴련한테 완전 동감한다 쓰까는 이제 여자한테 도움이 안된다 말만 페미지 그냥 똥꼬충인권운동가나 마찬가지임	0	0	1	0	0	0	0	0	0	0	0
지 새끼한테 돈 받는 맘충	1	0	0	0	0	0	0	0	0	0	0
제대로 된 ai구나	0	0	0	0	0	0	0	0	0	1	0
자집애들답게 편갈라서 훈련하는데 뭐가되겠노	0	1	0	0	0	0	0	0	0	0	0
마지막 손가락 담배 극혐	0	0	0	0	0	0	0	0	1	0	0
네탓 정권에서 네탓을 배운 개슬람들	0	0	0	1	0	0	1	0	0	0	0
이건 진짜 개념남 인정해준다	0	1	0	0	0	0	0	0	0	0	0
개인적 생각이지만 흑인은 제외 안땡기자나그리고 우즈백여자 생각보다 많음 어중간한 동남아보다우즈백이 절차가 더간단한듯 우즈백 자체에도 한국에대한 동경이 더 높은듯뭐 흑인 빼고 백인 타국동양인 이정도면 다문화인듯	0	0	0	1	0	0	0	0	0	0	0
송영무 저새낀 어디 달동네 슈퍼마켓 아재같이 생김	0	0	0	0	0	0	0	1	0	0	1
상남자새끼들이 자식을 까야 그 자식새끼도 상남자로 태어날텐데 죄다 오토바이타다가 뒤지고 보지스러운 새끼들만 살아남아서 새끼까서 그럼	1	0	0	0	0	0	0	0	0	0	0
마굿간콜걸아들 믿는놈들수준	0	0	0	0	0	0	1	0	0	0	0
나도 가끔 저런거 보면 낭떨어지로 몰고가서 밀어버리고싶음	0	0	0	0	0	0	0	0	1	0	0
솔직히 코로나 미국 일본처럼되면  일자리고 부동산이고 무슨소용인가	0	0	0	0	0	0	0	0	0	1	0
똥꼬충은 짱게보다더 더럽다	0	0	1	1	0	0	0	0	0	0	0
판타지소설	0	0	0	0	0	0	0	0	0	1	0
진짜 저런 인간들은 광화문 광장에 묶어놓고 지나가는 사람이 돌던지게 해야된다 아무것도 모르는 애한테 무슨짓이냐	0	0	0	0	0	0	0	0	1	0	0
하여튼 주작을 안하면 똥꼬충 기사를 못써요	0	0	1	0	0	0	0	0	0	0	0
뭔소리노 보지들은 안 걸리기 때문에 낮아보이는거노 오늘도 한남들 재기시키는 재미로 사는데 이게 무슨 자트릭스 숭배하는 소리냐이기	0	1	0	0	0	0	0	0	0	0	0
털은 씨발 졸라게 무성하고 좆이랑 부랄 색은 썩은 시체색이고 씨발 존나 구린 냄새날거같음 개눈갱 시팔	0	1	0	0	0	0	0	0	0	0	0
임 젠 다	0	0	0	0	0	0	0	0	0	1	0
졸라 길게도 썼네 한줄 요약 여자는 잘생기고 키큰놈을 좋아한다	1	0	0	0	0	0	0	0	0	0	0
담 총선때 무조건 이겨서 저새끼들 투표권 회수해야한다시발련들이 한국인도 아니면서 남의나라에서 개지랄을 떨고 있노	0	0	0	1	0	0	0	0	0	0	0
이런 사건에 흥분에서 계집들 요구 다들어주니 문제그냥 굴밤이나 먹이고 끝내야지	1	0	0	0	0	0	0	0	0	0	0
안뽑히면 재기하거나 그러면 을매나 좋노 그렇게 되면 앞장서서 한남에게 인형뽑기 전파하겠노	0	1	0	0	0	0	0	0	0	0	0
중동지역 유물들 다 파괴해서 근본도 없는 잡넘들 더 근본 없게 되는 거 찬성	0	0	0	1	0	0	0	0	0	0	0
양키든 뭐든 좆놈 미개한건 42언스노	0	1	0	1	0	0	0	0	0	0	0
청원 자체가 메갈들 매크로 돌린거	1	0	0	0	0	0	0	0	0	0	0
동탄은 명함 내밀지마라 걍 거지동네니까	0	0	0	0	0	1	0	0	0	0	0
게이새끼들이 일부러 저짓하는거 같기도 하네	0	0	1	0	0	0	0	0	0	0	0
저런년이랑 같이 한표라니	0	0	0	0	0	0	0	0	1	0	0
동성애가 허용된다면 나라의 혼란이 일어날것입니다	0	0	1	0	0	0	0	0	0	0	0
띵문 퍼가노	0	0	0	0	0	0	0	0	0	1	0
이마저도 이탈리아나 캐나다 같은 국가로 거쳐서 가면 어쩌려나	0	0	0	0	0	0	0	0	0	1	0
가려도 못생겼노	0	0	0	0	0	0	0	0	1	0	0
라도 사절	0	0	0	0	0	1	0	0	0	0	0
똥남아 짱개 좇선족 전라도는 한새끼도 남김없이 쳐 죽여야 한다	0	0	0	1	0	0	0	0	0	0	0
나 뒷부분이었는데 문재앙 사형도 외쳤었노	0	0	0	0	0	0	0	0	1	0	1
상대적이라는 말인게 개소리인게10억 가진 사람이 15억 가진 사람보다 상대적으로 가난하지만100만원 가진 사람이 90만원 가진 사람보다 상대적으로 부자임절대적으로 평가할일을 상대적으로 평가하고 저지랄임 한마디로 개씹소리	0	0	0	0	0	0	0	0	1	0	0
마포꿀주먹	0	0	0	0	0	0	0	0	0	1	0
기더기들이 득시글 득시글 빨리 박멸되야	0	0	0	0	0	0	0	1	0	0	0
자아분열도 정도껏하지 23부랄스노	0	0	0	0	0	0	0	0	1	0	0
페미년들 탈코르셋 응원한다	1	0	0	0	0	0	0	0	0	0	0
니 얼굴봐라 여군들이 너하고 샤워실 같이 쓰겠냐	0	0	0	0	0	0	0	0	1	0	0
부산4호선까지 있다	0	0	0	0	0	0	0	0	0	1	0
난 파란눈	0	0	0	0	0	0	0	0	0	1	0
지동생은 손안대고 남만 조지네 미개양키새끼	0	0	0	1	0	0	0	0	0	0	0
시발 노짤 글 몇 줄 뇌피셜로 쳐 싸갈겨놓은게 일베올라오네장하다 틀니새끼들아가서 2016년도 이전 일베글 찾아보고 지금 일베 수준이랑 비교해봐라	0	0	0	0	1	0	0	0	0	0	0
맞노 좆돌은 와꾸상폐 폐기물나이되서도 흉자들이 앵나오게 빨아준다이니야 사생대회 놈딱 기대된다이기	1	0	0	0	1	0	0	0	0	0	0
부랄치기 느낌도 안오노 한남들아 좀 키워봐	0	1	0	0	0	0	0	0	0	0	0
이제야 제대로 돌아갈락말락하노 나만 좆놈들이랑 대화하기 피곤할수야 없지 너좆들도 피곤해해라 깔깔깔깔깔	0	1	0	0	0	0	0	0	0	0	0
이련아 중간에 상폐새끼 좀 지워라 눈갱당해뿟노 광광	0	0	0	0	1	0	0	0	0	0	0
전라도음식	0	0	0	0	0	0	0	0	0	1	0
쿵쾅이들좀 어떻게 해봐라 집에서 족발 3마리 쳐먹을시간에 운동좀 해라 제발	1	0	0	0	0	0	0	0	0	0	0
가다실을 안맞은병신	0	0	0	0	0	0	0	0	1	0	0
고재기 이쌔끼는 부관참시 후에 똥꼬충들한테 먹이로 줘도 부족한 버러지새끼다 철근형냐가 후장 뜷어놨으니 똥꼬충들한테 6969번 개통당할 일만 남은듯	0	0	1	0	0	0	0	0	0	0	0
주면 맛있게먹을거다	0	0	0	0	0	0	0	0	0	1	0
돈주고 스섹하는게 왜 잘못됬냐 물어보면 답못함그냥 경찰들도 잡아놓고 사적인거 침해하면서 잘못했다고 몰아가고	0	0	0	0	0	0	0	0	0	1	0
어이가 없다	0	0	0	0	0	0	0	0	0	1	0
걍세상이 전부똥꼬충이였으면 좋겠다 그래야 남자들이 보빨도안해서 권위도 내려가고	1	0	1	0	0	0	0	0	0	0	0
DLC 이만갑	0	0	0	0	0	0	0	0	0	1	0
여자끼리는 해봐야 뭘하겠냐근데 꼬추새끼들은 더럽게 똥구멍에 쳐박아대니까 문제	0	0	1	0	0	0	0	0	0	0	0
이건 무함마드 말도 들어봐야한다	0	0	0	0	0	0	0	0	0	1	0
내부결속과 놀라운 이미지를 구축하는 한국교회 되길 기도합니다	0	0	0	0	0	0	0	0	0	1	0
소아성애자랑 엮는건 아닌듯어린애들은 자가판단을 못하잖아	0	0	0	0	0	0	0	0	0	1	0
한남 얼굴 난도질하면 기분 개좋노	0	1	0	0	0	0	0	0	0	0	0
어린이집다닐 나이면 기억도 나중에 남아있을텐데	0	0	0	0	0	0	0	0	0	1	0
똥꼬충들 개독이랑 배틀로얄시켜야함	0	0	1	0	0	0	1	0	0	0	0
시발 보빨의 혁명이다감성도 주고 이익도 취하다니 역시 석유코쟁이 논리 클라스가 다르내	1	0	0	0	0	0	0	0	0	0	0
축하하노 이참에 미래 의사들을 위해서 카데바로 갖다줘라 이기	0	0	0	0	0	0	0	0	1	0	0
우리나라 기득권의 철통디펜스를 우습게보지마라	0	0	0	0	0	0	0	0	0	1	0
대다수의 개독떡사를 따르는 흔한개독신도가 소수있는 목사님을 망치로 폭행한거	0	0	0	0	0	0	1	0	0	0	0
바람피는중인데 선물안줘서 삐져가지고 뺨떄리니까 남자가 빡쳐서 니킥꽂음	0	0	0	0	0	0	0	0	0	1	0
사람은 서울로 말은 제주도로 짱깨는 광주로	0	0	0	1	0	1	0	0	0	0	0
최근 한 달간 본 글 중에 최고의 아이디어다	0	0	0	0	0	0	0	0	0	1	0
고양이미워하지마라 홍어새끼들아	0	0	0	0	0	1	0	0	0	0	0
쌍도에만 천명이면 어우 시발	0	0	0	0	0	1	0	0	0	0	0
한남들 운동회때 박터트리기용으로 쓰면 딱맞노	0	1	0	0	0	0	0	0	0	0	0
둘다 병신	0	0	0	0	0	0	0	0	1	0	0
너희끼리만 걸리고 너희끼리만 꺼져줄수있으면 오케이	0	0	0	0	0	0	0	0	0	1	0
falling plates 사람	0	0	0	0	0	0	0	0	0	1	0
백골단 다시 만들어서 대갈통 다 깨부숴야함	0	0	0	0	0	0	0	0	1	0	0
편하게 해주겠다는데도 지랄하네	0	0	0	0	0	0	0	0	1	0	0
진정한 개독	0	0	0	0	0	0	1	0	0	0	0
진짜 틀딱586새끼들 도스게임은동킹콩 페르시아의 왕자남북전쟁이다	0	0	0	0	1	0	0	0	0	0	0
pc충이라길래 피방에서 서든하는 메갈년들인줄 알고 들어옴	1	0	0	0	0	0	0	1	0	0	0
저새끼들 처단할 러시아 스킨헤드 친구들 도입이 시급하다	0	0	0	1	0	0	0	0	0	0	0
구룡포 갔으면 적산가옥이나 한번 가보지 그랬냐	0	0	0	0	0	0	0	0	0	1	0
1번보면 존나 맞는 말인데 지들이 병신이라 도피성 이민가놓고 한국 좋아지니까 정신승리하고 허세부리는 병신들이 대부분임	0	0	0	0	0	0	0	0	1	0	0
그들의 목표는한반도인들을 누르고토착왜구왕국을 세우는것	0	0	0	1	0	0	0	0	0	0	0
아무 감정이 없다는건 현실에 살아가면서 무감각해져서 그렇다	0	0	0	0	0	0	0	0	0	1	0
시남이라하자 처남 시남	0	0	0	0	0	0	0	0	0	1	0
어리다구 막말하지마라 너두 어릴때가 있었잖니	0	0	0	0	0	0	0	0	0	1	0
일본 젊은층들 정치에 좆도 관심 없어서 좆도 쓸데없는 통계임	0	0	0	1	0	0	0	0	0	0	0
꾸러기냥이노	0	0	0	0	0	0	0	0	0	1	0
미국에서 짱깨란 누명쓰고처맞고 댕기는데 뚜껑열리지미국뿐이겠노 동양인 껍데기 쓰고 여행다니면짱깨누명 쓰고 온갖 핍박받을게 뻔한데외국에 환장한 김치년들 대가리다깨지지	1	0	0	1	0	0	0	0	0	0	0
어느정도 맞더라	0	0	0	0	0	0	0	0	0	1	0
홍어 빙의 했노	0	0	0	0	0	1	0	0	0	0	0
개새끼들 왜 기어오고 지랄들이야 시발 연변족새끼들	0	0	0	1	0	0	0	0	0	0	0
정의당 부끄럽다 남성동성간 에이즈 간염이 99프로 그치료비를 국민세금으로 내는데 그건 무슨생각인지 지들은 피같은세금이라고 하면서	0	0	1	0	0	0	0	0	0	0	0
와 시발 추수감사절이라고 다진 칠면조로 만들어버리노	0	0	0	0	0	0	0	0	1	0	0
남자든 여자든 갔다오면 가점주면되잖아	0	0	0	0	0	0	0	0	0	1	0
진짜 잘척하고 셀카찍은 아는 한남이랑 존똑이노	0	1	0	0	0	0	0	0	0	0	0
헐 자지짓이었다는거 이제알았노 후팔	0	1	0	0	0	0	0	0	0	0	0
저런것들도 종교인이라고 더도말고 그냥 대깨들	0	0	0	0	0	0	1	1	0	0	0
이게 참 나라다	0	0	0	0	0	0	0	0	0	1	0
틀딱 씹새끼들 일베갈라고 공공장소 벽에 똥칠까지하네	0	0	0	0	1	0	0	0	0	0	0
김씨가 여 성을 성추행 한게 아니고 상황이 불리해지니까 경찰이 버닝썬 하고 짜서 말 맞추기 허는것 갔아요	0	0	0	0	0	0	0	0	0	1	0
상폐비계들끼리 물고빨고하는	0	0	0	0	0	0	0	0	1	0	0
가지가지한다 밥버러지 틀딱새끼들	0	0	0	0	1	0	0	0	0	0	0
홍어랑 북괴가 친할 만해서 그렇구나	0	0	0	0	0	1	0	0	0	0	0
무슬림은 답없음 그냥 만나지말고 따로살자	0	0	0	0	0	0	1	0	0	0	0
my chemical romance	0	0	0	0	0	0	0	0	0	1	0
장기복무떨어졌네	0	0	0	0	0	0	0	0	0	1	0
개돼지들 미개하노 윾엒	0	0	0	0	0	0	0	0	1	0	0
자해공갈단이냐	0	0	0	0	0	0	0	0	1	0	0
감전될일있나	0	0	0	0	0	0	0	0	0	1	0
초중딩때는 남자가 이름순으로 앞번호했는데 고딩때는 뒷번호 함	0	0	0	0	0	0	0	0	0	1	0
성매매 성지 일간베스트	0	0	0	0	0	0	0	0	0	1	0
한국에 오는 개슬람 새퀴들 존나 칼빵 놔야함	0	0	0	1	0	0	1	0	0	0	0
책 값 등쳐먹고 잠적한 사람 아닌가	0	0	0	0	0	0	0	0	1	0	0
개슬람새끼들은 폐경년들도 안가리네 대단하다	0	0	0	0	0	0	1	0	0	0	0
병신련들좀 장관으로 갖다 쓰지말고 저런분좀 영입하면 안되겠노	1	0	0	0	0	0	0	0	0	0	0
그럼 그냥 어이 야쿠르트 이리 부르지 뭐	0	0	0	0	0	0	0	0	0	1	0
다 아는 사람들이구만	0	0	0	0	0	0	0	0	0	1	0
나도 먹고 살 돈 달라고 청와대가서 시위해야겠다	0	0	0	0	0	0	0	0	0	1	0
아무짝에도쓸모없는짓하노	0	0	0	0	0	0	0	0	1	0	0
제 2 히틀러 성님과 제2 나치 부활 선언 영구존재지구를 잡아 삼켜 위대한 도이췰란트가 영구 지배해야 한다	0	0	0	0	0	0	0	0	1	0	0
오백명정도 되는거 신문사 직원들이 한명씩 데리구 살면 되겠네	0	0	0	0	0	0	0	0	1	0	0
저런 사람은 받아주면 안됨	0	0	0	0	0	0	0	0	1	0	0
이슬람이 블루오션이다 돈벌고 싶으면 이슬람짓 해야함 블루오션임코란들고 코란 몇구절 떠들어 주면 사람들이 몰려들거임 블루오션이다 이슬람이	0	0	0	0	0	0	1	0	0	0	0
왈본도 여혐은 개쩌는데 기본 국민성이 조셍이랑은 다름	0	0	0	1	0	0	0	0	0	0	0
아니그럼 타지방사람들 다 겨올라가서 투표하지	0	0	0	0	0	0	0	0	0	1	0
천하에 빌어먹을 개독교 쥐세기야	0	0	0	0	0	0	1	0	0	0	0
그 와중에 깨우친 몇이 있네	0	0	0	0	0	0	0	0	0	1	0
되지도 않는 영어 쓰네	0	0	0	0	0	0	0	0	1	0	0
으따 아랍놈들이 여자들 씽나게패는것도 문화적차이니 이해해줘야되지라	0	0	0	1	0	0	0	0	0	0	0
집에 쳐박혀있는 애미년이 그지랄이던데	0	0	0	0	0	0	0	0	1	0	0
참인체의 신비란	0	0	0	0	0	0	0	0	0	1	0
나도 한인사회에 하나두아는사람이 없다 근데 뭐 별로외롭지도않고	0	0	0	0	0	0	0	0	0	1	0
그러고 보면 한국은 약자들이 더 나댐	0	0	0	0	0	0	0	1	0	0	0
한줄읽고 토나와서 쭈욱내림	0	0	0	0	0	0	0	0	1	0	0
근데 기사에서 영국 칭찬하네 영국도 인종차별 개쩌는데	0	0	0	1	0	0	0	0	0	0	0
예수님 라스베가스에 휴가갔구만 개독새끼들 지랄들하네	0	0	0	0	0	0	1	0	0	0	0
틀딱논리면 박정희 각하도 빨면안됨	0	0	0	0	1	0	0	0	0	0	1
어메이징 호남 조선	0	0	0	0	0	1	0	0	0	0	0
전라도도 외국인데	0	0	0	0	0	1	0	0	0	0	0
염산들고다녀서뿌려야대	0	0	0	0	0	0	0	0	1	0	0
그럼 프로선수 하질말던가 십새끼	0	0	0	0	0	0	0	0	1	0	0
차별금지법은 절대로 막아야한다 우리의 미래의 자녀들을 구해야하므로 철회하라	0	0	0	0	0	0	0	1	0	0	0
똥꼬충 빠른 재기해라	0	0	1	0	0	0	0	0	0	0	0
여성가족부 없애고 그 예산으로 로봇 산업에나 투자하지전기만 공급해주면 땡볕에도 혹한에도 아무 불만 없이 일해주는데 얼마나 좋노	1	0	0	0	0	0	0	0	0	0	0
니덜 혹시라도 국제 결혼 하면절대로 국적 따게 하지 마라	0	0	0	1	0	0	0	0	0	0	0
홍어새끼들이 많긴 많은가보다 호남새끼들 후장처빨아서 대통령 해먹을려는 새끼도 있는거 보니깐	0	0	0	0	0	1	0	0	0	0	0
상폐면뒤져야지 밖에왜나오노	0	0	0	0	1	0	0	0	0	0	0
저다음에 분명히 귀싸대기쳐맞음	0	0	0	0	0	0	0	0	1	0	0
덕완아 재기민기직수하자	0	1	0	0	0	0	0	0	0	0	1
게이밍은 hd800 이상 쓰시는분들 본적없는거같고 캠은 dslr 로 웹캠하시는분들있어요 갖추고 시작하실려면 400이상도 나올수있는품목들입니다	0	0	0	0	0	0	0	0	0	1	0
머한이 라도라는새끼는 걍 범죄자를 전부 라도라고해라 병신새끼들	0	0	0	0	0	1	0	0	0	0	0
그렇군 아주 딱이노	0	0	0	0	0	0	0	0	0	1	0
252 워딩수정했노 저 게시판에는 욕설이나 비방하면 삭제될것같아서 저렇게 썼노	0	0	0	0	0	0	0	0	0	1	0
이게 종교다	0	0	0	0	0	0	0	0	0	1	0
강남2015	0	0	0	0	0	0	0	0	0	1	0
839 성님워딩 재기시켜라 웜에서 성님 자매 찾지마라	0	1	0	0	0	0	0	0	0	0	0
성소수자를 차별하는것은 잘 못된거겠지만 그들을 인정하는걸 넘어 성소자의 행동을 하나의 문화로 받아 들이는것도 잘 못 된거라 본다 일반인 입장에선 그저 변태스러울뿐인데	0	0	1	0	0	0	0	0	0	0	0
그보다 13 노무 작지 않노 나련은 최소 14	0	0	0	0	0	0	0	0	0	1	0
이관하면 니동네 경찰서에서 조사받는다	0	0	0	0	0	0	0	0	0	1	0
저분 채소 나이팅게일 치료에 전념하는것 보소	0	0	0	0	0	0	0	0	0	1	0
바퀴벌레나 낳은게 바퀴벌레지	0	0	0	0	0	0	0	0	0	1	0
한남충들 내 불주먹에 한대맞고 재기하게 생겼노	0	1	0	0	0	0	0	0	0	0	0
재기형냐 만나러 가는거 잖노 한남교주	0	1	0	0	0	0	0	0	0	0	0
썩을 인간들	0	0	0	0	0	0	0	0	1	0	0
전용 19금 걸고 하나 따로 만들어서 놀라고 하시면 될듯	0	0	0	0	0	0	0	0	1	0	0
쓰레기는 누구한테 쓰여지고 버려지기라도했지 한남은 절레절레 나와선 안될것이 나와부렀노	0	1	0	0	0	0	0	0	0	0	0
신천지와 다를게 없네요	0	0	0	0	0	0	1	0	0	0	0
아오이 소라 위에 유마 아사미도 av배우노	0	0	0	0	0	0	0	0	0	1	0
여자는 최소한 반공교육이라도 시켜야지	1	0	0	0	0	0	0	0	0	0	0
이러니 볍신들 소리가	0	0	0	0	0	0	0	0	1	0	0
방생은 죄다	0	0	0	0	0	0	0	0	1	0	0
역시 얘네도 썩은동아줄이네	0	0	0	0	0	0	0	0	1	0	0
먼개소리냐	0	0	0	0	0	0	0	0	1	0	0
와 근데 올해20살되는데 내가 저새끼들 나이때만해도 문방구앞오락실아님 학교 앞 아파트 놀이터에서 지옥탈출 하면서 놀았는데 시대가 바꼈구나 요즘게임줫노잼인데 저런식으로 놀이문화가 바뀐거보면 안타깝긴함 뭐가문제인걸까 과도한 입시경쟁이 문제인걸까	0	0	0	0	0	0	0	0	0	1	0
메갈이 워마드인데 븅신아	0	0	0	0	0	0	0	0	1	0	0
너도 점점 빨대가 되가는구나	0	0	0	0	0	0	0	0	1	0	0
영국 프랑스 독일이 단일민족이란다이런 좆문가새끼들때문에 교육못받은애들이 진짜인줄알고 간다니깐	0	0	0	0	0	0	0	0	1	0	0
얼라들은 그럴 수 있어도 어미는 그러면 안되지 그러니 맘충소리 듣지	1	0	0	0	0	0	0	0	0	0	0
지구를 떠나라 이기야 그곳엔 워마드도 몰카도 없다	0	0	0	0	0	0	0	0	1	0	0
니들이 잘생기면 사람들이 이렇게까지 분노하진않았을꺼야	0	0	0	0	0	0	0	0	1	0	0
진짜 내로남불은 버릴수가 없나봐	0	0	0	0	0	0	0	0	1	0	0
양아치 개독교 개독교는 우리나라에서 없어져라 그리고 정부지원 끊어라	0	0	0	0	0	0	1	0	0	0	0
남자애 시발 나쁜짱깨네 착해지려 하는데 막음	0	0	0	1	0	0	0	0	0	0	0
대한민국 남자의 인권에 응원을 보낸다	0	0	0	0	0	0	0	0	0	1	0
나도 비슷한상황잇엇는데 차 움직일때까지 크락션누르고 잇으면됌	0	0	0	0	0	0	0	0	0	1	0
왕자 못만날 애들끼리 쿰쩍쿰쩍 지랄하는거지	1	0	0	0	0	0	0	0	0	0	0
꼬추가 작아서 아주 똥양 여기저기에 똥튀기고 다니노 한국남자는 싸그리 잡아다 전부 거세시켜야한다	0	1	0	0	0	0	0	0	0	0	0
모든 사람이 워마드 하고 한남을 재기 시키고싶노	0	1	0	0	0	0	0	0	0	0	0
실제 투쟁보다 좆같이 허망한 약속을 믿은 것 그뿐이노	0	0	0	0	0	0	0	0	1	0	0
성형비용지원돼서 젊은 탈북민들은 대부분 성형함	0	0	0	1	0	0	0	0	0	0	0
탈북자들은 북한내에서도 반역자고 배신자다우리나라로온 북괴새끼후회하더라 우리나라로 망명했다가 보조금이니 정착지원금다빨아먹고 독일이니 스웨덴이니 스위스니 망명신청까이고 다시한국행왔더라존나역겹더라	0	0	0	1	0	0	0	0	0	0	0
이준석 저새끼 아무리 봐도 보수에 심어놓은 트로이 목마인듯 하는 말 들어보면 보수 이념이랑 거리가 너무 멈 혹시 이새끼도 짱깨가 키운 새끼 아닐까	0	0	0	1	0	0	0	0	0	0	1
워딩은 많을수록 앵이득	0	0	0	0	0	0	0	0	0	1	0
착한동성애자는 죽은동성애자	0	0	1	0	0	0	0	0	0	0	0
쟤네 노래 반 이상은 강타가 부르지 않냐 나이 먹어서 힘들텐데 혼자 오지게 고생하겠노	0	0	0	0	0	0	0	0	0	1	0
역대급 띵문이노	0	0	0	0	0	0	0	0	0	1	0
나 핵교다닐때 저거 나눠만주고 나중에 안쓴다고 2주만에 걷어감	0	0	0	0	0	0	0	0	0	1	0
좆같이생겼네	0	0	0	0	0	0	0	0	1	0	0
겨드랑이 다좋아하냐난 존나 싫든데	0	0	0	0	0	0	0	0	0	1	0
뭔소리야 기독교자체가 공산주의 적인데	0	0	0	0	0	0	1	0	0	0	0
꺼져 폭탄 배달하지말고	0	0	0	0	0	0	0	0	1	0	0
외국가서 거지짓하려면 왜 가는지 모를 쀼젤	0	0	0	0	0	0	0	1	0	0	0
남퀴벌레 깔깔	0	1	0	0	0	0	0	0	0	0	0
이것도 발밸때는 일베충 짓	0	0	0	0	0	0	0	0	0	1	0
시발 일게이들 똥남아 개극혐 이러더니이자스민 안들 잘생기니 시무룩행똥쏭이 아니라 니들이 못생긴겨 4대천황처럼 생긴것들아	0	0	0	1	0	0	0	1	0	0	1
여자가 신고하는 순간 지옥이 펼쳐질거다 먹버하더라도 최대한 여자 기분 안상하게 배려해주고 증거 확보해야 함 이렇게까지 해가면서 섹스할 필요 있나 생각이 들면 걍 초식남하고지금 보한민국 현실이 그래	1	0	0	0	0	0	0	0	0	0	0
그래서 더더욱이 신체단련이 필요한거다	0	0	0	0	0	0	0	0	0	1	0
재물권력 떡고물완장 탐욕에 고문조작 살인독재 아부와 부역 극악무도한 범죄집단의 한맺힌 컴플렉스가 주기적 광기와 발작으로	0	0	0	0	0	0	0	0	1	0	0
불의 도시가 물의 도시가 됨	0	0	0	0	0	0	0	0	0	1	0
개독새끼들 종교탄압이라고 염x병들 떠는데 진짜 개쳐맞아야함	0	0	0	0	0	0	1	0	0	0	0
홍어 좌빨분탕에 웜퇘지들 대거 일베로 유입되면 누가 진성일게이인지 피아식별도안되겠네 대거 모여들어 피터지는 전쟁터가 되겠구만 과연 문재앙정권에서 일베가 생존할수있을지 궁금하노	1	0	0	0	0	1	0	0	0	0	1
나쁜 걸 나쁜거라 말못하는 맛간 세상	0	0	0	0	0	0	0	0	1	0	0
씨발 내집은 어렷을때 아빠 한달 90만원 엄마 50만원벌어서 살았다 좃만들아	0	0	0	0	0	0	0	0	1	0	0
급식들이라 훈방	0	0	0	0	1	0	0	0	0	0	0
히치하이킹이자나 차태워줘라	0	0	0	0	0	0	0	0	0	1	0
갓카를 집으로	0	0	0	0	0	0	0	0	0	1	0
전부 예수 팔아먹는 개사기꾼들	0	0	0	0	0	0	1	0	0	0	0
대깨문 틀딱들은 어르신들이 아니지 그냥 뒤져야지	0	0	0	0	1	0	0	0	0	0	0
빨리 취소 시켜라	0	0	0	0	0	0	0	0	0	1	0
신천지나 일반 교회나 다 똑같다 목적은 돈이다	0	0	0	0	0	0	1	0	0	0	0
보험사기 1위 각종 사기 1위 호남	0	0	0	0	0	1	0	0	0	0	0
사업해라 개좆같은 회삿생활 몇십년 어케하냐	0	0	0	0	0	0	0	0	1	0	0
개쌍도 아니라서예지력 하락	0	0	0	0	0	1	0	0	0	0	1
얼릉 여기 전쟁 한번 나야한다 진짜 썩을대로 너무 썩었음 심판 한번 받아야 됨 그래야 싹다 청소하고 다시 시작할 수 있을듯 이제 더이상의 해결 방안은 없다	0	0	0	0	0	0	0	0	1	0	0
같이좀보자익이	0	0	0	0	0	0	0	0	0	1	0
자들자들자들자들자들	0	1	0	0	0	0	0	0	0	0	0
한남도전 그남들 되먹지도 않는거 도전할거라고 그남들 응원시킬 사람들 복장만 봐도 노답이었노 겨울인데 짧은 치마와 나시 입히고 한남뒤에 있는게 사람을 어떻게 보는지 딱 알 수 있었노 그남들에게는 트로피 그 이상도 아니노 그래서 초창기 한남도전 보면 그렇게 기안내나노	0	1	0	0	0	0	0	0	0	0	0
15인데 만나본 한국년들마다 아프다고 징징댐태국년 러시아년들이 칭찬함	1	0	0	0	0	0	0	0	0	0	0
와 저런년 밑에서 자라는 애새끼들이 불쌍하노	0	0	0	0	0	0	0	0	1	0	0
생긴게 노답	0	0	0	0	0	0	0	0	1	0	0
조선족 우두머리새끼부터 죽여야지	0	0	0	1	0	0	0	0	0	0	0
통구이 반 급식충 반	0	0	0	0	1	1	0	0	0	0	0
모든 이슬람은 테러범이 아니다 하지만 테러범들은 이슬람이다	0	0	0	1	0	0	1	0	0	0	0
으 좆미개	0	0	0	0	0	0	0	0	1	0	0
중요한건 페미니스트들은 정신병 레즈집단이라는거	1	0	1	0	0	0	0	0	0	0	0
바퀴벌레 짱깨새끼들	0	0	0	1	0	0	0	0	0	0	0
심정은 이해하지만 그렇다고 저런애를 뽑는건아니지	0	0	0	0	0	0	0	0	1	0	0
절라도새끼들은 양심이 있어야되는데 저 많은돈을 그냥 두꺼비처럼 꿀꺽할 생각이지 절대 인류공영에 이바지 할 생각은 쿠퍼액 한방울만큼도 없음 국가입장에서 보면 개쓰레기 암세포다	0	0	0	0	0	1	0	0	0	0	0
세상 좋아져서 애새끼들 안 뚜들어 패니깐 저러는거다조상님들이 괜히 애새끼 여자 똥꼬충 이민자 뚜들어 팻던게 아니야모두 다 놔두면 저렇게 나대니깐 수고롭게 팻던거	1	0	1	1	1	0	0	0	0	0	0
잘먹었습니다	0	0	0	0	0	0	0	0	0	1	0
미국도 웃기노	0	0	0	0	0	0	0	0	0	1	0
민주화운동 당했네	0	0	0	0	0	0	0	0	0	1	0
근데 사실 공관병 빽 있는 새끼들이 차지하는 보직 아니냐	0	0	0	0	0	0	0	1	0	0	0
저 시키 말고도 스시국에서 성폭행 한 한남 많다이기	0	1	0	0	0	0	0	0	0	0	0
중동아시아가 아니라 서남아시아다 시벌 무식충들아	0	0	0	0	0	0	0	0	1	0	0
모자 본더치 병신아	0	0	0	0	0	0	0	0	1	0	0
하기싫으면 관둬야지 이사람들 먹여살리려고 지금까지 하이패슬 안달았는데 달아야겠다	0	0	0	0	0	0	0	0	0	1	0
짱개는 면상보면 짱개냄새나는데 몽골은 똥송한 한국놈이라 입안열면 모름	0	0	0	1	0	0	0	0	0	0	0
언론아 사실만 전달해 가짜뉴스 퍼나르다 분란 일으키지 말고	0	0	0	0	0	0	0	0	1	0	0
꼭 여자한테만 저럼	0	0	0	0	0	0	0	0	1	0	0
제발 어디가서 일베충이라고 말하지 말아줘	0	0	0	0	0	0	0	0	0	1	0
걍 나였으면 킹오파 야마자키로 빙의해서 애새끼랑 맘충년 양손으로 잡아서 3회 땅바닥에 내리까고 칼빵 갈겼다	1	0	0	0	0	0	0	0	0	0	0
중량스쿼드로 다져진 다리에 숏스웻팬츠가 진리	0	0	0	0	0	0	0	0	0	1	0
다 받아주는 니들 나라로 가세요	0	0	0	1	0	0	0	0	0	0	0
그래도 양남은 핑후네	0	1	0	1	0	0	0	0	0	0	0
와 일단 이력서에 똥꼬충이라 적고 되고나서 탈똥해야겠다	0	0	1	0	0	0	0	0	0	0	0
퀴어로 사는 것까지 말리진 못해도 그걸 가지고 이래라 저래라 하지는 말자	0	0	0	0	0	0	0	0	0	1	0
노래 좃같아요	0	0	0	0	0	0	0	0	1	0	0
한손으론 강력한 민족주의 타령에 다른손으론 다문화타령이 말이 되냐 한국처럼 모순된 국가도 없을듯 이럴꺼면 북한 상대로 통일 타령 왜 하는지	0	0	0	1	0	0	0	0	0	0	0
좆선족 짱깨들 진짜 바퀴벌레 같다	0	0	0	1	0	0	0	0	0	0	0
급식충이 이 시점에서 일베를 킨다는 것 자체가 거의 지잡 예약임	0	0	0	0	1	0	0	1	0	0	0
짱깨산 헬멧 썼으면 착해졌을 것 같은데맨머가리라 살았을 것 같다 damn it	0	0	0	1	0	0	0	0	0	0	0
페미들은 정신병원에 처넣어야 이 나라가 바로섭니다 저게 할짓입니까 니들이 공산당이랑 다른게 뭐냐	1	0	0	0	0	0	0	0	0	0	0
전라도관상	0	0	0	0	0	1	0	0	0	0	0
양산쓰고싶은데 튀어서 못쓰니깐 소추래곤이 양산쓰고나와서 유명해지길바라더노	0	1	0	0	0	0	0	0	0	0	0
다시 청원글 등장함 20만 넘음	0	0	0	0	0	0	0	0	0	1	0
저 mc새끼가 존나 욕하는데	0	0	0	0	0	0	0	0	1	0	0
이공계 자댕이 자들거리는 소리 여기까지 들리노	0	1	0	0	0	0	0	0	0	0	0
존재감이 지 좆같노	0	0	0	0	0	0	0	0	1	0	0
링크 주소 알려주라 테러하러가게	0	0	0	0	0	0	0	0	1	0	0
프랑스 무슬림들도 시리아 난민들처럼 다 조선반도 들여왔으면 좋겠다이기	0	0	0	1	0	0	1	0	0	0	0
율법학자새끼 어린 애 성추행하는 수준 보소	0	0	0	0	0	0	0	0	1	0	0
다르게 말하면 걍 똥송과 서양의 차이다종교가 중요한게 아니야	0	0	0	1	0	0	0	0	0	0	0
다른 늙은 자집애들도 본받아야 하노	0	1	0	0	0	0	0	0	0	0	0
니 자막 앵나재밌노	0	0	0	0	0	0	0	0	0	1	0
얼굴좀보자	0	0	0	0	0	0	0	0	0	1	0
저 사장 분명 일베한다	0	0	0	0	0	0	0	0	1	0	0
코로나 위드시대에 영혼을 어루만지고 터치하는 영택트가 중요하다는 말씀 공감이 되고 이를 위해 기도하겠습니다	0	0	0	0	0	0	0	0	0	1	0
민주당은 영입해라	0	0	0	0	0	0	0	0	0	1	0
천주교는 성체 훼손했다고 지랄봇광하기 이전에떡도 안 쳤는데 예수 임신 했다고 수천년간 사기 친거에 대해서 사과해야 됨	0	0	0	0	0	0	1	0	0	0	0
이스탄불 건너자 말자 뒤져부렸노wwww 다리 하나 건너자 말자 뒤짐 Wwwww	0	0	0	0	0	0	0	0	1	0	0
한남유충이면 실험 불가임 이미 때리고있어서 말려야하거든 좆팔	0	1	0	0	0	0	0	0	0	0	0
지금도 미국 현기차 관련 용역회사들 중에 전라도출신 사장새끼들이 용역임금 제일 후려침 노인들 불체자 쥐어짠다	0	0	0	0	0	1	0	0	0	0	0
동감 상식적으로 납득안되는 처사지	0	0	0	0	0	0	0	0	0	1	0
성격도 우리 쏘옥 빼닮았고 역시 장하다 우리 딸래미들	0	0	0	0	0	0	0	0	0	1	0
문화충격이 아니라문화컬쳐다 씹선비야	0	0	0	0	0	0	0	0	1	0	0
전라도는 저것도 지역관례라 합법임	0	0	0	0	0	1	0	0	0	0	0
누구누구 사장님 일하러 안나왔냐고 물어보는거애서 씹소름	0	0	0	0	0	0	0	0	0	1	0
나두 총쏘구 싶당	0	0	0	0	0	0	0	0	0	1	0
저건 솔직히 부모도 카바못침	0	0	0	0	0	0	0	0	1	0	0
안사요 안사	0	0	0	0	0	0	0	0	0	1	0
한남국자 후장이 그렇게 인기라더라 3천원에 잘 팔고와라	0	1	0	0	0	0	0	0	0	0	0
인도가 한국인보다 똑똑하긴함괴학자도많고 체스도잘하고 인재수출국임	0	0	0	1	0	0	0	0	0	0	0
일분일초가급하다 어서시행해라이기야	0	0	0	0	0	0	0	0	0	1	0
정신병자 미친 스캇게이새끼들 개쌍욕쳐먹어도 모자랄판에	0	0	1	0	0	0	0	1	0	0	0
저렇게 한몫 잡을려는 년들은 염산테러가 답이다 얼굴 녹아 내리게 뿌리면 성형도 못하고 괴물로 평생을 마쳐야 한다징역은 가겠지만 6개월 본다	1	0	0	0	0	0	0	0	0	0	0
전라도 노인들이 올라와서 그럼	0	0	0	0	1	1	0	0	0	0	0
20년전 둘리 애니매이션이 리얼 커여움	0	0	0	0	0	0	0	0	0	1	0
내말 무시하지말고 똑짤라서 나온 절단면 보여주면 무조건 워념이란 말이노 다 집어치우고 자지절단면만 보여달란 말이노	0	1	0	0	0	0	0	0	0	0	0
저런 모습 보여주면 아부지 마음이 더 아프겠다	0	0	0	0	0	0	0	0	0	1	0
곰애미 쌔끈하냐	0	0	0	0	0	0	0	0	1	0	0
중궈 113마리 검출	0	0	0	1	0	0	0	0	0	0	1
페미를 표받을려고 지지하는 미친인간들은 있을지 몰라도 반대하는 건 그냥 지극히 정상적인 거지	1	0	0	0	0	0	0	0	0	0	0
트젠은 피해라도 안 주지 트페미는 절레절레	1	0	0	0	0	0	0	0	0	0	0
쌍도새끼 못 배워 처먹은 거 티내는 거 보니 냄새난다	0	0	0	0	0	1	0	0	0	0	0
무서우면 재기후장에 들가서 숨어라이기	0	0	0	0	0	0	0	0	1	0	0
제발 행동으로옮겨서 틀딱새끼들 면상에 빵꾸낫으면좋겟다 그	0	0	0	0	1	0	0	0	0	0	0
젠신병자들 성형정보 공유까펜가보노 잘왔다이기야노	0	0	1	0	0	0	0	1	0	0	0
베트남설리 젖이 너무 커서계속 가슴골 모자이크네 씨발교육방송 클라스	1	0	0	0	0	0	0	0	0	0	0
끝까지싸워서 꼭이겨라 맘충들은 아예싹을잘라야한다	1	0	0	0	0	0	0	0	0	0	0
항문성교하다귀두에콩나물걸려나오는거아니냐	0	0	1	0	0	0	0	0	0	0	0
와 그래프 앵나 좆같다	0	0	0	0	0	0	0	0	1	0	0
서울 특징 계집애같은거 좋아해서 게이짓까지함	0	0	1	0	0	1	0	0	0	0	0
애초에 한국여자란 몸섞는거자체가 위험하다이년들은 수틀리면 강간당했다함	1	0	0	0	0	0	0	0	0	0	0
댓글에 급식이 판을치노	0	0	0	0	1	0	0	0	0	0	0
정말 속상하네요 아이들을 보호해야할 학교가 인권으로 포장한 성정체성 혼란 가중시키는 교육이라니요 정상과 비정상의 개념부터 무너뜨리는 악행입니다 대체 왜	0	0	1	0	0	0	0	0	0	0	0
이런짤 어디서 찾는거노	0	0	0	0	0	0	0	0	0	1	0
개슬람새끼들 수염 존나더럽게기르네	0	0	0	0	0	0	1	0	0	0	0
개좆팔새끼들 알바만 봐도 군대갔다온 냄져 우선순위라고 써놓은곳 개많음 좆팔 인생편하게 산다	0	1	0	0	0	0	0	0	0	0	0
깔깔 한남들 도태각 뾰좆하다이니	0	1	0	0	0	0	0	0	0	0	0
여자는 원래 철이 안드는거노 껄레껄레	1	0	0	0	0	0	0	0	0	0	0
후장충들은 다필요없고러시아식 물리치료가 시급하다	0	0	1	0	0	0	0	0	0	0	0
오로지 피싸개와 빨갱이 새끼들만을 위한 나라 둘다 빨갛다는 공통점이 있네	0	0	0	0	0	0	0	1	0	0	0
맨날 좌음으로 온다이기	0	0	0	0	0	0	0	0	0	1	0
저사람 사짜잖여	0	0	0	0	0	0	0	0	1	0	0
앞으로 보지년들 주둥이에서 차별소리 나오면 믿거해야겠음	1	0	0	0	0	0	0	0	0	0	0
탈북자들 유튭에서 난리했던 중국인들도 방법 해주면 인정함	0	0	0	0	0	0	0	0	0	1	0
멧돼지언냐들 더먹겠다는데 왜들그러냐진짜 팍팍퍼줘라	1	0	0	0	0	0	0	0	0	0	0
동성애는 미친섹스발광자들이지 더러운 동성에놈들 모조리정신병원에 격리시켜라	0	0	1	0	0	0	0	0	0	0	0
과장 아니고 실제로 레알로 개좆이 김치좃보다 더 크노 이기	0	1	0	0	0	0	0	0	0	0	0
철수야 호남서 90퍼먹고준표형님 10퍼만 주라그럼 준표형 당선인데	0	0	0	0	0	0	0	0	0	1	0
핵터뜨려서다죽자	0	0	0	0	0	0	0	0	1	0	0
조선족 구분할 거 없이짱깨를 혐오하는 이유는 인간이기 때문	0	0	0	1	0	0	0	0	0	0	0
삼일한 시전해야된다	0	0	0	0	0	0	0	0	1	0	0
맘충은 인류를 위해서 패죽이는게 정답이다	1	0	0	0	0	0	0	0	0	0	0
그림 멋지네 화아팅해라 이기야	0	0	0	0	0	0	0	0	0	1	0
주작이라도 존나 심폐소생술 한거 우리 할머니 돌아가실 때 생각나서 울 뻔했다난 일베 줬음	0	0	0	0	0	0	0	0	0	1	0
반일감정 일어나면일본인들은 조용히 숨죽이는데짱깨들은 반중감정 일어나면칼 꽂을 인간들임그래서 짱깨는 상종 못함	0	0	0	1	0	0	0	0	0	0	0
수에즈운하네	0	0	0	0	0	0	0	0	0	1	0
일게이들아 탈코르셋 운동 지지해라 여자의 탈코운동은 자살행위나 마찬가지다	1	0	0	0	0	0	0	0	0	0	0
저건물 지은게 빈라덴네라메	0	0	0	0	0	0	0	0	0	1	0
앞똥들은 놈딱 연약하노 한녀로 후려침당하면서 왠만한 말에는 아무렇지도 않노이기	0	1	0	0	0	0	0	0	0	0	0
저 시간에 전라도애들은 죽창으로 미군 찌르는 훈련을 하고 있겠지	0	0	0	0	0	1	0	0	0	0	0
336 말처럼 CCTV 사각지대 도서관 발 찾아서 베스트셀러	0	0	0	0	0	0	0	0	0	1	0
조선족도 싫고 탈북자도 싫다	0	0	0	1	0	0	0	0	0	0	0
소지품도 미니멀 이하고	0	0	0	0	0	0	0	0	0	1	0
저렇게 음식들 열어두면 먼지들 졸라 쌓일듯	0	0	0	0	0	0	0	0	1	0	0
씨발년 안그래도 저년 때문에 국내 짱깨랑 똥남아 유입 숫자 역대급으로 찍었는데 이제 개슬람새끼들도 모셔오려고 혈안이 되었음 천히의 매국노 보소 꼴페미년 씨발년	1	0	0	1	0	0	0	0	0	0	0
이분 빵셔틀	0	0	0	0	0	0	0	0	1	0	0
개독교새끼들은 정신병자이고 위선자에다가 악마이다 이럼 또 죄짓는다고 지옥드립 정신병자처럼 치겠지 병신들이 사실상 정신병동에 갖쳐야 할새끼들 풀어주니까 지랄하는거임	0	0	0	0	0	0	1	1	0	0	0
창놈 후전깨하고싶노 유충꺼내고 멕여야긋노	0	1	0	0	0	0	0	0	0	0	0
차별을 해선 안되지만 차별을 안해선  안되는 차별도있다 아주 잘 한  일이다 속이 시원하다	0	0	0	0	0	0	0	0	0	1	0
조선족들이 전라도 사칭해서 더 국민분열시키는거도 있음물론 전라도새끼들이나 조선족바퀴벌레들이나 개찐또찐	0	0	0	1	0	1	0	0	0	0	0
정말 악질들이다 출근하는 직장인들은 무슨 죄냐 저것들은 모조리 잘라야한다 저것들 조건대로 합의해줬다가 다음번에도 똑같이 저짓거리한다 이참에 톨게이트 무인화시키고 톨게이트 통과비용을 차주에게 입금 문자나 보내라 안보내면 지금처럼 통상 10배 부과한다고 알려주고	0	0	0	0	0	0	0	0	1	0	0
한글말부터 배우고 온나	0	0	0	0	0	0	0	0	1	0	0
전라도 아이피 지하철 무료탑승 가능한 나이들 김치녀 이 세 종류도 차단하면 클린한 애국보수유머사이트가 됨	1	0	0	0	1	1	0	0	0	0	0
형들한테 뒤처지는거 때문에 열등감이 심해보였는데 감옥으로 앞서가겠네요	0	0	0	0	0	0	0	0	0	1	0
솔직히 후원하고 싶다	0	0	0	0	0	0	0	0	0	1	0
그렇게라도 지들이 여자를 정복했다는 지들 소추같은 정신승리때문 아니겠노	0	1	0	0	0	0	0	0	0	0	0
개슬람 씹새끼들 공영방송에서 이미지세탁 해주네온건한 무슬림은 없다	0	0	0	0	0	0	1	0	0	0	0
늙응남자는 조용히 해라	0	1	0	0	1	0	0	0	0	0	0
게이 트젠보면 가스실에 전부 다 쳐넣고 살처분하고싶음	0	0	1	0	0	0	0	0	0	0	0
한심한 새끼들	0	0	0	0	0	0	0	0	1	0	0
개꿀빨던거 평등해시는거지	0	0	0	0	0	0	0	0	0	1	0
베충이들이 워마드와 결혼해서 311시전하며 산업화 해줘라	1	0	0	0	0	0	0	0	0	0	0
시발 관리가 힘들었어도 애초부터 개독믿는게 죄지	0	0	0	0	0	0	1	0	0	0	0
한남이 다 똥꼬지	0	1	0	0	0	0	0	0	0	0	0
아예 팔죠 돈받고	0	0	0	0	0	0	0	0	0	1	0
뭔씨발 종교가 다되었네	0	0	0	0	0	0	0	0	1	0	0
씨발 전라도	0	0	0	0	0	1	0	0	0	0	0
댓 글 부 대	0	0	0	0	0	0	0	0	0	1	0
와 좆팔 짐승새끼도 안저런다	0	0	0	0	0	0	0	0	1	0	0
그거다 짱깨돈처먹은 벌레새끼들이 선동질	0	0	0	1	0	0	0	0	0	0	0
보지년들 개꼬심 살림 그거 뭐힘들다고 징징이노	1	0	0	0	0	0	0	0	0	0	0
진짜 요즘 애새키들 겁도 없네	0	0	0	0	0	0	0	0	1	0	0
성폭행 직업군 1위 목사	0	0	0	0	0	0	1	0	0	0	0
일단 방법이 글러먹긴했는데 나같아도 눈은 돌아갈듯	0	0	0	0	0	0	0	0	0	1	0
한남충 묻으면 좆되는건 진리노	0	1	0	0	0	0	0	0	0	0	0
한남은 어쩔수가 없노 남페미는 무슨 그저 씨부랄놈이노 깔깔깔	0	1	0	0	0	0	0	0	0	0	0
이상하다고 생각은 했다 대체 어떤 보지년이 사이트를 수년간 운영할만큼 돈을 벌어둔걸까 하고 당연히 불가능이지남혐도 남자 도움 없이는 불가능한년들	1	0	0	0	0	0	0	0	0	0	0
틀딱들이 짱깨들보다 더 해로운 벌레들임	0	0	0	1	1	0	0	0	0	0	0
부산에서 이야기 이미 돌고 있었다여자 버릇 원래 안좋다고	0	0	0	0	0	0	0	0	1	0	0
뿌리는 사람이나 벌리는 사람이나 지정신아님	0	0	0	0	0	0	0	0	0	1	0
코로나 위기속에서도 이웃을 섬기고 배려하는 한국교회가 되길 기도합니다	0	0	0	0	0	0	0	0	0	1	0
시바끄 통궈새끼들 화끈하노	0	0	0	0	0	1	0	0	0	0	0
영적지도자로써 선한영향력과 리더쉽으로 한국교회가 부흥되길 기도합니다	0	0	0	0	0	0	0	0	0	1	0
애휴 시발 급식충새끼들 빨리 학교갔음좋겟다 앰생이 지잡대갈새끼들아	0	0	0	0	1	0	0	1	0	0	0
자랑거리가 징기스칸밖에없는데 짱깨새끼들이 저러면 열받지	0	0	0	1	0	0	0	0	0	0	0
동포는 시발 축구 한중전에 중국 응원하는 새끼들이	0	0	0	1	0	0	0	0	0	0	0
노빠꾸 상남자노	0	0	0	0	0	0	0	0	0	1	0
이런말이 있지해외에선 한국인만 조심하고 피해다니면 된다고진짜 한국인은 동족멸시를 좋아해서같은 한국인 등쳐먹을려고 삼	0	0	0	1	0	0	0	0	0	0	0
홍범도 요새 안보이네 내가 블라한적 없던거 같은데	0	0	0	0	0	0	0	0	0	1	0
개슬람 새끼들 왜 자꾸 외국으로 나오는거냐	0	0	0	0	0	0	1	0	0	0	0
네다음40대틀딱	0	0	0	0	1	0	0	0	0	0	0
개슬람새끼들 전형적인 약한놈한테 강하고 강한놈한테는 후장에 기름칠까지하고 벌려줄새끼들임	0	0	0	0	0	0	1	0	0	0	0
실장 스페셜 주세요	0	0	0	0	0	0	0	0	0	1	0
개슬람새끼들은 전라도같은 성향을 가지고있어 남의땅 남의나라에와서 그곳을 황폐화시킨다	0	0	0	0	0	1	1	0	0	0	0
이것만봐도 냄져들이 입장 바뀌었으면 지들 고추못보게 몰카 어떻게든 전멸시켰을거라고 생각하니 기분 한남좆같네	0	1	0	0	0	0	0	0	0	0	0
다좆까 어제여자친구생김하하하하하하하하하하하	0	0	0	0	0	0	0	0	1	0	0
솔직히 맞는말이잖아 대놓고는 말못하지만	0	0	0	0	0	0	0	0	0	1	0
농심김기춘백산수	0	0	0	0	0	0	0	0	0	1	0
쌍도롬들 내한테 부랄빵 6969번 쳐맞아야 정신차리제	0	0	0	0	0	1	0	0	0	0	0
흉자 고민 들어줘 봤자 결국 그 에너지로 자댕이들 옴옴하노	1	0	0	0	0	0	0	0	0	0	0
인종 이념 종교가 뒤죽박죽 전 유럽이 만신창이 되어간다 곧 세기말 이 도래한다	0	0	0	1	0	0	0	0	0	0	0
마 인과응보 아니겠습니꺼	0	0	0	0	0	0	0	0	0	1	0
좆라도에선 흔한 일이라서	0	0	0	0	0	1	0	0	0	0	0
아니 근데 막상 시키면 왜이런거 시키냐고 그러고 농땡이부리면서 안하던데	0	0	0	0	0	0	0	0	1	0	0
인호 말 개잘하노	0	0	0	0	0	0	0	0	0	1	0
비혼력 높이고 싶은련들 가면 되겠노 망혼이 얼마나 한남좆물같은지 증명해주는 산 증인들이노	1	1	0	0	0	0	0	0	0	0	0
적극적으로 패자는 소리지 웜에서 자칭 남괴미 적극적으로 조롱하고 희롱라자는 얘기노 관잦몰이하노	0	0	0	0	0	0	0	0	1	0	0
인천 부천 전라도 셋 중 하나일 듯 어디냐 지역	0	0	0	0	0	1	0	0	0	0	0
론다로우지 쌘척하다가 질질 짠거보면 답나옴	0	0	0	0	0	0	0	0	0	1	0
출신대학은 상관없어 홍어인지 아닌지만 중요하지	0	0	0	0	0	1	0	0	0	0	0
교육청 성소수자 학생 치료해야	0	0	1	0	0	0	0	0	0	0	0
사회에 아무 도움 안되는 없어도 그만인 벌레새끼들임	0	0	0	0	0	0	0	0	1	0	0
원출처가 티스토리라 좀글트만 근데 걱정마라 처제 강간에서 확률이 비약적으로 상승 경기도 화성 충청도의 이동루트 이름등 모든정보를 취합해두공대 슈퍼컴퓨터로 빅데이터 돌려본결과95프로의 확률로 전라도태생 결과가 나왔다	0	0	0	0	0	1	0	0	0	0	0
시바 빨갱이새끼들 북한으로 보내서 공부를 시켜야지 왜 니들의 주적인 미국가서 공부를시키냐 이개씨발빨갱이새키들아 돌로 뚝배기를 다쳐죽여버려야해 버러지같은 개시발 빨갱이새끼들 아호빡쳐	0	0	0	1	0	0	0	0	0	0	0
구형 7년 받겠네	0	0	0	0	0	0	0	0	0	1	0
무식하니 종교를믿지	0	0	0	0	0	0	1	0	0	0	0
저런거 보면 일베충 박멸도 답일 수도	0	0	0	0	0	0	0	1	0	0	0
꼴페미는 정신병입니다 남성혐오 여성우월주의 사이비사상입니다	1	0	0	0	0	0	0	0	0	0	0
생활으 일부인지라	0	0	0	0	0	0	0	0	0	1	0
개븅신새끼네저거 후장에뎀프시롤꼽고싶다	0	0	0	0	0	0	0	0	1	0	0
그렇게 돈 부웠는데 대단한 보지년하나도 못만들었다니 놀랍다 저돈이면 위인만들고도 남겠다	1	0	0	0	0	0	0	0	0	0	0
자연의 섭리를 따르는것이 최선이다	0	0	0	0	0	0	0	0	0	1	0
갈아버리고 싶노	0	0	0	0	0	0	0	0	1	0	0
시발 불도저로 모아놓고 밀어버려야되	0	0	0	0	0	0	0	0	1	0	0
컴공과 새내기가 만들어도 쟤보단 잘만들듯 엠창 케릭터 디자인꼬라지만봐도 노잼삘	0	0	0	0	0	0	0	0	1	0	0
그냥 멍청한 30 40대를 거르면됨	0	0	0	0	1	0	0	0	0	0	0
크씨발 사이다병신 급식충이며 홍어새끼며 진짜 틀딱이며씨발 틀무새홍무새 병림픽 보면서 암걸렸는데개사이다네	0	0	0	0	1	1	0	0	0	0	0
싫은 것도 공존하는거지	0	0	0	0	0	0	0	0	0	1	0
돈도 벌고 해외여행도 텔레포트로 하고 얼마나 좋노 이기	0	0	0	0	0	0	0	0	0	1	0
페미니즘은 정신병인데 또 개헛소리하네	1	0	0	0	0	0	0	0	0	0	0
이그 솔직히나는1월부터줄곧마스크쓰고다녔다증세없어도마스크를써야지자기가감염원이될지 어찌아냐 안정불감증 지금도돌아다니면마스크안쓴이기적인사람들있다	0	0	0	0	0	0	0	0	1	0	0
이런 뉴스만 언론 졸라 안타네	0	0	0	0	0	0	0	0	0	1	0
알긴하는데 앵간한 사람눈깔로 좆도안보임	0	0	0	0	0	0	0	0	1	0	0
범어동 두산위브더제니스에도 이슬람 졸라 많이삼	0	0	0	1	0	0	0	0	0	0	0
보슬아치꼴페미공화국 문재보앙민국	1	0	0	0	0	0	0	0	0	0	0
성 소수자는 정신병이다	0	0	1	0	0	0	0	0	0	0	0
껄떡대기는	0	0	0	0	0	0	0	0	0	1	0
본인이 신변의 위협을 느껴서 일부러 공개한거라고 합니다	0	0	0	0	0	0	0	0	0	1	0
주변에 자리 텅텅 비었구만지 주차장도 아니면서 까칠하네	0	0	0	0	0	0	0	0	0	1	0
강간 당하는 여자도 안에 싸는 새끼한테는 지랄 안해도머리카락에 좆물 튀면 개지랄함	1	0	0	0	0	0	0	0	0	0	0
으휴 30 40대가 꼴통달창세대여서 그런지 애들관리도 개판이구나	0	0	0	0	1	0	0	0	0	0	0
나름지도층이라는사람들이 이렇게 위기의식이 없나 하나님이 좋아하겠수	0	0	0	0	0	0	0	0	1	0	0
명성교회본당및 지교회등 불태워없애야 합니다	0	0	0	0	0	0	1	0	0	0	0
북괴는 경제적으로는 친중 감정적으로는 반중임김정일도 뒤질때 떼놈조심하라고 주의줬다잖냐	0	0	0	1	0	0	0	0	0	0	0
살인죄로처벌하라	0	0	0	0	0	0	0	0	1	0	0
작년에만 난민 110만 받은 독일도 완전 좆됐고2030년대에는 유럽 여행 가서 모스크랑 히잡 쓴 여자들 실컷 보고 오겠네그때 되면 테러가 일상화돼서 유럽 여행 못 갈지도 모르니 지금 그나마 안전할 때 갔다와	0	0	0	1	0	0	0	0	0	0	0
조선족 새끼들 하나같이 촌스럽던데	0	0	0	1	0	0	0	0	0	0	0
우앙 발기쌍라도 새끼들 화개장터에 모여서 백병전해라	0	0	0	0	0	1	0	0	0	0	0
전래 좆창낫노 남기자 남경들 다몰살시키고싶노	0	1	0	0	0	0	0	0	0	0	0
생긴것만 봐도 왜 동성애 하는지 알겠다	0	0	1	0	0	0	0	0	0	0	0
테러민족 개슬람	0	0	0	1	0	0	0	0	0	0	0
김치녀는 아직도 금지 안먹던데 시팔	1	0	0	0	0	0	0	0	0	0	0
통과해봤자 대통령이 거부권행사할게 뻔함	0	0	0	0	0	0	0	0	0	1	0
무슬림쪽이 존나대물아니냐이혼녀들 아주그냥	0	0	0	1	0	0	0	0	0	0	0
남혐 아니라고 딸바보아빠들아 정신차려	0	0	0	0	0	0	0	0	0	1	0
사장 고소해서 한 몫 챙겨서 느그 나라로 돌아가	0	0	0	1	0	0	0	0	0	0	0
21세기 맞냐	0	0	0	0	0	0	0	0	0	1	0
한국에서 기독교를 거스를수있는 단체는 존재하지않음	0	0	0	0	0	0	1	0	0	0	0
일용직뽀이들 자들대는 소리 여기까지 들리노 깔깔	0	0	0	0	0	0	0	1	0	0	0
난무신론자지만 성서를읽어봤는데 소설은아니었다 그시대 가장이상적인인간성을 실현한 한분이계셨다고믿고있다 그이래로 그를팔아 밥벌이수단으로여기는종자들이 너무많다 밤하늘을보면무슨십자가가그리많은지 근데 세상돌아가는꼬라지를보면 위선적이라는얘기다	0	0	0	0	0	0	0	0	0	1	0
뭔 좆같은 논리노	0	0	0	0	0	0	0	0	1	0	0
머가리 큰 난장이남들	0	1	0	0	0	0	0	0	0	0	0
전과만 안남으면 군대대신 저 교도소 가는게 나을것같다	0	0	0	0	0	0	0	0	0	1	0
저게 진짜조선인이다조선인은 식민지dna가 깊게 박혀있어 자존감이란게 없고 열등감만 있다짱개식민지 일본식민지 다시 짱개식민지속에 살아가는 구 조선인 현 짱개일뿐	0	0	0	1	0	0	0	0	0	0	0
으휴 안에서 새는 똥양남 밖에서도 샌다 너련 욕봤노	0	1	0	1	0	0	0	0	0	0	0
패션 운동 공무원 글에는 원래 댓글 존나 많이달리는데	0	0	0	0	0	0	0	0	0	1	0
디스거스팅	0	0	0	0	0	0	0	0	1	0	0
돈을 가진자가 곧 명령권자지	0	0	0	0	0	0	0	0	0	1	0
한국애 있는 가족들한테 알려질거 생각하면생각만해도 끔찍하다	0	0	0	0	0	0	0	0	0	1	0
개념있는척 착한척 개극혐 바로 저새끼임 그리고 저새끼가 저러니깐 꼭 생각드는게 돈좀 벌드만 쓸데없는짓 하는거처럼 보이네 그냥 좆 찐따 병신이 꼬맹이들 대리고 노는것도 아니고 극혐	0	0	0	0	0	0	0	0	1	0	0
급식충 새끼야 개지랄떨지말고딸딸이나 한번 더치고 공부해라	0	0	0	0	1	0	0	0	0	0	0
화력지원해라양념당하고 있다낚시글 아니다	0	0	0	0	0	0	0	0	0	1	0
퀴어축제 싫다고 니들이 원하는 거 권리로 내세우면서 왜 싫어하는 사람들 권리조차 박탈시키려고 하는거냐고 그냥 싫었었는데 이젠 역겨워지려고 그러네	0	0	1	0	0	0	0	0	0	0	0
전라도는 자살이답	0	0	0	0	0	1	0	0	0	0	0
외않만나줘는 사이언스	0	0	0	0	0	0	0	0	1	0	0
외모는 정말로 백인미만잡이구나	0	0	0	1	0	0	0	0	0	0	0
혼자살아라 썅년들아 쒸불룐들	1	0	0	0	0	0	0	0	0	0	0
신고는 자기 판단이니 뭐	0	0	0	0	0	0	0	0	0	1	0
국내에서 이슬람은 안전하고 선한 사람들이다 라고 선동하는 놈들은 걔들 수가 적으니까 숨죽이고 있는 이슬람들을 보고 있는거지할랄단지 들어오거나 하면 진짜 확 불질러버려야 함	0	0	0	1	0	0	1	0	0	0	0
군대갔다오면 사람되긴합니다	0	0	0	0	0	0	0	0	0	1	0
딴거 있냐 행동이 병신이니깐 그런듯 하다	0	0	0	0	0	0	0	0	1	0	0
부럽다이기	0	0	0	0	0	0	0	0	0	1	0
인디언빼고 모두 미국에서 나가란 말인가	0	0	0	0	0	0	0	0	0	1	0
전라도가 전라도했네 전라도 전라도	0	0	0	0	0	1	0	0	0	0	0
돈벌면 지하실 하나 사놔야겠노	0	0	0	0	0	0	0	0	0	1	0
미친 개신교	0	0	0	0	0	0	1	0	0	0	0
부검으로 제발 억울함을 풀어주자 부검전에 찜질도 해주고 제발 몽둥이가 약이라던데 처방해서 부검하자	0	0	0	0	0	0	0	0	1	0	0
레즈새끼들이 문제임 씨발련들이 선동해서 시작한거	1	0	1	0	0	0	0	0	0	0	0
정게글보다 존나재밋다 더올려라 틀딱 최태민 백숙	0	0	0	0	1	0	0	0	0	0	1
왼쪽이 훨씬 나은데	0	0	0	0	0	0	0	0	0	1	0
속은 시원하네	0	0	0	0	0	0	0	0	0	1	0
간통년 돌로 처죽이는건 당연지들이 한 간통으로인해 피눈물날 남편과 자식들인권부터생각해야지 인권단체들은 여성인권이 아니라 범죄자인권을 생각해주려고하네	1	0	0	0	0	0	0	0	0	0	0
저 나이에 꼬추 안서면 사람새끼냐	0	0	0	0	1	0	0	0	0	0	0
저년오면 필리핀새끼들이 한국인 살인한거에대해 어떻게 생각하냐고 질문해봐라	0	0	0	1	0	0	0	0	0	0	0
우리가 지랄해봤자 사회리더들은 안들음	0	0	0	0	0	0	0	0	1	0	0
개슬람 새끼들 또 시동거네 개새끼들이 뿌리만 박으면 돼지고기 타령부터 시작하더라 애미뒤진 씹창년들 저 새끼들이 싸지른 개슬람 종자들 성인될 때 쯤이면 이 나라도 좆같아지겠네	0	0	0	0	0	0	1	0	0	0	0
타크비르 왜쳐라 타크비르	0	0	0	0	0	0	0	0	0	1	0
말머리 안 달면 고추 달린다 이년들아	0	1	0	0	0	0	0	0	0	0	0
재기성님 보고계신가요	0	0	0	0	0	0	0	0	0	1	0
요즘 한달째 금딸중인데 저런 시발뇬들보면 도끼로 토막내고싶다이기	0	0	0	0	0	0	0	0	1	0	0
짱개새끼들 왤케 대책없이 저러냐 진짜	0	0	0	1	0	0	0	0	0	0	0
저새끼 아직도 저러고 있노 지도 이미 지가 도태된거 아나보노	0	0	0	0	0	0	0	0	1	0	0
군대얘기에 더블백 얘기와 하와이 얘기를 얼핏 들었는데하와이깽깽이라고 더블백은 최근에 무슨뜻인지 알게되는데 군대 보급품 더블백으로 쓸어 담어 훔쳐 간다고 그런 별명이	0	0	0	0	0	0	0	0	0	1	0
살날도 얼마 안남은 틀딱들이 짱깨 한마리씩 죽이고 자폭하면 국가와 민족을 위해 큰일 하는거임	0	0	0	1	1	0	0	0	0	0	0
떼놈들한텐 관대한 호구헬조선	0	0	0	1	0	0	0	0	0	0	0
오늘의 시사 만드려고 했는데 타게가 생각보다 생명력이 긴가봄	0	0	0	0	0	0	0	0	0	1	0
세금이나 납부해라	0	0	0	0	0	0	0	0	1	0	0
그 폭력 강간당한 여자가 죽을수도 있었고 모른체한 남자의 가족일수도 있었다 모른체한게 젠더갈등 페미때문이라고 치부해버리기에는 양심이 편하지 못한 이유가 있다	0	0	0	0	0	0	0	0	0	1	0
세금충들 특기 중 하나는 존버	0	0	0	0	0	0	0	0	1	0	0
교회 너희들이나 잘하세요	0	0	0	0	0	0	1	0	0	0	0
이 새끼 글 읽는데 데자뷰 느낌	0	0	0	0	0	0	0	0	1	0	0
확실히 세뇌가 무섭긴 해	0	0	0	0	0	0	0	0	0	1	0
내 주위는 군대 이야기하면 남자들이 고생이지 비합리적이라고 하는 여자애들도 있는데 씹김치년도 있지만	1	0	0	0	0	0	0	0	0	0	0
한남한테는 재기본능밖에 없다이기야	0	1	0	0	0	0	0	0	0	0	0
젠더들이 혐오스러운건 항문성교하기 때문이고 게이도 이와같기 때문에 혐오스럽다	0	0	1	0	0	0	0	0	0	0	0
틀딱들 틀트뷰만 쳐보고틀딱들하고만 상대하면서점점더 망상이 심해지고 있음	0	0	0	0	1	0	0	0	0	0	0
애초에 빨간약 처먹고 정신이 멀쩡할수가 없노 천재들이 정신병 앓는거랑 같은거노 당연한 사실을 개돼지들이 상식적으로 받아들이지 못하니 얼마나 화나노	0	0	0	0	0	0	0	0	1	0	0
씨발 에어리즘 없으면 안된다고 씨발련들아	0	0	0	0	0	0	0	0	1	0	0
부친 후팔새끼	0	0	0	0	0	0	0	0	1	0	0
육개장에 새우젓 많이 넣으라이기 장례식장 음식이 그리 맛깔나다 애비 죽었다면 이모님들이 더 힘주어 담그셨을듯	0	0	0	0	0	0	0	0	1	0	0
앞에가는 새끼가 웃기노첨에 브레이크 밟았을 때 본건데바로 비상등 켰으면 뒷차도 피해가 없었을듯	0	0	0	0	0	0	0	0	1	0	0
미합중국 vip테러 가능성도 있어보인다고하지	0	0	0	0	0	0	0	0	0	1	0
야저 옆에 히스패님남 맛있게생겼다 야 외국인들은 자집애 뺨때리는게 개흔한일인데 개돼지국은 냄져가 여자때리는게 개흔한일 좆팔	0	1	0	1	0	0	0	0	0	0	0
착짱이 될번 했노	0	0	0	1	0	0	0	0	0	0	0
이거 독같은거 본거 4번째다 씨발로마	0	0	0	0	0	0	0	0	1	0	0
저 프로 진행자 남희석이랑 동갑 남희석이가 친구야 반갑다하면서 포옹하고 저 탈북자아재 어디가든 잘 살듯	0	0	0	0	0	0	0	0	0	1	0
저런피지컬을 포기할정도면 성격은 한녀겠지	1	0	0	0	0	0	0	0	0	0	0
야 패닝은 나도 따먹고 싶다밧줄로 묶어놓고 보지 존나빨고 싶은데	1	0	0	0	0	0	0	0	0	0	0
진짜 신이 있다면 쟤는 진짜 죽어서 죽지 못하는 채로 화염에 타오르길	0	0	0	0	0	0	0	0	1	0	0
우리나라와 이세상을 음란으로 덮는 더러운 문화는 지옥으로꺼져버려	0	0	0	0	0	0	0	0	1	0	0
근데 나중에 가서는 병신같은년놈들 거세시켜야할듯 갈수록 자원은 줄어드는데 멍청한 애새끼들만 마구마구 싸지르다간지구 좆망할듯	0	0	0	0	0	0	0	1	0	0	0
신은 없음개독교는 다 허상 망상인거임인간이 가장 두려워 하는 죽음을 천국이라는 허상으로 포장해서 장사하는 단체임	0	0	0	0	0	0	1	0	0	0	0
허허 멍청도는 강건너 불구경이구먼유	0	0	0	0	0	1	0	0	0	0	0
알아크사 모스크를 진짜 불태운거라면 저 전쟁이 불같이 세계적으로 번질가능성있다고봄	0	0	0	0	0	0	0	0	0	1	0
스웨덴 산다 무슬림관한질문받는다	0	0	0	0	0	0	0	0	0	1	0
추천수0댓글 3개반대로좌파 글 올라오면 추천 수 존나 박히고서로 댓글 답글 해 가며 쭈루룩 달릴껄	0	0	0	0	0	0	0	0	0	1	0
경락맛사지란 말도있는 저그유저 였는데 안타깝네요 삼가고인의 명복을빕니다	0	0	0	0	0	0	0	0	0	1	0
지옥으로 끄지라이기야	0	0	0	0	0	0	0	0	1	0	0
모가지꺽는다해라	0	0	0	0	0	0	0	0	1	0	0
자본주의경쟁사회에서 므슨성평등야 본능적인 종족보존 성적관계 때 생기는감정이야 그들만에문제고 법에태두리에서 서로경쟁하는건대 남녀는왜따져 서로잘할수있는거 해서 잘살면되는대 피해으식아니냐	0	0	0	0	0	0	0	0	0	1	0
북한으로 환송되도 할말없는 쓰레기 탈북자 새끼들이 말하는거 봐라	0	0	0	1	0	0	0	0	0	0	0
우리나라는 뭐든 들어오면 변질됨참된교인이 많을까개씹쓰레기 개독이많을까답은 정해져있다마굿간콜걸 사상아 빠는새끼들아	0	0	0	0	0	0	1	0	0	0	0
맞노 남자들은 돈벌게 놔둬서 안되노	0	1	0	0	0	0	0	0	0	0	0
난 이새끼들이 이런 얘기할때가 젤 이해안가 병신들아 하던대로 하고놀아 쫌	0	0	0	0	0	0	0	0	1	0	0
머리에 똥만찬 자댕이가 글씨읽기 귀찮아서 또 좆무위키 긁었노 대가리 쓸때도 가성비 따지노 이기	0	1	0	0	0	0	0	0	0	0	0
저거 그 여자 사진 아니라던데 잘 알고있는 게이들이 팩트좀 줘봐라	0	0	0	0	0	0	0	0	0	1	0
이낙연 너무 느끼하노	0	0	0	0	0	0	0	0	1	0	1
개독새끼들은 다 죽여버려야함	0	0	0	0	0	0	1	0	0	0	0
열등좆은 사람이 아니다	0	1	0	0	0	0	0	0	0	0	0
내 주변에 여자들 지입으로도 취집이나 해야겠다는 애들 종종 있다 저런걸로 해임까지가냐 참내	0	0	0	0	0	0	0	0	0	1	0
머리채잡는 물귀신들 필요없다 이기야	0	0	0	0	0	0	0	0	1	0	0
원래 신이라는 새끼나 신도라는 새끼들이나 역사적으로 사람 잴 많이 죽인 종교가 얘네 종파들이다	0	0	0	0	0	0	1	0	0	0	0
조선 어론사제외선택했는데 왜 자꾸 보이냐	0	0	0	0	0	0	0	0	0	1	0
포라디언 백퍼	0	0	0	0	0	1	0	0	0	0	0
전라도는 한국인이 아니다짱깨보다 더 악질인 새끼들임어디서 튀어나온 새끼들인건지 지역DNA문제인지 아니면 그지역 문화문제인지연구대상임	0	0	0	1	0	0	0	0	0	0	0
이 새끼들만큼 여혐병크 터진 좆돌도 없는데 그 새 또 이딴 가사나 적고있노 의도가 군무 뻔해서 역겹다	0	0	0	0	0	0	0	0	1	0	0
장사 잘되는 백반집에서 밥먹고 두시간은 뭉개고 있으면 좆같겠네	0	0	0	0	0	0	0	0	1	0	0
솔직히 더 수용해서 나라하나가 망가져가는거 지켜보는거 꿀잼일듯	0	0	0	0	0	0	0	0	1	0	0
1년에 10만명씩 살남한 것도 아닌데 자집애답게 징징대노 여태까지 냄져들이 아묻따 오프라인 여혐	0	1	0	0	0	0	0	0	0	0	0
늙은데다 가난하기까지하면 답이없다	0	0	0	0	1	0	0	1	0	0	0
오오 꼭 봐야겠노 개독새끼들은 무조건적인 개독찬양을 바라고 봤겠지만	0	0	0	0	0	0	1	0	0	0	0
조선새끼들은 옛날부터 중국 꼬봉이여서 그 dna가 남아있는거다	0	0	0	1	0	0	0	0	0	0	0
그만좀 해라 니들은 더심하잖아	0	0	0	0	0	0	0	0	1	0	0
차라리 다행 저기기서 이상힌 개소리하는것보다 다시한번 우리나리 위치를 상기시키고 가는것도 좋디	0	0	0	0	0	0	0	0	0	1	0
외삼촌 살고있는 멕시코로 이민갈까 생각중이다삼촌께서 내가 일할 자리는 있다하고 현지인들이랑 우호적으로 지내고 있다하고 갱스터에 대한 걱정은 하지마라던데	0	0	0	0	0	0	0	0	0	1	0
일단 불교는 믿으라고 강요를 안함씨발 개독들은 믿으라고 좃나 강요함그렇게 좋은거 지들만 믿고 천국가지천국은 to가 없나 씨발것들	0	0	0	0	0	0	1	0	0	0	0
내가 똥 던지는거 혐오스럽다고 지랄하는 새끼들 스페인 토마토 축제 구경가면 나한테 뒤질줄알아라	0	0	0	0	0	0	0	0	1	0	0
테러리스트	0	0	0	0	0	0	0	0	1	0	0
페미나찌년들은 뒤져야돼 마녀사냥이 생활인년들 여초커뮤니티 가면 마녀사냥은 생활임	1	0	0	0	0	0	0	0	0	0	0
더러운 절라도 캬아아악 퉷	0	0	0	0	0	1	0	0	0	0	0
문천지 갈보년들 자살좀하라이기	1	0	0	0	0	0	0	1	0	0	0
존나 부럽다 씨발	0	0	0	0	0	0	0	0	1	0	0
아 씨발 쌍도저장소 민주화 왤캐마너	0	0	0	0	0	1	0	0	0	0	0
절이 싫으면 중이 떠나야지	0	0	0	0	0	0	0	0	0	1	0
히틀러 재평가가 시급함	0	0	0	0	0	0	0	0	0	1	0
개슬람 새끼들 냄져들 싹 다 골라서 지들 나라로 다 추방해야되노	0	1	0	1	0	0	1	0	0	0	0
우파를 지향하는 유일종교 기독교	0	0	0	0	0	0	0	0	0	1	0
부모라면 이때 학원 더 보내라	0	0	0	0	0	0	0	0	0	1	0
이제 별의별 소설을 다 쓴다 하이고 이제 웃음도안난다 지겨운 여론조작	0	0	0	0	0	0	0	0	1	0	0
진보자지 오빠 날 봐줘요 페미니즘	1	0	0	0	0	0	0	0	0	0	0
근데 쫌 안된게 매매혼하는 사람들 대부분이 사는게 넉넉치않을텐데 얘네들 데리고 살면 매달 돈보내고 아니면 지마누라가 번돈 다 보낼텐데 쫌 안타깝더라	0	0	0	0	0	0	0	0	0	1	0
짭짱개 이거 괜찮네여	0	0	0	1	0	0	0	0	0	0	0
군머도 속들여다보면 후장놀이나 하면서 웅앵웅 대는거 역겹다 이니야 한남충들은 대체 하는게 뭐노	0	1	1	0	0	0	0	0	0	0	0
저새끼들은 지들 자식새끼가 외국인이니까 저 지랄들임 국회의원 자격요건에 직계가족에 외국인 있으면 자격요건 미달을 박아야함	0	0	0	1	0	0	0	0	0	0	0
나도 민기시키고싶은 남교사 있는데 이방법 써먹어야겠노	0	1	0	0	0	0	0	0	0	0	0
연변짱깨들한테 조선이라는 단어 갖다붙이지마라	0	0	0	1	0	0	0	0	0	0	0
흑인처럼 아예 까맣던가 애매하게 까무잡잡해서	0	0	0	1	0	0	0	0	0	0	0
앱창 맞는 갓치는 억울해서 우째살겠노 후팔 냄져가 카톡으로 그랬으면 안받아줄거다 이기야노 헬조센 명불허전 여혐국가지 좆팔놈새끼들	0	1	0	0	0	0	0	0	0	0	0
남자도 꾸미라는건근대 이해가안되네 무슨소리냐 여자처럼 각종화장품이라도 써야되나 씨발 막상 아이라인비비크림바르면 좆같다고 싫어할꺼면서	0	0	0	0	0	0	0	0	1	0	0
개독교는 민주화야 미친놈아먼 성경이야 씨발 구라를 한타스로 묶어놓은게 성경인데오직 성경같은 소리하네 쉬발년	0	0	0	0	0	0	1	0	0	0	0
게이 였는데	0	0	0	0	0	0	0	0	0	1	0
뭔생각으로 외국의 이런기사를	0	0	0	0	0	0	0	0	0	1	0
특구 만드는게 나음똥꼬충 못막아길을 열어주고 통제하는게 낫다	0	0	1	0	0	0	0	0	0	0	0
한국에 왔으면 한국법을 따르라 이기 이라크는 남녀가 인물이 못하네 이란 여자는 히잡사이로 보이는 눈매가 장난아니던데	0	0	0	1	0	0	0	0	0	0	0
근데 처음엔 왜 전원구조라고 개소리 한거냐	0	0	0	0	0	0	0	0	1	0	0
아이고 의미 없다	0	0	0	0	0	0	0	0	1	0	0
식성 특이하네	0	0	0	0	0	0	0	0	0	1	0
302 짤 설명좀 해주라이기야 근데 상황몰라도 극혐	0	0	0	0	0	0	0	0	1	0	0
152명은 빙산의일각이고 한 150000명될듯	0	0	0	0	0	0	0	0	0	1	0
저런 오케스트라같은거 취미로보는사람들 1프로인집안임 으외로 사짜들어가는직업많음	0	0	0	0	0	0	0	0	0	1	0
재규형님이 그립다	0	0	0	0	0	0	0	0	0	1	0
성소게 말투 역겨워서 안해	0	0	1	0	0	0	0	0	0	0	0
진짜 러시아식 물리치료로 싸그리 다 불태워야함	0	0	0	0	0	0	0	0	1	0	0
진짜 전쟁한번 나면 좋겠다 일단 메갈년들부터 쏘게	1	0	0	0	0	0	0	0	0	0	0
수준 미달인 사람들이 소위 떳다는거 하나로 12세 관람에서 성드립을 참 나라꼴	0	0	0	0	0	0	0	0	1	0	0
나라의 세금이 에이즈환자들에게 빠져나가고 있는거네요 근데 동성애를 부추기고 있으니 나라빚이 걱정되네요	0	0	1	0	0	0	0	0	0	0	0
한남도전 기안내만 나고 안웃기노	0	1	0	0	0	0	0	0	0	0	0
자적자는 잘했지만 보지찌른것보니 저새끼도 재기해야한다	0	1	0	0	0	0	0	0	0	0	0
인천은 구 이름이 왜 그 따구냐 서구 남쪽에 동구가 있음 중구는 서쪽에 있고 무슨 찐따들도 아니고	0	0	0	0	0	1	0	0	0	0	0
세상말세다	0	0	0	0	0	0	0	0	0	1	0
음주는했지만 음주운전은안했다	0	0	0	0	0	0	0	0	0	1	0
또 다른 기득권 이용자들은 호구냐 통행료 내려	0	0	0	0	0	0	0	0	1	0	0
나련도 팔굽혀펴기 20개는 가뿐히 하는데 시팔	0	0	0	0	0	0	0	0	1	0	0
여자만 따먹고 다녀도 정액이 모자라구만 남자까지 따먹냐	0	0	1	0	0	0	0	0	0	0	0
이슬람 국가는 위험하다는게 편견이 아닌 펙트임을 몸소 증명하심	0	0	0	1	0	0	1	0	0	0	0
쟤네는 갓치라는 병신같은 단어를 쓰는거봐선 일베보다 더 병신인듯하다	0	0	0	0	0	0	0	0	1	0	0
제발 일베에 빨렙새끼들만 처단해도 짤게내 정치글 3분의 2는 사라진다빨렙 틀니 새끼들 다 몰아내라 운영자들아	0	0	0	0	1	0	0	0	0	0	0
이거 방송 때 듣고있었는데 정말 논란거리가 될만한걸 유머러스하게 잘 대처하는거보고 역시 프로라고느낌	0	0	0	0	0	0	0	0	0	1	0
야간당직 안한다고 임종에서 주작한글 다음 인기글 까지 갔더노 거기 댓글들 발암이다 산부인과 의사협회에 제보해서 원글 고소해야한다 이기야	0	0	0	0	0	0	0	0	1	0	0
좆빨갱이 국짐당을 대구에서 쓸어버려야 함	0	0	0	0	0	1	0	0	0	0	0
개슬람은 신정국가에서 탈락이다	0	0	0	0	0	0	1	0	0	0	0
파시즘 아니고 알 카에돼지	0	0	0	0	0	0	1	0	0	0	0
미취학 아동학대랑 똑같음	0	0	0	0	0	0	0	0	0	1	0
개독새끼들 똥꼬충 막는다 어쩐다 지랄떨더면 성과도 없음	0	0	0	0	0	0	1	0	0	0	0
히니이이이이이이익	0	0	0	0	0	0	0	0	0	1	0
맞다 이기 지꺼보다 크니까 조용히 묻어갔던거노	0	0	0	0	0	0	0	0	0	1	0
후장파티봐라 시발 이래서 내가 게이를 혐오하는거다 레즈는 시발 이렇게 더럽게 안 놀잖아 제발 주제 좀 파악하고 레즈랑 엮일라고 하지마라 똥구멍새키들아 똥구멍에 선풍기 밖아버리기전에	0	0	1	0	0	0	0	0	0	0	0
틀딱새끼들은 좌우막론하고 고려장이 답이다	0	0	0	0	1	0	0	0	0	0	0
연합된 모습으로 희망을 주시니 감사합니다 더욱 하나되어 진정한 예수님의 사랑을 보여주세요	0	0	0	0	0	0	0	0	0	1	0
장점이라고는 단 하나도 찾아볼 수 없는	0	0	0	0	0	0	0	0	1	0	0
어딘가 불편하신분	0	0	0	0	0	0	0	0	0	1	0
벌레로 중요부위 가린건 첨보네	0	0	0	0	0	0	0	0	0	1	0
어이황씨 전빠스님 찬양해야지 이럴시간이 어딨노	0	0	0	0	0	0	0	0	0	1	0
개독이나 좆슬람이나 본질적으로 사막잡신 빠는건 다를바가 없으니까 그렇지	0	0	0	0	0	0	1	0	0	0	0
와 역시 스웨덴이노 노무멋지노	0	0	0	0	0	0	0	0	0	1	0
일요일에 잘못했다고하면 죄가 없어지니 그리해	0	0	0	0	0	0	0	0	1	0	0
성도착증 환자 들에게 언제 당할지 모르는 불안함에 늘 마음 졸이며 사는 국군 장병들이 불쌍 하기만 하네 아 게이들 정말 싫다	0	0	1	0	0	0	0	0	0	0	0
에효 말세다 말세야	0	0	0	0	0	0	0	0	1	0	0
중국바퀴들은 한국인한테 사기는안침조선족바퀴들은 한궈한테 사기만침	0	0	0	1	0	0	0	0	0	0	0
차별 받을 짓을 하면 차별 하는거지	0	0	0	0	0	0	0	0	1	0	0
차별금지법 이름만 거창한거지 이름 바꿔라 자유제한법 으로	0	0	0	0	0	0	0	1	0	0	0
지능을 의심해봐야함	0	0	0	0	0	0	0	0	1	0	0
못말리는 인종이네	0	0	0	1	0	0	0	0	0	0	0
올챙이주머니 개꿀이노 타격감 좋노	0	0	0	0	0	0	0	0	1	0	0
페미니즘 할수밖에없는 외모니까	1	0	0	0	0	0	0	0	0	0	0
죽은새끼가 뒤질만했네 장대호사건이랑 비슷하다	0	0	0	0	0	0	0	0	1	0	0
짱깨 씨발 암덩어리	0	0	0	1	0	0	0	0	0	0	0
전라도 개새끼들아 니들이 애국할 수 있는 길 열렸다 저 난민충 새끼들 잡아다가 노예로 길들여라 그게 니들이 할 수 있는 애국이다	0	0	0	1	0	1	0	0	0	0	0
근데 쟤들 저 팔찌 뭐냐	0	0	0	0	0	0	0	0	0	1	0
회사차원에서 징계하라 직원교육 제대로 못시키고 저런 찌질이들 범죄양산 한 죄 직업정신 1도 없는 한심퇴폐저능들	0	0	0	0	0	0	0	0	1	0	0
이걸 사내용	0	0	0	0	0	0	0	0	0	1	0
한남이랑 왜사귀노	0	1	0	0	0	0	0	0	0	0	0
절라도기독교는 믿고 거르자	0	0	0	0	0	1	1	0	0	0	0
순간 착각을	0	0	0	0	0	0	0	0	0	1	0
에펠탑만 가도 시발년들 서명 쪼가리 들고 낚시 존나 함소매치기들도 존나 많고센강 유람선은 타볼만 하다	0	0	0	1	0	0	0	0	0	0	0
정신병력 있는 사람들로 구성하면 처벌도 미약하노 이기	0	0	0	0	0	0	0	1	0	0	0
머구를 미국이라고 봤노	0	0	0	0	0	0	0	0	0	1	0
하얀바지 엉덩이 탱글하노 채찍질하고싶다 이기	0	0	0	0	0	0	0	0	1	0	0
섹스에 미친 집단	0	0	0	0	0	0	0	0	1	0	0
내 호적메이트새끼 사촌새끼 삼촌새끼 다 저렇게 지 엄마 젖 만지고 잠들더라 이기야 좆같은새끼들 뒤져버리길	0	0	0	0	0	0	0	0	1	0	0
그러니까 한남들을 죽여버려야 하는거노 보지들의 무서움을 보여줘야한다이기야	0	1	0	0	0	0	0	0	0	0	0
나는 싫다는데 자꾸 찝적대는 똥꼬충이 아니라 석천이형처럼 윾쾌한 똥꼬충이면 괜찮다이기	0	0	1	0	0	0	0	0	0	0	0
7개월 아이가 그럼울고 보채지 이 애미충년아 이년은 다시는 아이 못갖게 도려내라	1	0	0	0	0	0	0	0	0	0	0
동성애 조장하여 에이즈 양산하고 국민들의 법감정 무시하는 악법 절대 반대합니다	0	0	1	0	0	0	0	1	0	0	0
진짜 페미중에남자들이 가장 무서워해야될 페미는비혼 레즈 페미가 아니라보빨 받을거 다 받으면서지 주장할거 다 주장하는개악질 페미들이다흔히 온건 페미라고도 하지	1	0	0	0	0	0	0	0	0	0	0
피해주장인에 대한 관심은 전혀 없다 김재련은 이번사태에 대한 피해증거를 제시할 때가 왔다 말만하면 이차가해인가 김재련은 응답해야 할때가 왔다 코로나로 고통분담에 힘겨운 시민들에게 그분의 부재는 그래서 더 아프다	0	0	0	0	0	0	0	0	1	0	1
이런 염병할	0	0	0	0	0	0	0	0	1	0	0
전라도가 전리도 했네	0	0	0	0	0	1	0	0	0	0	0
이주여성도 우리나라 국민	0	0	0	0	0	0	0	0	0	1	0
똥꼬충 극혐	0	0	1	0	0	0	0	0	0	0	0
하 씨발 나라가 어떻게 되가는거냐	0	0	0	0	0	0	0	0	1	0	0
게이는 안되고 레즈비언은 되	0	0	1	0	0	0	0	0	0	0	0
하 지겨워	0	0	0	0	0	0	0	0	0	1	0
일게이의 완성	0	0	0	0	0	0	0	0	0	1	0
굳이 인간이 만든 잣대를 들이대지 않아도 자연적으로 도태되어 마땅한 족속들	0	0	0	0	0	0	0	1	0	0	0
박근혜 석방하기 vs 박근혜랑 뜨거운 하룻밤틀딱들 고추서면 닥후골랐음	0	0	0	0	1	0	0	0	0	0	1
북수단도 끼워줘라	0	0	0	0	0	0	0	0	0	1	0
주제도 오질라게 모르고 앉아있노 갈아탈 여자가 있을줄 아나보노	0	0	0	0	0	0	0	0	1	0	0
한남들 25 넘으면 데려갈 여자도 없다이기야 눈 낮춰라	0	1	0	0	0	0	0	0	0	0	0
뭐야 이 돼지새끼야 우리오빠 건드리지마이게 정상이지	0	0	0	0	0	0	0	0	1	0	0
돼지면 무리하게 공차지마 십자인대 나가	0	0	0	0	0	0	0	0	1	0	0
어차피 이쁘면 모든 용서하는 좆같은 보빨 김치맨때문에 바뀌는거 없음	0	1	0	0	0	0	0	0	0	0	0
저새끼들은 뭔데 이기이기거리노burn burn도 여기서나온거아니냐 머구통구이때	0	0	0	0	0	1	0	0	0	0	0
시발 장애인년 아니면 짱께말투 딱 들어보면 아는데 정상적인 년들은 절대 좆족같은새끼들 안벌림	1	0	0	1	0	0	0	0	0	0	0
틀니들이 돈걷어서 2030무임승차 해줘야함	0	0	0	0	1	0	0	0	0	0	0
여고생 좆도 안꼴리는 복장이네	1	0	0	0	0	0	0	0	0	0	0
된장녀 시절부터 여성비하발언은 죄다 쓰고 맘충	1	0	0	0	0	0	0	0	0	0	0
뭔 글이 분석은 없고 좃꼴리는대로 써재겻냐	0	0	0	0	0	0	0	0	1	0	0
프링글스 대봐	0	0	0	0	0	0	0	0	0	1	0
마시께따 따먹고싶다	0	0	0	0	0	0	0	0	1	0	0
자이니치네 틀딱이 저기 왜 가있냐	0	0	0	1	1	0	0	0	0	0	0
보지들은 2년동안 아기 냉동시켜도 5년밖에 안받는구나남자였으면 최소 20년 나왔을텐데	1	0	0	0	0	0	0	0	0	0	0
한국은 망한 나라	0	0	0	1	0	0	0	0	0	0	0
좆뱀은 유전자 종특이노	0	1	0	0	0	0	0	0	0	0	0
나도 전라도 순천사람이지만 전라도사람 답 없다고 느낀다내 아는사람도 가게하는데 전라도 출신이면서 전라도 정말 혐오하더라	0	0	0	0	0	1	0	0	0	0	0
수지 닮았다는게 주작마재윤 방송에 수지 금지어 채택	0	0	0	0	0	0	0	0	0	1	0
꼴렸다 오늘은 이거다	0	0	0	0	0	0	0	0	0	1	0
미워했으면 소라넷에 올렸겄소	0	0	0	0	0	0	0	0	0	1	0
뭔 개소린지 모르겠네 90아재다	0	0	0	0	0	0	0	0	1	0	0
리재명 지지하든 말든틀딱들 영향력 좆밥인거 다 까발려짐	0	0	0	0	1	0	0	0	0	0	0
여자가 남자 좋아하면 고추빨라고 시키면 잘 빨아준다	1	0	0	0	0	0	0	0	0	0	0
대구는 뭐이리 다 싸냐 체인점 제외하고	0	0	0	0	0	0	0	0	0	1	0
방문수 5회 참 산뜻하다	0	0	0	0	0	0	0	0	0	1	0
시발 짱깨새끼들도 아니고	0	0	0	1	0	0	0	0	0	0	0
별로 잘못된것은 아님	0	0	0	0	0	0	0	0	0	1	0
아무생각없이 지들 기분내키는대로 써 재끼는 후기에 자영업자들 목숨이 왔다갔다합니다 저희도 좋은 후기도 많은데 한놈이 써놓은 댓글땜에 매출 수직하강했었네요	0	0	0	0	0	0	0	0	1	0	0
틀딱새끼들은 다 뒤져버려야함	0	0	0	0	1	0	0	0	0	0	0
난민아치 다 돌려보야지	0	0	0	1	0	0	0	0	0	0	0
흔한 선택적 페미 뷔페미즘이네요 지들이 좋은것만 쳐묵 쳐묵	1	0	0	0	0	0	0	0	0	0	0
저개 뭐어때서 틀딱새끼들 꼬우면 너내도씹어보든가	0	0	0	0	1	0	0	0	0	0	0
백좆맛으로 천국 가보려다 진짜 천국으로 가부럿네	0	0	0	1	0	0	0	0	0	0	0
부산은 사랑입니다대구는 소망입니다울산은 활력입니다	0	0	0	0	0	0	0	0	0	1	0
찻짤은 에이즈 똥꼬충	0	0	1	0	0	0	0	0	0	0	0
거렁뱅이덜은 얼씬도 못하노 벤츠빔 샤네루빔 김치녀길만 걷자이기	1	0	0	0	0	0	0	0	0	0	0
틀딱들은 짱깨와 다를바가 없다	0	0	0	1	1	0	0	0	0	0	0
글램핑장 침댕 이불 존나 더럽던데 먼지존나 많고 곰팡이 냄새 개쩜	0	0	0	0	0	0	0	0	1	0	0
자르릉자르릉	0	1	0	0	0	0	0	0	0	0	0
하여간 일 하나도 안하고 놀러만 다니지	0	0	0	0	0	0	0	0	1	0	0
급식도 급식이지만 더 악질인새끼들은 늙은이들임	0	0	0	0	1	0	0	0	0	0	0
마호메트 씹홍어 좆버러지 씹걸레같은 새끼	0	0	0	0	0	1	1	0	0	0	0
국내 레스토랑 유니폼 치마 젤 짧은데 어디냐 앙망한다	0	0	0	0	0	0	0	0	1	0	0
마 깽값있으면 쳐 봐라 드러누어서 인생 좆망하게 해줄께	0	0	0	0	0	0	0	0	1	0	0
솔까 잦 외모품평은 웬만한 흉자들도 재밌게함	1	1	0	0	0	0	0	0	0	0	0
위장탈북자들이 대부분일거임 저렇게 돈도 송금받고 좆불시위때는 광화문가서 폭동일으키고 그야말로 북괴입장에선 도랑치고 가재잡는 일석이조지	0	0	0	1	0	0	0	0	0	0	0
그래도 전랴도새끼들보단낫다	0	0	0	0	0	1	0	0	0	0	0
보지들 현실부정보소	1	0	0	0	0	0	0	0	0	0	0
천하의 개독 씨부랄 새끼들 다 모가지를 쳐야된다	0	0	0	0	0	0	1	0	0	0	0
이래도 한남이 원인이 아닙니까	0	1	0	0	0	0	0	0	0	0	0
홍익인간 정신이 투철한 조선민족 wwww	0	0	0	0	0	0	0	0	0	1	0
개독새끼나 동성애자나 병신같은건 똑같은거같은데	0	0	0	0	0	0	1	0	0	0	0
잠재적범죄자	0	0	0	0	0	0	0	0	1	0	0
근데 솔직히 박진영 처벌받았으면 좋겠다 아직 가치관이 성립되지도 않은 미성년자한테 사과문 영상 찍게 하는건 너무나도 심한 정식적인 학대임	0	0	0	0	0	0	0	0	1	0	0
심플하노 스크랩이다이기	0	0	0	0	0	0	0	0	0	1	0
오래도 살았네	0	0	0	0	0	0	0	0	0	1	0
개좆병신새끼들 박멸이 답이노 한남종이 지구상에서 사라질 때 슬퍼할 인간 한명도 없노	0	1	0	0	0	0	0	0	0	0	0
떡진 숏컷에 츄리닝입고있어도 나 여자다 하면 여자인데 젠신병자들은 하이힐	0	0	1	0	0	0	0	1	0	0	0
똥처먹는것도 성소수자라 할기세네	0	0	1	0	0	0	0	0	0	0	0
수진이가 잘못했네 이건	0	0	0	0	0	0	0	0	0	1	0
한남들 진짜 재기해라	0	1	0	0	0	0	0	0	0	0	0
자발적 유리천장 전환자네 남자였으면 군제대후에서 수술가능함	0	0	1	0	0	0	0	0	0	0	0
중증이아니라 증증병신아	0	0	0	0	0	0	0	0	1	0	0
밥줘충 새끼들이 이혼당하면 사회나와서 성범죄자 되는거 아니노	0	1	0	0	0	0	0	0	0	0	0
저렇게 공부하고 깨시민인척 할걸 생각하니 눈물이 앞을 가린다	0	0	0	0	0	0	0	0	1	0	0
나 잘생겼고 결혼했고 얘도 있다 아 돈도 많구나	0	0	0	0	0	0	0	0	0	1	0
블라인드채용에서 지역빼버림 홍어들 깨춤추는중	0	0	0	0	0	1	0	0	0	0	0
아 개이새끼들 존나싫어 씨발	0	0	1	0	0	0	0	0	0	0	0
예배의 감격이 회복되길 원합니다 주님앞에 뜨거운 감겨	0	0	0	0	0	0	0	0	0	1	0
점진적으로 발전될거라 생각합니다 힘내세요	0	0	0	0	0	0	0	0	0	1	0
석렬이한테 불려가서 쪼인트까이겠노	0	0	0	0	0	0	0	0	1	0	0
모르고 당한 아이와 엄마 너무 화가 납니다 우리 아이들을 지켜야 해요 동성애 차변금지법 절대 안됩니다	0	0	1	0	0	0	0	1	0	0	0
이것이 전적으로 옳다개좆같은 개슬람새끼들과 이외의 한국체류 외국인들은 한국의 생활방식과 법에 맞춰 행동해야한다	0	0	0	0	0	0	1	0	0	0	0
음흉도 새끼들이 더 심하다이간질에 모사질에	0	0	0	0	0	1	0	0	0	0	0
가만보면 미영프일독 얘들 착해	0	0	0	0	0	0	0	0	0	1	0
주민번호도 바꼇으니 여성 맛지	0	0	0	0	0	0	0	0	0	1	0
건장한 무슬림 청년 하앜 너무좋다	0	0	0	0	0	0	0	0	0	1	0
저래도 서울대잖아	0	0	0	0	0	0	0	0	0	1	0
저거 미투가 검찰내 우파 인사들이나 좌빨들한테 해가 되는 검사 제거용으로 시작했는데좌빨 정치인들이 걸려서 작살나는 중	0	0	0	0	0	0	0	1	0	0	0
진우 얼굴을 보자마자 왜 여혐하는지 알겠노	0	0	0	0	0	0	0	0	1	0	1
쟤네들 개병신임 자기들끼리 이기야를 써야한다 말아야한다 봊나가 맞다 존나가 맞다 이런거로 싸우다가 분열해서 저렇게 작아진거	0	0	0	0	0	0	0	0	1	0	0
몰카 당하는 거 좋아하는 여자들도 많은데	1	0	0	0	0	0	0	0	0	0	0
세뇌가 진짜 무섭구나	0	0	0	0	0	0	0	0	0	1	0
개슬람 꺼져라 쫌	0	0	0	1	0	0	1	0	0	0	0
롤 할시간에 삼국지를 읽어라	0	0	0	0	0	0	0	0	1	0	0
페미가 문제인가 지들이 문제지 일베랑 페미랑 같다는 생각은 어떻게나오는건데 자기자신을 찾는게 페미인데	0	0	0	0	0	0	0	0	0	1	0
이런일이 없도록 앞으로 여성은 운전을 금지시키겠습니다	1	0	0	0	0	0	0	0	0	0	0
안동데일리 기자님에게	0	0	0	0	0	0	0	0	0	1	0
페미주장하는 년들은 상종도 하지마라	1	0	0	0	0	0	0	0	0	0	0
조선노예들이 하도 새끼를 안까니깜둥이노예 짱깨노예를 들여온것 뿐이다단지 그뿐이다	0	0	0	1	0	0	0	0	0	0	0
서울지검판사는 뭔개소리냐요즘 검찰청에는 판사도 있냐	0	0	0	0	0	0	0	0	1	0	0
어그로성 주작같어요	0	0	0	0	0	0	0	0	1	0	0
중간에 가운대흑형 비율보소시발 다리길이미친	0	0	0	1	0	0	0	0	0	0	0
좆팔 재기나 할 것이지 똥배 상폐 극혐이노	0	0	0	0	1	0	0	0	0	0	0
게이나 소아성애자나 이해는 됨 자기가 정신병자로 태어나고 싶어서 그렇게 태어난것도 아니니 뭐근데 현실에서 만나면 좀	0	0	1	0	0	0	0	1	0	0	0
우리 틀니충들도 건강틀니딱딱당 만들어라이기야	0	0	0	0	1	0	0	0	0	0	0
전라도새끼들한테 당해보고 욕하는 난 그럼 정당한거구만	0	0	0	0	0	1	0	0	0	0	0
난 틀딱글보다 0랩에 의미없는 뻘글이 몇십만배재밌다	0	0	0	0	1	0	0	0	0	0	0
사진찍는놈들은 사진을 찍을게 아니라 못 먹게 말렸어야지그리고 먹을걸 나눠줬어야지	0	0	0	0	0	0	0	0	1	0	0
냄져새끼들은 하여간 지좆대로설쳐대노	0	1	0	0	0	0	0	0	0	0	0
일본이랑 섹스해서 애낳고 중국조지러 가야하는데 문재앙이 겐세이 존나하노 씨발	0	0	0	1	0	0	0	0	0	0	1
그러니까 왜 막벌렸냐 이기야	0	0	0	0	0	0	0	0	1	0	0
인천은 강사새끼랑 개독교 새끼들때문에 코로나 천지네 둘이 손잡고 천국이든 지옥이든 꺼져라 좀	0	0	0	0	0	0	1	0	0	0	0
제발 좀 다 꺼져랑	0	0	0	0	0	0	0	0	1	0	0
브금출처좀	0	0	0	0	0	0	0	0	0	1	0
엠팍 아재가 연구대상에 외 않끼워주냐고 광광 우럭다 이기야	0	0	0	0	0	0	0	0	0	1	0
정년연장나 빨이실시해라	0	0	0	0	0	0	0	0	0	1	0
한국에 공자학원 다 밀어버리고싶노	0	0	0	1	0	0	0	0	0	0	0
교회논리로는 이순신은 지옥행 고니시유키나가는 천국행임	0	0	0	0	0	0	1	0	0	0	0
그냥 노시개역에 똥남아색기 해버리죠	0	0	0	1	0	0	0	0	0	0	0
인권보도 준칙 만들어 방송사 장악하고 에이즈 폐해 알리지 않고 국민의 알권리 무시하고 질본 보복부 위에 군림하며 헌법위에 군림하는 국가 인권위를 해체하라	0	0	0	0	0	0	0	0	1	0	0
한번 직수맛 좀 보여줘야 하지 않겠노	0	0	0	0	0	0	0	0	0	1	0
조건반사 개돼지 꿀꿀이	0	0	0	0	0	0	0	0	1	0	0
자지는 지 믿고싶은것만 믿고 그게 사실인 양 말한다이기	0	1	0	0	0	0	0	0	0	0	0
좋은 글 잘 읽고갑니다	0	0	0	0	0	0	0	0	0	1	0
이글 vs 아프리카 롤 유튭 부모등골브레이커 방구석 키보드 애국보수 베충	0	0	0	0	0	0	0	0	1	0	0
예수개새끼	0	0	0	0	0	0	1	0	0	0	0
조국사태때 제발 지금 어투로 말해보질그랬냐	0	0	0	0	0	0	0	0	1	0	0
일베에도 사자좀 풀어야함 틀딱새끼들	0	0	0	0	1	0	0	0	0	0	0
딱 냄새나는 오윾남이노	0	1	0	0	0	0	0	0	0	0	0
아빠 불쌍하다	0	0	0	0	0	0	0	0	0	1	0
경계성 지능 장애인이 생각보다 많다	0	0	0	0	0	0	0	1	0	0	0
어차피 저렇게 어그로 적립되다 폭발하면 흑인들은 19세기때마냥 군중들한테 몰매맞고 전봇대에 목매달리게 되어있음 백인들이 얼마나 매정하고 잔인한 놈들인데	0	0	0	1	0	0	0	0	0	0	0
교인으로서부끄러운 현실입니다 하나님어떻게뵐려고	0	0	0	0	0	0	0	0	1	0	0
일본은 페미가 아니라 김치녀 같은 애들이 있었던 거고김치녀에서 진화한게 페미임	1	0	0	0	0	0	0	0	0	0	0
와꾸만봐도 좆슬람 좆들은 그나마 아들감수준이라도됌 한남좆 와꾸는 좆팔	0	1	0	1	0	0	1	0	0	0	0
빛고을 팡주가 똥꼬충새끼들의 성지가 되길 기원합니다	0	0	1	0	0	1	0	0	0	0	0
성재기 지금 살아있었으면 구독자 200만 넘었을텐데	0	0	0	0	0	0	0	0	0	1	0
동성애는 질병이다 질병엔 약이있어야지	0	0	1	0	0	0	0	0	0	0	0
짤에서 내림	0	0	0	0	0	0	0	0	0	1	0
머가리는 씻고 다니나보네 옆에 클렌징 아니냐	0	0	0	0	0	0	0	0	1	0	0
열등수컷은 무엇을하든 언제 어디서나 기승전 여혐이다 이기야	0	1	0	0	0	0	0	0	0	0	0
병신들이 아주 수용소를 차렸구나	0	0	0	0	0	0	0	0	1	0	0
그래도 남자는 키작은거 보단 차라리 못생긴게 낫다얼굴은 여자가 중요한거지 남자는 신체가 더 중요함	1	0	1	0	0	0	0	0	0	0	0
가만있는정게노인들자극하지마라	0	0	0	0	1	0	0	0	0	0	0
생중계의 저 정도 퀄리티면 기술력이 세계 탑급일듯	0	0	0	0	0	0	0	0	0	1	0
전라도교회만 피하면 되겠다	0	0	0	0	0	1	0	0	0	0	0
갔다 왔노 앞똥들 슬슬 오는데 우리가 먹자 이기	0	0	0	0	0	0	0	0	1	0	0
그 성별 한국남자들 이정도면 정신병 과학인듯	0	1	0	0	0	0	0	0	0	0	0
일베는 주는데 신의 한수는 쫌	0	0	0	0	0	0	0	0	0	1	0
맞는말이노 품평하고 수치심을 줘서 재기할맘이 6969번 들게 해야하노	0	0	0	0	0	0	0	0	1	0	0
고추가 작으니 가벼워서 더 나대노	0	1	0	0	0	0	0	0	0	0	0
연구결과가 답인데 제발 동성애자들은 정신차리길바란다	0	0	1	0	0	0	0	0	0	0	0
리뷰이벤트 입싸할께요	0	0	0	0	0	0	0	0	1	0	0
여혐은 니 와꾸에서 나왔다 이 새꺄	1	0	0	0	0	0	0	0	0	0	0
가장 원시적인 폭력이 답임	0	0	0	0	0	0	0	0	1	0	0
뜬금없이 뭔 개소리야 존못 미친씨발돼지년아	1	0	0	0	0	0	0	0	0	0	0
정신병꼴페미자폐아들 또 영혼보내기하나보네	1	0	0	0	0	0	0	0	0	0	0
앞똥들의 추악하고 미개함을 전세계에 퍼뜨려야하노	0	1	0	0	0	0	0	0	0	0	0
무슬림 존나 미개	0	0	0	1	0	0	1	0	0	0	0
칼로 김치좆 배때지 다 쑤셔불고싶노	0	1	0	0	0	0	0	0	0	0	0
식민지배 수캐들이 동질감 느껴서 식수캐 또 받아주네	0	1	0	0	0	0	0	0	0	0	0
이제 멍청도 캡쳐로 딸쳐야됨	0	0	0	0	0	1	0	0	0	0	0
난 쩍벌도편하고 꼬추 딱 붙여도 편하고	0	0	0	0	0	0	0	0	0	1	0
헬게이트 열라고 하네 쌍녀니	0	0	0	0	0	0	0	0	1	0	0
낙태불법이 낳은 현실	0	0	0	0	0	0	0	0	0	1	0
대체 누가 페미 강요한다고 쉐도잉 오지네	0	0	0	0	0	0	0	0	0	1	0
뭐 지금 중국이 좆같은 거지역사적인 중국은 인정할 부분이 없지 않지특히 당나라 같은 경우는 진짜 개방적이고 진취적인 보편제국이었지 오늘날 미국같은 느낌으로	0	0	0	1	0	0	0	0	0	0	0
아 제발 하느님이 그렇게 좋아서 하느님곁으로 가고싶으면 니네끼리 가라고 제발 다른사람들한테 민폐끼치지 말고	0	0	0	0	0	0	1	0	0	0	0
쯔위가 혼혈 내지는 시집온 여자냐 왜 다문화센터에서 지랄이노	0	0	0	0	0	0	0	0	1	0	0
첫짤 애기엄마 표정 죽인다	0	0	0	0	0	0	0	0	1	0	0
먹버해라 도움되는 것만	0	0	0	0	0	0	0	0	1	0	0
조선인하고 조선족은 다른종자들임 저건 빼박 짱개 그자체	0	0	0	1	0	0	0	0	0	0	0
조선족도 두분류가 있는데 경상도 사람이 넘어간 흑룡강 조선족은 괜찮다 지린성 연변조선족은 그냥 씨를 말려 없애야함 세계민폐인종이다	0	0	0	1	0	0	0	0	0	0	0
피해의식 개쩌네 미친새끼	0	0	0	0	0	0	0	0	1	0	0
앞으로 뚤린 구멍이라고 나불대지말고 아래로 뚤린 구멍이라고 아무데나 싸대지마라	0	0	0	0	0	0	0	0	1	0	0
그냥 명성 니들은 교리 만들어서 교단 새로 만들어서 나가라 힘들게 땀흘리는 목사님과 교인들도 많다	0	0	0	0	0	0	0	0	0	1	0
게이똥꼬충 표 포기노	0	0	1	0	0	0	0	0	0	0	0
양심있는 17인의 공무원님들 감사합니다 이더런 문재앙정권은 항상 소수의 인권은 있고 다수의 인권은 무시합니다 우리 아이들에게 미치는 더런동성애난동을 좌시하지 않을겁니다	0	0	1	0	0	0	0	0	0	0	1
봊나 대가리에 뭐가 들은건지 이해가 안되노 한남충들 다 재기가 답이다 이기	0	1	0	0	0	0	0	0	0	0	0
좀 잡아라	0	0	0	0	0	0	0	0	0	1	0
판사님 저는 시각장애인입니다	0	0	0	0	0	0	0	0	0	1	0
우리동네내	0	0	0	0	0	0	0	0	0	1	0
아 개같은 김치녀들	1	0	0	0	0	0	0	0	0	0	0
젠신병자 반대 여혐고발시위 함 했음좋겠노	0	0	1	0	0	0	0	1	0	0	0
군포 홍어 군락도 잊지마	0	0	0	0	0	1	0	0	0	0	0
군대나 가라 창년들	1	0	0	0	0	0	0	0	0	0	0
나도 페미니스트한테 고소 당한적 있다	0	0	0	0	0	0	0	0	0	1	0
러시아에서 막심선생 수입이 시급하다	0	0	1	0	0	0	0	0	0	0	0
난 혼혈애중엔 얘가 제일나은거같음다른애들보면 이도저도아닌데 얜 몰빵잼	0	0	0	1	0	0	0	0	0	0	0
pc충새끼들 진짜 칼로 찔러 죽여버리고싶다	0	0	0	0	0	0	0	1	0	0	0
남혐컨텐츠 늘어나길	0	1	0	0	0	0	0	0	0	0	0
민주당 찍어놓고 코스프레 하는거지 뭘	0	0	0	0	0	0	0	0	1	0	0
개독 vs 페미나치 니들끼리 실컷 싸워라 이이제이 개꿀잼	1	0	0	0	0	0	1	0	0	0	0
오군 떡대보소 왼쪽이 오군 맞냐 나이가 안믿기네	0	0	0	0	0	0	0	0	0	1	0
다음은 성욕해소할 여자들 달라고 할꺼다안주면 강간하고 다닌다고 협박하며	1	0	0	0	0	0	0	0	0	0	0
뭐라는거냐 좆병신 축제에 차별 할수있는거지 저런 좆병신들 파티에 할배가 참여 하고 못하고가 뭐가 중요하냐 그냥 못하게 해야지	0	0	1	0	0	0	0	0	0	0	0
저러는게 더 욕먹는다는걸 모르네딱 전라도 마인드	0	0	0	0	0	1	0	0	0	0	0
한남들 집에서 밥해와 밥 할거 생각하니 지린내 으윽	0	1	0	0	0	0	0	0	0	0	0
와 씨발 존나소름돋네	0	0	0	0	0	0	0	0	1	0	0
리장타워로 떠납니다	0	0	0	0	0	0	0	0	0	1	0
존나 이중성 쩌노	0	0	0	0	0	0	0	0	1	0	0
그미혼모들보다 당신 상태가 더 안좋을걸 모르는게 안타깝다	0	0	0	0	0	0	0	0	1	0	0
일뽕은 정신병이 맞다일뽕 탈출은 지능순	0	0	0	0	0	0	0	1	0	0	0
역시 주제를 모르고 덤비는놈은 매가 약이노	0	0	0	0	0	0	0	0	1	0	0
피부색이 중요한게 아니라 테스토스테론 수치가 높은 인종을 받는게 우선 호르몬 순으로 한다면 아프리카 흑인이 1순위지만 사람들이 거부감 보일거고 백인이 1순위다그다음 중앙아시아나 흑인으로 받아야지 단 절대 동남아는 받지말자	0	0	0	1	0	0	0	0	0	0	0
후팔 고기가 그리 먹고싶었노 귀여운거 보소 그 한남 데려다 썰어서 구워먹고싶노 이기 쫀드윽 쫀드윽	0	1	0	0	0	0	0	0	0	0	0
저정도면 중국한테 강간당하겠다	0	0	0	1	0	0	0	0	0	0	0
역차별이 뻔한데 그것을 못 보는 민주당 다수가 문제	0	0	0	0	0	0	0	1	0	0	0
조선족이 조선족했네	0	0	0	1	0	0	0	0	0	0	0
개좆같은 씹독새끼들은 바퀴벌레임진짜 개독 씨발년들만 모아서 중국에서만 따로 살면 좋겠다	0	0	0	0	0	0	1	0	0	0	0
캬 부산으로 가버렷	0	0	0	0	0	0	0	0	0	1	0
출산율 낮은데 김치년이랑 강제교배해서 흑노예만들자	1	0	0	1	0	0	0	0	0	0	0
동성애를 거부할 권리도 존중못받으면 그것은 민주주의가 아니다	0	0	1	0	0	0	0	0	0	0	0
디씨 등 수많은 좆초 사이트는 내버려두고 왜 워마드만 탄압하냐 이기야 어디 더 해봐라 슬슬 코르셋이랑 흉자도 편파수사 인권침해 눈치채기 시작했다 이기	0	0	0	0	0	0	0	0	1	0	0
대구랑 부산이랑 나눠보면 뭔가 딱 구분되는 느낌이 있노	0	0	0	0	0	0	0	0	0	1	0
일베에서 히로시마원숭이 좆본짤도배되던시절이 그립다	0	0	0	1	0	0	0	0	0	0	0
도대체가 알기쉬운 말 놔두고 저따구로 해놓고 참 대단들하네	0	0	0	0	0	0	0	0	1	0	0
가리봉동 반지하에 쳐 사는새끼가지랄똥을싸네쌀나무에서 쌀이나오는줄 알던 서울촌놈새끼뒤져라 씨발년아전쟁나면 경상도로 피난오지말고 북괴새키한테 존나 강간당하고 뒤져라 씨빨년아	0	0	0	0	0	1	0	0	0	0	0
히느님 1승 제너럴죠 1패	0	0	0	0	0	0	0	0	0	1	0
무섭다 정말 살면서 나라 공산화 되는 위험 때문에 공포에 떨줄은 몰랐네	0	0	0	0	0	0	0	0	0	1	0
얘랑 조보아랑 쌍둥이냐 왜캐똑같음	0	0	0	0	0	0	0	0	0	1	0
일주일동안 가세연글 일베 안오면 노인혐오 안할께 진짜 장담하고	0	0	0	0	1	0	0	0	0	0	0
키우지도 못할걸 왜낳냐  적당히 다리좀 벌리고다니지그랬냐 살인자야	1	0	0	0	0	0	0	0	0	0	0
남자 똥꼬가 구조상 집어넣었을때 가장 쪼이는 기관이겠구만 골반이 후장쪽으로 모아져있고게이들이 한번 똥구멍에 맛들리면 보지 안찾는 이유	0	0	1	0	0	0	0	0	0	0	0
극좌파 시대 너무 싫다 내로남불이라 명백한 사기꾼도 국회의원하네	0	0	0	0	0	0	0	0	1	0	0
그걸 왜 해 일베랑 싸우는 집단이면 좋아보이는게 당연한거아닌가 그냥 보는놈들의 무지를 벗을때까지 겪어봐야함	0	0	0	0	0	0	0	0	0	1	0
그냥 병신임 전부다	0	0	0	0	0	0	0	0	1	0	0
일베에 짱개새끼들 존나많음	0	0	0	1	0	0	0	0	0	0	0
저것들은 목사가 아니라 목사새키다	0	0	0	0	0	0	1	0	0	0	0
병신 짱깨새끼 올해에 애미야비 덤프에 쳐죽을거고 나중에 나을 애새끼들도 자폐아로 태어나 병신같이 지내다 몇개월만에 죽어버릴거임	0	0	0	1	0	0	0	0	0	0	0
진짜 보지좋아해서 진보	0	0	0	0	0	0	0	0	1	0	0
시카리오나 갱스 오브 뉴욕 보니까 개새끼가 개새끼 조지는 내용이더만그것처럼 전라도 vs 난민 기대해봐도 되냐	0	0	0	0	0	1	0	0	0	0	0
7시음식은 노무자극적이다 맵고짜고순대에 초장찍어먹는거보고 답이없다는걸 알았다	0	0	0	0	0	1	0	0	0	0	0
한족과 중화사상에 물든 소수민족을 중국인이라고 치면 그 중국인들을 지구상에서 멸종 시켜야한다	0	0	0	1	0	0	0	0	0	0	0
후기 기대합니다	0	0	0	0	0	0	0	0	0	1	0
생각보다안더움	0	0	0	0	0	0	0	0	0	1	0
애초에 논리랑 팩트가 통했으면 틀딱이란 조롱도 안 들음	0	0	0	0	1	0	0	0	0	0	0
너무 그립다	0	0	0	0	0	0	0	0	0	1	0
이나라는 문워킹하고 있음	0	0	0	0	0	0	0	0	0	1	0
싸게싸게 행동하자이기 저런 놈은 오래 살려두면 안되노 빠른 시일내 처리 앙망하노	0	0	0	0	0	0	0	0	1	0	0
저놈 전라도 사칭하는 짱깨임	0	0	0	1	0	1	0	0	0	0	0
경찰조직에 여자가 필요없으니 그런거지 또 기계적 평등 잣대 그럼 시발 여대 로스쿨은 왜 만드냐	1	0	0	0	0	0	0	0	0	0	0
맞노 자신을 희생하면서까지 웜을 위해 일하노 쓸데없는 한남위인보다 6969배 낫다 이기야	0	1	0	0	0	0	0	0	0	0	0
청주 같은 지방도시에 무슬림 행사에도 340명이나 모이다니 서울은 대체 무슬림이 몇 명일지 상상도 안 가네	0	0	0	0	0	0	1	0	0	0	0
세상에는 다양한 종류의 사람이 있으니까 별로 신경안쓰지만 가까이 하고싶진않다 차별이네 어쩌네 하지는 말아주길 난 징그러워서 싫으니까 자기들도 안좋은 시선의 사람들을 이해해야겠지 자기만 이해해달라는건 너무 이기적이지	0	0	0	0	0	0	0	0	1	0	0
노인비하하는 좆족들이 일베를 먹었네 큰일났다 위기다	0	0	0	1	0	0	0	0	0	0	0
그냥 쿨하게 다 허용해줘	0	0	0	0	0	0	0	0	0	1	0
김치년보다 나음	1	0	0	0	0	0	0	0	0	0	0
연변버리고 대림동 외 서울곳곳에 좆족바퀴벌레 자치주 건설햇잖노	0	0	0	1	0	0	0	0	0	0	0
제목 칭찬이노	0	0	0	0	0	0	0	0	0	1	0
작가라서 소설쓰나보네	0	0	0	0	0	0	0	0	1	0	0
방송도 아닌 촬영장에서 아니아니 아니라요가 반말이라고 매장 욕 한번 했다고 매장 몇일 후에 개좆 옹달샘은 고정 하차 1도 없음 좆	0	0	0	0	0	0	0	0	1	0	0
시발 종교에 빠져서 상식을 무시하면 그냥 정신병이지 다른거 없다	0	0	0	0	0	0	1	0	0	0	0
세월호때 오댕으로 비하하던 넘들이 할말은 아닌듯	0	0	0	0	0	0	0	0	0	1	0
둘다 쌍도 머구노	0	0	0	0	0	1	0	0	0	0	0
저새끼들 쓰리섬 후장섹스할려고 모텔가고 있네 병신똥꼬충새끼들	0	0	1	0	0	0	0	0	0	0	0
동성애가 아니라 동성욕	0	0	1	0	0	0	0	0	0	0	0
킴카다시안이 배우인줄 처음 알았네	0	0	0	0	0	0	0	0	0	1	0
첫째 김치녀보지좀 뚫겠노	1	0	0	0	0	0	0	0	0	0	0
외노자남 등등 보다도 못한데 무슨 도덕을 챙기고 애국심을 가지노 여자 빼고는 다 버려야 그나마 나아진다 이기	0	1	0	1	0	0	0	0	0	0	0
무슬람 새끼들은 목을 쳐서 믹서기에 대가리 째로 갈아버려야한다	0	0	0	1	0	0	1	0	0	0	0
이슬람 난민을 받지 말아야 하는 이유이다	0	0	0	1	0	0	1	0	0	0	0
무슬림은 죄짓지 않아도 센조이하네사스갓 범죄에 최적화된 인종	0	0	0	1	0	0	0	0	0	0	0
끼리끼리산다고 목사가 아니고 살마인마 부부고만	0	0	0	0	0	0	1	0	0	0	0
1번도좆타 낚여서들어온좆놈들 부랄발광 자드르르할듯	0	1	0	0	0	0	0	0	0	0	0
계집들은 창녀라고 하면 존나 싫어하는데 정작 자신들은 결혼 상대를 고를때 창녀와 같은 시각로 상대를 고른다	1	0	0	0	0	0	0	0	0	0	0
웜 인기만점이노	0	0	0	0	0	0	0	0	0	1	0
남미 여행 갔다가 집단 강간 당하고 참수 당한 한국인도 있었잖아어디 위험구역에 갔다 봉변당한게 아니라 볼리비아 무슨섬인가 존나 유명한 관광지였는데도 그리 됐다더라	0	0	0	1	0	0	0	0	0	0	0
실좆한남들 단체로 한강정모하노	0	1	0	0	0	0	0	0	0	0	0
넘의 일에 입 터는게 참 입싼 한남들 답노 깔깔깔	0	1	0	0	0	0	0	0	0	0	0
우는것은 들켰기 때문이다	0	0	0	0	0	0	0	0	0	1	0
전세계에 다문화가 아닌 나라 하나 가져와봐	0	0	0	0	0	0	0	0	0	1	0
34모쏠이다 21살여대생이 좋은데 방법 없노	0	0	0	0	0	0	0	0	0	1	0
좆팔새끼 애비가 언제 나를 낳았노 좆팔놈아 토니좆놈 창조주 말대로 잠깐 기분만 냈지	0	0	0	0	0	0	0	0	1	0	0
저기 존나 모태 개독들의 꿈의 학교 중 하나일걸	0	0	0	0	0	0	1	0	0	0	0
저거 아직도 안고쳤노 예전에 신문고에 모순이라고 민원 넣었는데 예전에는 그런의미로 쓰였다 과거에 쓰였던 의미까지 등재할필요가 있다 100년뒤에 봤을때 이해할수있게웅앵거려서 좆나빡쳤다 이기	0	0	0	0	0	0	0	0	1	0	0
저 닭 껍질 같이 생긴 새 끼좀 안보고싶다	0	0	0	0	0	0	0	0	1	0	0
틀니새끼들 또 시작이네	0	0	0	0	1	0	0	0	0	0	0
반갑노 같이 한남패자이기야	0	1	0	0	0	0	0	0	0	0	0
현실을 정확히 파악하고 있네	0	0	0	0	0	0	0	0	0	1	0
그냥 병신같은놈이였지	0	0	0	0	0	0	0	0	1	0	0
연관된것들은 우리쪽 의석수 줄어드는 한이 있더라도 모조리 날려버려야한다 우리가 남이가는 왜구들이나 외치는거지	0	0	0	1	0	0	0	0	0	0	0
전라도랑 조선족 페미 합치면 30퍼쫌 되지 않노	1	0	0	1	0	1	0	0	0	0	0
킹인지 감수성 판결에 지금 대통령이 꼴페미 페미니스트 대통령인데 여자의 카더라 증언만으로도 남자 좆대는 세상임	1	0	0	0	0	0	0	0	0	0	0
이새끼 짤게에서 맨날 예수 찬양하는 개독이다이새끼 짤게에서 맨날 예수 찬양하는 개독이다이새끼 짤게에서 맨날 예수 찬양하는 개독이다이새끼 짤게에서 맨날 예수 찬양하는 개독이다	0	0	0	0	0	0	1	0	0	0	0
착한홍어는 죽은홍어일뿐	0	0	0	0	0	1	0	0	0	0	0
흔적기관이노 후팔	0	0	0	0	0	0	0	0	1	0	0
짱꼴라 근본없는 같잖은 것들	0	0	0	1	0	0	0	0	0	0	0
이래서 개독교가 개병신 쓰래기임	0	0	0	0	0	0	1	0	0	0	0
쌍도 허세보면 개밉상	0	0	0	0	0	1	0	0	0	0	0
윤석열은 단호히 반대하길 바란다 저거 말이 좋아 차별금지법이지 게이 레즈비언들이 판치게 만드는 악법이다 지들 자식들 다 키워놓은 국가망치는 썅노무들이야 상관 없겠지만 우리 아이들은 어쩌냐 쉽게말해 군대가서 내 아들 bu알 주무르는 고참 놈 게이라고 신고도 못하게 만드는 악법이다	0	0	1	0	0	0	0	0	0	0	1
희안하게 눈과 누썹사이가 어마어마하게 넓네	0	0	0	0	0	0	0	0	0	1	0
페미들의 검열 역겨운수준	1	0	0	0	0	0	0	0	0	0	0
응응 역차별이다 그치 남열람실 부랄내 쉰내 나고 공부 안 하다 도태된 거	0	1	0	0	0	0	0	0	0	0	0
제목보고 바로 기저귀 예상했는데 맘충은 예상은 빗나가질않노 전라도급 과학이노	1	0	0	0	0	0	0	0	0	0	0
집안에서 애나 쳐보니 사회를 알아야지 뭐김치년은 반사회적인 동물이다 더 웃긴건 이런년들이 공감능력 이지랄함	1	0	0	0	0	0	0	0	0	0	0
일본에서 망한 전례가 있는유토리교육을 따라하려는건가대안은 있어서 없애는건가	0	0	0	0	0	0	0	0	0	1	0
까뜨충 OUT	0	0	0	0	0	0	0	0	1	0	0
난 오히려 반대다담배 술 커피 게임 이렇게 중독성 있는건 전부 금지해야함	0	0	0	0	0	0	0	0	0	1	0
조선족게이트 진상을 밝혀주세요	0	0	0	1	0	0	0	0	0	0	0
기다리던 놈이 나타나 정답을 주노	0	0	0	0	0	0	0	0	0	1	0
짱깨받고 좃족추가	0	0	0	1	0	0	0	0	0	0	0
베댓 4개만 좀 내리자	0	0	0	0	0	0	0	0	0	1	0
걍 대만가는게 훨 낫다고 본다	0	0	0	0	0	0	0	0	0	1	0
화형 부활절실	0	0	0	0	0	0	0	0	1	0	0
똑같이 못생겼다지만 한남은 가꾸려는 최소한의 예의도 없음	0	1	0	0	0	0	0	0	0	0	0
도태남들이 드글드글 우웩	0	1	0	0	0	0	0	0	0	0	0
피해의식의 절정판	0	0	0	0	0	0	0	0	0	1	0
걍 이슬람은 다추방하자 조선족이랑 제발	0	0	0	1	0	0	1	0	0	0	0
아오좆팔 멋글 똥내땜에 토하는줄알았다익이	0	0	0	0	0	0	0	0	1	0	0
여러분이거 드아아아아아아아 그짓말인거 아시죠	0	0	0	0	0	0	0	0	0	1	0
계집불체자는 성매매업소에 판매하고 남자불체자는 공장에 감금하여 노예노동 강추	0	0	0	1	0	0	0	0	0	0	0
무쿤은 정겹고 잘가운디 슨상님은 보고싶지가않노	0	0	0	0	0	1	0	0	0	0	1
리볼트 타잔 썸바디헬푸미 필수 게임아입니카	0	0	0	0	0	0	0	0	0	1	0
웅앵웅 자기소개	0	0	0	0	0	0	0	0	0	1	0
무료급식충 틀딱	0	0	0	0	1	0	0	0	0	0	0
40대 틀딱 총출동	0	0	0	0	1	0	0	0	0	0	0
일게이 여러분들은 저런 글쓴이처럼 되면 안됩니다	0	0	0	0	0	0	0	0	1	0	0
존나 죽이고싶네 개새끼들 전쟁때는 개새끼들마냥 쳐내려와서 통일방해하고 평상시는 중국인으로 살다가 한국이좀 살만해지니깐 저지랄 떠는거보소 바퀴벌레새끼들	0	0	0	1	0	0	0	0	0	0	0
나 bhc 후라이드 시켰다 기대된다앞으로 다들 건강하지 욱	0	0	0	0	0	0	0	0	0	1	0
미국 이민 힘든데	0	0	0	0	0	0	0	0	0	1	0
어디서나 자릉내 풍긴다이기	0	1	0	0	0	0	0	0	0	0	0
개쌍도 흉노족 새끼들 다 불살라서 사지를 찢어 죽여야 한다 진짜 쌍또라이네	0	0	0	0	0	1	0	0	0	0	0
조팔 이놈의 자댕이 새끼들 싹다 멱을 따야하노	0	1	0	0	0	0	0	0	0	0	0
런승만도 토착짱깨에 불과함	0	0	0	1	0	0	0	0	0	0	0
미술관까지 갈 필요도 없이 미대 졸업전시만 가도 자지들 작품중에 사람 신체묘사 가슴	0	1	0	0	0	0	0	0	0	0	0
시발 인도냐	0	0	0	1	0	0	0	0	0	0	0
엔젤두레르테엔두	0	0	0	0	0	0	0	0	0	1	0
워 정보고맙노 고민햇는데 공장가야겟노	0	0	0	0	0	0	0	0	0	1	0
물의정령에 합성하면되는데	0	0	0	0	0	0	0	0	0	1	0
Vice는 안 보는게 답 존나 혈압만 오르는 새끼들임	0	0	0	0	0	0	0	0	1	0	0
예수 씨발련	0	0	0	0	0	0	1	0	0	0	0
개씨발 보지새끼들 죽이고싶다	1	0	0	0	0	0	0	0	0	0	0
일본야후는 그냥 이름만 야후지 일본기업임 소프트뱅크	0	0	0	0	0	0	0	0	0	1	0
썰만화가자	0	0	0	0	0	0	0	0	0	1	0
감성에 정신이나가버린민족	0	0	0	1	0	0	0	0	0	0	0
꼴깞떨고 있네 김치맨새끼가 무슨 남에 나라 여자 걱정하고 있냐 김치맨새끼들 니들 앞날이나 생각해 보지년들 노예새끼들이	1	0	0	0	0	0	0	0	0	0	0
깨어있는 개슬람	0	0	0	1	0	0	1	0	0	0	0
일본다큐보니까 여자는 남자한테 관심많은데 남자들은 여친만들기 별로 관심없다고 그러더라 이유는 필요성을 못느끼고 귀찮고 다른 취미나 여가생활이 더재밌고 등등 있었는데 기억안남	0	0	0	0	0	0	0	0	0	1	0
거울보고 다시 글쓰자	0	0	0	0	0	0	0	0	1	0	0
돈 가따주는사람 똥멍청이	0	0	0	0	0	0	0	0	1	0	0
니네 어머니 이자스민	0	0	0	1	0	0	0	0	0	0	1
우리나라보다 여성인권 순위 높으니까 우리가 배워야하는거 아니냐	0	0	0	0	0	0	0	0	0	1	0
역겨운 멍청이놈 구역질 나온다	0	0	0	0	0	0	0	0	1	0	0
미리부터 편가르고 알아서 설설기는 저런 물건들이 뼛속까지 사대주의자	0	0	0	0	0	0	0	0	1	0	0
만약에 통일되면 북한놈들 중국으로 추방시켜야된다	0	0	0	1	0	0	0	0	0	0	0
부랑쾅 부랄쾅	0	1	0	0	0	0	0	0	0	0	0
사람다 쳐밟아 죽인 악마가 아들 목사됨을 좋아하는걸 보면 확실히 목사가 악마네	0	0	0	0	0	0	1	0	0	0	0
막짤 존나웃기노 개슬람새끼들 통수 지리구여 홍어새끼마냥 통수쳐버리노	0	0	0	0	0	1	1	0	0	0	0
신은 없다 씨발련들아 병신들	0	0	0	0	0	0	1	0	0	0	0
대중교통에 군이 보호석 지정석을 만듭시다	0	0	0	0	0	0	0	0	0	1	0
sns에서 대놓고 명품이나 가구같은거 자랑질하는 년들은 실제로는 돈도 별로 없는 어중간한 계층임 진짜 부자들은 골프 치러 필드 나가거나 파티에 초대해서 자연스럽게 저런 말 주고받음	1	0	0	0	0	0	0	1	0	0	0
캬 현실적인	0	0	0	0	0	0	0	0	0	1	0
해당작업 반복	0	0	0	0	0	0	0	0	0	1	0
어지간히 만만하게 생겼나보네 틀딱새끼들한테 시비털리는거 보면틀딱새끼들 건장한 2030한테는 찍소리 못함	0	0	0	0	1	0	0	0	0	0	0
대한민국에서 대놓고 김치녀꼴페미한테 말할수 있는 남자는 급식충 밖에 없음 한국남자는 죄다 쫄보들 밖에 없거든 그래서 지금 이지경까지 온거	1	0	0	0	1	0	0	0	0	0	0
이슬람 근원지가 전라도야	0	0	0	0	0	1	1	0	0	0	0
똥꼬충은 게이즈 옮기는 시궁쥐에 불과하노 구덩이에 싹다 몰아넣고 화형시켜야 하노	0	0	1	0	0	0	0	0	0	0	0
운마 아직 투자금 회수 못해서 해외 못간다	0	0	0	0	0	0	0	0	1	0	0
사나같은 갓본녀 울릴시간에 블랙핑보같은 동남아년들 조지자	1	0	0	1	0	0	0	0	0	0	0
암 걸리겠다	0	0	0	0	0	0	0	0	1	0	0
역시 한남지능 지 좆크기에 비례하노 아예 없다고 보면 알맞겠노 한심하기 짝이없노 쓰니 상여자노 잘패줬다이기	0	1	0	0	0	0	0	0	0	0	0
도태한남들 찐따짓 또 시작됐노	0	1	0	0	0	0	0	0	0	0	0
먹고버려야지 손절을 왜치노	0	0	0	0	0	0	0	0	1	0	0
이혼한거 아니엇냐	0	0	0	0	0	0	0	0	0	1	0
젠신병자 무시하고 걍 하지 개머지가 짖는다고 무산시키노	0	0	1	0	0	0	0	1	0	0	0
와 20대 분들의 수준 높은 토론을 보니 역시 오유 사이트다 는 생각이 드네요 여러분들이 이렇게 난상 토론하면 20대남을 이해하는데 4050대한테 많이 도움이 될거 같네요	0	0	0	0	0	0	0	0	0	1	0
즐기는게 아니라 얼탱이가 없어서 웃음이 나오는거노 기가차노 조팔	0	0	0	0	0	0	0	0	0	1	0
조선족은 쳐밟아야 정신차리지 짱깨새끼들보다 질더러움	0	0	0	1	0	0	0	0	0	0	0
10년말고 100년 징역	0	0	0	0	0	0	0	0	0	1	0
부랄째로 자르면 된다 이기	0	1	0	0	0	0	0	0	0	0	0
이런 개독교를 숭배하는게 황교활이라는 점 이새기가 되면 이나라가 아주 사이비교주들로 물들겠지 끔찍하다	0	0	0	0	0	0	1	0	0	0	1
문제인 명품의자 사더만 문슬람들 풀발기하고 따라사네	0	0	0	0	0	0	1	1	0	0	1
어휴 시발 똥내가 폴폴 풍겨오네	0	0	0	0	0	0	0	0	1	0	0
노예가 다 도망가니까 글로벌 노예 모집하는거임 너희들도 빨리 한국떠라	0	0	0	0	0	0	0	1	0	0	0
자집놈들 남자답게 앵물이나 흘리고 있노 그러게 여자한테 덤비질 말았어야지 이기야	0	1	0	0	0	0	0	0	0	0	0
코이카부장 연봉 5000임 해외지원사업장돌며 은퇴후 제2의 인생시작 은퇴자들이 가장원하는게 NGO 취업임 실적 안내도되고 남의 돈으로 해외에서 일하고 월급받음	0	0	0	0	0	0	0	0	0	1	0
전라도 홍어들이랑 좆족 새끼들은 말살을 시켜야지	0	0	0	1	0	1	0	0	0	0	0
누가봐도 경찰과의 유착이고 누가봐도 승리는 뽕쟁이다 철저히 수사해라	0	0	0	0	0	0	0	0	1	0	0
나는 서울인데도 그런다 좆팔 좆같은 한남민국 다 뒈졌으면	0	1	0	0	0	0	0	0	0	0	0
이런 짤을 볼때마다 똥송함을 안느낄 수가 없네	0	0	0	1	0	0	0	0	0	0	0
그니까 진작에 압둘알리처럼 하지그랬냐	0	0	0	0	0	0	0	0	0	1	0
근데 뭘해도 일베할배들보단 정상	0	0	0	0	1	0	0	0	0	0	0
모닝스타로 마구니의 입을 으깨고 싶노	0	0	0	0	0	0	0	0	1	0	0
왜냐면 죽은 다음에 수십명의 여자들과 섹스를 할 수 있는 천국에 갈 것이 예약되어 있기 때문에	0	0	0	0	0	0	1	0	0	0	0
꼴페미 씨발년들 별 걸 갖고 지랄이네	1	0	0	0	0	0	0	0	0	0	0
저런 새기들땜에 얼마전에 문신충한테 쳐맞은 택시기사도 잘쳐맞았다는 소리가 나오는거다	0	0	0	0	0	0	0	1	0	0	0
짱깨랑 이슬람새끼들 한곳에 모아놓고 핵으로 조졌으면 좋겠다	0	0	0	1	0	0	0	0	0	0	0
와 조목조목 전부 금과옥조같은 내용들이노	0	0	0	0	0	0	0	0	0	1	0
여자라는 동물은 지금 당장 북한 또는 어느나라에 갖다놓아도 바로 적응해서 애 키울수있도록 디엔에이가 조작되어있기 때문에 이것도 좋고 저것도 좋다고 하눈거다 정은이가 이겼다 아제 알베 해체수순 들어간다	1	0	0	0	0	0	0	0	0	0	0
사람위에 종교가 있는 병신같은 똥덩어리 무슬림 새끼들 전부다 종교에 미친 정신병자로 보인다	0	0	0	0	0	0	1	1	0	0	0
저런사람들보면 대갈통 구조가 어떤지 보고싶음	0	0	0	0	0	0	0	0	1	0	0
이제 부터 교회 발생자는 전부 자비로 치료 하라고 법을 정해라 절대 국민세금으로 치료는 반대한다	0	0	0	0	0	0	1	0	0	0	0
키 160	0	0	0	0	0	0	0	0	0	1	0
성중독이다 정상이 아니네 에이즈 코로나 슈퍼전파자 무섭다 동서울 터미널 3층 화장실 폐쇠했으면 좋겠다	0	0	1	0	0	0	0	0	0	0	0
90년대 전후로 탈북자들 짱깨 정액 임심해서 북한으로 돌아가면 어디서 떼놈들 씨 받아왔냐고 패죽였다는 이야기도 있던데	0	0	0	1	0	0	0	0	0	0	0
퍼주는거 좋아하면 자국민한테 퍼주라쫌	0	0	0	0	0	0	0	0	0	1	0
정권 바뀌면 투표권 국적 취소시키고 싹다 사형시켜야지	0	0	0	0	0	0	0	0	1	0	0
욕처먹을만 하지남의 나라와서 이쪽에 물들생각은 안하고남의 나리를 자기들에게 물들게 만들 생각만 함	0	0	0	1	0	0	0	0	0	0	0
미친개는 몽둥이가 약이제	0	0	0	0	0	0	0	0	1	0	0
일본에서 저지랄했으면 극우들한테 방망이 찜질 당했다	0	0	0	0	0	0	0	0	1	0	0
어떻게 보면 저 말을 이해해야지50년동안 다른 환경에 살았고쟤들은 남한보다 중국에 더 우호적이잖아더 친하게 지냈고통일도 천천히 해야 함	0	0	0	0	0	0	0	0	0	1	0
목사라고만 하지 어느교회 목사인지 왜 안 말하지 그 교회 신자들도 검사 받아야 되는거 아닌가	0	0	0	0	0	0	0	0	0	1	0
한냅이 힙합을 하다니 무뇌충 롹하는 소리아니노	0	1	0	0	0	0	0	0	0	0	0
저게 기독교가 승리하고 있는 이유다	0	0	0	0	0	0	0	0	0	1	0
가도 할일이 없어 가지마라 그래도 조선반도가 살만한거임	0	0	0	0	0	0	0	0	0	1	0
분노와 차별도 구분 못하는 기레기	0	0	0	0	0	0	0	1	0	0	0
저 정도면 한국인치고는 괜찮은거 아닌가	0	0	0	0	0	0	0	0	0	1	0
영화같은 반전 또나왔다 가족임 사고친 맘충	1	0	0	0	0	0	0	0	0	0	0
하여튼 외노자들은 극혐이다 버정에서 존나 시끄럽다 병신같은새끼들 여자들 힐끔쳐다보고 오함마로 두부 깨고싶다	0	0	0	1	0	0	0	0	0	0	0
블랑 미만잡	0	0	0	0	0	0	0	0	0	1	0
정작 스레기통에 들어가야 할세기가 어휴	0	0	0	0	0	0	0	0	1	0	0
존나 씨발 개똘똘한 새끼일세	0	0	0	0	0	0	0	0	1	0	0
이래서 못사는 집 년들은 일단 걸러야 함	1	0	0	0	0	0	0	1	0	0	0
에이즈는 딴놈한테 걸려놓고 왜 혐오한다고 지랄하노	0	0	1	0	0	0	0	0	0	0	0
서서 싸는걸 표현한것같은데	0	0	0	0	0	0	0	0	0	1	0
틀딱에 틀무새도 포함 된거 모르냐어느쪽일진 확실히 모름	0	0	0	0	1	0	0	0	0	0	0
사람은 죽음보다 죽음에 이르는 삶을 두려워 한다고 애니에서 들음	0	0	0	0	0	0	0	0	0	1	0
성격이상하고 논리도없는 병신같은 페미니즘펌글 달달외우면서 변태같아짐	1	0	0	0	0	0	0	0	0	0	0
개웃기네 영화로 만들면 한번 보고 싶다	0	0	0	0	0	0	0	0	0	1	0
다문화갱스터김치똥송 일찐 형냐들의싸움을 기대합니다	0	0	0	1	0	0	0	0	0	0	0
대려가는거까진 좋은데 왜 많은 방법나두고 살인으로 대려가냐 차라리 수면중 심정지로 깔끔하게 대려가지	0	0	0	0	0	0	0	0	0	1	0
지윤아 소신이라는 단어는 이럴때 쓰는게 아니다 공부좀하자	0	0	0	0	0	0	0	0	1	0	1
현 상황에대해 잘 써주셨어요 좋은 기사 감사합니다	0	0	0	0	0	0	0	0	0	1	0
술 열잔 사줘도 술 한잔 안사는 전라도술 한잔 사주면 술 열잔 사는 경상도	0	0	0	0	0	1	0	0	0	0	0
변절자새끼들 도로 북송해라 내 세금이아깝다 거기서도 적응못하고 도망쳐나온 것들이 우리나라와서는 잘할거라는게 개소리지	0	0	0	1	0	0	0	0	0	0	0
10명 지원해주는걸로도 앱창한남새끼들 부랄발광하노	0	1	0	0	0	0	0	0	0	0	0
여성단체라는 것들 다 아닥	1	0	0	0	0	0	0	0	0	0	0
진심으로 뒤져쓰면 좋겠다	0	0	0	0	0	0	0	0	1	0	0
소신있는 발언	0	0	0	0	0	0	0	0	0	1	0
말하는거보니 윾입인가본데 너련 멋글 타격감 한남좆만큼도없고 꼬라지 존나 웃김	0	1	0	0	0	0	0	0	0	0	0
보지에 늘 새기겠노	0	0	0	0	0	0	0	0	1	0	0
저기가 그 동성론가 뭔가 하는 데냐	0	0	0	0	0	0	0	0	0	1	0
사실 인간이 나는 냄새중 보징어 냄새가 최악인데	1	0	0	0	0	0	0	0	0	0	0
걍 정신병자네	0	0	0	0	0	0	0	1	0	0	0
호남향우화	0	0	0	0	0	0	0	0	0	1	0
대다수의 이슬람은 착하다고 하지만 그 착하다는 것들도 남에나라가서 이슬람대로 안해준다고 발광하는 것들임	0	0	0	1	0	0	1	0	0	0	0
롤 잘하게 생겼네	0	0	0	0	0	0	0	0	0	1	0
니그로 입장에선 저게 정의지 욕할필요는없다고봄	0	0	0	1	0	0	0	0	0	0	0
이거 개꿀팁인듯 잘 써먹을게	0	0	0	0	0	0	0	0	0	1	0
개슬람이나 전라도나 도찐개찐	0	0	0	0	0	1	1	0	0	0	0
일게이라니 짱퀴벌레인데	0	0	0	1	0	0	0	0	0	0	0
신의 생각을 저버리는것이 죽는것보다 힘들기때문에 이런일까지일어납니다	0	0	0	0	0	0	0	0	0	1	0
갓양녀 할머님이 스윗해보여	1	0	0	1	0	0	0	0	0	0	0
생닭쳐먹는 전라도보다는 나을듯	0	0	0	0	0	1	0	0	0	0	0
홍어 깜댕이 개슬람 이개새끼들은 일생 차별받았다고 지랄들이야	0	0	0	1	0	1	1	0	0	0	0
기사을 부분적으로 발췌해서 써네	0	0	0	0	0	0	0	0	0	1	0
동서울에 이어	0	0	0	0	0	0	0	0	0	1	0
20대여자는 심각하노	1	0	0	0	0	0	0	0	0	0	0
너는 꼭 자서전 내야 하노 이북이라도 내야 하노	0	0	0	0	0	0	0	0	0	1	0
아 이거 어떡해야되노 어떻게 끌올하지 이기야노	0	0	0	0	0	0	0	0	0	1	0
저러다 여자도 달라 하겠다여자를 달라어린 여자를 달라더 어린 여자를 달라후 아크바르	0	0	0	1	0	0	1	0	0	0	0
하나만 해라 에이	0	0	0	0	0	0	0	0	0	1	0
예수님은 이런식으로 가러라치기 안했어요 이 또한 분열과 부쟁의 갈라치기가 될 수 있다는 사실을 생각해 보면 좋겠어요	0	0	0	0	0	0	0	0	0	1	0
개꿀이긴 한데사실 게임은 집에서 하는게더 프레임이나 옵션이나 좋아서 노상관	0	0	0	0	0	0	0	0	0	1	0
어그로인지모르고 소추주려했다가 웜추주고가노 보력지원 가겠다 이기야	0	0	0	0	0	0	0	0	0	1	0
내용도 좋은데 읽기 편하게 엔터쳐서 문단을 좀 나누는게 어떻겠노	0	0	0	0	0	0	0	0	0	1	0
망혼은 자발적 노예	1	0	0	0	0	0	0	0	0	0	0
이슬람도 극혐 개독도 극혐	0	0	0	0	0	0	1	0	0	0	0
홍어들 지들이 뽑은 문재앙 때문에 경제씹창나고 일베에서 존나 노는중	0	0	0	0	0	1	0	0	0	0	1
저년이 여군상이다	1	0	0	0	0	0	0	0	0	0	0
지가 낙태하노 왜 자집애마냥 자들자들거리노	0	1	0	0	0	0	0	0	0	0	0
난 자지로부르는게 더 성적인것으로만밖에안보이는 하찮은걸로느껴져서 자지민다	0	1	0	0	0	0	0	0	0	0	0
한숨 한심	0	0	0	0	0	0	0	0	1	0	0
문슬림들도 그들의 본국인 북한과 중국으로 추방시키자	0	0	0	0	0	0	1	0	0	0	0
지네나라로 언제 꺼지냐	0	0	0	1	0	0	0	0	0	0	0
정신병자가 입대도 하다니 신기하군	0	0	0	0	0	0	0	1	0	0	0
강간살인범 많이나와야한다	0	0	0	0	0	0	0	0	1	0	0
현직 호주게이다 너무 부풀리지마라 살던 사람은 별 불편없이 살만하다 1년에 두어번정도 뺨때리거나 죽빵한대 맞는 경우는 있는데 저렇게 심하게 뉴스에 날만큼 폭행하는 경우는 별로 없음	0	0	0	0	0	0	0	0	0	1	0
배부른새끼들이네 미국 유럽 이런데 말고 아프리카 동남아로 이민가라면 안갈새끼들이	0	0	0	0	0	0	0	0	1	0	0
살아있는 오나홀	1	0	0	0	0	0	0	0	0	0	0
모이라 찌찌 있는데 뭐	0	0	0	0	0	0	0	0	1	0	0
싱크빅웜년은 워추야	0	0	0	0	0	0	0	0	0	1	0
교회가 악의 축이 맞기는 맞네	0	0	0	0	0	0	1	0	0	0	0
돼지새끼 존나 쌔네	0	0	0	0	0	0	0	0	1	0	0
탈북자라고 욕하는 저새끼는어디가서 지가 전라도새끼라는거 꼭 밝히고 다녀래라	0	0	0	1	0	0	0	0	0	0	0
서울에 기독교 인구가 얼마나 많은데 저 지랄을 하냐 우리 차기 머통령님 총기를 많이 잃으셨다	0	0	0	0	0	0	0	0	0	1	0
쟤들은 왜 탈북했대냐살만하면 그냥 살지 괜히 나와서 가족들만 개고생시키노	0	0	0	0	0	0	0	1	0	0	0
한남이 싫어한다는 사실만으로도 웜에선 영업이 가능하다 이기야	0	1	0	0	0	0	0	0	0	0	0
동성애를 하든 딱히 관심 없었는데 축제때 하는거 보고 혐오감 생기드라	0	0	1	0	0	0	0	0	0	0	0
부산새끼가 전남원정갔네	0	0	0	0	0	1	0	0	0	0	0
종현 주현은 본적도 없는데 이거 모노	0	0	0	0	0	0	0	0	0	1	0
저건 범죄로 봐야하는걸까	0	0	0	0	0	0	0	0	0	1	0
개독개독해도 더러운 똥꼬충새끼들 처단에는 개독만한게 없다	0	0	0	1	0	0	1	0	0	0	0
나라가 개판인걸 많은 사람들이 알기전에외부에 개새끼 하나 만들어서 거기에 일점사 시키게 하려는거지	0	0	0	0	0	0	0	0	1	0	0
급식새끼들 욕은 예전부터 있었는데 그 욕먹던 애들이 지금 급식 욕하고 꺼드럭대노	0	0	0	0	1	0	0	0	0	0	0
난 필리핀에서 자지 함부로 놀리다가 걸렷었는데 다행히 아주 작게 하나만 나서 레이져로 빼고 완치됨	0	0	0	0	0	0	0	0	1	0	0
아버지 감성 팔아먹으면서 보지 노동력 갈아먹는거 덮으려는 수작 노무잘보여서 한남좆같노 옆에 사람이 다죽어가도 지 살짝긁힌 생채기가 더 아프다고 광광댈 한남새끼들	0	1	0	0	0	0	0	0	0	0	0
어차피 남자들이 여자들 기본으로 밑에 깔고 감으로서 얻는 정서적안정 경제적이득 사회적으로 명예가있는 위치같은거 포기할리가 없다 걔들이 말하는 맨박스같은것도 명예로운거임 특히 여러부분에서 여유있는 애들은 그러니까 남자한테도 도움이 되요 이 헛소리를 들을리가없지	0	1	0	0	0	0	0	0	0	0	0
네티즌도 힘을키우고 국회의원도 양성해야한다	0	0	0	0	0	0	0	0	0	1	0
되게 무식하당	0	0	0	0	0	0	0	0	1	0	0
피싸개들이 설치면 세상이 지옥으로 변해가는듯 음이 양의 행세를 하니 역리의 부작용이 생길수밖에 없지	1	0	0	0	0	0	0	0	0	0	0
근데 이거 개독새끼들한테 보여주면 열이면 열 모두 저 교회 목사만 저런다고 그럴꺼다	0	0	0	0	0	0	1	0	0	0	0
심메갈 뭐라 하려나	0	0	0	0	0	0	0	0	0	1	0
아 진짜 패고싶다	0	0	0	0	0	0	0	0	1	0	0
고등학교때 전교10위권 다 사람이었음	0	0	0	0	0	0	0	0	0	1	0
자댕아 울지 말고 차근차근 얘기해봐	0	1	0	0	0	0	0	0	0	0	0
느그들하고싶대로해라 워래하지말라고하면더하는법 꼴리는대로해라	0	0	0	0	0	0	0	0	1	0	0
씨발년 이년좀 어케 해주라	1	0	0	0	0	0	0	0	0	0	0
리스테린3년째다 질문받는다	0	0	0	0	0	0	0	0	0	1	0
갓본은 니미 뷰웅신새끼쪽본이라 불러라	0	0	0	1	0	0	0	0	0	0	0
좃센은 망할 것 같다일본가서 피규어 리어카 끌어야 겠다	0	0	0	1	0	0	0	0	0	0	0
빵떡아 어벙이랑 그자리에새려와 무능의극치야	0	0	0	0	0	0	0	0	1	0	0
묘하게 설득력있노 게이야	0	0	0	0	0	0	0	0	0	1	0
참 대단들하십니다 목숨보다 소중하시니	0	0	0	0	0	0	0	0	0	1	0
33세 1억3천 모았는데	0	0	0	0	0	0	0	0	0	1	0
저거맛은있다 근데존나비쌈	0	0	0	0	0	0	0	0	0	1	0
지랄을해라	0	0	0	0	0	0	0	0	1	0	0
전라도년의 본성을 이제야 깨닳은 갱상도년들	0	0	0	0	0	1	0	0	0	0	0
부정적인 게이들이 많노지금에서야 스무살에 결혼하고 성인으로 인식하는거지 옛날 우리나라나 아시아권에서도 어린신부를 들여야 아이를 많이 낳는다고 어린신부를 들엿고 딴나라의 문화의축이라고 생각하면되는거아니겟노	0	0	0	0	0	0	0	0	0	1	0
대한민국엔 하느님은 없다 그저 돈에 권력에 눈먼 사이비들만 있을뿐	0	0	0	0	0	0	1	0	0	0	0
저런 말 하는 냄져새끼들 흑좆나 식탐 강하더라 사실상 지 약점 돌출발언	0	1	0	0	0	0	0	0	0	0	0
아오 이자스민년때문에 암걸리겠다	0	0	0	1	0	0	0	0	0	0	1
나아닌 나 참나는 하나 둘 셋이다 자유도 평등도 사랑하는 법이다	0	0	0	0	0	0	0	0	0	1	0
단속맞아봐야 정신차리지 쯧쯧	0	0	0	0	0	0	0	0	1	0	0
당근 마켓이 문제네 ᆢᆢ소상공인 자영업자들을 죽이는 네트웍 ᆢ	0	0	0	0	0	0	0	0	1	0	0
그냥 신믿는 새끼들 머가리 구조자체가 이해불가	0	0	0	0	0	0	1	0	0	0	0
돈 많은거 아니고서야 불가능	0	0	0	0	0	0	0	0	0	1	0
일라이의책	0	0	0	0	0	0	0	0	0	1	0
스시들은 적어도 서비스대접같은건 몸에 배였는데 한남은 걍 날건날들이노	0	1	0	1	0	0	0	0	0	0	0
안그래도 닥스훈트인데 씨발	0	0	0	0	0	0	0	0	1	0	0
그땐 길거리에서 신용카드 발급해줌성인이라면 몇장이든 누구나 다 가질 수 있었음	0	0	0	0	0	0	0	0	0	1	0
겁나서 사람을 못 뽑아요	0	0	0	0	0	0	0	0	0	1	0
잘가게나 슬람 아멘	0	0	0	0	0	0	1	0	0	0	0
능력되면 탈출하는게 답이지	0	0	0	0	0	0	0	0	0	1	0
와 씨발 여기까지 똥내나노	0	0	0	0	0	0	0	0	1	0	0
좆팔 눈에 띈다고 한새끼 양씹치새끼일듯	0	0	0	0	0	0	0	0	1	0	0
간댕이도 크게 코로나가 감기보다 약하다는 가짜뉴스 믿고 검사 안받으려고 속인거지 지들한테 책임 전가한다고 생각하는 인간들이니까	0	0	0	0	0	0	0	0	1	0	0
틀딱들은 저렇게라도 뭔가라도 하는게 있지	0	0	0	0	1	0	0	0	0	0	0
멋지노 클리 딱치고 가노 나도 웜만한다 이기야	0	0	0	0	0	0	0	0	0	1	0
이슬람 좆미개 wwwwww	0	0	0	1	0	0	1	0	0	0	0
애플 ceo되고 똥고충 되기vs그냥살기	0	0	1	0	0	0	0	0	0	0	0
차랑같이 뒤졌으면 그런갑다 할걸 뭘 또 살아서 뉴스까지나노 데이터가 아깝다 상폐남자지	0	0	0	0	1	0	0	0	0	0	0
메겔 여자들은 딱 일게이들이 싫어하는 김치녀 범위의 중심부니까 늘 그랬듯이 개념없는 김치녀들 욕하면 되고걔네들이 까는건 걍 욕먹는게 싫고 왜 욕먹는지는 이해 못하고 여자라서 그런줄 알고 모든 남성을 다 까는거니까 무시하면 됨	1	0	0	0	0	0	0	0	0	0	0
그래 이거지 내가 하고 싶던 말	0	0	0	0	0	0	0	0	0	1	0
수지는 전혀 안 말리노	0	0	0	0	0	0	0	0	0	1	0
씨발년 보지한번 원없이빨아보고싶다	0	0	0	0	0	0	0	0	1	0	0
일베하는 틀딱이였음 좋앗을걸	0	0	0	0	1	0	0	0	0	0	0
난민 찬성합니다 난민 들어와라	0	0	0	0	0	0	0	0	0	1	0
배신자놈들 다까끼 드럽게빠네 이래서 사람은 배워야해	0	0	0	0	0	0	0	0	1	0	0
비버존잘 뀨	0	0	0	0	0	0	0	0	0	1	0
성형충 느낌인데	0	0	0	0	0	0	0	1	0	0	0
정신병원에서 치료했음 좋네요	0	0	0	0	0	0	0	0	1	0	0
다인종은 나쁘지 않은데 다문화는 뿌리 뽑아야해	0	0	0	1	0	0	0	0	0	0	0
큰아가도 건강하고 작은아가도 건강하길 바랄께 봄이되면 꽃이피길	0	0	0	0	0	0	0	0	0	1	0
아니 교회가 아니면 사이비 종교까지도 그들버는 돈이 얼마인데 세금은 한푼안내고 되려 그들한테 돈주면 기부했다고 세금도 깍아준다 웃겨 문제가 많았던 구원파는 어떻게 사이비 처리됐냐 아님 아직도 그들한테 돈주면 세금깍아주고 있냐	0	0	0	0	0	0	1	0	0	0	0
옳게된 나라는 이런거야	0	0	0	0	0	0	0	0	0	1	0
이슬람문화타도	0	0	0	1	0	0	1	0	0	0	0
더러븐 똥꼬충 새애퀴들	0	0	1	0	0	0	0	0	0	0	0
와 경상도 강간범 새끼들만 있네	0	0	0	0	0	1	0	0	0	0	0
판사도가해자도 다똑같은것들	0	0	0	0	0	0	0	0	1	0	0
대중을 움직일 마땅한 대체 선동꺼리가 없으면 늘 먹던 반일선동이나 하는거지	0	0	0	0	0	0	0	0	1	0	0
트젠이 저런 옷입으면 섹시하기라도 할텐데 남성 호르몬 가득한 새끼가 저런거 입으니까 역겹다	0	0	1	0	0	0	0	0	0	0	0
에세머들이 애초에 엣날에 웜지지했는지도 몰랐노 젠신병자에 관심 소추만큼도 업었노	0	1	1	0	0	0	0	1	0	0	0
허가 받은 대자보인데 훼손한 거면 쟤네가 엿되는거고 무허가 대자보면 학생회가 엿되는거고	0	0	0	0	0	0	0	0	1	0	0
보지의 민족임	1	0	0	0	0	0	0	0	0	0	0
미친년이 소설을 쓰네 맘충년	1	0	0	0	0	0	0	0	0	0	0
죄다 별볼일없는 대학들이노	0	0	0	0	0	0	0	1	0	0	0
지잡대 인증 지겹다 작작해라	0	0	0	0	0	0	0	1	0	0	0
오늘 아들감은 이거다 깔깔깔	0	0	0	0	0	0	0	0	1	0	0
그럼 너거나라 가세요 짱깨들아	0	0	0	1	0	0	0	0	0	0	0
역시나 민주당 여성의원들은 주디꾹다물고있네요 대단해요	1	0	0	0	0	0	0	0	0	0	0
검사하는 김에 에이즈 검사랑 성병 검사도 같이해라	0	0	1	0	0	0	0	0	0	0	0
너무 개소리라 뭔말인지 이해도 안간다	0	0	0	0	0	0	0	0	0	1	0
사기는 당하는놈도 죄가있긴해	0	0	0	0	0	0	0	0	0	1	0
선동이지 저런말하면 이미지 나빠지는데	0	0	0	0	0	0	0	0	1	0	0
잠지새끼들 지들 좆같은 망상이란 망상은 다 하고 다니노 오징어한테 먹이준다고 해도 안 먹는게 잠지노	0	1	0	0	0	0	0	0	0	0	1
씨발 똥꼬충 행사를 왜 보호해주냐	0	0	1	0	0	0	0	0	0	0	0
강원도같은 시골까지 전철을 놓은 비극	0	0	0	0	0	1	0	0	0	0	0
웃길려고 한거가튼데	0	0	0	0	0	0	0	0	0	1	0
페미니즘 외치는 김치녀 레즈비언좀 민주화시켜주세요 노알라신이시여	1	0	1	0	0	0	0	0	0	0	0
기독교 미안하지만 99프로는 사기	0	0	0	0	0	0	1	0	0	0	0
꽤 크게 난거 같메	0	0	0	0	0	0	0	0	0	1	0
링크 누르지말고 먹금해라 이니야	0	0	0	0	0	0	0	0	1	0	0
이마로 코뼈 치기	0	0	0	0	0	0	0	0	0	1	0
여기에 랜터카로 불법택시영업하는 타다도 포함돼는건가요 타다가잘돼면 택시넘버 달고 하면 돼는데 왜 불법으로 할가요 또수천억 투자는 누가했을가요 정부돈은 얼마나 들어갔을가요	0	0	0	0	0	0	0	0	0	1	0
시바 이젠우리도 저런 혁명이 필요하다 페미년들 아주 대가리랑 아가리를 찢어야함 이란한테 저런건 배워야함	1	0	0	0	0	0	0	0	0	0	0
씨발 세금도 안내는 개새끼들	0	0	0	0	0	0	0	0	1	0	0
외국애들 취향 개싸이코많아서 매퇘지보고 스는애들 많다	1	0	0	1	0	0	0	0	0	0	0
암놈 키우면 보지 좀 찍어서 올려봐라	1	0	0	0	0	0	0	0	0	0	0
베스트가서 주기적으로 읽어야함	0	0	0	0	0	0	0	0	0	1	0
개독도 좃같긴하지만 개독까진 인정해준다씹슬람은 척살척결인종청소가 답	0	0	0	1	0	0	1	0	0	0	0
어디 천조국만 그러겠냐세계 어딜가든 마찬가지지조셴징이 해외 나가서 제일 조심해야되는건 조셴징이다센적센은 과학임	0	0	0	1	0	0	0	0	0	0	1
사스가 한남충학과교수보이노	0	1	0	0	0	0	0	0	0	0	0
홍어새끼들 지랄발광하노	0	0	0	0	0	1	0	0	0	0	0
세상좋아졋다 홍어새끼들이 댓글로화도내고	0	0	0	0	0	1	0	0	0	0	0
짱깨벌레 새끼들도 저런 마인드다 세계가 자기들 우러러 보는줄암	0	0	0	1	0	0	0	0	0	0	0
아니 대체 미국도 아니고 남의 나라 인간이 어떻게 국회의원을 해먹냐	0	0	0	1	0	0	0	0	0	0	0
학식충은 남아있다	0	0	0	0	1	0	0	0	0	0	0
딱 딱딱딱 딱딱 딱딱딱딱딱	0	0	0	0	1	0	0	0	0	0	0
아내 가 한남대다 씨발	0	0	0	0	0	0	0	0	1	0	0
실상 어리다고 안즐겼을까성욕폭발 자위하는년들이갱뱅당할때 존나 흥분했을 듯	1	0	0	0	0	0	0	0	0	0	0
그냥 일베하는 척만 하는 애들이잖아	0	0	0	0	0	0	0	0	0	1	0
예수쟁이들이 나라 다 조진다 쓰레기들	0	0	0	0	0	0	1	0	0	0	0
저번에 가로세로 로고송 부르면서 춤추던 잼민이들 붙여줘라	0	0	0	0	0	0	0	0	0	1	0
저 나라는 절대 페미가 나댈수가 없는 구조군요	0	0	0	0	0	0	0	0	1	0	0
리얼 진짜 개쌍도 미개하다고 까니까 정신병있다고 하는 새끼들 극혐	0	0	0	0	0	1	0	0	0	0	0
여자피 여성부에서 만들고 밀었다 여성부부터 폐지하면 알아서 사라진다다문화 주도하는건 어자피 여성부니까 여성부 없애면 다문화도 자연적으로 사라짐	1	0	0	1	0	0	0	0	0	0	0
SNS에 올리고 커뮤에 퍼날랐다 이기야 만드느라 고생했노 워추 주노	0	0	0	0	0	0	0	0	0	1	0
걍 노잼이다쟤네 사이트색배합도 좆나 쉰상폐냄새오짐	0	0	0	0	1	0	0	0	0	0	0
66 꼭 손잡아주던 99 66 남자 경찰분 99 에라이 좆병신 젠신병자댕이노 똥내 조팔	0	1	0	0	0	0	0	1	0	0	0
광주에서는 조선족도 전라도스럽게 노네	0	0	0	1	0	1	0	0	0	0	0
한국에서 노가다 vs 일본에서 노가다	0	0	0	0	0	0	0	0	0	1	0
맞노 클릭수 올려주지마라 이런기사 더 쓸확률 높노	0	0	0	0	0	0	0	1	0	0	0
분탕 틀딱새끼는 로류로	0	0	0	0	1	0	0	0	0	0	0
길거리에도 요즘 간간히 스티커도 붙히고 다니더라 정신병자 집단이라서 무시하면됨	0	0	0	0	0	0	0	1	0	0	0
애미 몇살이냐	0	0	0	0	0	0	0	0	0	1	0
이단 교회 목사는 진짜 목사가 아니야차라리 한남이 문제라고 해라	0	1	0	0	0	0	0	0	0	0	0
밀어버리고싶다	0	0	0	0	0	0	0	0	0	1	0
역시 좌좀하고 똥꼬충 꼴페미는 일맥상통한다저기에 굳이 하나 더 추가하자면 앱등이도 포함됨	1	0	1	0	0	0	0	1	0	0	0
후팔 놈들 더럽고 역겹노	0	0	0	0	0	0	0	0	1	0	0
잘생기긴 했네	0	0	0	0	0	0	0	0	0	1	0
고향은 전라도인데 대구가서 저랬네	0	0	0	0	0	1	0	0	0	0	0
대깨문 대깨예 탈출은 지능순	0	0	0	0	0	0	0	1	0	0	0
후팔 개좆이 더 커서 좋아할지도 모른다	0	0	0	0	0	0	0	0	1	0	0
벌레의 닌자놀이에 자적자가 답했다	0	1	0	0	0	0	0	0	0	0	0
니 머리잃어버리면 굴러가서 못찾겠다 진짜 개잘굴러갈듯	0	0	0	0	0	0	0	0	0	1	0
근데 솔까 의대다니는새끼들보면 씹찐따가 따로없음	0	0	0	0	0	0	0	1	0	0	0
빨갱이들 그냥 다 몽둥이로 흠씬 두들겨패야한다	0	0	0	0	0	0	0	1	0	0	0
똥꼬충새끼들 맨날 제3의성이다 인정해달라 이러면 남탕오지말고 좀꺼져라 제3의성이신분이 왜 남탕을 기어들어오고 지랄	0	0	1	0	0	0	0	0	0	0	0
난 스코치 했는데	0	0	0	0	0	0	0	0	0	1	0
용의자를 저렇게 사진으로 올려도 되는거냐 확정된거도 아닌대	0	0	0	0	0	0	0	0	0	1	0
저런 틀딱새끼들 싸그리 모아서 칼 한 자루 쥐어주고 서로 죽이게 해야함	0	0	0	0	1	0	0	0	0	0	0
노무딱 마음이 훈훈해지는 기사노	0	0	0	0	0	0	0	0	0	1	0
으 발암물질들	0	0	0	0	0	0	0	0	1	0	0
일베 메갈 한국페이 아웃	1	0	0	0	0	0	0	1	0	0	0
꼭 완전범죄 해야하노 벌레 죽이고 빵 갈 이유가 없노 그런 소설은 시르노	0	0	0	0	0	0	0	0	1	0	0
성비 개토나온다 한남충들 페미 싫다면서 페미관련기사에는 페미보다 더 빨리 찾아옴	0	1	0	0	0	0	0	0	0	0	0
그저 남의 일로만 보인다 어느쪽도 우리한테 마냥 좋은 넘들이 아님	0	0	0	0	0	0	0	0	1	0	0
딱 똥꼬충새끼들 수준을 보여주는거다 뭐 순수한 사랑 플라토닉이고 개지랄을 하지만 결국 관심있는건 자지 후장밖에 없고 똥꼬에 미친 정신병자새끼들임을 지들 스스로 유감없이 보여줌	0	0	1	0	0	0	0	1	0	0	0
진짜 쳐죽이고싶네 개슬람 새끼들	0	0	0	1	0	0	1	0	0	0	0
그사람 퇴역하고 다시 여군으로 지원하라고 해라 남성으로 지원했으니 그게 맞다	0	0	1	0	0	0	0	0	0	0	0
나도 급식때 쿨매 스피드하게 선입금함	0	0	0	0	0	0	0	0	0	1	0
볼썽사납게 The Fraud of Feminism 6페미니즘의 사기9라는 자집놈 글이 묻어 있노 제외하고 다운 받아라이기아	0	1	0	0	0	0	0	0	0	0	0
아 그러냐 미안타 내가 쌍돈데 안하려고 해도 종특인지 자제가 안되그리고 지역구조 때문에 그런줄 몰랐네너 쌍도사냐 왜이리 잘아냐	0	0	0	0	0	1	0	0	0	0	0
강간살인범과 동급	0	0	0	0	0	0	0	0	1	0	0
억양에서 라도가 물씬 느껴진다	0	0	0	0	0	1	0	0	0	0	0
팝송 좋아해서 tbs efm 자주 듣는데 오전 시간에 하더라원래 에이미라는 백마가 진행하는 프로 있었는데 자스민 때문에 짤린듯	0	0	0	1	0	0	0	0	0	0	1
야쿠르트 소매중개인	0	0	0	0	0	0	0	0	0	1	0
지금도 헬인데 저새끼들 창궐하면 그냥 아수라장임	0	0	0	0	0	0	0	0	1	0	0
자기 나라 개좆같다고 도망나와서는 자기 나라 개좆같은 꼴 똑같이 만들자고 시위하는 씹병신새끼들	0	0	0	0	0	0	0	0	1	0	0
괜히 블랙넛이 극딜넣은게 아니지	0	0	0	0	0	0	0	0	0	1	0
댓글을 보니 역시 페미는 정신병이라는게 더 확실히 입증이됐네요	1	0	0	0	0	0	0	0	0	0	0
쟤네는 그냥 인육용이 답대가리도 커서 머리고기살 많이 나올듯	0	0	0	0	0	0	0	0	1	0	0
어딜가나 민주 자만 붙으면홍어씹구녕에서 태어난 좌발이 되는건가 저기서도 씹지랄하는 미친년새끼들존나많네아니씨발남의 나라에 쳐 기어들어갈려면 정식 절차를 통해서 권리를 얻어야 하는거지 지 꼴리는대로 불법체류하는새끼들을 봐주면 그게 씨발 나라냐진짜 애미뒤졌네	0	0	0	1	0	1	0	1	0	0	0
애비뒤진 비례대표제를 없애라고 씨발 글고 저 똥남아 토인년 또 나오면 전라도 찍어준다진짜 한번 좆되바라	0	0	0	1	0	0	0	0	0	0	0
틀딱이랑 잼민이랑 별차이 없음	0	0	0	0	1	0	0	0	0	0	0
갱뱅당할때 무슨생각했을까	0	0	0	0	0	0	0	0	0	1	0
여름에 동묘 가면 쉰내 때문에 숨쉬기가 어려움	0	0	0	0	1	0	0	0	0	0	0
김치빻와꾸를 빠는거 자체가 노이해 맨날 내가수 이지랄낫노	0	0	0	0	0	0	0	0	1	0	0
가까운 정신과에서 상담부터	0	0	0	0	0	0	0	0	1	0	0
선물은 딜도	0	0	0	0	0	0	0	0	0	1	0
저책상 나도잇는데	0	0	0	0	0	0	0	0	0	1	0
극혐주의병신아	0	0	0	0	0	0	0	0	1	0	0
홧팅이다 재네들이 있어야 무슬림 지랄떠는걸 막을 수 있다	0	0	0	0	0	0	1	0	0	0	0
흑인보다 더 열등해 보이네 저것들은 노예로 안 쓴게 아니라 못 쓴거다	0	0	0	1	0	0	0	0	0	0	0
후팔 진짜 다 재기안하고 왜사는지 모르겠노 자지새끼들 후딱 앱이랑 손잡고 재기해라	0	1	0	0	0	0	0	0	0	0	0
기름만 안나왔어도 종교에미친 동남아급 씹 거렁뱅이 새끼들인데	0	0	0	1	0	0	0	0	0	0	0
그래 이혼당하고 파토내고 분위기 싸하게 만들어라 아싸들아	0	0	0	0	0	0	0	0	1	0	0
근데 왜 이런 기사들엔 공감도 순을 왤케 막아두는거냐 대체 뭐라고 개소리하는지도 궁금한데	0	0	0	0	0	0	0	0	1	0	0
카다피만 안조졌으면 이사단 안났을듯	0	0	0	0	0	0	0	0	1	0	1
체포영장도 찟는거보니 아무떄나 똥싸고 도주할놈같아보이더라	0	0	0	0	0	0	0	0	1	0	0
저거 차면 후천성 토착 왜구 되는거냐	0	0	0	1	0	0	0	0	0	0	0
탈코르셋 운동하는 82kg 언냐들 때문에 애꿎은 숏컷만 의심받네 페미 탈출은 능지순 근데 페미가 숏컷하면 남자인지 구별 불가능	1	0	0	0	0	0	0	0	0	0	0
그 불쌍하다가 진짜 불쌍하다는 의미겠냐 재앙이까려고 그러는거지	0	0	0	0	0	0	0	0	1	0	1
지발로 기어 들어가놓곤 자지놈이 지랄하노	0	1	0	0	0	0	0	0	0	0	0
만덕산 토굴가서 잠이나 자세요	0	0	0	0	0	0	0	0	0	1	0
쓰까 젠더무새 젠신병자들 싹다모아서 원자폭탄 후장에 꼽고 재기시켜야되는 쀼젤이노 저것들 모여서 젠더 못잃어 하는 꼴 보면 어이가 마포가뿟노	0	0	1	0	0	0	0	1	0	0	0
대부분 뭐 머리 만지는게 머 잘보이고 싶어서 그런다 이 지랄하지만 저렇게 겨드랑이 보일정도로 머리를 만지는게 진짜임저렇게 머리 만지면서 체스트업 해서 가슴 앞으로 내밀면서 표정도 바뀜	0	0	0	0	0	0	0	0	0	1	0
국민 여러분 강간은 목사들이나 하는 더러운 짓거립니다 하면 안됩니다	0	0	0	0	0	0	1	0	0	0	0
홍어구별법 눈만 보면 끝 홍어 눈 보면 소름 돋는다	0	0	0	0	0	1	0	0	0	0	0
탈북자새끼들 왜이렇게 티비와 나와 지랄하냐 존나 꼴보기 싫은데 씨발새끼들	0	0	0	1	0	0	0	0	0	0	0
Is 반대하는 시위하거나 아가리 파이팅도 안하고 있으면서 우린 달라요 라고 맨날 개독이 일부에요 일부 하는개소리랑 뭐가다름	0	0	0	0	0	0	1	0	0	0	0
개슬람 새끼들 존나 꽉막히고 깝깝해서 분란만 일으키는 새끼들삼일한 빼고는 배울거 하나 없는 새끼들	1	0	0	1	0	0	1	0	0	0	0
경신 씨팔 급식비랑 보충수업교재들 생각만해도 승질나네 여기까지만 얘기해야지	0	0	0	0	0	0	0	0	1	0	0
한국사람이기 싫으면 뒤지면 돼지 씨발새끼들이 계속 징징대네 나는 한국인인게 행복하다	0	0	0	0	0	0	0	0	1	0	0
연말에 실적올릴려고 여기저기 찔러보는 영업충같네	0	0	0	0	0	0	0	1	0	0	0
6만명 신상공개 적극 찬성한다	0	0	0	0	0	0	0	0	0	1	0
일루미나티 어젠다 아니냐 극도사회분열 출산율 저하 어떻게해서든 인구감축 시킬려고하는 정책이다 아직도 일종의 음모론으로 치부한다면 그새기는 빡대가리지	0	0	0	0	0	0	0	0	1	0	0
그들도 사람이다 오죽하면 전환했겠냐 편견은 버리자	0	0	0	0	0	0	0	0	0	1	0
난 태국이 젤 편하드라 태국어 1도 못하는데	0	0	0	0	0	0	0	0	0	1	0
건설 노조 홍어들 때린건 잘했네	0	0	0	0	0	1	0	0	0	0	0
냅둬 나중에 개슬람새끼들이랑 저새끼들 학살하고 다니면 되지 뭐	0	0	0	0	0	0	1	0	0	0	0
다인종은 그렇다 치더라도 다문화는 나라를 좀 먹을 뿐이다	0	0	0	1	0	0	0	0	0	0	0
우선 요즘 보지들 눈 개높다	1	0	0	0	0	0	0	0	0	0	0
남자들은 예전과 같은데 진선미 개씹창년 당선된거보면 이나라 여성들이 그냥 보지달린 아메바임	1	0	0	0	0	0	0	0	0	0	1
외노자는 한국와서 돈도 벌고 여고생 강간해서 애낳으면 특별체류하고 팔자한번 좋네	0	0	0	1	0	0	0	0	0	0	0
역시 트젠남은 몸도 정신도 남자라 미개하노	0	1	1	0	0	0	0	0	0	0	0
평등법 차별금지법 통과되면 동성애 에이즈 창궐 이슬람 무슬림 창궐 조선족 중국인 창궐합니다	0	0	1	1	0	0	1	1	0	0	0
근데 모델 보고 그린 작품을 올려서 조롱하면 그건 어떻게되냐	0	0	0	0	0	0	0	0	0	1	0
진짜 조선족못들어오게좀했으면좋겠다시발	0	0	0	1	0	0	0	0	0	0	0
마지막줄 설득력 지렸다	0	0	0	0	0	0	0	0	0	1	0
경인선 가자 말한 사람은 세상에는 거짓말 하는사랑 있다는겋 알 것이고 어째 거짓말 하는지 그마음도 알겠지	0	0	0	0	0	0	0	0	0	1	0
걍 통일 안하고 병신 탈북자새끼들 처리하도록 아오지탄광 상시가동하면 좋겠다	0	0	0	1	0	0	0	0	0	0	0
목사님들 주님향한봉사 좀해주셔요	0	0	0	0	0	0	0	0	0	1	0
여자들 다 자업자득이지 꽥꽥 대봐야 넷상이고 현실은 쭈구리	1	0	0	0	0	0	0	0	0	0	0
아 진짜 교회이기적인 집단	0	0	0	0	0	0	1	0	0	0	0
틀딱들 운전면허 강제로 회수해야하는데	0	0	0	0	1	0	0	0	0	0	0
통합당과 한국의 썩어빠진 교회야 말로 과히 악마의 무리들이라고 말할 수 있다	0	0	0	0	0	0	1	0	0	0	0
아들도 연루된건 아닌지 조사해봐야죠죠죠	0	0	0	0	0	0	0	0	0	1	0
짤게는 틀니들 발작하는 재미로 들어옴	0	0	0	0	1	0	0	0	0	0	0
일제시대 친일지주도 전라도에 제일 많았음	0	0	0	0	0	1	0	0	0	0	0
하등 도움이 안됨	0	0	0	0	0	0	0	0	1	0	0
뒤진거치곤 혈색이 너무좋네	0	0	0	0	0	0	0	0	1	0	0
미세먼지도 좆같은데 폐병 걸리면 문재앙 개새끼랑 짱깨들 몇마리 데리고 간다 진심	0	0	0	1	0	0	0	0	0	0	1
저아저씨 북에서 뭐하던 사람이길래 죽일려고 눈을 뒤집냐	0	0	0	0	0	0	0	0	0	1	0
난민 불체자 추방해라 외노자 줄이고 통제 강화해라 사람이 아니라 국민이 먼저다 다문화혜택 없애라 건강보험 1년이상 거주자로 바꾸고	0	0	0	1	0	0	0	0	0	0	0
캬 놈딱훈훈해서 앵이흐를뻔하노	0	0	0	0	0	0	0	0	0	1	0
전 세계에서 종교로 죽는 사람의 대부분이이슬람한테 죽어나가는 기독교인과이슬람 규율때문에 뒤지는 이슬람 여성들적어도 기독교인이 종교적 관습이나 규율로 사람을 무차별적으로 죽이거나 하는 경우는 없다	0	0	0	0	0	0	1	0	0	0	0
와 진짜 미쳣네	0	0	0	0	0	0	0	0	1	0	0
머가리좆물차뿟노 별 해괴한 스까를 다 보겠노	0	0	0	0	0	0	0	0	1	0	0
예수쟁이들 빨리 감염되서 다 뒤져라	0	0	0	0	0	0	1	0	0	0	0
너거들도 더도말고 덜도말고 딱 똑같이 당해라 하기사 하는짓이 딱 거진데 창업할 돈이냐 있겠냐 호쌍새들아	0	0	0	0	0	0	0	0	1	0	0
응 아니야개쌍도새끼들아	0	0	0	0	0	1	0	0	0	0	0
나경원 화이팅 입니다	0	0	0	0	0	0	0	0	0	1	0
한남충 이랑 사귀는 련들은 전부 못말리는 쇼타콤 유아기좆밝힘증 아니노	0	1	0	0	0	0	0	0	0	0	0
아씨발 그냥좀 제발 꺼져 우리나라우리나라하지말고	0	0	0	0	0	0	0	0	1	0	0
공짜는 없는법이야 싼값에 골뱅이만들어서 게이들이 지 후장딸라는줄 모르고 좋아하고 있노	0	0	1	0	0	0	0	0	0	0	0
어짜피이만희처럼풀려난다	0	0	0	0	0	0	0	0	0	1	0
대구fc 관중도 좆도없는데 시발 월드컵경기장을 홈으로 쓰니깐존나 더 텅텅비었는데 경기장좀 축소하고 규모도 좀 줄이면 관중좀 많아보이겟네	0	0	0	0	0	0	0	0	1	0	0
이 기사가 사실이면 숙대 영원한 하수	1	0	0	0	0	0	0	0	0	0	0
한남들 시위나갈땐 팔 두쪽 다 자르고 정수리에 태극기 꽂아서 내보내는 법이 시급하노 좆팔놈들	0	1	0	0	0	0	0	0	0	0	0
저 씹새끼들저번에도 엄태웅이 뭐 절같은거 하니까 개지랄하던데븅신새끼들	0	0	0	0	0	0	0	0	1	0	0
어떤 새끼가 싸질렀을까	0	0	0	0	0	0	0	0	1	0	0
처음부터 불법적인 짓을 할목적으로 서버를 해외에 두고 운영해놓고 이제와서 뭐가 억울하다는 건가	0	0	0	0	0	0	0	0	1	0	0
흉스플레인하는 흉자들이 봣으면 하는 글	1	0	0	0	0	0	0	0	0	0	0
경상도가 또 경상도했노	0	0	0	0	0	1	0	0	0	0	0
수용소 보다 더 좆같은 새끼들이 개독임	0	0	0	0	0	0	1	0	0	0	0
늬 들 와 꾸 부 터 어떻게좀 해 봐 좆 병 신들 아	0	0	0	0	0	0	0	1	0	0	0
저기는 20년전에도 저랬는데 뭔개소리여	0	0	0	0	0	0	0	0	1	0	0
복음의 능력으로 탈동성애를 한 분들의 사례를 보니 교회는 동성애혐오세력이 아닙니다 오히려 선한 영향력을 주고 있습니다	0	0	1	0	0	0	0	0	0	0	0
이런식의 완전 불합리함을 고치고자하는 페미니즘은 정당한거지 사회의 발전을 꾀할수있는 기회니까 억지만 안부리면 받아들이기 쉬울텐데 왜 쌩 억지를 부리는지	1	0	0	0	0	0	0	0	0	0	0
아오 시발 똥꼬후장충 새끼들 싹다 잡아다가 보일러실에 감금하고 야구빠따로 뚜드려패고 싶다	0	0	1	0	0	0	0	0	0	0	0
옛날일이다 저건 하면서 지우려는새끼 들이 한국에 많이 남아있어서 하아 왜교를 하는것들	0	0	0	0	0	0	0	0	1	0	0
장애남만 가득한 나라라 저게 정상이 되노 내조국이었음 저렇게 애새끼 기형적이게 키우면 국가에서 추방당하노	0	1	0	0	0	0	0	0	0	0	1
저런말 할꺼면 왜탈북했노 이기	0	0	0	0	0	0	0	0	1	0	0
이년도 삼일한이 시급하다	1	0	0	0	0	0	0	0	0	0	0
하나님을 욕되게 하지마소서	0	0	0	0	0	0	0	0	0	1	0
성별은 인간이 선택할 수 없는 영역이지	0	0	1	0	0	0	0	0	0	0	0
어휴 개씹미개조선인은 답이없다 한국인이 13억이면 그게곧 중국짱께 바퀴벌레되는거임	0	0	0	1	0	0	0	0	0	0	0
근데 저거는 좀 뭐라하기 그런게 나도 각하나 원조각하나 엔두한테 수필편지받으면 비슷할거같음 물론 겉모습만보고빨지는않지만	0	0	0	0	0	0	0	0	0	1	0
기승전패드립	0	0	0	0	0	0	0	0	1	0	0
갓갓이  번 박사가 박사방	0	0	0	0	0	0	0	0	0	1	0
리종휴먼아재체보소 쉰내나노	0	0	0	0	1	0	0	0	0	0	0
저런거 하는애들 개찐따새키들 많음	0	0	0	0	0	0	0	0	1	0	0
진짜 게르만은 도끼 찿아들고 가서 저 세 집 일가족 다 몰살시킨다 지금 독일인은 게르만이 아니다	0	0	0	1	0	0	0	0	0	0	0
내 아는 사람 중에 혜민이 있는데 똥꼬팔아서 밥벌어먹고 삼	0	0	1	0	0	0	0	0	0	0	0
사명감없는 직업목사가 기독교를 좀머케한다	0	0	0	0	0	0	1	0	0	0	0
서남아 국가 새끼들이 한국을 극동 포교의 거점으로 삼았다는 얘기가 있잖어중국 일본 대만한테는 씨알도 안먹히는데 한국만 혼자 다문화 타령하고 자빠져서	0	0	0	1	0	0	0	0	0	0	0
딱 중고졸 선동하는데에는 충분한 글이구만물론 똥꼬충 아웃	0	0	1	0	0	0	0	0	0	0	0
근데 동성애자들이 병신 취급 받는건 동성애자 그 자체보다 사람 자체가 병신인 경우가 많아서 그런거외모와 능력만 갖춰지면 게이라는 점은 아무 하자가 안됨	0	0	1	0	0	0	0	0	0	0	0
정의구현 했노	0	0	0	0	0	0	0	0	0	1	0
와꾸만 봐도 왜 여혐하는지 답이오노	0	0	0	0	0	0	0	0	1	0	0
이거 꼴릿했는데	0	0	0	0	0	0	0	0	1	0	0
외유내강 봊나 멋진 조용한 맹수 같노	0	0	0	0	0	0	0	0	0	1	0
러시아 성님들의 참교육이 필요하다	0	0	0	1	0	0	0	0	0	0	0
앵나 미개하노	0	0	0	0	0	0	0	0	1	0	0
혹한의 추위를 퍼스트펭권의 허들링으로 이겨낸 것처럼 얼어붙은 한국교회의 이미지회복과 부흥을 위해 찬란한 바보가 돼 낮아지고 섬기고 희생도 해야겠습니다	0	0	0	0	0	0	0	0	0	1	0
어짜피 盧슬람교가 있는한 이슬람애들는 쪽도 못써	0	0	0	0	0	0	1	0	0	0	0
경찰에 신고해야지 죽이대든 밥이내든	0	0	0	0	0	0	0	0	0	1	0
형 초짜가 영어 잘하는꿀팁좀	0	0	0	0	0	0	0	0	0	1	0
옳은 소리 이번에 유럽 백인 놈들 얼마나 미개한지 알았다	0	0	0	1	0	0	0	0	0	0	0
요즘 아프리카 노무 재밌다소주병으로 사람 대가리 까고성매매 낙태 터지고코인 게이트 터지고	0	0	0	0	0	0	0	0	1	0	0
760 따로 글 파서 워념 가라 이기야	0	0	0	0	0	0	0	0	0	1	0
masculinism은 이갈리아의 딸들에 나오는 용어를 땄음	0	0	0	0	0	0	0	0	0	1	0
저새낀 뇌가 월드콘인듯 얼굴은 딱봐도 나 페미라고 써있고	1	0	0	0	0	0	0	0	0	0	0
멕시코 새끼들 일부러 미국좆돼라고 난민들 넘어가는거 방치하는것같다	0	0	0	1	0	0	0	0	0	0	0
그냥 한남을 다 죽이고 싶노	0	1	0	0	0	0	0	0	0	0	0
노력으로 안되는거는 없다니가 키가 작은건 니가 노력안한거지 부모탓 하지마라	0	0	0	0	0	0	0	0	1	0	0
쟤네 말대로 인생 더 살기 싫을 정도로 강한 처벌해서 재기시켜라	0	0	0	0	0	0	0	0	1	0	0
그냥 법으로 동남아 숫컷들은 강제 정관수술 시키고 암컷들도 새끼 가지면 지네 나라로 돌려보내는 법 만들면 편하지	0	0	0	1	0	0	0	0	0	0	0
그러니깐 필리핀으로가서 필리핀의 이자스김 이되자 이기야	0	0	0	1	0	0	0	0	0	0	0
이건 정말 되는 싸움이다	0	0	0	0	0	0	0	0	0	1	0
맘충이라길래 욕할라고 쥰비하고 들어왔는데 엄청 착하네	1	0	0	0	0	0	0	0	0	0	0
시발것들 우리나라 망하게 하려고 작정을 하는구나 어휴 레얼 노답 개새끼들	0	0	0	0	0	0	0	0	1	0	0
우리에겐 진정한 인종차별주의자가 없다	0	0	0	1	0	0	0	0	0	0	0
사람은 다 똑같은 사람	0	0	0	0	0	0	0	0	0	1	0
애초에 한남콘은 피부 표현을 안해놨노이기 더 못생긴놈들많은데 평균치가 노무 높았노	0	1	0	0	0	0	0	0	0	0	0
너나 잘 해라 증말 가증 쩐다	0	0	0	0	0	0	0	0	1	0	0
암튼 종교가 문제야	0	0	0	0	0	0	1	0	0	0	0
야 씨발 저기 들어가서 댓글 단 새끼중에 어떤놈블로그 들어가보니 방학이네 뭐네하는거보니 급식충인것 같다일베에 급식충 많다더니 진짜였노	0	0	0	0	1	0	0	0	0	0	0
윾시 좆국에서만 웅앵대는거지 전세계는 좆국의 편파수사에 대해 객관적으로 정확히 인지하고 있다 이기야 좆국은 세계에서 도태될 날도 얼마 남지 않았노	0	0	0	1	0	0	0	0	0	0	0
게임속 성차별해결	0	0	0	0	0	0	0	0	0	1	0
씨발 뒤졌어야되는데 아깝네 저 개념밥말아먹은 급식충새끼가 무슨깡으로 차에다 들이받노	0	0	0	0	1	0	0	0	0	0	0
세상에서 중국과 무슬림만 없어져도 세계분쟁 절반이상이 해결될텐데	0	0	0	1	0	0	0	0	0	0	0
애새끼 보는 앞에서 애미년 싸다구를 후려버리지 아 시빨년 난 이런 맘충들 진짜 상상만 해도 죽여버리고 싶다	1	0	0	0	0	0	0	0	0	0	0
페미는 성별이 아닌디요 기렉님아	0	0	0	0	0	0	0	1	0	0	0
이재명 스타일이 필요해 강제	0	0	0	0	0	0	0	0	0	1	0
전라도 것들은 암변함	0	0	0	0	0	1	0	0	0	0	0
10만 매독	0	0	0	0	0	0	0	0	0	1	0
싹다보내고 남남으로 신경끄고 살자 물런 군사적 위협만 제거하고 이스라엘이 팔레스타인 조지듯 그게 답이다	0	0	0	1	0	0	0	0	0	0	0
튀기니 뭐니 해도 조선민좆보다는 나음	0	0	0	1	0	0	0	0	0	0	0
슨상교 미만잡	0	0	0	0	0	1	0	0	0	0	1
그냥 잘라서 개 줘라 개도 안먹을라나	0	0	0	0	0	0	0	0	1	0	0
여중생 운동부하면 감독이 하루에 한명씩 골라가면서따먹었다더라 감독왈 여자들 감독할려면 한번씩 따먹어야 말잘듣는다고근데 이게 알고보니 관습이였음	1	0	0	0	0	0	0	0	0	0	0
쉬벌 좀비영화 찍지말고 무슬림으로 대체해라 현실성있고 더 무섭다	0	0	0	1	0	0	1	0	0	0	0
씨발 자지새끼들이 똥꼬충처럼 겨털 미는거보면 헛구역질이 나온다	0	0	1	0	0	0	0	0	0	0	0
6 더치페이 안 하던 김치녀 역관광 9 이딴 영상 좋아하게 생겼노	0	0	0	0	0	0	0	0	1	0	0
예쁜똥꼬충에다가 안전하기까지하면 난찬성	0	0	1	0	0	0	0	0	0	0	0
김치녀들에게 가장 알맞는건 갓슬람밖에없음 일도 하기싫고 힘든거 하기싫으면 갓슬람믿어야제	1	0	0	0	0	0	0	0	0	0	0
성령게이야 썰 풀어라	0	0	0	0	0	0	0	0	0	1	0
베이컨이구만	0	0	0	0	0	0	0	0	0	1	0
어차피 일베망했어	0	0	0	0	0	0	0	0	0	1	0
페이크 뇌피셜 찌라시에 돈버리고 시간까지 낭비한 게이	0	0	0	0	0	0	0	0	1	0	0
최홍만이랑 야오밍이랑 쓰리썸하라그래 미친년들	1	0	0	0	0	0	0	0	0	0	1
기독교 수준	0	0	0	0	0	0	1	0	0	0	0
와씨발 와꾸 뭐냐	0	0	0	0	0	0	0	0	1	0	0
갱뱅의 도시	0	0	0	0	0	1	0	0	0	0	0
애기한테 뽀뽀를 하고 있노	0	0	0	0	0	0	0	0	0	1	0
비행기타고 날아갈 시간에 좆크기 늘리는 방법이나 연구하지 역시 세계망신은 한남틀딱이 다 시키노	0	1	0	0	1	0	0	0	0	0	0
에휴 한숨밖에안나온다 시발 이런거 볼때마다 살기싫어진다	0	0	0	0	0	0	0	0	1	0	0
게이에서 원래 트젠되는거다 그리고 잘생긴애들 많음	0	0	1	0	0	0	0	0	0	0	0
이재철 목사님 목회 하실때 벽이랑 문이 다 유리였다는 얘기도 들었는데 밖에서도 다 보이게 그만큼 이성문제나 돈문제 철저하셨다고	0	0	0	0	0	0	0	0	0	1	0
번식성 존나 좋네	0	0	0	0	0	0	0	0	1	0	0
역시 전라도 구만	0	0	0	0	0	1	0	0	0	0	0
다문화척결은 삼베 받으시오	0	0	0	1	0	0	0	0	0	0	0
제1 아프리카 소대는 행군을 멈추지 않는다	0	0	0	0	0	0	0	0	0	1	0
문정권이 아무리 못해도 토착왜구당이 하는 짓보다는 낫지요	0	0	0	1	0	0	0	0	0	0	0
대구로 수도를 옮겨야된다	0	0	0	0	0	0	0	0	0	1	0
앞으로는 다르다한반도 전쟁 났다하면 일단 전방은 현역이 후방은 전라도를 제외한 예비역이 맡아 전라도 인종청소 확실히 들어간다	0	0	0	0	0	1	0	0	0	0	0
탈북하면서 남자 좆맛 많이 봤을듯	1	0	0	1	0	0	0	0	0	0	0
노잼노잼 어인정 홍어	0	0	0	0	0	1	0	0	0	0	0
좆족새끼 어휴 씨발가만보면 지능도 한참 모자라보이긴해	0	0	0	1	0	0	0	0	0	0	0
살면서 걸러야 할 새끼들알라 믿는 새끼예수 믿는 새끼짱깨 빠는 새끼슨상 빠는 새끼 호남 출신 새끼그리고 우리 일게이들	0	0	0	1	0	0	0	0	0	0	1
둘다 병신이네 그냥	0	0	0	0	0	0	0	0	1	0	0
변하사같은사람이 태어나지않았으면하는바램입니다 그한사람으로인해여러사람 피해를입는다는사실을 직시해야만합니다	0	0	1	0	0	0	0	0	0	0	0
안묻혔는데 일베충들 지들끼리 묻혔다고 음모론 펼치는 중	0	0	0	0	0	0	0	1	0	0	0
태반에 그라목손 묻혀서 주면 그게 아주 꿀맛이라고 하노	0	0	0	0	0	0	0	0	1	0	0
교회가 이 사회에 미치는 악영향 특히 개목사들이 문제	0	0	0	0	0	0	1	0	0	0	0
응원합니다 주님 지켜주시고 보호해 주세요	0	0	0	0	0	0	0	0	0	1	0
저문장을 이상하게 해석하는인간들 때문에 공천자격시험 해야된다니깐 틀딱새끼들은 제발 유효타라도 줄만한 공격을 좀 해봐라 이러니까 점점 외면받지	0	0	0	0	1	0	0	0	0	0	0
저런 개슬람새끼들은 2차대전 독일나치시절 처럼 잔혹하게 다뤄야 고분고분 말 잘 듣는다	0	0	0	0	0	0	1	0	0	0	0
훳훳훳 자취경찰제해야되지 않겠슘미꽈아아아아	0	0	0	0	0	0	0	0	0	1	0
이슬람 저딴식으로 할거면 못들어오게 해야 한다	0	0	0	1	0	0	1	0	0	0	0
지금 이나라에있는 파퀴 방글라 무슬림 새끼들 즉각추방하지 않는다면 똑같이 된다 동남아거지새끼 조선족도 추방시켜야한다	0	0	0	1	0	0	0	0	0	0	0
비루하노 이기이기	0	0	0	0	0	0	0	0	1	0	0
전라도 홍어들은 저희들 서식하는곳도 그렇지만 나아가 국가전체를 망하게 함중국바퀴들은 외적이니 처리가 쉬울 수 있지만 이것들은 내부의 적이니 국가적으로 폐해가 더 큼	0	0	0	1	0	1	0	0	0	0	0
한복이 사실 졸라 섹스한건 치마가 젖까지 덮어서 사실상 치마속으로만 들어가면 한방에 젖까지 올인원패스가능하다는 사실이야 응 뭐 그렇다고	0	0	0	0	0	0	0	0	1	0	0
대통이 시원챦으면 총리라도 똑부러져야는데 둘 다 어리버리니 불안하다	0	0	0	0	0	0	0	0	0	1	0
조선년들 난민한테 당했으면 좋겠다	1	0	0	0	0	0	0	0	0	0	0
네다음 뿔태안낀다고 자기가 잘생긴줄착각하는 존못들	0	0	0	0	0	0	0	0	1	0	0
적화통일부의 영향아래에 있는 탈북자들	0	0	0	1	0	0	0	0	0	0	0
이중에 일베하는 난민이 보고 고소할수도있다 조심해	0	0	0	1	0	0	0	0	0	0	0
잘 왔노 요즘은 윾입을 위해서 안 패는 쪽임	0	0	0	0	0	0	0	0	0	1	0
전라도새끼들은 저돈 못받으면 이명박근혜 탓할거 부터 찾아봄	0	0	0	0	0	1	0	0	0	0	1
곧 배때지가 가리겠노 오예	0	0	0	0	0	0	0	0	0	1	0
바꿔말하면 필요한거 다 스폰해준다는 거다 의식주 교통 통신비 등등	0	0	0	0	0	0	0	0	0	1	0
이거 인터넷에 많이 퍼트려라 좋은자료다	0	0	0	0	0	0	0	0	0	1	0
한남충이라고 불리우는데는 이유가 있었네	0	1	0	0	0	0	0	0	0	0	0
대한민국 반공과 똥꼬충을 막을 최후의 보루는 금란교회라는 말이 있지 좋던 싫던 빨갱이들이 스멀스멀 기어나오면 기가 막히게 알아채서 막는게 한기총이지	0	0	1	0	0	0	0	1	0	0	0
차별금지법 반드시 막아냅시다 반대입니닥	0	0	1	0	0	0	0	0	0	0	0
그래서 개독을 안믿어요 목사가 세습은 개돼지 개한민국에만 있다	0	0	0	0	0	0	1	0	0	0	0
도대체 삼청교육대 는 언제부활하는거냐	0	0	0	0	0	0	0	0	0	1	0
가장 기대되는 싸움임이슬람과 중국의 싸움 가장 잼있는 싸움이 될것이고 가장 잔인하고 거대한 전쟁이 될것 같음진핑이와 알라신의 싸움임인간의 왕과 신의 대결이라고 보면됨노무 기대 된다 반드시 성사되길 바람	0	0	0	1	0	0	0	0	0	0	0
안기부 저리가라네	0	0	0	0	0	0	0	0	1	0	0
젠더 동성애 문제다	0	0	1	0	0	0	0	0	0	0	0
조선족군대입대 이런거나기사써라 매국노	0	0	0	1	0	0	0	0	0	0	0
엽기적이네요 추악한	0	0	0	0	0	0	0	0	1	0	0
자국인이 외국인한테 줘터져 맞는데도 주위에서 멀뚱멀뚱 구경만 하는 병신한국인들	0	0	0	1	0	0	0	0	0	0	0
왜 초등학생도 고등학생도 아닌 좆중딩들이 제일 악질인걸까	0	0	0	0	1	0	0	0	0	0	0
나도 생리컵으로윾입됐노 생리컵꿘년 고맙노이기 껄껄	0	0	0	0	0	0	0	0	0	1	0
Alhamdullah	0	0	0	0	0	0	0	0	0	1	0
안맞는거같으면 그냥 대강면접보고 안뽑으면 됐을걸 사장이 멍청한듯 자업자득이다 이놈아	0	0	0	0	0	0	0	0	1	0	0
화력개털렸네 이미점령당했어	0	0	0	0	0	0	0	0	0	1	0
야 벌써부터 가슴이 뛴다	0	0	0	0	0	0	0	0	0	1	0
나중에 코로나 물러나고 신천지 교회먹으면 옆에서 응원해주고 싶네요 망할 교회들 다 신천지에게 먹혀라	0	0	0	0	0	0	1	0	0	0	0
조선인은 근친으로 생겨난 똥꼬충임	0	0	1	1	0	0	0	0	0	0	0
블랙 수면방 진짜 끔찍하던데 축제랍시고 또 몰려갈것같다	0	0	1	0	0	0	0	0	0	0	0
저새끼 내일 뒤지려나보노 진정한 페미니스트는 재기하는 남성뿐이라는 걸 꺠달은 저 초연한 표정 봐라이기 껄레껄레	0	1	0	0	0	0	0	0	0	0	0
난 결혼은 하기 싫은데 나닮은 아들은 갖고싶다	0	0	0	0	0	0	0	0	0	1	0
으 좆팔 똥내오져벌이노	0	0	0	0	0	0	0	0	1	0	0
옥주현이 방송가에서 홍어 카르텔에 얼마나 괴롭힘 당했겠냐 안 봐도 비디오	0	0	0	0	0	1	0	0	0	0	1
착한 광주 사람들	0	0	0	0	0	0	0	0	0	1	0
애를못키우겟으면 차라리 입양보내던가	0	0	0	0	0	0	0	0	0	1	0
에여 씨발 정육점도아니고 개좆같네 나라 망신이여	0	0	0	0	0	0	0	0	1	0	0
저딴 사진 당당히 올리는것도 권력이노 저런 핵좆빻은 사진을 올려도 괜찮다고 생각할만큼 사회가 냄져를 올려쳐줘서 저러는거노 후팔 동물새끼들이	0	1	0	0	0	0	0	0	0	0	0
원래 종교가 사업장이구 영업장아니냐	0	0	0	0	0	0	1	0	0	0	0
메이가 대충 보고 간 이유가 나왔네	0	0	0	0	0	0	0	0	0	1	0
종교로써 이슬람은 평화인데이념으로써 이슬람은 맹목이지	0	0	0	0	0	0	1	0	0	0	0
온 나라가 나서 메갈 청소하는 날이 와야 한다	1	0	0	0	0	0	0	0	0	0	0
망혼해도 여자야 여자후려치지마가 제일 이해안되노 망혼한흉자는 미안하지만 한남과 다를바없노 비혼비출산련들이랑만 평생갈꺼노	1	1	0	0	0	0	0	0	0	0	0
제발 나라가 나라다워 지길	0	0	0	0	0	0	0	0	1	0	0
한국교회 전체를 세우시는 세움총회 기대되고 기도합니다	0	0	0	0	0	0	0	0	0	1	0
이젠 처녀막재생수술처럼남자도 여자만나기전 핸폰번호 바꿔야하노	1	1	0	0	0	0	0	0	0	0	0
탄핵파 이새끼들이짱깨 랑 메갈 알바 쓰는거임	1	0	0	1	0	0	0	0	0	0	0
다혜 이쁘노	0	0	0	0	0	0	0	0	0	1	0
돼지년들 무서워서 밖에 다니겠냐 몰카존나찍네	1	0	0	0	0	0	0	0	0	0	0
미리 거를 수 있었다는 점에서 감사해야지	0	0	0	0	0	0	0	0	0	1	0
특권의식이라도 갖고 있나	0	0	0	0	0	0	0	0	1	0	0
17년 글 정독중인데 그때랑 똑같아졌노	0	0	0	0	0	0	0	0	1	0	0
직군들 씹걸레인데 왜없노	0	0	0	0	0	0	0	0	1	0	0
미개한 로스께들이 사탄의 밥이 되었군	0	0	0	1	0	0	0	0	0	0	0
깔깔깔깔깔깔깔깔깔깔깔깔깔깔깔깔깔깔깔깔깔깔깔깔깔깔깔깔깔깔깔깔깔깔깔깔깔깔깔깔깔깔깔깔깔깔깔깔깔깔깔깔깔깔깔깔깔깔깔깔깔깔깔깔깔깔깔깔깔깔깔깔깔깔깔깔깔깔깔깔깔깔깔깔깔깔깔깔깔깔깔깔깔깔깔깔깔깔깔깔깔깔깔깔깔깔깔깔깔깔깔깔깔깔깔깔깔깔깔깔깔깔깔깔깔깔깔깔	0	0	0	0	0	0	0	0	0	1	0
당구 잘 치겠노	0	0	0	0	0	0	0	0	0	1	0
니들의 든든한 하나님은 정부시책에 나몰라라하는 생각없는 잡것들에겐 관심없단다	0	0	0	0	0	0	1	0	0	0	0
참 아이러니하다	0	0	0	0	0	0	0	0	0	1	0
transejender	0	0	0	0	0	0	0	0	0	1	0
오또케스트라 페미들이 꾸역꾸역 와서 보고갔구나	1	0	0	0	0	0	0	0	0	0	0
개대지보다 지능이 낮노	0	0	0	0	0	0	0	0	1	0	0
자집애들은 세상살기 참 편하노 후팔	0	1	0	0	0	0	0	0	0	0	0
하여튼 다들 자지오패스다이기야	0	1	0	0	0	0	0	0	0	0	0
사건의 전말	0	0	0	0	0	0	0	0	0	1	0
딱보니 조선족은 전라인보다 독해 보인다	0	0	0	1	0	1	0	0	0	0	0
틀딱은 산업화 라도 시켜주지만 식판충새끼들은 노잼	0	0	0	0	1	0	0	0	0	0	0
배달대행업체랑 배달전문점 운영한다전원 경차로 배달하고있음 400에서 800정도 가져들간다머가리가 좋은놈은 뭘해도 낫더라힘들고 고된일인건 사실이다만 노가다보다는할만하다재미있게들 일한다	0	0	0	0	0	0	0	0	0	1	0
인도 인구가 더 많자나 둘이 비슷한 수준끼리 싸워봐	0	0	0	0	0	0	0	0	0	1	0
어메이징 라도	0	0	0	0	0	1	0	0	0	0	0
다문화가정들 나라에서 돈퍼주니 기고만장하네씨발 촌놈병신들이 똥남아년들 데리고 와서는한국을 개잡종으로 만들고 있다	0	0	0	1	0	0	0	0	0	0	0
네 다음 변태	0	0	0	0	0	0	0	0	1	0	0
난민으로 쳐 오면 밥안주냐고 지랄할 씹새끼들이	0	0	0	1	0	0	0	0	0	0	0
그래서 경북머	0	0	0	0	0	0	0	0	0	1	0
트젠은 무슨 지들 행사때 왜 바지 입고 정장 입고 돌아 다니려고 하지 않는가 왜 커트머리 하지 않고 기르는가	0	0	1	0	0	0	0	0	0	0	0
정상 작동 하네	0	0	0	0	0	0	0	0	0	1	0
똥송한새끼들한테 명령들으려면 좆같겠노	0	0	0	1	0	0	0	0	0	0	0
한국에서도 짱깨새끼들한테도 사람취급 못받는기생충만도 못한 쓸모없는 씹새끼들	0	0	0	1	0	0	0	0	0	0	0
워렌버핏 말이 생각나네 주위에 출세한 사람들이 가족을 정작 챙기지 못해 불행한 말년을 보내는 이를 자기는 봐 왔다고	0	0	0	0	0	0	0	0	0	1	0
통베충새끼들 대한민국에서 안씹는게 없구나	0	0	0	0	0	1	0	0	0	0	0
홍어새끼들 비추박은거 보소	0	0	0	0	0	1	0	0	0	0	0
부시 존잘이네	0	0	0	0	0	0	0	0	0	1	0
저거 부대마크도 나오면 고발가능한데	0	0	0	0	0	0	0	0	0	1	0
정확히 애기하면 존잘한테 돈쓰는게 아니라자기가 꿈꾸는 이상적인 이미지에 돈을 쓰는거임존잘이여도 여자가 본인이 생각하는 이미지가 깨지면돈쓰다가도 안씀	0	0	0	0	0	0	0	0	0	1	0
매드맥스당	0	0	0	0	0	0	0	0	0	1	0
남자흉내내는걸 페미니즘이라고 하는거 자체가 모순	1	0	0	0	0	0	0	0	0	0	0
이래서 자지는 아묻따 낙태해야되노	0	1	0	0	0	0	0	0	0	0	0
참 별 지랄같은걸로	0	0	0	0	0	0	0	0	1	0	0
똥푸산 새끼들 저런거 왜 안하나했다	0	0	0	0	0	1	0	0	0	0	0
홀리워터갓의 가호가 필요하다	0	0	0	0	0	0	0	0	0	1	0
세계분란은 다 일으키고 다니면서	0	0	0	0	0	0	0	0	0	1	0
어우 더러워 똥꼬충들	0	0	1	0	0	0	0	0	0	0	0
이렇게 할말이 없어지긴 오랜만이노	0	0	0	0	0	0	0	0	0	1	0
하루 100명씩 광화문 광장에서 교수형 시키는거 법으로 제정해야 함	0	0	0	0	0	0	0	0	1	0	0
팬티가 너무 젖어서 벗어 버렸다	0	0	0	0	0	0	0	0	1	0	0
돈 되겠네	0	0	0	0	0	0	0	0	0	1	0
한국남자는 남자도 아니고 똥꼬충과 같은 끔찍한 돌연변이다	0	1	1	0	0	0	0	0	0	0	0
Bgjykyk	0	0	0	0	0	0	0	0	0	1	0
성경을 읽고있기는 한데 그거달라고 간수들한테 행패부렸다는건 모르나부네 그냥 읽고있는건지 진짠지는 아무도모른다 착각질은그만	0	0	0	0	0	0	0	0	0	1	0
돼지고기 안들어간 맛난음식이 가득한데 남의나라에서 할랄타령하노	0	0	0	1	0	0	1	0	0	0	0
틀딱들 참여한다	0	0	0	0	1	0	0	0	0	0	0
개독이랑 똥꼬충이랑 자폭해라	0	0	1	0	0	0	1	0	0	0	0
원래 남자가 버릇없이 혼자 그런 거 먹고 다니는 거 아니다	0	1	0	0	0	0	0	0	0	0	0
여경대거 배치하는건 맞지 한여름에 뒤져봐라 여경씹년들	1	0	0	0	0	0	0	0	0	0	0
캬 멋지게 사네 가카맨키로	0	0	0	0	0	0	0	0	0	1	0
한남충들은 실좆인만큼 반비례해서 성욕이넘치는듯	0	1	0	0	0	0	0	0	0	0	0
나도 기독교 이지만 오라고 한다고 교회를 가는 성도들도 참 한심하다 이해가 안되는 시츄에이션 입니다	0	0	0	0	0	0	1	0	0	0	0
똥꼬충들은 에이즈 전파 주범이므로 질병관리 예방 차원에서라도연쇄살인마에 준하는 형벌을 가해야 한다고 본다	0	0	1	0	0	0	0	0	0	0	0
문재인찍고 토착왜구 물러나라 잘하게보이던데	0	0	0	1	0	0	0	0	0	0	0
국제결혼도 한몫한다봄 똥남아여자랑 결혼을 왜하는거냐	0	0	0	1	0	0	0	0	0	0	0
한국인이라면 태어날때부터 반중감정을 타고 남 학창시절에 같은 반에 못 생긴 애 놀릴때 중국인이라고 놀리는거처럼 누가 가르쳐주지 않아도 다들 중국에 대한 거부감과 혐오감을 느낌	0	0	0	1	0	0	0	0	0	0	0
레바논을 기역해라 기독교국가였던 나라가 이슬람이 들어오고 난 다음에 어떻게되었는지 지금은 내전으로 지옥이 되었다	0	0	0	0	0	0	1	0	0	0	0
구웨엑 토나온다이기 뭔놈의 조팔 2002년감성 도돌이표 지겹지도않나 지능이 장애수준이노	0	0	0	0	0	0	0	1	0	0	0
이래서 똥꼬충을 전부다 박멸해야한다는것이노 이기이기 꽁꼬충뒤져라이기야	0	0	1	0	0	0	0	0	0	0	0
뭐라도 주고 싶은데 일베는 안받아서 민주화줄께	0	0	0	0	0	0	0	0	0	1	0
인민 사상검증도 아니고 충격적이다 좆같은 세상	0	0	0	0	0	0	0	0	1	0	0
꼭 천국은 가야겠다 하시면 천주교 를 통해서 가세요 개독교 는 아닙니다	0	0	0	0	0	0	1	0	0	0	0
메갈메갈 민주화는 메오후다	1	0	0	0	0	0	0	0	0	0	0
씨발 개슬람 새끼들 좆미개	0	0	0	0	0	0	1	0	0	0	0
나랑 사귀자	0	0	0	0	0	0	0	0	0	1	0
하튼 우리는 당신들과 다르지않아요 하면서 일반인 코스프레는 오지는데 좀만 지들 심사에 뒤틀리면 소수자라 공격당한다며 피해자 코스프레는 오지지	0	0	1	0	0	0	0	0	0	0	0
설라도 관례인데 어쩌겄노	0	0	0	0	0	1	0	0	0	0	0
저새끼 짱깨집 혼자 배달해주고 그릇까지 찾아봐야 정신차리지	0	0	0	1	0	0	0	0	0	0	0
이젠 당당해졌어 씨발 빨리 이민가야지	0	0	0	0	0	0	0	0	1	0	0
2011년 6인조 밴드 걸그룹으로 데뷔 후 탈퇴2015년 2인조 걸그룹으로 재데뷔24세라는데 만 나이일테니 92년생동거중인 남자친구와 같이 재배하고 흡연	0	0	0	0	0	0	0	0	0	1	0
여자라고 치마를 입으라는것이 아니다 그논리면 남자라고 바지를 입어야한다는 논리와같다 남자들도 반바지에 티셔츠입고 출근하고싶다	0	0	0	0	0	0	0	0	0	1	0
역시 극좌파 pc 주의자들	0	0	0	0	0	0	0	0	1	0	0
운영자한테 말해서 본문에 청원 링크 박아라	0	0	0	0	0	0	0	0	1	0	0
안전하고 은혜로운 기도회가 되길 바랍니다	0	0	0	0	0	0	0	0	0	1	0
짱퀴벌레들 다 기어나오노	0	0	0	1	0	0	0	0	0	0	0
이제 일본이랑 우리나라빼곤 어디 돌아다니기 겁남	0	0	0	0	0	0	0	0	0	1	0
꽃이아니라 꽃뱀같다	1	0	0	0	0	0	0	0	0	0	0
둘째짤까지 보는데도 암 초기증상 나타나서 스크롤 쭉내렸다	0	0	0	0	0	0	0	0	1	0	0
세상이 미쳤네 교육할것이 없어서 동성애를 교육	0	0	1	0	0	0	0	0	0	0	0
쟤네들 다 달러챙겨왔을텐데	0	0	0	0	0	0	0	0	0	1	0
쌍도가 최강이노	0	0	0	0	0	1	0	0	0	0	0
섹스리스라 외도를 하는게 아니라외도를해서 섹스리스가 되는거그게 불륜이든 업소든	0	0	0	0	0	0	0	0	0	1	0
1박2일 아직 하냐	0	0	0	0	0	0	0	0	0	1	0
이거 보고 안철수 찍는다	0	0	0	0	0	0	0	0	0	1	0
2000년대에도 저렇게 선동 기가막히게 먹혔는데80년대 518때는 가관이었겠다	0	0	0	0	0	1	0	0	0	0	0
지랄이 풍년이네 다 꺼졌으면	0	0	0	0	0	0	0	0	1	0	0
좆족새끼들은 제발 좀 죽어	0	0	0	1	0	0	0	0	0	0	0
이건 진짜 충격적이었노 이기	0	0	0	0	0	0	0	0	0	1	0
지금바로 디지고 니네들이 말하는 천국가면 되겠네	0	0	0	0	0	0	1	0	0	0	0
난밟아서 뒈진줄알았는데	0	0	0	0	0	0	0	0	1	0	0
물질이 채워지기를 기도합니다	0	0	0	0	0	0	0	0	0	1	0
에휴 너련 실베에서 똥퍼오느라 고생이 많노	0	0	0	0	0	0	0	0	1	0	0
그거 직무유기 발언부분좀 올려주라	0	0	0	0	0	0	0	0	0	1	0
소주 5병 마시고 인사불성 되도 불가능	0	0	0	0	0	0	0	0	0	1	0
막짤자꾸 잘생겻다고 하는데 애미애비뒤진 개슬람새끼는 잘생겨봣자 개슬람일뿐이야 씨발년들아	0	0	0	0	0	0	1	0	0	0	0
갈라치기하려는 꼼수	0	0	0	0	0	0	0	0	1	0	0
아재개그가 외국에서도 통하냐	0	0	0	0	0	0	0	0	0	1	0
난 안철수 찍었는데	0	0	0	0	0	0	0	0	0	1	0
하여튼 씨발 김치새끼들 인프라는 좆도안되면서 서구권에서 한다면 무턱대고 따라가요	0	0	0	1	0	0	0	0	0	0	0
머가리에 진짜 들은거없나봄 말이되는소리를 좀하지	0	0	0	0	0	0	0	0	1	0	0
고소하면 되는데 뭐	0	0	0	0	0	0	0	0	0	1	0
같은 영국인인 살만 루시디처럼 개슬람 새끼들한테 또 오랫동안 살해협박에 시달릴지도 모르겠군	0	0	0	0	0	0	1	0	0	0	0
온가족들이 정신병자들이네	0	0	0	0	0	0	0	1	0	0	0
이건 옛날 소작농들이 간도땅가듯한국에서 최고 밑바닥 최하층민들이유행처럼 아메리카드림 품고 개나소나 기어들어 갔으니 그렇지그렇지만 대부분은 미국가서도 현실은 시궁창이지만	0	0	0	0	0	0	0	0	1	0	0
천주교와 기독교는 이 두 종교가 사라질때까지 까야 됨너무 많은 악행들을 저질러 왔음	0	0	0	0	0	0	1	0	0	0	0
성매매 피해자분들이시다저정도 보상은 해줘야지	0	0	0	0	0	0	0	0	0	1	0
맘충년들의 로망 장노도	1	0	0	0	0	0	0	0	0	0	0
저건 앢윾보수다 앢윾보수	0	0	0	0	0	0	0	1	0	0	0
스윗 오타인줄 알았는데 스윙 맞네	0	0	0	0	0	0	0	0	0	1	0
김치와 틀탁은 뒤져야 한다는게 여기서 나오네	1	0	0	0	1	0	0	0	0	0	0
200이면 하룻밤 보짓값으로 벌 수 있는거 아니냐	1	0	0	0	0	0	0	0	0	0	0
보지들에게 투표권이니 참정권 따위 권리를 주니까 이런 일이 벌어지는 거임명심해라 가축에게 권리는 없다	1	0	0	0	0	0	0	0	0	0	0
특이점은 온다	0	0	0	0	0	0	0	0	0	1	0
동성애자 두둔좀 그만하시요 이나라세금 다축나겠으니	0	0	1	0	0	0	0	0	0	0	0
무슬림 잡아다 삼일 굶겨놓고 눈 앞에서 삼겹살 구워다가 입에 들이밀면 어떤 반응을 보일까	0	0	0	1	0	0	1	0	0	0	0
그냥 다 지 하고싶은데로	0	0	0	0	0	0	0	0	0	1	0
아따 우덜 고장으 미풍양속 세시풍속 생활스뽀쓰인데외지인들이 겁박하려 한당게슨상님 계실즉엔 이런일 읎었는디	0	0	0	0	0	1	0	0	0	0	1
45년은 좀 에바다	0	0	0	0	0	0	0	0	0	1	0
하 씨발 진짜 저새끼 누가 안죽여주나	0	0	0	0	0	0	0	0	1	0	0
나련도 사회전체를 분해해서 생각하는 것에 익숙했는데	0	0	0	0	0	0	0	0	0	1	0
솔직히 2000년대 제일 파급력 큰 한국정치인은이인제 저 씹새끼일듯	0	0	0	0	0	0	0	0	1	0	0
역시 찐따는 화낼때도 좀 찐따 같음	0	0	0	0	0	0	0	0	1	0	0
부캐동원 2유감	0	0	0	0	0	0	0	0	0	1	0
이세상에 중국인 이슬람 새끼 아프리카 새끼들은 없어져야함	0	0	0	1	0	0	0	0	0	0	0
그게 왜 맘충이야 적당히 갖다붙여야지	0	0	0	0	0	0	0	0	0	1	0
인공적인건 언젠가는 도태되는게 자연의 섭리 호랑이가 채식한다고 토끼가 될수는 없다	0	0	0	0	0	0	0	0	0	1	0
쟤 월드컵 독일전 후로 테러 엄청 당하던데 불쌍하드라	0	0	0	0	0	0	0	0	0	1	0
똥꼬충들은 외국으로 가라 역겹다	0	0	1	0	0	0	0	0	0	0	0
아진짜 시발새끼들	0	0	0	0	0	0	0	0	1	0	0
기독교도 목사 금혼과 교회 사유화 금지 시켜야 한다 죄다 돈독이 올랐어	0	0	0	0	0	0	1	0	0	0	0
진짜 목사님이시네요	0	0	0	0	0	0	0	0	0	1	0
으 씨팔 역겨운 호모새끼	0	0	1	0	0	0	0	0	0	0	0
뉴스도나오고 세상망신 돈 몇푼에인생 잼있겠다	0	0	0	0	0	0	0	0	1	0	0
중국이 사라지지 않는한 다른 돌연변이가 나올꺼임	0	0	0	1	0	0	0	0	0	0	0
굴러온 틀니가 박힌 일게이들 빼내노	0	0	0	0	1	0	0	0	0	0	0
색눌당 클라스 좆꼴페미당	1	0	0	0	0	0	0	0	0	0	0
어차피 정지시켜도 또만들고 또만들고 유튜브로 돈안벌어도 투네이션으로 돈땡겨서 이제 정지시켜도 의미없는거같다	0	0	0	0	0	0	0	0	1	0	0
봇이 3일에 한번 타작	1	0	0	0	0	0	0	0	0	0	0
노무쿤 역겹게 생겼노 하루빨리 재기시켜라이기야	0	0	0	0	0	0	0	0	1	0	0
십자가보면 태극기가 연상되지	0	0	0	0	0	0	0	0	0	1	0
탁구공 몇개까지 가능할까	0	0	0	0	0	0	0	0	0	1	0
안철수가 한 수 위네	0	0	0	0	0	0	0	0	0	1	0
저때는 군인 아저씬데 지금은 같은나이인데도 시발 그냥병신애새끼똥송충들 전쟁이고 나발이고 밟으면 흐에엥 하고 질질 짤것같은 새끼들	0	0	0	1	0	0	0	0	0	0	0
2베 그리고 그 정도로 쓸 수 있으면 토플 라이팅 못해도 20이상은 받는 문장력임	0	0	0	0	0	0	0	0	0	1	0
안예쁜 자댕이들은 갈좆구멍이랑 짜장후장에 톱이랑 연필 백개씩 쑤셔놓고 죽여버리고 싶다	0	1	0	0	0	0	0	0	0	0	0
불쌍한 마약상에게도 지원금 줘라 씨발롬들아	0	0	0	0	0	0	0	0	1	0	0
열등감 가득한 돼지들	0	0	0	0	0	0	0	0	1	0	0
급식충새끼들보다 저양놈새끼가 우리나라 더 잘알거다	0	0	0	1	1	0	0	0	0	0	0
맛있겠다 잘 먹어	0	0	0	0	0	0	0	0	0	1	0
낙태도 엄청해대고	0	0	0	0	0	0	0	0	0	1	0
배현진 크런치	0	0	0	0	0	0	0	0	0	1	0
나의 오함마를 가져오너라	0	0	0	0	0	0	0	0	0	1	0
이제 다문화애들이 절반인 시대가올텐데 그때가서도차별이될까	0	0	0	1	0	0	0	0	0	0	0
그러니깐 외국사는 새끼들이 한국와서 존나 잘먹고 잘사는거 아니냐 맨날 밤늦게 새벽까지 술처먹고 돌아댕겨도 안전한 나라가 한국말고 또 있냐 이미 거기서 끝임	0	0	0	0	0	0	0	0	1	0	0
이건 노키즈가 아니고 개념상실부모 출입금지라 봐야 한다	0	0	0	0	0	0	0	0	0	1	0
이러나 저러나 빡대가리 어린 김치년들은 사기쳐먹기 딱 좋은 대상인듯	1	0	0	0	1	0	0	0	0	0	0
존나 열받네 진짜 씨발 필리핀년	0	0	0	1	0	0	0	0	0	0	0
역시 냄져가 못벌면 보지대장이 푼돈에 집착하게 되노	0	1	0	0	0	0	0	0	0	0	0
대림동 이슬람 애들 없단다 100프로 짱깨지 팩트만 적어라 카더라식으로 적어놓지 말고	0	0	0	1	0	0	1	0	0	0	0
키크고 잘생긴 젊은 우파가 많아져야 함 1년에 여자 10명씩은 전향 시킬 수 있다 나는 올해 3표 확보 했다	1	0	0	0	0	0	0	0	0	0	0
저긴시발오나홀 야동 야애니 야겜 망가 다 있고낙원이야	0	0	0	0	0	0	0	0	1	0	0
시대가 달라졌고 생각은 그보다 훨씬 큰 폭으로 바뀌었음	0	0	0	0	0	0	0	0	0	1	0
문재인이 개슬람을 옹호합니다	0	0	0	0	0	0	1	0	0	0	0
랟펨 동아리 멋지노	0	0	0	0	0	0	0	0	0	1	0
다들 그렇게 사이좋게 자폭 했으면	0	0	0	0	0	0	0	0	1	0	0
이래서 난민 개슬람새끼들은 안 돼	0	0	0	1	0	0	1	0	0	0	0
고려장이 답이노 늙은 자댕이는 추잡하고 냄새나고 썩은내밖에 안나노 자댕이가 주름살이 지는 나이까지 살아있는게 정상적인 사회는 아니노	0	1	0	0	1	0	0	0	0	0	0
누가보면 한국이 저년잡고있는지알겠네 어서이상한게 한국에기어들어와서 별참	0	0	0	1	0	0	0	0	0	0	0
북핵이냐 채가넘 문제냐	0	0	0	0	0	0	0	0	0	1	0
아니씨발 꼭 티를내요 좋으면니들끼리몰래하세요 씨발련들아 뭘존중해달라느니이해하달라느니개소리쳐싸지말고 진짜로 제 눈앞에 나타난다면 맥주병으로 대가리 존나 깨드리겠습니다 게이씨발련들아	0	0	1	0	0	0	0	0	0	0	0
게이샛기들 사용하는 방법은 딱 하나임 수용같은곳에 싸그리 정조대 채워서 쳐넣고 문재인 이인영 이런 좌빨갱이들 묶어서 그날하루만 정조대 빼줘야함	0	0	1	0	0	0	0	1	0	0	1
코로나 독감	0	0	0	0	0	0	0	0	0	1	0
비종교인으로써 이런 사람이 참된 종교인 참된 목사라 생각합니다	0	0	0	0	0	0	0	0	0	1	0
틀딱이 요즘시대 처신방법을 모르네년들은 그림자 처럼 취급해야하는데그럼 지가 알아서 이건 어떻게 합니까 하고 물어보려고붙는다아님 아예 쌩까고 살면됨	0	0	0	0	1	0	0	0	0	0	0
반중 사상 강화해서 조선족과 오짱들은 모조리 척결해야한다	0	0	0	1	0	0	0	0	0	0	0
신천지들 보내서 다 포섭해라 이슬람보단 낫겠지	0	0	0	0	0	0	1	0	0	0	0
멧돼지 보소	0	0	0	0	0	0	0	0	0	1	0
똥꼬충들 극혐	0	0	1	0	0	0	0	0	0	0	0
떼쓰면 다 되는 것인가	0	0	0	0	0	0	0	0	0	1	0
이슬람짱깨조선족전라도는 싹다 어디 섬에 가둬놓고 섬전체를 불태워서 태워죽여야된다	0	0	0	1	0	1	1	0	0	0	0
진짜 성소수는 다 병이고 불로 정화해야한다	0	0	1	0	0	0	0	0	0	0	0
이슬람샤끼들 말에 선동당허기 좋냉 종교적이거나 세상벚에 회의적이면 빠질듯	0	0	0	0	0	0	1	0	0	0	0
십자가로 대가리 후리고 싶네 어우	0	0	0	0	0	0	0	0	1	0	0
남성이 여성이 될수는 없다는데여성이 남성이 될수는 있는거같다짤 보고 그런 생각이 들었다	0	0	0	0	0	0	0	0	0	1	0
아나운서 이쁘다 좆나 매력적이네	0	0	0	0	0	0	0	0	0	1	0
말투에서 돼지가 보이노	0	0	0	0	0	0	0	0	1	0	0
노무현김대중문재인박원순	0	0	0	0	0	0	0	0	0	1	0
후장개통해주고싶은 미성년자지있다이기야 깔깔	0	1	0	0	0	0	0	0	0	0	0
이런걸 보면 참 인간은 불완전한 존재일수밖에 없구나 이 생각만 든다	0	0	0	0	0	0	0	0	0	1	0
저정도면 사생활 침해다	0	0	0	0	0	0	0	0	1	0	0
2자회담이랑 채동욱 경질이랑 맞바꾸자	0	0	0	0	0	0	0	0	0	1	0
뭐라노 매미니즘자지가 풉	0	1	0	0	0	0	0	0	0	0	0
그냥 아닥하고 조용히 살어라	0	0	0	0	0	0	0	0	1	0	0
대전사는 라도같다	0	0	0	0	0	1	0	0	0	0	0
좆경들이 이정도로 멍청할줄은 몰랐노 샹 내 69만원	0	1	0	0	0	0	0	0	0	0	0
어차피 빨갱이한테 나라먹힐꺼고 무슬람 좆족 똥남아들도 본국안가고 버티면 여기서 학살당하니까상관없다	0	0	0	1	0	0	1	1	0	0	0
내가보기엔 페미계 애들이 풀발기한것 같든데지들 아는거 나와서	1	0	0	0	0	0	0	0	0	0	0
완전 그곳	0	0	0	0	0	0	0	0	0	1	0
맞노 세상에는 어차피 수많은 논리들이 존재하기 때문에 맞고 그름이란 이론적으로 얼마든지 뒤집을수 있노 논리가 아니라 자기한테 이득가는 대로 가는게 진짜 맞는거노 내가 정한것도 아닌 도덕적 잣대 주입받고 그거에 맞춰살려고 끙끙 대고하는거는 개돼지 맞노	0	0	0	0	0	0	0	0	1	0	0
902 새끼웜년인데 봊나 고맙노	0	0	0	0	0	0	0	0	1	0	0
진안촌놈 한명더 추가요 황도를 김치에 싸서 드셔보세요	0	0	0	0	0	1	0	0	0	0	0
프랑스는 병신된지 오래된 국가	0	0	0	1	0	0	0	0	0	0	0
죽기전에 꼬추 보여주고 가	0	1	0	0	0	0	0	0	0	0	0
왜 먹다가 토했냐	0	0	0	0	0	0	0	0	1	0	0
너는 나한테 의존하는 김치녀	1	0	0	0	0	0	0	0	0	0	0
동성애는 빠따 몇대 맞으면 낫는다	0	0	1	0	0	0	0	0	0	0	0
한남리랑 스시좇 같다고하면서 한남 올려치기좀 하지마라 씨발	0	1	0	0	0	0	0	0	0	0	0
창조의 질서를 따릅시다	0	0	0	0	0	0	0	0	0	1	0
근데 저것도 없어질 직군이라 안타깝네요	0	0	0	0	0	0	0	0	0	1	0
얍실한 saeki	0	0	0	0	0	0	0	0	1	0	0
지금 저지랄 했으면 영웅됐음	0	0	0	0	0	0	0	0	0	1	0
이런 글 퍼오는 이유를 모르겠음 저런걸로 페미 감별도 안 될 뿐더러 페미면 어쩔 건데요 스토킹이라도 할 건지	0	0	0	0	0	0	0	0	0	1	0
나 웜련은 모쏠아다여도 한남 자장부랄 터트리고 싶다 이기	0	1	0	0	0	0	0	0	0	0	0
대줘서 그런거 아니겠노 양자지한테 후장 개통당하고 그맛 못잃어서 걸레창남들	0	1	0	1	0	0	0	0	0	0	0
238 한글 자막 설정하면 한국어 뜨노	0	0	0	0	0	0	0	0	0	1	0
진심 저런맘충이 있다면 애들 받지말아야지	1	0	0	0	0	0	0	0	0	0	0
삑 합성입니다 실제로 검색하면 안나와요 여러분	0	0	0	0	0	0	0	0	0	1	0
팔다리 묶어놓고 30일동안 맨밥에 김치만 쳐먹이면 정신차리려나	0	0	0	0	0	0	0	0	1	0	0
개독새끼들이 박정희를 재림예수로 보고 쭉쭉빠는구나	0	0	0	0	0	0	1	0	0	0	1
덕담 고맙노	0	0	0	0	0	0	0	0	0	1	0
모든 일이 잘 된게 하나님이 도와준거라는 사장님이 생각나네요 어렵고 힘든 일들 누가 다 해냈는데 그 공로는 하나님께 돌아갔어요	0	0	0	0	0	0	0	0	1	0	0
K시간끌기	0	0	0	0	0	0	0	0	1	0	0
매국노일수록 홍어나 좌좀일 가능성이 아주높지	0	0	0	0	0	1	0	0	0	0	0
아무리 경제가 어렵다고 국가 아이덴티티를 잃어버리면 그게 나라냐 잡종 국가지	0	0	0	0	0	0	0	0	1	0	0
니돈으로 치료해라	0	0	0	0	0	0	0	0	1	0	0
뭐 그런걸가지고 바람직한거 아닌가	0	0	0	0	0	0	0	0	0	1	0
대한민국 최고입니다 정말 자랑스럽습니다 우리 대통령님 정말 잘 하십니다 코로나 빨리 종식했으면 합니다	0	0	0	0	0	0	0	0	0	1	0
빌리어즈tv 광고임	0	0	0	0	0	0	0	0	0	1	0
고마해라도 억양에따라 의미가바뀜	0	0	0	0	0	0	0	0	0	1	0
경상도 할배일듯	0	0	0	0	1	1	0	0	0	0	0
이지경이 되었는데 현 정권에 아직까지도 충성하는 한남은 레알 정신질환임이 분명함	0	1	0	0	0	0	0	0	0	0	0
결혼 하지 말아야지 씨발 32면 곧 폐경인데	1	0	0	0	0	0	0	0	0	0	0
고아노 아직도 하는새끼가 있노	0	0	0	0	0	0	0	0	1	0	0
기독교를 없애야 합니다	0	0	0	0	0	0	1	0	0	0	0
나베는 머 떳떳 한 것도 없는디	0	0	0	0	0	0	0	0	0	1	0
딸 가슴 존나크네 데려가고싶다	1	0	0	0	0	0	0	0	0	0	0
자들자들 떨어봤자 바지락이 맛조개 될리가 있노	0	1	0	0	0	0	0	0	0	0	0
일러스트레이터 밥줄 끊겼네	0	0	0	0	0	0	0	0	0	1	0
강성범은 전라도이기 이전에 싸이코패스 관상	0	0	0	0	0	1	0	0	0	0	0
페미는 정신병으로 분류하여 강제적인 치료를 받게 해야한다	1	0	0	0	0	0	0	0	0	0	0
캡쳐한 게 대단하노	0	0	0	0	0	0	0	0	0	1	0
난 시발 집값 폭등전 존만한 아파트라도 사논게 천운이었음 이거라도 없었음 지금 운지했을듯	0	0	0	0	0	0	0	0	1	0	0
내가 여자라면 저 문구 보고 더 결혼 말릴 것 같은데	0	0	0	0	0	0	0	0	0	1	0
어 맨날 범죄 문제를 남녀문제로 몰고 가는게 페미야	1	0	0	0	0	0	0	0	0	0	0
20년후 부턴 틀니 구울들만 바글거리는 노인나라됨	0	0	0	0	1	0	0	0	0	0	0
미친소리 좀 하지마라	0	0	0	0	0	0	0	0	1	0	0
늙은 보지 교사극혐 3종셋트늙은 보지교사한테 좋은 기억 하나도 없다	1	0	0	0	1	0	0	0	0	0	0
앂벌어지는 소리	0	0	0	0	0	0	0	0	0	1	0
하 뭔 젠더야 이 멍청한 기레기야 하여튼 페미 묻으면 정상적인게 없다	1	0	0	0	0	0	0	0	0	0	0
그냥 저기 강원도쪽에 조선족특별자치구 만들어서 못나오게 했으면좋겠다	0	0	0	0	0	1	0	0	0	0	0
백마년 따먹을 궁리나 할 듯	1	0	0	1	0	0	0	0	0	0	0
555베 내꺼	0	0	0	0	0	0	0	0	0	1	0
불꼬챙이로 용접시켜야함	0	0	0	0	0	0	0	0	1	0	0
누군가 또 다른 가족으로 보는 분들이 있어서 그런거라봅니다만 간단하죠 써먹을데가 있으니까 써먹는거 태생은 성공한 대남심리전의 산물로 세뇌된 심신미약자들 돌려가며 써먹는거라니깐요	0	0	0	0	0	0	0	0	1	0	0
무스림은 다 쳐죽여라	0	0	0	1	0	0	1	0	0	0	0
이래서 내가 카스만 마신다	0	0	0	0	0	0	0	0	0	1	0
뭘 꽤뚫어	0	0	0	0	0	0	0	0	0	1	0
아니다 사용자이기에 품평할 수 있다	0	0	0	0	0	0	0	0	0	1	0
나도 이렇게생각함 이거 지지해줘봤자 페미만 더 설치지 때려잡아야함	1	0	0	0	0	0	0	0	0	0	0
똥꼬충 빨갱이새ll끼들	0	0	1	0	0	0	0	1	0	0	0
전라도년	0	0	0	0	0	1	0	0	0	0	0
틀딱들이 무식하고 예의없는 그런 놈들이 있는 건 사실이긴 한데일베의 보수 틀딱 들과는 좀 거리를 둬야 하지 않겠냐 동무들	0	0	0	0	1	0	0	0	0	0	0
작아서 그런듯	0	0	0	0	0	0	0	0	0	1	0
담배는 습관 중독임	0	0	0	0	0	0	0	0	0	1	0
빨갱이 개새끼 해봐	0	0	0	0	0	0	0	1	0	0	0
무고로 반드시 고소하시길 그리고 힘내시길	0	0	0	0	0	0	0	0	0	1	0
아 위에 신물올라왔노 진심 헛구역질 식겁했노	0	0	0	0	0	0	0	0	1	0	0
인정하노 누가 개소리를 지껄이노	0	0	0	0	0	0	0	0	1	0	0
화이팅이다 씨발련들	0	0	0	0	0	0	0	0	1	0	0
페미정부 지지해놓고 한남들 왜 이제와서 그러는지 모르겠네 어차피 다음도 페미정부 찍을거자너	0	1	0	0	0	0	0	0	0	0	0
조팔 난민중에 사람하나 없다는거만봐도 그새끼들은 다 총쏴 죽여야되노	0	0	0	1	0	0	0	0	0	0	0
깔려면 동성애가 병인지 아닌지 남한테 동성애이해를 강요하는 분위기를 까야지 근친 소아성애자 시체성애자 수간이랑 비교하는얘들은 머리가 안좋은건가	0	0	1	0	0	0	0	0	0	0	0
10대자녀 셋을 성추행했는데 4년이라니 판사는 개뿔 배워서 남줬구만	0	0	0	0	0	0	0	0	1	0	0
나 예전에 아무생각없을때 그책보고 세뇌됨 아주 좆같은 진보 옴옴러	0	0	0	0	0	0	0	0	1	0	0
아 좀 이련들아 관잦한테 휘둘리지좀 마라 좆나 답답하노	0	1	0	0	0	0	0	0	0	0	0
둘다 이상한거같고둘다틀림게이와 개독 둘다 죽여야함	0	0	1	0	0	0	1	0	0	0	0
병신아 북한주민들 탈북하면 더 살만해진다는거 이미 알고있음 통제하고 감시하니까 탈북 못하는거	0	0	0	0	0	0	0	0	1	0	0
무고한 사람 한명이라도 없기vs범죄자 10명 풀어주기	0	0	0	0	0	0	0	0	0	1	0
이게 러시아나 한국이 결국 친미를 할 수 밖에 없는 원인이다지금 러시아나 한국이 미국의 대중 정책에 적극 가담하고 있지는 않지만 결국 이러한 위협 때문에라도 중국 조지기에 동참하게 될 거다	0	0	0	1	0	0	0	0	0	0	0
늙은 정충은 기형아 나오노	0	1	0	0	1	0	0	0	0	0	0
첫사랑 메갈에 외않만나조충이노	0	0	0	0	0	0	0	0	1	0	0
버닝썬 조사 다시하고 조국은 특검	0	0	0	0	0	0	0	0	0	1	0
근데 이자스민 솔직히 좀 이쁜듯	0	0	0	0	0	0	0	0	0	1	0
나이든아재는뭐냐	0	0	0	0	0	0	0	0	0	1	0
앰흑짱개도 있네	0	0	0	1	0	0	0	0	0	0	0
그래서 얼굴사진은 어딨는데	0	0	0	0	0	0	0	0	0	1	0
jms아니가	0	0	0	0	0	0	0	0	0	1	0
중간에 개똥송한 새끼가 양키인척 하노 뒤질라고	0	0	0	1	0	0	0	0	0	0	0
틀딱들은 짤도 꼭 좆같은걸 쓰냐	0	0	0	0	1	0	0	0	0	0	0
좆팔 한남충스럽노 역시 벌레는 벌레답노	0	1	0	0	0	0	0	0	0	0	0
6그러고 나서 후배들은 사회생활이 없고 미래가 없고 세상물정을 몰라서 이렇게 달리고 있다고 폄하하며 자신들의 비겁함을 자위하는 모습은 눈물이 날 지경이다9 놈딱 앵나오노 문장마다 명언이노 숙명대 웜년	0	0	0	0	0	0	0	0	1	0	0
전에도 말했자나 힐러리 라니까 지금은 저새끼 재밌으니까 인기있는거지	0	0	0	0	0	0	0	0	1	0	0
견찰새끼들도 한몫 했넹출동안한 견찰도 빨간박스쳐라	0	0	0	0	0	0	0	1	0	0	0
아니 피임을 왜 안하냐고 미친 x	0	0	0	0	0	0	0	0	1	0	0
응 평생 좆같이 니네나라에서 이방인으로 살다가 50돼서 역이민 오지말고 거기서 쭈욱 살아라	0	0	0	1	0	0	0	0	0	0	0
이거 보니까 고전명작 킹스움 생각나노	0	0	0	0	0	0	0	0	0	1	0
똥꼬충이 분명하노 후장에 박혀 봤으니까 저러는 거 아니겠노	0	0	1	0	0	0	0	0	0	0	0
지들 이미지 지들이 실추중	0	0	0	0	0	0	0	0	1	0	0
수도권전체른  코호트 격리를하고  윈자폭탄으로 날려버려야한다	0	0	0	0	0	1	0	0	0	0	0
최준명은 누구야 근황올림픽에 올려야겠노	0	0	0	0	0	0	0	0	0	1	0
지속적으로 이뤄지는 체질개선이 중요 태도변화가 중요	0	0	0	0	0	0	0	0	0	1	0
리사수 뭐냐 질럿대사아니냐	0	0	0	0	0	0	0	0	0	1	0
저기 j1비자로 한국인들 인턴많이가는곳아닌가	0	0	0	0	0	0	0	0	0	1	0
꿀팁 고맙다 게이야 일베 박았다	0	0	0	0	0	0	0	0	0	1	0
제 부모님을 지켜드리려면 멈출수가 없어요	0	0	0	0	0	0	0	0	0	1	0
역시 싹 다 재기하고 다음생을 기약하는 수밖에 없다	0	1	0	0	0	0	0	0	0	0	0
신은 왜 자기를 적극적으로 홍보하지 않아서 그 사랑한다는 사람들은 죄다 지옥으로 보냈나요 존나 쓰레기네	0	0	0	0	0	0	1	0	0	0	0
저것들은 존심도 없냐 사지육신 멀쩡 한데 뭔 도움을 받으려고아무튼 동남아 종자들	0	0	0	1	0	0	0	0	0	0	0
거기 참석하는 스시국애들 니가 산업화정보 알려줘라아수라 블로그에 상세하게 나왔더만	0	0	0	1	0	0	0	0	0	0	0
게임하다 죽었나 적당히 하지 쯧쯧	0	0	0	0	0	0	0	0	1	0	0
으 짤 존나 극혐이노	0	0	0	0	0	0	0	0	1	0	0
으 좆같은새끼들 그래놓고 취업난이니 살기힘드니 헬조니 이빨까는 병신들은 그대로 대가리에 총맞으면 댐	0	0	0	0	0	0	0	0	1	0	0
그 찌그러진 와꾸에 주제 모르고 그런거 따지는 병신놈들 얄미워서 좆 잘라버리고 싶당께	0	1	0	0	0	0	0	0	0	0	0
난 웜 사이트 나오고 아예 다음 탈퇴했다 이기 얼른 웜도 정보글 더 많아졌음 좋겠노	0	0	0	0	0	0	0	0	0	1	0
자국 내 싫다고 하는 사람들은 소수민족일 가능성이 높다	0	0	0	1	0	0	0	0	0	0	0
그러니까 추노 점 그만하고 일좀해	0	0	0	0	0	0	0	0	0	1	0
아니 시발 혐오스러운 짓하면서 혐오하지 말아달래	0	0	0	0	0	0	0	0	1	0	0
북한 국가는 악마국가지만 거기 사는 사람들은 안탄깝다짱깨새끼들 리플 많네	0	0	0	1	0	0	0	0	0	0	0
니들이 이래봐야 아무소용없다	0	0	0	0	0	0	0	0	1	0	0
으따 시방 호남이 없으면 북괴 개정은 돼지새키 장군님을 누가 지킨단강	0	0	0	0	0	1	0	0	0	0	0
난 사랑따위  o 그리움따윈  o	0	0	0	0	0	0	0	0	0	1	0
하 머가리 따서 안에 뭐들었나보고싶다	0	0	0	0	0	0	0	0	1	0	0
거지근성 dna에 새겨져있노	0	0	0	0	0	0	0	1	0	0	0
너도원순좋아게네너도똑같으쓰레기종자니까	0	0	0	0	0	0	0	0	1	0	0
차금법 통과시키면 나라 엉망된다	0	0	1	0	0	0	0	0	0	0	0
소말리아 해적들이 덴마크에서 뭐 하겠노 살인이나 하겠지그런것을 간과한 정치인들의 죽일넘들이지	0	0	0	1	0	0	0	0	0	0	0
민아 인성 되게좋아페미 절대아님	0	0	0	0	0	0	0	0	0	1	0
저런거 붙여놓고 떨어지면 나중에 뗄때 좆같겠다	0	0	0	0	0	0	0	0	0	1	0
가만보면 목사들은 다 한통속이네 다들 하나님의 벌을 박은겨 하나님 믿으라 했는데 지 권력 이용해서 전광훈이랑 태극기집회 믿으라 하니까 잘못했다 화개하기 전에는 패가망신할겨	0	0	0	0	0	0	1	0	0	0	1
좆거지가 따로없노	0	0	0	0	0	0	0	0	1	0	0
비형은 좀 웃겼다	0	0	0	0	0	0	0	0	0	1	0
다른건 모르겠는데 니애비애미 분탕홍좆족인건 알듯	0	0	0	1	0	1	0	0	0	0	0
모링아 밴 안시키냐	0	0	0	0	0	0	0	0	0	1	0
폐지는 오바징	0	0	0	0	0	0	0	0	0	1	0
부랄찢으며울엇다	0	0	0	0	0	0	0	0	0	1	0
한녀는 원래 그런겁니다	1	0	0	0	0	0	0	0	0	0	0
뭐야 댓글이 왜이렇지일게이 새키들 왤케 유순해졌냐	0	0	0	0	0	0	0	0	1	0	0
성적 학대는 씨발 좆대가리 철조망 통과 시켰노 저 나이 때는 안 빼고 3회 사정 가능한데 그게 학대냐	0	1	0	0	1	0	0	0	0	0	0
이준 근데 평소부터 돈 잘 안쓰기로 소문났다더라	0	0	0	0	0	0	0	0	1	0	1
당뇨병 걸려서 뒤진놈 아니노	0	0	0	0	0	0	0	0	1	0	0
난 튀기가 외래어인줄 알았는데	0	0	0	0	0	0	0	0	0	1	0
일본이 연호를 쓰는구만	0	0	0	0	0	0	0	0	0	1	0
페미는 대한민국을 부정하는 매국노 집단이기 때문에 우리의 적임	1	0	0	0	0	0	0	0	0	0	0
저새키들은 예비 강간마 맞다	0	0	0	0	0	0	0	0	1	0	0
10군번은 웃고갑니다	0	0	0	0	0	0	0	0	0	1	0
돈 없으면 어쩔수 없는게 현실인데 20대 30대 다 그런거죠 쩝 세상사는게 쉽지많은 않은데 오죽했으면 그랬을까	0	0	0	0	0	0	0	0	1	0	0
잡았다 요년 댓글 싹 지우고 다시 왔구나	0	0	0	0	0	0	0	0	1	0	0
입맞추고 증거인멸시킬 시간 충분히 줬네	0	0	0	0	0	0	0	0	0	1	0
인천강사놈 진짜 최악이네	0	0	0	0	0	0	0	0	1	0	0
성시경닮음	0	0	0	0	0	0	0	0	0	1	0
한국에서 여자 만날 때에는 당연히 항상 녹음해야하는거 아니냐녹음 해놔도 감옥 가는데	1	0	0	0	0	0	0	0	0	0	0
저 애새끼도 자라면 총기난사 폭탄충이 되겠지개노답 아랍 개슬림 새끼들난민이든 이민이든 알라충 개새끼는 받으면 안됨	0	0	0	1	0	0	0	0	0	0	0
트위터짜집기해서 책내던데 어짜피 매체인건 매한가지노	0	0	0	0	0	0	0	0	0	1	0
저런살인자는 공개해야 하는데	0	0	0	0	0	0	0	0	0	1	0
젠신병자들 좌표찍었노	0	0	1	0	0	0	0	1	0	0	0
쟤넨 여성이아니라 폐성이라고 부르자	1	0	0	0	0	0	0	0	0	0	0
그래도 우린 북괴 놈들이 짱께놈들을 잘 막아주고 있어서 프랑스처럼 난민을 받아주지만 않는다면 저런 일은 안 생길듯 하다	0	0	0	1	0	0	0	0	0	0	0
하여간 탈북자새끼들 북한에서 옥수수죽이나 쳐먹고 추위에 빌빌거리고 살것들이 한국에 오니 천국이지 시발새끼들아	0	0	0	1	0	0	0	0	0	0	0
종업원이 잘못했네피싸개 3마리요라고 했어야지	1	0	0	0	0	0	0	0	0	0	0
기독교 이단중에 최악의 이단종자가 되어부렀어 예수가 아니라 알라를 믿었으니	0	0	0	0	0	0	1	0	0	0	0
보지들한텐 공유 강동원 그냥 보픈 프리패쓰임	1	0	0	0	0	0	0	0	0	0	1
니들이 무슨 페미냐 정신망상병환자들이지	1	0	0	0	0	0	0	0	0	0	0
몇몇이 벌이는 운동을 진짜라고 믿는 사람들도 있군요	0	0	0	0	0	0	0	0	0	1	0
남원 최고 아웃풋	0	0	0	0	0	0	0	0	0	1	0
강원도도 마찬가지	0	0	0	0	0	0	0	0	0	1	0
제발 니덜 나라로 좀 꺼져달랑께	0	0	0	1	0	0	0	0	0	0	0
나 졸업한 고등학교 교감뽀이가 교무실 사무직원 성추행해서 짤렸노 창놈새끼들 후장이나 팔아라이기야	0	1	0	0	0	0	0	0	0	0	0
글 삭제하라고 한남아	0	1	0	0	0	0	0	0	0	0	0
똥꼬충새끼들 극혐	0	0	1	0	0	0	0	0	0	0	0
시발 우마오당은 돈 받고 하는데 공짜로 정치글 쓰는 니들은 뭐냐고 비웃는 짱깨 조선족 새끼들도 있던데 기가 참	0	0	0	1	0	0	0	0	0	0	0
똥꼬충 허벌후장에 봉고데기 40mm 쳐넣고 온도 200도로 올려서 후장구이해서 종로에 전시해놔야함	0	0	1	0	0	0	0	0	0	0	0
1년에 1200도 못모으면 사람새끼냐한달에 100씩만 저금하면 되는데	0	0	0	0	0	0	0	0	1	0	0
게이보다 더웃긴건 여자임 남자남자 여자여자봐도 다흥분하는 병신임	1	0	0	0	0	0	0	1	0	0	0
앞으로 자지들 거세하라고 하지말고 중성화 하라고 하자	0	1	0	0	0	0	0	0	0	0	0
저 홍어2중대가 설라도새끼들이다홍어보다 더 악랄한새끼들이지	0	0	0	0	0	1	0	0	0	0	0
동성애자들은 무조건 사형이 답이다	0	0	1	0	0	0	0	0	0	0	0
소추들 태생이 그 모양이니 어딜가더라도 쳐맞는 건 당연한 일 아니겠노	0	1	0	0	0	0	0	0	0	0	0
짱개한테는 찍소리도 못하고	0	0	0	1	0	0	0	0	0	0	0
한족짱깨새끼들보다 더 밑바닥인 개종자 좃선족 개종자들	0	0	0	1	0	0	0	0	0	0	0
성병콜렉터스 성병매니아	0	0	0	0	0	0	0	0	1	0	0
모든 직업이 은퇴후 비슷한 상황이야	0	0	0	0	0	0	0	0	0	1	0
목사라는넘이이해상식불가	0	0	0	0	0	0	1	0	0	0	0
여성인권의 퇴보랑께	0	0	0	0	0	0	0	0	0	1	0
이번 남중생 집단자위도 대전	0	0	0	0	0	1	0	0	0	0	0
교사보다 학생들이 더 낫네	0	0	0	0	0	0	0	0	1	0	0
진짜 찢어 줏여버리고 싶다	0	0	0	0	0	0	0	0	1	0	0
종교는 하나의 사업이구 종교란 인간의 뇌에서나왔잖아	0	0	0	0	0	0	1	0	0	0	0
올해 출시된 콜옵에서도 배경이 벌지인데 뜬금없이 흑인하사관 튀어나오니까 존나 어이없더라	0	0	0	1	0	0	0	0	0	0	0
뿌리같은 소리하네 맨날 지들은 대륙 중국인이라며 한국인들 경멸해놓고서 무슨	0	0	0	1	0	0	0	0	0	0	0
따악 지 추고만한 거에 생지랄 떠노	0	0	0	0	0	0	0	0	1	0	0
저년 보짓구녕에 피스트질 존나 하고 싶네	1	0	0	0	0	0	0	0	0	0	0
십일조 구걸 인생들 참 가지가지 한다	0	0	0	0	0	0	1	0	0	0	0
저기 섹스박물관도 있는데 엄청숭함	0	0	0	0	0	0	0	0	0	1	0
드러운 똥꼬충새끼들 후장에 총쏴죽여야돼	0	0	1	0	0	0	0	0	0	0	0
아는것은없는데 먼가 억울하고	0	0	0	0	0	0	0	0	0	1	0
저렴히왜구소식은 관심없다	0	0	0	1	0	0	0	0	0	0	0
홍어색이가 돈데크만은 쳐봤나보네	0	0	0	0	0	1	0	0	0	0	0
토씨 하나안틀리고 퍼오노	0	0	0	0	0	0	0	0	0	1	0
팩트를 가져와 병신아 외모가지고 꼴깝떨지말고	0	0	0	0	0	0	0	0	1	0	0
트젠들이 자지하나는 기막히게 빤다 그맛에 취한듯	0	0	1	0	0	0	0	0	0	0	0
죽이기번에 꼴려서 강간살인할거강다	0	0	0	0	0	0	0	0	1	0	0
범죄 저지르는 외궈새끼들 제대로 처벌이나 하면서 저러면 모르는데 씨발	0	0	0	1	0	0	0	0	0	0	0
경상도 사람들 왜 저러냐 진짜 씨발	0	0	0	0	0	1	0	0	0	0	0
순결하지않고 정신세계가 조신하지않은 한남은 거릅시자	0	1	0	0	0	0	0	0	0	0	0
솔까 목사 부러움 뉴스에보면 신도 미성년자 딸까지 따먹던데	1	0	0	0	0	0	1	0	0	0	0
곧 통일될거같으니까 땅보러 오는듯	0	0	0	0	0	0	0	0	0	1	0
진짜 갈아 죽이고 싶노	0	0	0	0	0	0	0	0	1	0	0
나이 60넘으면 불로소득으로 무조건 300이상은 들어와야 된다	0	0	0	0	1	0	0	0	0	0	0
한남들은 지들이 좆이 있다는 것도 까먹고 다닐 듯	0	1	0	0	0	0	0	0	0	0	0
보지가 낙태충인지 알아보려면 보지 갑자기 눈깔 뒤집으며 존나 애기흉내 내면 되잖아	1	0	0	0	0	0	0	0	0	0	0
진정한 욜로족이다 오늘의 타이핑을 즐기고자 미래를 좆되게 함	0	0	0	0	0	0	0	0	1	0	0
미친 교황이로다	0	0	0	0	0	0	1	0	0	0	0
결혼해보니 알게되더라 결혼전에는 신경도안썼는데 댓근 보니 다 이해가 가고 왜 이런말들이 나오지 왜 싸우는지 각자 평소에 잘하면되는데 설 추석 왜 있는지 모르긋네 어버이날 생신만 챙기면좋겠다 모임좀 안 갖으면 좋겠다	0	0	0	0	0	0	0	0	0	1	0
근데 개슬람 새끼들이 운동능력은 오지게 좋은거같더라	0	0	0	0	0	0	1	0	0	0	0
공창제 시행이 시급하다	0	0	0	0	0	0	0	0	0	1	0
양키충들도 루저페이 강요하고 유럽쪽에는 결혼할때 여자 돈 더쓰게 하는 새끼들 천지임 이게 다 경제력과 와꾸의 빻음에서 오는거다 고로 연봉 2억 이하 남자는 국적불문하고 걸러야 함	0	1	0	1	0	0	0	1	0	0	0
커뮤에서도 기혼 패는데 웜에선 못패네 기폰 존나 성역이노	0	0	0	0	0	0	0	0	1	0	0
오늘 내일하는 뜰딱새끼들이 뒤져 죽어 뒤져 죽어 죽어	0	0	0	0	1	0	0	0	0	0	0
구시대적인 성차별 구별없는 대학이길 바란다 여대가 수치스럽고 숙대는 학교이미지가 더 보수적이고 거꾸로가는것같다 운명에 도전한 A님을 응원한다 부디 상처받지말고 후회하지말고 사시길	0	0	0	0	0	0	0	1	0	0	0
URL 네이버에서는 안뜨고 구글서 딱 하나 뜨더라	0	0	0	0	0	0	0	0	0	1	0
예배의 존엄성과 순수성을 회복하고 사랑의 허들링을 함께 하길 기도합니다	0	0	0	0	0	0	0	0	0	1	0
직업은 뭐냐	0	0	0	0	0	0	0	0	0	1	0
보지든 자지든 페미 영상 올리는 사람이 많은게 이롭노	0	0	0	0	0	0	0	0	0	1	0
진짜 다문화라는 단어 볼수록 역겹다인종적 생김새야 뭐 어쩔수 없겠지만 걔내들을 문화적으로 한국화 시켜야지	0	0	0	1	0	0	0	0	0	0	0
지긋지긋한 기레기들 AI 기자가 나올때까지 한국 기레기는 계속 욕할거야	0	0	0	0	0	0	0	1	0	0	0
초등생이 청소년이 임신을 하고 와도 야단도 못 칩니다 차별금지법에서 부모를 고소한다고 들었습니다	0	0	0	0	0	0	0	1	0	0	0
증말 개념이 없어요	0	0	0	0	0	0	0	0	1	0	0
끄어어어어어억	0	0	0	0	0	0	0	0	0	1	0
3연딸이 답임억지로 딸쳐봐라 여자가 벌려줘도 귀찮다	1	0	0	0	0	0	0	0	0	0	0
피싸개따위는 뒤지든말든 내알바아님	1	0	0	0	0	0	0	0	0	0	0
밥에 뚝딱 비벼먹어야겠노	0	0	0	0	0	0	0	0	0	1	0
물이 와이라노 슨상님계실적엔 이런일이없었당께 아따 이상하지않는겨	0	0	0	0	0	0	0	0	1	0	0
와 좆씹노잼	0	0	0	0	0	0	0	0	1	0	0
조용히 있으면 되는데 존나 개념있는척할려다 대갈깨져버렸노	0	0	0	0	0	0	0	0	1	0	0
모든 페미니즘은 나쁜 것임	1	0	0	0	0	0	0	0	0	0	0
뻔히 주작인거 보이는데 저걸로 기사쓰는 기자들도 참	0	0	0	0	0	0	0	0	1	0	0
어디가서 보수라고 하지마	0	0	0	0	0	0	0	0	0	1	0
일본은 여자들이 강간당해서 경찰서 찾어가도 경찰이 여자를 탓한다는 기사를 예전에 본적이 있어서 그런가 충분히 납득이 간다	0	0	0	1	0	0	0	0	0	0	0
흥선대원군 예토전생 해야 이사단 막을텐데	0	0	0	0	0	0	0	0	0	1	0
오랜만에 벨벳좆사진 보고 싶다	0	0	0	0	0	0	0	0	0	1	0
40대 틀딱 어서오고	0	0	0	0	1	0	0	0	0	0	0
남친이라도 걸레니 뭐니 할 권리는없노 꼬우면 헤어지면되지	0	0	0	0	0	0	0	0	1	0	0
가격 올라간다 올라간다 하는데 그냥 성매매를 안하면 되잖아	0	0	0	0	0	0	0	0	0	1	0
일베 탈출해라 넌 논란되면서 하차다	0	0	0	0	0	0	0	0	0	1	0
조현병 스멜	0	0	0	0	0	0	0	1	0	0	0
동성애를 인정하는것이 진정한 인권이 아닌 탈동성애가 진정한 인권입니다	0	0	1	0	0	0	0	0	0	0	0
대구경북만 가야지	0	0	0	0	0	0	0	0	0	1	0
진따새끼는 세종대왕 컴백해도 찐	0	0	0	0	0	0	0	0	1	0	0
홍어새키들 왜 저러고 사냐인생이 불쌍타 왜유언비어 퍼뜨리며 사냐 그렇다고 전라도 이미지가 좋아지는것도 아닌데 아닌거 알면서 저런짓 하면 자괴감 안드냐 이해할수가 없다	0	0	0	0	0	1	0	0	0	0	0
양남이랑 해도 성병걸리노 한남충이 성병덩어리라고하면 양자지랑 섹스하는 윾입새끼들 있을까봐 알려주노 자지와의 섹스는 성병직행열차노 차라리 아들을 쳐라이기야노	0	1	0	0	0	0	0	0	0	0	0
롸켓맨이라고 불렀던 시절 트럼프가 주장했던게 옳았단거잖아그때 코피작전이니 뭐니 애기 나왔지만 백악관 및 국무부 국방부 전부 다 반대해서 나가리 됐었는데결국 트럼프가 옳았어 결국 시간만 준거지	0	0	0	0	0	0	0	0	0	1	0
여자들한테 홍보하면여성부 지지율 떨어질듯특히 맘카페자기들한테 갈돈이 외국년들한테간다고 생각해봐라	1	0	0	0	0	0	0	0	0	0	0
한국 빼곤 대미사일방어망 다 있음니들이 싸드 막았자나 병신들아	0	0	0	0	0	0	0	0	1	0	0
전교조들의 성과	0	0	0	0	0	0	0	0	0	1	0
사스가 홍쥐일체 태반이 홍어DNA 홍어로드 어메이징 개씹서쪽 답다	0	0	0	0	0	1	0	0	0	0	0
희희희 나는야 웜탐정	0	0	0	0	0	0	0	0	0	1	0
여윽시 여혐은 지능문제	0	0	0	0	0	0	0	0	1	0	0
결론은 병신 저능아 한국년 짱깨 바퀴 씨발년	0	0	0	1	0	0	0	0	0	0	0
교회 는 다니지마라 목사들 하는거보면 사이비종교	0	0	0	0	0	0	1	0	0	0	0
뚱뚱한 년들은 임신도 잘 안되던데 저 돼지년은 그래도 어려서 그런가 쑨풍쑨풍	1	0	0	0	0	0	0	0	0	0	0
전복 저기도 있노	0	0	0	0	0	0	0	0	0	1	0
맞노 아무리 웜년들이 이놈 저놈하면서 욕해도 좆달린 새끼들한테 타격이 크질 않노 한남만큼은 아니더라도 보력가서 버튼 많이 눌리는 단어는 6그남9 이었노 좆놈들 본인들이 디포트가 아닐 때 자들거리면서 버튼 눌리니 이런류의 워딩 더 고민해봐야 하노	0	1	0	0	0	0	0	0	0	0	0
익스큐즈미	0	0	0	0	0	0	0	0	0	1	0
헬스장에서 하루하루가 틀딱새끼들하고 전쟁이노 운동기구 할때마다 좆스플레인 오지고 한남들 66흐억 흐억 항99 좆물빠지는 신음소리 오지게 내노 헬스 끝나고 틀딱새끼들이랑 헬스보이들 서로 후장대주는거 백프로다이기야	0	1	1	0	1	0	0	0	0	0	0
이젠 필리피노까지	0	0	0	1	0	0	0	0	0	0	0
수치스러우면 집에서 쳐 낳던가	1	0	0	0	0	0	0	0	0	0	0
헐 아직도 저런데가있나	0	0	0	0	0	0	0	0	0	1	0
가성비 군무좋노	0	0	0	0	0	0	0	0	0	1	0
패배를 인정합니꽈	0	0	0	0	0	0	0	0	0	1	0
부산서 머구온지 1주일째다 확실히 부산보다 머구여자가 이쁘다	0	0	0	0	0	1	0	0	0	0	0
노무 진지해서 읽다가 내려옴	0	0	0	0	0	0	0	0	0	1	0
사람과 짐승의 일이었네	0	0	0	0	0	0	0	0	1	0	0
하이패스 설치 끝	0	0	0	0	0	0	0	0	0	1	0
가뜩이나 똥송한대 더 똥송해지게 자꾸 한국으로 들어오지마라서양유전자를 받는건 좋음근대 더 미개해지는건 반대다	0	0	0	1	0	0	0	0	0	0	0
웃챙은 닥워추	0	0	0	0	0	0	0	0	1	0	0
웜퉤지 몇구된다고 4만따리 운운하는거노	1	0	0	0	0	0	0	0	0	0	0
목사는 아무나 하는데 교회에 다니는 사람이 이상해보임	0	0	0	0	0	0	1	0	0	0	0
여성 권리 운운하기 전에 니네 능력이나 좀 키워라	1	0	0	0	0	0	0	0	0	0	0
근데 문제는 한국은 보수고 진보고 다 다문화를 원하니 문제다가장 큰 이유는 기업들이 싼 임금 원해서 그렇지만	0	0	0	1	0	0	0	0	0	0	0
시바 나도 엊그제 갔다가보고왔는데 먼저올린켤	0	0	0	0	0	0	0	0	1	0	0
아직도 임기가 3년가까이 남았음 자한당 탄핵할 생각도 없어 보이고 암울한 세상임	0	0	0	0	0	0	0	0	1	0	0
그러게 유충은 낙태가 답인데 조팔	0	1	0	0	0	0	0	0	0	0	0
씨발 이슬람새끼들은 맨날 뭐 지들이 박해를 받네 어쩌네 하지만 저새끼들만큼 독선적인새끼들도 또 없음개독이나 개슬람이나 그게그새끼들임씨발것들	0	0	0	0	0	0	1	0	0	0	0
라면 좆같이도 끄리네	0	0	0	0	0	0	0	0	1	0	0
똥푸산새끼들이 말은 많아도 이런건 대구보다 낫네	0	0	0	0	0	1	0	0	0	0	0
나도 이미 하고있노	0	0	0	0	0	0	0	0	0	1	0
기독교도 똑같네	0	0	0	0	0	0	1	0	0	0	0
개좆같은 PC충들이랑 SJW 시발새끼들 부터 다 죽여버려야함	0	0	0	0	0	0	0	1	0	0	0
개독은 죽음만이 용서받는길	0	0	0	0	0	0	1	0	0	0	0
한남의 유구한 빻음은 재기로만 극복할 수 있는 전염병이노 전염병이 아니라면 단체로 아스팔트바닥에 갈갈쇼 벌인 면상을 설명할 수 없노	0	1	0	0	0	0	0	0	0	0	0
이준석 할말했네 남녀평등 장학금도 성적도 평등해야지 녀자들도 존심 안 상할려면	1	0	0	0	0	0	0	0	0	0	1
똥꼬충들이 하는건 섹스가 아니러 후장박타는 것이다 이기야노	0	0	1	0	0	0	0	0	0	0	0
이게 2021년에 일어날수 있는 일인가 페미라는게 도대체 뭐길래 공산주의랑 똑같이 가는건가	1	0	0	0	0	0	0	0	0	0	0
그 아까운 걸 왜 시궁창에 쑤셔넣노	0	0	0	0	0	0	0	0	0	1	0
모든걸 피해의식에 기반해서 생각하네	0	0	0	0	0	0	0	0	1	0	0
집안 망했네 한국여자와 결혼은 미친짓	1	0	0	0	0	0	0	0	0	0	0
분탕은 분탕이고 또다른 분탕인글쓴이 대만화교 임대만은 중국과 동급의 쓰레기 민족 입니다대만화교는 한국에 살면서 은혜도 모르는 바퀴벌레 쓰레기 입니다해봐 어서	0	0	0	1	0	0	0	0	0	0	0
사라고 강요하는것도 좆병신 같은데급식충새끼들끼리 난리네	0	0	0	0	1	0	0	0	0	0	0
공산주의 문화막시즘 난민 동성애 페미니즘 공산당의 자국민 몰살 전략	1	0	1	1	0	0	0	1	0	0	0
컴퓨터에서 발견된 원본 사진	0	0	0	0	0	0	0	0	0	1	0
호적제 폐지 이후 이뤄진 페미니즘은 그냥 이익단체 운동일 뿐	1	0	0	0	0	0	0	0	0	0	0
똥꼬충새끼들 아직도 현실파악못하나봄 이성애자들은 다 니네싫어함 좋아할수가 없음 다가식이지 말도안되는걸 해달라하네	0	0	1	0	0	0	0	0	0	0	0
논리 같은 소리 하네 군대 얘기에 출산 가져다 붙이는 주제에	0	0	0	0	0	0	0	0	1	0	0
라도가 전국으로 퍼진 이유야 지들도 거기선 살기 싫거든	0	0	0	0	0	1	0	0	0	0	0
지랄한다진짜	0	0	0	0	0	0	0	0	1	0	0
변태라는 말이 있지	0	0	0	0	0	0	0	0	0	1	0
틀딱 박사모 씹년들아 보수 흉내내지말고 쳐 나가라	0	0	0	0	1	0	0	1	0	0	0
자지는 못버리는게 쓰까다	1	0	0	0	0	0	0	0	0	0	0
기자성별만봐도됨 이런기사는	0	0	0	0	0	0	0	1	0	0	0
눈이 예쁜 애들 중에 선글라스 안어울리는 애들이 있더라보적보 거르고 진짜 좀 아니다 싶네 일반인 포스	1	0	0	0	0	0	0	0	0	0	0
걍 맘충이고 보빨충 새끼고 존나 처맞아야 된다인종차별이 필요하고 연대책임이 필요한시기다열등한 유전자도 색출해야한다이대로는 답이 없다	1	0	0	0	0	0	0	0	0	0	0
형은 급식이들 좋아한다젖크고 순진한 급식녀 하나만 소개해주라	1	0	0	0	1	0	0	0	0	0	0
미국에 있는 사람 도움을 받는 방법은 없냐무슨 초대 이런거	0	0	0	0	0	0	0	0	0	1	0
이런 새끼가 나이 쳐먹으면 개같은 틀딱되는거임	0	0	0	0	1	0	0	0	0	0	0
탈라도 열사	0	0	0	0	0	1	0	0	0	0	0
않주화씨발	0	0	0	0	0	0	0	0	1	0	0
때리는 자집놈 강약약강 실천하고있고 방관 구경 자집놈들 평소 몰카염탐하는버릇으로 쳐보고있고 잘짜여진 구성이노	0	1	0	0	0	0	0	0	0	0	0
같이 연습게임 해본 게이로써 가슴트레핑하나는 인정한다 높게오거나강하게와도 가슴트레핑은 국대급 인지용	0	0	0	0	0	0	0	0	0	1	0
잘했다 멋지고 존경스럽다이기 실생활에서 그럴때 많은용기가 필요하다는거아노 대견하다	0	0	0	0	0	0	0	0	0	1	0
우리나라 개독무시하지마라 본토이슬람까지가서 선교활동한다 설마 본진털리겟노	0	0	0	0	0	0	1	0	0	0	0
영창안가누	0	0	0	0	0	0	0	0	0	1	0
밥들은 먹고다니냐	0	0	0	0	0	0	0	0	0	1	0
돼지새끼를 개새끼로 만들어놨네	0	0	0	0	0	0	0	0	1	0	0
전자상거래 꿀팁	0	0	0	0	0	0	0	0	0	1	0
여남평등이라니 말도 안 되는 소리 하지 마라 모든 냄져는 척살하는 게 답이다	0	1	0	0	0	0	0	0	0	0	0
빨갱이들은 죽어야지	0	0	0	0	0	0	0	1	0	0	0
태어날때부터 잘생긴 자지만 좋아했노 심지어 사주봤을때도 잘생기고 완벽한 냄져만 좋아한다고 나옴	0	1	0	0	0	0	0	0	0	0	0
진짜 하나같이 전라도네	0	0	0	0	0	1	0	0	0	0	0
염병한다 아주	0	0	0	0	0	0	0	0	1	0	0
이셰키가 어디서 약 팔라고	0	0	0	0	0	0	0	0	1	0	0
아 씨발 문학적 가치가 있는 사료다	0	0	0	0	0	0	0	0	1	0	0
10달러 뭐노	0	0	0	0	0	0	0	0	0	1	0
강아지털 핑크색 부분염색 빠졌다	0	0	0	0	0	0	0	0	0	1	0
개독은 걸러도 저런인간들이 사회적응 못하고 가진건 신앙뿐인 사회적 약자라고 생각해서 배려를 좀 해줄 필요가 있지 않을까 싶기는 하다	0	0	0	0	0	0	1	0	0	0	0
역대나 현제나 국회의장한인간은 절대총리하면안된다 대통령머리꼭대기에앉아 의전놀이나할것들이다 정세균절대안돼 왜놈앞잡이짓할수도있다	0	0	0	1	0	0	0	0	0	0	0
찐따일베충새끼가 급식충한테 좃나게 능욕당하고 쫄아서숨어서 신고했네	0	0	0	0	1	0	0	0	0	0	0
교민들이 큰일하고있네	0	0	0	0	0	0	0	0	0	1	0
머가리 빻아서 즈그얼굴에 침뱉는지도 모르노 퉤	0	0	0	0	0	0	0	0	1	0	0
개독새끼들 존나 나대노	0	0	0	0	0	0	1	0	0	0	0
난 제일 꼴보기 싫은게 요즘 시대물에서 흑인이 계급으로 나오는거임흑인은 노예였던게 팩트인데 구라로 자꾸 억지부림	0	0	0	1	0	0	0	0	0	0	0
왜 신안염전가라 거기 사람들 외국인 엄청 좋아하고 잘해준다 이기	0	0	0	0	0	1	0	0	0	0	0
저런걸 풀어주면 다시 반복하는데 조선십선비새키들은 본받아야함	0	0	0	0	0	0	0	0	1	0	0
뒤지면되지 병신새끼들	0	0	0	0	0	0	0	0	1	0	0
빨리 AI로봇 적용해서 저런것들 안봤으면 좋겠다	0	0	0	0	0	0	0	0	0	1	0
20대초반김치년들 이슬람체험법 만들어야된다	1	0	0	0	0	0	0	0	0	0	0
부러워서 소추	0	0	0	0	0	0	0	0	0	1	0
웃음만 나오네	0	0	0	0	0	0	0	0	1	0	0
개념없는 맘충들이 문제다 지새끼 먼지랄을해도 통제안한다 난 식당들어갔다 애세끼들 있으면 그냥 나온다	1	0	0	0	0	0	0	0	0	0	0
유충새끼들 커서 앱충혐남혐해서 냄져들 무차별 살인이면 괜찮은데 여혐할까 겁나노	0	1	0	0	1	0	0	0	0	0	0
틀딱들 뒤질때 손잡고 같이 뒤져라	0	0	0	0	1	0	0	0	0	0	0
남녀평등시대에 여자라고 체력규정 낮춰서 하는건 문제임 첫째 경찰이 되려면 범죄자를 제압할수있는 능력이 있어야 함 그게 안되면 결격사유임	0	0	0	0	0	0	0	0	0	1	0
오지마 시발 개슬람 종자년놈들아	0	0	0	1	0	0	1	0	0	0	0
모든비용 청구해 다 돈때문에 하는거니까 그게 젤 무서울거다	0	0	0	0	0	0	0	0	0	1	0
terf라고 비난하는 거 이해 안가노	0	0	0	0	0	0	0	0	0	1	0
그냥 가만히나 있지 반동성애로 유명해진사람이 저러고있었다는게 더 웃김	0	0	0	0	0	0	0	0	1	0	0
제 좆길이하고 비슷하네요	0	0	0	0	0	0	0	0	1	0	0
이슬람 새끼들 만행이 아주 유명하지 완전 미친새끼들임	0	0	0	1	0	0	1	0	0	0	0
지랄이다 아시아 이민계에서 중국 일본 다음 이구먼	0	0	0	0	0	0	0	0	1	0	0
피해여자가 더 않생기게 법률보완하고 상담할수 있는곳이 많아 져야 됩니다 그런데 말입니다 남자가 다 그런것처럼 여론 몰이 하지 맙시다 그리고 와국여자 때문에 남자가 엄청 당하는 것도 취재 하세요	1	0	0	1	0	0	0	0	0	0	0
무슨 자료야 이게	0	0	0	0	0	0	0	0	0	1	0
애쓴다 서로 싸움시키느라	0	0	0	0	0	0	0	0	1	0	0
넘나 아름답노	0	0	0	0	0	0	0	0	0	1	0
니가 말하는건 전부 일본이 날조한 자료임실제 전쟁중에는 더 참혹하다임금은 커녕 살아남기도 힘듦	0	0	0	0	0	0	0	0	0	1	0
진짜면 큰 용기낸거다	0	0	0	0	0	0	0	0	0	1	0
저동네는 뭔 일자리지원에 저렇게 돈이 들어가노저기서 10퍼정도만 해처먹어도 20년집권 지하자금 충분하겠노	0	0	0	0	0	0	0	0	1	0	0
저 교인들 싹 다 저리 무식할수가 있나	0	0	0	0	0	0	1	0	0	0	0
그러게 누가 벤츠를몰래	0	0	0	0	0	0	0	0	0	1	0
쭉쟁이들 소외자가 아니라 인간쭉쟁이들 임	0	0	0	0	0	0	0	0	1	0	0
조선족 쓰레기들 중국으로좀 꺼져라 왜 바퀴벌레처럼 한국에와서 사냐 그 자랑스러운 중국에 살아	0	0	0	1	0	0	0	0	0	0	0
원래 송장새끼들이 잠이 없음저승에 한발 걸친 존재들이니까	0	0	0	0	1	0	0	0	0	0	0
지지합니다 육체보다 영혼이지 몸 멀쩡해도 이상한사람 많은데 자기정체성가지고 사는 사람 편견 갖지맙시다	0	0	0	0	0	0	0	0	0	1	0
흉노새끼들이나 홍어새끼들이나 다를거없지	0	0	0	1	0	1	0	0	0	0	0
구웨엑 똥내좀 안나게해라 이기이기	0	0	0	0	0	0	0	0	1	0	0
절라도는 이주 못하게 해야 됨	0	0	0	0	0	1	0	0	0	0	0
여자 누구냐	0	0	0	0	0	0	0	0	0	1	0
김정숙이는 아무리 봐도 조선족 같은데얼굴 생김새나 인상이 조선족 아주매미와 굉장히 흡사함	0	0	0	1	0	0	0	0	0	0	0
이미 흑자지로도 만족 안되는 갈색허벌 수소폭탄 터지면 한번 느껴보고 뒈질까싶어서 저럼	1	0	0	0	0	0	0	0	0	0	0
역시 저럴줄 알았다 야동은 핑계일 뿐이고 점차 저런식으로 늘려나가겠지뭐	0	0	0	0	0	0	0	0	1	0	0
개독새끼 셀프운지한 노시개 까네	0	0	0	0	0	0	1	0	0	0	0
늙은년이란데서 맘충년들 가장 빡쳤을거같닼	1	0	0	0	1	0	0	0	0	0	0
하는건 젓도 없이 세금만 우걱우걱 쳐먹는 여가부 없애봐라 남성 지지율 70 찍을거다	1	0	0	0	0	0	0	0	0	0	0
밥먹을때 쩝쩝거리는 쩝쩝충이라	0	0	0	0	0	0	0	0	1	0	0
사진 속 저긴 칠성시장야	0	0	0	0	0	0	0	0	0	1	0
듸질거면 중국가서 듸져야지중국가서 미세먼지 마셔주고시체처리하는 사회적 비용 짱깨가 부담하고대한민국 발전에 해악요소인 본인들이 셀프청산되니1석 3조	0	0	0	1	0	0	0	0	0	0	0
양쪽다 잘못임 세상물정 모르는 애한테 화내는 베충이나 교육도 안시킨 맘충년이나 도긴개긴	1	0	0	0	0	0	0	0	0	0	0
그니까 최소 하프들 진짜 한족이 좆족 행세하는거네걍 한국말하는 짱깨	0	0	0	1	0	0	0	0	0	0	0
참여했어도 쪽팔려서 말안하겟지	0	0	0	0	0	0	0	0	0	1	0
총대메고 대한민국의 미래를 위해 니가 희생좀해라 작성자야	0	0	0	0	0	0	0	0	1	0	0
뜬금 없는 박근혜와 틀딱 이야기 교묘하盧 하지만 티나盧	0	0	0	0	1	0	0	0	0	0	1
듣보잡 탈북자면 몰라도 장군출신이면 한국에선 언제노려져도 안 이상하지	0	0	0	0	0	0	0	0	0	1	0
출소해서 저교회 나가면 되겠네 학생부나 유년부 교사로 거듭나시길 바랍니다 조형재님 아니 조집사님	0	0	0	0	0	0	1	0	0	0	1
환호는 니미 씨발련아 소리없는 영상이고 주변 개슬람새끼들 소리지르는 얼굴 없는데 니가 하는 소리랑 좌좀들이 해대는 선동방식이랑 뭐가 다르냐	0	0	0	0	0	0	1	0	0	0	0
신의 영역을 인간이 자지발광하고 자빠졌으니인생이 불행해지는것임	0	0	0	0	0	0	0	0	1	0	0
만약 점마 트렌스젠더라면 승은이라고 하는 트젠 게임비제이있음	0	0	0	0	0	0	0	0	1	0	0
윀 글만 읽어도 자집애들 생김새 다 보여서 토나오겠노	0	1	0	0	0	0	0	0	0	0	0
정확히 486 586 세대들이 이나라 다 망친거임	0	0	0	0	1	0	0	0	0	0	0
아오 씨발 병걸릴꺼같아	0	0	0	0	0	0	0	0	1	0	0
리비도의 고장	0	0	0	0	0	0	0	0	0	1	0
처벌이 약해서 저럼	0	0	0	0	0	0	0	0	1	0	0
내사시네고쳐라	0	0	0	0	0	0	0	0	0	1	0
와 홍어 만선이노	0	0	0	0	0	1	0	0	0	0	0
좋노 이제 갤주는 죽은자지 범죄자지만 될 수있다는 편견을 버리자 이기야 좆상권은 침해하라고 있는거노 으데 자집이 챙롬마냥 얼굴팔고 다니노	0	1	0	0	0	0	0	0	0	0	0
글쓴이가 자지였노	0	0	0	0	0	0	0	0	1	0	0
종교 ᆞ지구 최대의 사기극 ᆞ맨날 속는 바보들 ᆞ	0	0	0	0	0	0	1	0	0	0	0
재멘 보지신이여 축복하소서	0	0	0	0	0	0	0	0	1	0	0
무현3에 핵탄두 2000발만 장착하면 짱개도 헛소리 못하겟노	0	0	0	1	0	0	0	0	0	0	0
우파도 똑같은 사람인데 섹스를 싫어하겠냐사실 우파는 주변에 다 할매들 뿐이라 미투의 원인제공을 하고싶어도 할 수가 없고아니면 합의하에 성매매를 하든가 스폰을 하든가 해서 원인제공 자체를 안함	0	0	0	0	0	0	0	1	0	0	0
한남충 공연방송에서 무슨 자신감으로 저런 망측한 소리하는데도 도태되지않고 쿰척하는게 신기하노	0	1	0	0	0	0	0	0	0	0	0
좆끼니진 비교 한남 양남	0	1	0	1	0	0	0	0	0	0	0
깔깔 자들자들거리노	0	1	0	0	0	0	0	0	0	0	0
자댕이들 쌉소리 어디안가노 개때리고싶노	0	1	0	0	0	0	0	0	0	0	0
그래도 기독교가 이렇게 심한게 다행스럽네	0	0	0	0	0	0	1	0	0	0	0
하느님곁으로 보내주시죠	0	0	0	0	0	0	0	0	1	0	0
보혐충전 완료 개좆같다 진짜	1	0	0	0	0	0	0	0	0	0	0
아이린은 82읽었다고 자들자들 거리면서 부랄 오지게 떨더니 왜 이 돼지창놈은 가만히 두노 얼른 후장 잡고 물어 뜯어라 이기	0	1	0	0	0	0	0	0	0	0	0
씨팔 죽어라 좀 쓰레기새끼	0	0	0	0	0	0	0	0	1	0	0
재기 소식 뜨면 공유해라 이기야 재기좆 돌려보는 게 웜 전통 아니노 깔깔 남혐은 스포오츠노	0	0	1	0	0	0	0	0	0	0	0
좆족새끼들은 제발 짱깨로 꺼져	0	0	0	1	0	0	0	0	0	0	0
살아서 돌아온거만해도 감사히 여겨야지 팔 다리 짤리고 인도서커스단이나 원양어선에 팔림	0	0	0	1	0	0	0	0	0	0	0
갈좆보면 에이 걸레새끼하고 기분이 재기한다 이기야	0	1	0	0	0	0	0	0	0	0	0
틀딱충 자적자의 현장 머단하노	0	1	0	0	1	0	0	0	0	0	0
조까 신상공개 찬성	0	0	0	0	0	0	0	0	1	0	0
스까는 부산가서 찾아라홍어한테 발라먹힌 똥푸산 따위랑 비교하지 마라 이기	0	0	0	0	0	1	0	0	0	0	0
열등한 것들이 배좀부르니까 심심해서 개지랄을 떤다	0	0	0	0	0	0	0	0	1	0	0
한남죽어 한남죽어 한남죽어 한남죽어 한남죽어 한남죽어 한남죽어	0	1	0	0	0	0	0	0	0	0	0
마지막 꿀팁 봊나좋노	0	0	0	0	0	0	0	0	0	1	0
그럼 안 오셔도 됩니다	0	0	0	0	0	0	0	0	1	0	0
전화걸지마오쩌뚱	0	0	0	1	0	0	0	0	0	0	0
전라도 깅업	0	0	0	0	0	0	0	0	0	1	0
누가 가서좀 패라	0	0	0	0	0	0	0	0	1	0	0
저런 틀딱들이 다 뒤져야 시민의식이 조금 나아질듯	0	0	0	0	1	0	0	0	0	0	0
3번 테러용의자 저새낀 뭔데 폭탄만들라고 고대 설대 대학원 다녔냐	0	0	0	0	0	0	0	0	1	0	0
나도 같은 상황이면 기분 나쁘겠지만어떻게 할수 있는방법이 없지아 시발 씹새끼 이러고 말아야지이렇게 지 감정따라 좆병신처럼 행동하니 배달일에서 못벗어나지 병신이	0	0	0	0	0	0	0	1	0	0	0
너 오늘 재수 없음	0	0	0	0	0	0	0	0	1	0	0
역시 해외에 나간 한남은 원정성범죄남이 맞노	0	1	0	0	0	0	0	0	0	0	0
나도 공감한다	0	0	0	0	0	0	0	0	0	1	0
고향 전남 진도다 일게이들이 알아냈다	0	0	0	0	0	1	0	0	0	0	0
개독들 지들만 잘먹고 잘살게 해달라 매일 기도하고 하나님 찾기에 비종교인보다 더 이기주위에 남배려는 없고 싸가지는 밥말아먹은 예수쟁이들이다	0	0	0	0	0	0	1	0	0	0	0
역시 쌍도새끼들이 시비 잘걸음	0	0	0	0	0	1	0	0	0	0	0
볼수록 미개한 종교다	0	0	0	0	0	0	1	0	0	0	0
우리국민은 동성애가 유전이 아님을 알 권리가 있다 생각합니다 또한 동성애로 인해 에이즈감염이 주 원인 이라는것도  국가는 우리에게 정확한 정보를 알려야할 의무가 있다 생각합니다	0	0	1	0	0	0	0	0	0	0	0
존댓말 써서 틀딱나이로 이길각 잡고 조랄하는거노	0	0	0	0	1	0	0	0	0	0	0
페미는 정신병이지 피해망상증이 불러온 무논리로 무장한 개념을 가진 집단 주위에 페미사상가진 지인있으면 빠른 손절 추천함	1	0	0	0	0	0	0	0	0	0	0
차별금지법안을 철회를 촉구합니다	0	0	1	0	0	0	0	0	0	0	0
이거 여자2호 겁나이쁘더라	0	0	0	0	0	0	0	0	0	1	0
졸라 어이없겠네 열심히 준비해서공연하는데	0	0	0	0	0	0	0	0	0	1	0
자드르르르르	0	1	0	0	0	0	0	0	0	0	0
레즈든 게이든 동성애는 정신병임	0	0	1	0	0	0	0	0	0	0	0
나는 한심한 게 저러고 사는 인생들이 지들도 조국이라 염병을 하냐고저것들은 시궁창 인생들이고 조국은 서울대 교수에 강남 부동산 부자 자산가인데	0	0	0	0	0	0	0	0	1	0	0
성경대로면 자살하고 지옥가는건데 쟤네 뭔말하는거냐	0	0	0	0	0	0	0	0	0	1	0
진짜 불법체류자를 왜 실드 쳐주냐 이해를 못하겠네 씨발진짜 좆같으면 니네나라로 꺼지든가 씨발	0	0	0	1	0	0	0	0	0	0	0
내 생각과 같네중공이 무너져야 세계에 평화가 옴	0	0	0	1	0	0	0	0	0	0	0
개독 니네끼리 뒤지라고 착한사람들 전파시키지말고	0	0	0	0	0	0	1	0	0	0	0
어차피 후기 좆창나서 아무도 안살듯하노	0	0	0	0	0	0	0	0	1	0	0
동성애가 유전된다는 과학적 근거가 없다는것이 사실인데 동성애에 걸려든 청소년들 제발 속지말고 치료 받아서 정상인으로 살길 바랍니다	0	0	1	0	0	0	0	0	0	0	0
병신이노 저럴땐 눈찌르고 도망가야지	0	0	0	0	0	0	0	0	1	0	0
9cm 도 아니다 그거보다 더 작음	0	0	0	0	0	0	0	0	0	1	0
지랄 조금이라도 귀여운 급식이 훨낫지틀딱은 글에서부터 산송장 냄새남아 물론 둘다 바퀴벌레만도 못함	0	0	0	0	1	0	0	0	0	0	0
교회 모이지 말라고 하는데 계속 모이고 자기들 멋재로 하네 코로나 다 퍼져서 나라 망하거나 공산주의 되면 교회 다니는 사람들은 정말 다죽는다 그래도 피박이라고 할까 스스로 죽을 무덤 만들지 말고 지혜롭게 어러운 고비 잘넘기자	0	0	0	0	0	0	1	0	0	0	0
구글에 히토미 주소 1페이지 조회수만 봐도 천만이다 망가나 보고 딸이나 쳐러	0	0	0	0	0	0	0	0	1	0	0
이슬람만 아니면 조금 더 받아줄순 있겠다	0	0	0	0	0	0	1	0	0	0	0
목사 얼굴 보여줘	0	0	0	0	0	0	0	0	0	1	0
토나온다 개슬람새끼들	0	0	0	0	0	0	1	0	0	0	0
갱상도 아지매 크라쓰	0	0	0	0	0	1	0	0	0	0	0
별 쓸데없는 소리로 괴롭히는구나 일 좀 하게 냅둬라	0	0	0	0	0	0	0	0	1	0	0
홍석천 오빠랑 같이 잘살면돼지 자살을 왜한거야	0	0	0	0	0	0	0	0	1	0	0
의자 부서지겠노	0	0	0	0	0	0	0	0	1	0	0
남자들이 섹스를 안해주니 별의별 지랄을 다 떠는구나	1	0	0	0	0	0	0	0	0	0	0
심지어 실베에서도 이중좆대라고 욕하더노	0	0	0	0	0	0	0	0	0	1	0
난 이거보고 오늘 푸라닭으로 결정했다	0	0	0	0	0	0	0	0	0	1	0
같이욕먹는이유는저런테러리스트를 지들손으로 처리할 생각조차안하기 때문이다교리에 나와있는 폭력적인부분을 개정하거나 해석을 변경하려고 노력도하지 않기때문이며테러리스트에대한 어떤성명도 자신들의 입장도 확실하게 세우지않았음아마도 마음한켠에선 잘하고있다고 응원하고있겟지	0	0	0	0	0	0	0	0	0	1	0
진실은밝혀집니다 이일을통해 동성애에 실체를 많은사람들에게 알릴수있는 계기가되었으면 좋겠어요	0	0	1	0	0	0	0	0	0	0	0
계시록에 약속된 참목자가 어떤 분인지 모르는 신앙인이 많습니다	0	0	0	0	0	0	0	0	0	1	0
니업보 인데 누가 누굴 가르치냐	0	0	0	0	0	0	0	0	1	0	0
여러분 외국어 배우세요	0	0	0	0	0	0	0	0	0	1	0
저시키 고향이 어디냐	0	0	0	0	0	1	0	0	0	0	0
입덧도할건데 저건거짓말이다	0	0	0	0	0	0	0	0	0	1	0
와 자궁폭파시키고 싶노	1	0	0	0	0	0	0	0	0	0	0
분탕도 못치는 주제에 아까부터 퍼오는 글마다 앵나 깝치고 다니노	0	0	0	0	0	0	0	0	1	0	0
일단 예수 믿는것들은 믿고 걸러라	0	0	0	0	0	0	1	0	0	0	0
저런 개새끼가 있냐 진짜	0	0	0	0	0	0	0	0	1	0	0
군대는머저리들만가는거야후후나는안가야지	0	0	0	0	0	0	0	1	0	0	0
샾아니냐 해시태그 죽여버리고싶네 뭐냐그건	0	0	0	0	0	0	0	0	1	0	0
예전에 성경책을 주웠는데 거기에 목사분인듯한데 돈을 많이 낼수록 하느님겼으로 갈수있는 유일한 길이라고 하느님도 쩐 좋아하네요	0	0	0	0	0	0	1	0	0	0	0
여자는 집행유예때리고 남자는 잦잦을 잘라버려라	0	1	0	0	0	0	0	0	0	0	0
개병신국가	0	0	0	0	0	0	0	0	1	0	0
어차피 종교도 사업이고 쟤네도 그냥 직장인인데 믿는 놈들이 상병신중에 최상급병신	0	0	0	0	0	0	1	0	0	0	0
경찰도 대단하다 끝까지 잡고있는거보면	0	0	0	0	0	0	0	0	0	1	0
맞노 허벌후장 뚫리면서 커야 조신해지노	0	1	1	0	0	0	0	0	0	0	0
평등법으로 이름을 바꿔도 성적지향을 빼도 이건 일반인 대다수에게 불합리한 부당한 불공정법입니다 반대합니다	0	0	0	0	0	0	0	1	0	0	0
50되어도 성욕이 있구나	0	0	0	0	0	0	0	0	0	1	0
이름이 하이에나냐	0	0	0	0	0	0	0	0	0	1	0
짱깨벌레가 백만명이나 있노 불체자 포함이면 어마어마 하겠네	0	0	0	1	0	0	0	0	0	0	0
개자슨민은 그냥 닭그네 다문화 정책 얼굴 마담일 뿐닭그네 탄핵만이 한국이 살길	0	0	0	1	0	0	0	0	0	0	0
문익환 목사님 한분 정도 아닐까요	0	0	0	0	0	0	0	0	0	1	0
제꾀에 제가 속는다는 말이 있찌 작업자득이다	0	0	0	0	0	0	0	0	0	1	0
길가는 사람 팔을 왜 잡노 그러니까 김치남이 감옥 가야된다이니야	0	1	0	0	0	0	0	0	0	0	0
난 심플함이 좋아서 프라다 좋아함지갑도 클러치도 프라다씀	0	0	0	0	0	0	0	0	0	1	0
댓글 난리나겠네	0	0	0	0	0	0	0	0	0	1	0
혹시나 백형들이 똥꼬 털어줄까봐 설레는 그남들	0	1	1	1	0	0	0	0	0	0	0
여자가 먹겠다면 먹는거지 말이많노 그런건 자기가 알아서 할 일이노	0	0	0	0	0	0	0	0	0	1	0
치안은진짜 우리나라만한곳이없다 저짝동네는 답이없다 살라면 못살듯 길거리에서도 소매치기 강도걱정해야한다니	0	0	0	1	0	0	0	0	0	0	0
개인의 일탈	0	0	0	0	0	0	0	0	0	1	0
인종청소하고 땅만 남겨두자	0	0	0	1	0	0	0	0	0	0	0
판년 맘충년은 지 새끼 깬다고 택배기사한테 오기전에 전화하라는 개년도 있었다	1	0	0	0	0	0	0	0	0	0	0
아는여자가한명도없는좆민수존민수지잡대진심악덕업주좆민수	0	1	0	0	0	0	0	1	0	0	0
개쌍도는 답이 없노	0	0	0	0	0	1	0	0	0	0	0
아니 뭐 그런 좆같은곳이다있노 근데 약간 쌍도같노 추운 쌍도	0	0	0	0	0	1	0	0	0	0	0
알바새끼도 유통성 제로네 맘충이나 퇴근년이나	1	0	0	0	0	0	0	0	0	0	0
저새끼들 전부싸잡아 북한 아오지탄광으로 보내면 재앙이 일 잘했다고 칭찬해주마	0	0	0	0	0	0	0	0	1	0	0
외국인 전용 삼청교육대 창설 추진	0	0	0	1	0	0	0	0	0	0	0
애초에 731부대 희생자들 대부분이 중국인이었고 조선인 있었어도 중국에서 활동한 빨갱이들 이었음 반도에있던 선량한 조선인은 아무도 안잡혀갔고	0	0	0	0	0	0	0	1	0	0	0
명성교회 그냥 내가 신천지다 인정을해라 얘들 뭔가 있어	0	0	0	0	0	0	1	0	0	0	0
자유가 점점 없어지노	0	0	0	0	0	0	0	0	1	0	0
매연 듬뿍 함유	0	0	0	0	0	0	0	0	1	0	0
절라도가 또	0	0	0	0	0	1	0	0	0	0	0
저스틴비버 좋아하는 남자 한 명도 못봄	0	0	0	0	0	0	0	0	1	0	1
많은 시민들이 오가는 거리에서 더러운 동성애 축제를 즐기는 건 집단이기주의다	0	0	1	0	0	0	0	0	0	0	0
조만간 홍어들이 우범곤을 소환합니다	0	0	0	0	0	1	0	0	0	0	0
지금 맘충들이 진짜 병신중에서도 병신이라 이해가감	1	0	0	0	0	0	0	0	0	0	0
에라이 c발	0	0	0	0	0	0	0	0	1	0	0
저거말고 저새끼 예전에 무슬림만 끼는 반지도 끼지않았었나샤하디 믿는증표	0	0	0	0	0	0	0	0	1	0	0
다른건 몰라도 시리아 새끼들은 다 쫓아내야해	0	0	0	1	0	0	0	0	0	0	0
전라도새기랑 술먹을때 저런 얘기 술자리서 들으면 악마처럼 웃어주면 되는거냐	0	0	0	0	0	1	0	0	0	0	0
판빙빙 보다 요즘 중국에서 핫한 여자	0	0	0	0	0	0	0	0	0	1	0
막짤 왼쪽은 난민아니다 오른쪽이 난민	0	0	0	0	0	0	0	0	0	1	0
예전에 한창 이자스민이 하던거 통과됐냐	0	0	0	0	0	0	0	0	0	1	0
생긴게 팩트네	0	0	0	0	0	0	0	0	0	1	0
성을순 리대로써라 이못난이들아그게자라이냐창피한줄도모르고	0	0	0	0	0	0	0	0	1	0	0
자적자 왕따로 죽은 거였으니 속이 시원한 거 아니겠노	0	1	0	0	0	0	0	0	0	0	0
우리나에도 소거시기로 방망이로 만들어서 썼는데 아주 찰지다는 사용기가 있음	0	0	0	0	0	0	0	0	0	1	0
진짜배기 종교인들은 종교외적으로도 많이알고 종교를 믿으라고 강요도 안함	0	0	0	0	0	0	0	0	0	1	0
개독교 가는목적이 섹스or인맥 및 비즈니스용 아니고 진짜 믿는 새끼들은 걸러라 대화하다보면 정신병자가 따로없음	0	0	0	0	0	0	1	1	0	0	0
고발해서 손해배상 시키세요 진짜 나쁜너이네	0	0	0	0	0	0	0	0	0	1	0
새누리라 까는거저새끼들 이완용 같은 놈도 전라도면 커버쌀놈들임	0	0	0	0	0	1	0	0	0	0	0
토할거같아요	0	0	0	0	0	0	0	0	1	0	0
교인이란것들 다니는 교회에 다 쳐넣어서 2주간 증세 없는것들만 풀어주자	0	0	0	0	0	0	1	0	0	0	0
그리고 용어정리까지 잘돼있더라	0	0	0	0	0	0	0	0	0	1	0
벌레같은 페미랑 일반여성은 다르지	1	0	0	0	0	0	0	0	0	0	0
살짝 스칼렛요한슨 삘이 난다	0	0	0	0	0	0	0	0	0	1	0
왜들 이러는거야	0	0	0	0	0	0	0	0	0	1	0
돼지라 멍청한가보네 당한거 또 당하고	0	0	0	0	0	0	0	0	1	0	0
체소 범죄자 새끼들이나 능력 좆도 없는 새끼들은 이민 거절하고 취업비자만 내주고 중간에 왔다갔다 시켜야됨	0	0	0	1	0	0	0	0	0	0	0
똥가루가 쏟아질듯	0	0	0	0	0	0	0	0	1	0	0
맘충년 백퍼 전라짱깨	1	0	0	1	0	1	0	0	0	0	0
제발 라도야 쌍도야 두 드러운 지방종자들은 하루빨리 사라져라	0	0	0	0	0	1	0	0	0	0	0
눈 성형한거같은데 눈 하나 성형으로 사람 인상이 바뀌는듯	0	0	0	0	0	0	0	0	0	1	0
근데 저새낀 찐으로 문제있는 새끼였네	0	0	0	0	0	0	0	0	1	0	0
예비군가서 하고싶은데 요즘은 못쏘면 재사격 해야해서 근엄진지하게 임함	0	0	0	0	0	0	0	0	0	1	0
인본주의의 나쁜 사례	0	0	0	0	0	0	0	0	0	1	0
홍어가 홍어 했다	0	0	0	0	0	1	0	0	0	0	0
나도 후원하고싶노 그리고 유료방 동의한다 이기야	0	0	0	0	0	0	0	0	0	1	0
똥꼬충이 많다니 충격이노	0	0	1	0	0	0	0	0	0	0	0
냄새나는 창놈새끼들 에프킬라로 소독해야하노	0	1	0	0	0	0	0	0	0	0	0
남혐 실천력 씹상타치노 가자 이기야	0	1	0	0	0	0	0	0	0	0	0
생긴게 억울하노	0	0	0	0	0	0	0	0	1	0	0
지방촌새끼들은 지들이 하는 사투리가 주는 좆같음을 모르나봄 절라도나 경상도 사투리 안쓰면 되지 서울에선 거의 못들어서 다행 백정들같다	0	0	0	0	0	1	0	0	0	0	0
도망가라 익이야	0	0	0	0	0	0	0	0	0	1	0
아니 시발 애들보는건데 남자가 남자답고 여자가 여자다워야 자연스러운거지	1	0	0	0	0	0	0	0	0	0	0
주변에서 이미 양성평등한 사회라는게 이상하게도 찜찜했던 이유	0	0	0	0	0	0	0	0	0	1	0
지갑은 샤워실로 같이	0	0	0	0	0	0	0	0	0	1	0
너무 황당한 내용이라 진짜면 좋겟다	0	0	0	0	0	0	0	0	0	1	0
대중교통 안탄지 5년됨 저꼬라지 안봐도됨	0	0	0	0	0	0	0	0	1	0	0
대구쪽으로 귀향할려고 했는데 망했다	0	0	0	0	0	0	0	0	0	1	0
교회연합을 통해 일부의 잘못이 기독교전체로 싸잡아 욕먹지 않도록 했으면 좋겠습니다	0	0	0	0	0	0	0	0	0	1	0
근데 네크로필리아는 인간자체가 아니잖아	0	0	0	0	0	0	0	0	0	1	0
저 의자는 믿고 사도 되겠노	0	0	0	0	0	0	0	0	0	1	0
개신교가 종교면 내가 하나님이다	0	0	0	0	0	0	1	0	0	0	0
콩나물이든 숙주나물이든 대가리는 때고 끓여야 한다무우도 얇게 써는게 아니고 적당한 두께로 삐져서 넣는거다 근데 일본 매운고추 존나 비싸네중량 대비 와규보다 더 비싸노	0	0	0	0	0	0	0	0	0	1	0
원래 베네수엘라 같은데가 치졸한 졸부들 살기엔 더 좋다는게 쓰레기 토착 사회주의자의 생각	0	0	0	1	0	0	0	0	0	0	0
이래서 동성애자 새끼들은 다 죽여야한다	0	0	1	0	0	0	0	0	0	0	0
oh 전메이징 라도이맨	0	0	0	0	0	1	0	0	0	0	0
남동충 자는 사이에 바지벗겨서 동생소추 찍고 영상올려서 조리돌림해야하노	0	1	0	0	0	0	0	0	0	0	0
남자라서 야근하고 남자라서 출장가고 남자라서 힘든일에 투정하면 그거도 못참냐고 남자라서 경험한것들입니다 차별이아니라 차이를 인정하고 여자라서 차별을 당했다라고 마세요	1	0	0	0	0	0	0	0	0	0	0
여성전용에 트랜스젠더가 입학하는걸 반대하는건 인정 다만 남성평등을 주장하면서 여성전용 대학에 다니는것 자체가 말이 안돼죠 그들 논리에 따르면 여대부터 없어져야죠	1	0	1	0	0	0	0	0	0	0	0
언제는 이혼한다며 염병쌈치기하네	0	0	0	0	0	0	0	0	1	0	0
인권은 조카튼거야 없애야해	0	0	0	0	0	0	0	0	1	0	0
나이키 오프화이트 자기 전용인가 이름도 적혀잇노	0	0	0	0	0	0	0	0	0	1	0
레이디 무현 너무하노	0	0	0	0	0	0	0	0	1	0	1
사실 개독 씨발새끼들 좆같이 구는거만 아니면 성경은 소설 읽듯이 보면 재밌긴 함 게이야 앞으로도 부탁한다	0	0	0	0	0	0	1	0	0	0	0
코트한테 물어보는것보다 커맨더지코한테 물어봐야지페미는 상남자가 제대로 사람만들어줄수있음	1	0	0	0	0	0	0	0	0	0	0
군대에서까지 지역차별이라니 몹쓸놈들	0	0	0	0	0	0	0	0	1	0	0
짱깨새끼들도 짱깨짓 안하면 욕 안들음	0	0	0	1	0	0	0	0	0	0	0
동성애자들 중에서도 훅간애들만 나온다고 게이들도 존나 싫어하더만	0	0	1	0	0	0	0	0	0	0	0
돈받아놓고 성폭행이라니 아무리 봐도 좆뱀이노	0	1	0	0	0	0	0	0	0	0	0
평등한건 좋은데 넘어서려하지 마세요 좀	0	0	0	0	0	0	0	0	1	0	0
현실에서 저런자세취한거 보는거보다 더 섹끈해보인다	0	0	0	0	0	0	0	0	1	0	0
여자얼굴 보고싶다 신상터는 얘들없냐	1	0	0	0	0	0	0	0	0	0	0
홍어 못 잃어 팡주폭동 못 잃어	0	0	0	0	0	1	0	0	0	0	0
하나같이 얼굴에 찐이라 써있는 애들이네	0	0	0	0	0	0	0	0	1	0	0
이만갑 출연하겠노	0	0	0	0	0	0	0	0	0	1	0
보지는 찢고 갈아버려야	1	0	0	0	0	0	0	0	0	0	0
한국사람들도 핼조선이라 욕하는데 탈북자는 얼마나 힘들겠냐 이해해줘야지	0	0	0	0	0	0	0	0	0	1	0
천벌을 받았구나 추접고도 더러운 일들이 수두룩한 집단	0	0	0	0	0	0	0	0	1	0	0
짐이사회에서 없어져야할것 사이비 기레기들	0	0	0	0	0	0	0	1	0	0	0
죽여버리고싶노 그럴때	0	0	0	0	0	0	0	0	1	0	0
저거 다 남자새끼 못생겨서 그런거다	0	1	0	0	0	0	0	0	0	0	0
와시발 토할뻔너나 잘 생각해보든지	0	0	0	0	0	0	0	0	1	0	0
나 중국 졸라 싫어하는데 보수는 절대 안찍는다이러면 또 나보고 좌빨전라도 라고 욕하겠지맨날 중국 욕하고 북한 욕해봐라 보수가 변하지 않으면 절대 정권 못잡어	0	0	0	1	0	0	0	0	0	0	0
씨부랄련들 수동으로 재시험보게 해야함	1	0	0	0	0	0	0	0	0	0	0
노인들이 뉴스달랑퍼와서 일베가는거 존나 짜증 민주화잡숴	0	0	0	0	1	0	0	0	0	0	0
막댓 자댕이 자아성찰은 완벽하노 아름답지 않은 냄져는 재기하는 게 답 아니겠노 재기해라이기	0	1	0	0	0	0	0	0	0	0	0
매매혼은 씹극혐인데 연애혼은 동남아도 좋다고봄	0	0	0	0	0	0	0	0	1	0	0
나도낼가는데	0	0	0	0	0	0	0	0	0	1	0
또 시발 여기서 이명박 존나 까고 있네여성부랑 이자스민 밀어주고 있는게 누구더라대북관 하나 빼고 지금 맘에 드는거 거의 없는데	1	0	0	1	0	0	0	0	0	0	1
등골여대이름값하노	1	0	0	0	0	0	0	0	0	0	0
존경합니다	0	0	0	0	0	0	0	0	0	1	0
우리아버지 혼자되신 후로 여성분들 몇몇이랑 가까이 지내시는데 10살어린 분이 고백하셔도 너무 어려서 부담스러워서 거절하셨다고 손사래치시던데 시바 저것들은 나이를 어디로 쳐먹은거냐	0	0	0	0	0	0	0	0	1	0	0
50살인데 한명도 없음	0	0	0	0	0	0	0	0	0	1	0
근데 기독교는 동성애자 반대하니깐 동성애 만연안돼서 좋고 상태가 더욱 정립될 것으로 보임	0	0	1	0	0	0	0	0	0	0	0
3번 일단 보이면 무조건 비추폭탄 쳐먹여야됨	0	0	0	0	0	0	0	0	1	0	0
레위기 신명기는 모세 율법 구약이잖아	0	0	0	0	0	0	0	0	0	1	0
그냥 집에서 마음으로 하느님믿어 먹사를믿지말구	0	0	0	0	0	0	1	0	0	0	0
와 시발 진짜 세상 좆같이 돌아가네 어휴 씨발욕밖에 안나온닺진짜	0	0	0	0	0	0	0	0	1	0	0
좀비 영화 보는것 같다	0	0	0	0	0	0	0	0	0	1	0
개 새 끼 지옥에나가라	0	0	0	0	0	0	0	0	1	0	0
성고재기 후장에 철근 박혔다는거 드립인 줄 알았노	0	0	0	0	0	0	0	0	1	0	1
저 여자는 카메라 의식하느라 저러는 걸수도	0	0	0	0	0	0	0	0	1	0	0
한국교회가 연합과 화합하여 다시한번 부흥과 세움의 역사가 일어나길 소망합니다	0	0	0	0	0	0	0	0	0	1	0
아이피는 수동 삭제	0	0	0	0	0	0	0	0	0	1	0
쌍도나 라도나 촌놈새끼들이 뭔 맨날 넷상에서 싸워대	0	0	0	0	0	1	0	0	0	0	0
일베충과 동급이네	0	0	0	0	0	0	0	1	0	0	0
이게 기독교 현실	0	0	0	0	0	0	0	0	0	1	0
개쌍남도 촌구석 틀딱특임	0	0	0	0	1	1	0	0	0	0	0
저건 무슬림한테 아무데나 돗자리 펴고 기도하지 말고 정해진 구역에서만 기도하라는건데 왜 욕하냐	0	0	0	1	0	0	1	0	0	0	0
치아교정 보통몇년걸리냐	0	0	0	0	0	0	0	0	0	1	0
머가리에 정액 뿌려줘라바로 원위치 될거야	0	0	0	0	0	0	0	0	1	0	0
갔다왔다이기 자릉내 개오지노	0	1	0	0	0	0	0	0	0	0	0
종교가 다른 자들은 아예 처음부터 이민이건 난민이건 받아들이지 말아야 한다	0	0	0	1	0	0	1	0	0	0	0
씨발 영감새끼야 틀니 발로밟아부셔버릴라 주작질하고있노	0	0	0	0	1	0	0	0	0	0	0
성인끼리 저게 뭐가 문제냐 어휴	0	0	0	0	0	0	0	0	0	1	0
부들부들 잠들잠들	0	0	0	0	0	0	0	0	0	1	0
애미가 마굿간창년	0	0	0	0	0	0	1	0	0	0	0
좀 시발 니네나라로 꺼져라 시발년들아애미 좆같은 무슬림 시발새끼들 프로불편러야 아주그냥	0	0	0	1	0	0	0	0	0	0	0
저런 애들은 안보내면 안되냐군대에서 무슨 짓 할지 예상이 되는데	0	0	0	0	0	0	0	0	1	0	0
이걸 이겨낼정도의 정신력이라면 뭘해도 성공할듯근데 난 저상황에 생각으로만 대입해봐도 진짜 못버티겠다존나 끔찍하네 씨발	0	0	0	0	0	0	0	0	1	0	0
동아제약 멋있다	0	0	0	0	0	0	0	0	0	1	0
이야 참 한국남자스러운 댓글이네 역시 세계에서 가장 좆이 작은 장애좆국 냄져들	0	1	0	0	0	0	0	0	0	0	0
라스푸틴 김치버전	0	0	0	0	0	0	0	0	0	1	0
자집애는 다 빻았지만 일남이 한남보다는 낫다 이기야	0	1	0	0	0	0	0	0	0	0	0
솔직히 대구경북만 불태우면 머한민국은 사실상 개정은이 먹음	0	0	0	0	0	1	0	0	0	0	0
사장한테 하소연하든가	0	0	0	0	0	0	0	0	1	0	0
조팔 유부게이였노	0	0	0	0	0	0	0	0	1	0	0
한국도 불체자 대상으로 하는 아우슈비츠나 비르케나우같은 수용소건설이 시급한거 같다	0	0	0	1	0	0	0	0	0	0	0
김치년들 내가 자지박으면 꼼짝 못해	1	0	0	0	0	0	0	0	0	0	0
목사는 좀 맞아도 됨	0	0	0	0	0	0	1	0	0	0	0
서초구청 46살 남자 직원 포토라인에 왜 안 서노	0	0	0	0	0	0	0	0	1	0	0
어딜가나 중국이 문제	0	0	0	1	0	0	0	0	0	0	0
페미랑 엮이느니 자살하는게 나음	1	0	0	0	0	0	0	0	0	0	0
병신들 어릴때 양아치짓 하던 시발 보슬아치 벌받는건데 니들이 아주 호구짓을 하는구나그년은 걍 너네 식량 셔틀로밖에 안본다	1	0	0	0	0	0	0	0	0	0	0
와이프분이 목조르고 쳐 패면서 길들이기는 좋겠노	0	0	0	0	0	0	0	0	1	0	0
금수만도 못한새끼들 그만살자 제발	0	0	0	0	0	0	0	0	1	0	0
목디스크나 올려봐	0	0	0	0	0	0	0	0	0	1	0
중졸새끼가 글 썼나 시발 몇 줄 읽다가가독성 구려서 걍 글 내림 시발	0	0	0	0	0	0	0	1	0	0	0
그냥 아줌마 이말만해도 30초반인애들 역정냄	0	0	0	0	0	0	0	0	0	1	0
담번에 또 똥내나는 놈 비례로 나오면 새누리건 뭐건 절대 안뽑음	0	0	0	0	0	0	0	0	1	0	0
법원에 아무래도 전광훈교 맹신판새들이 많은가보이	0	0	0	0	0	0	1	0	0	0	1
전라도에 분리장벽 설치 기원	0	0	0	0	0	1	0	0	0	0	0
아동 성범죄자는 모가지 따버렸으면 좋겠음 솔직히	0	0	0	0	0	0	0	0	1	0	0
노가더성님들 유쾌하시노	0	0	0	0	0	0	0	0	0	1	0
보기만해도 좆같네 다문화는 무슨 좆지랄인지 씨발꺼	0	0	0	1	0	0	0	0	0	0	0
내생각에는 조만간 조선족사냥꾼을 만들어야 되지 않겠노 소대단위로 조직해서 조선족 두당얼마해서 사냥터를 열어야된다고 생각한다	0	0	0	1	0	0	0	0	0	0	0
돈주고 섹스할바엔 걍 딸치는게 낫지 시발 돈만주면 아무나하고 섹스할수 있는년하고 떡치고싶냐 더럽게	1	0	0	0	0	0	0	0	0	0	0
어 이거 빠트렸네 맘충이 지랄하면 일베에서 배운 입냄새나요 공격 콜라보하면 맘충 대가리 터질듯	1	0	0	0	0	0	0	0	0	0	0
서울이라고 다 똑같은 서울인줄아나 촌동네같은 도봉구 무시하냐이기야	0	0	0	0	0	1	0	0	0	0	0
좆놈들 파이프에서 긁어낸 정액먹이면서 살게 해야되노	0	1	0	0	0	0	0	0	0	0	0
저는 조선족입니다	0	0	0	0	0	0	0	0	0	1	0
최초 유포자는 피해자라는 여자 엄마네	0	0	0	0	0	0	0	0	0	1	0
일게이의 로망 처녀랑 결혼해서 좋겠노	1	0	0	0	0	0	0	0	0	0	0
검둥이지만 김신영 보단 꼴려 그래도	0	0	0	1	0	0	0	0	0	0	0
경기도 광주랑 햇갈려	0	0	0	0	0	0	0	0	0	1	0
처녀면 적당히 통통족까진 박을자신있다	1	0	0	0	0	0	0	0	0	0	0
주둥이에서 1차 실패	0	0	0	0	0	0	0	0	0	1	0
우리나라는 전쟁 1번 더 나야 여성 입영제가 도입될거 같다그때까지는 절대 안됨	0	0	0	0	0	0	0	0	0	1	0
한남주제에 결혼하겠다니 으따 꿈도 크다	0	1	0	0	0	0	0	0	0	0	0
꿘충새끼들 앵나 한남좆같노 머가리 빻은 티 알리고다니노	0	1	0	0	0	0	0	1	0	0	0
저걸 왜 서울 한복판에서 하냐 특별한 수단 없으면 못 가는 섬 같은데서 자기들끼리 논다면 그런갑다 할텐데 걍 저 근처 지나다 눈갱 당하는 사람은 뭔 죄여	0	0	0	0	0	0	0	0	1	0	0
크레이지 하우스하고 테메 몇번 가봤냐	0	0	0	0	0	0	0	0	0	1	0
성평등을 이유로 만들었다가 성평등을 이유로 없애는게 코미디네	0	0	0	0	0	0	0	0	1	0	0
일베 실시간 검색어 순위가 더 얼탱이없어	0	0	0	0	0	0	0	0	1	0	0
여자 특전사는 진짜 강함	1	0	0	0	0	0	0	0	0	0	0
정신적으로 힘들면 치료하는게 맞다 공감 못한다고 매도하지는 말자	0	0	0	0	0	0	0	0	0	1	0
자먹금 못하는 병신새끼들땜에 속터져서 오늘도 오분만에 나간다 좆팔	0	1	0	0	0	0	0	0	0	0	0
조1센징들은 어릴때부터 타인을 배려하고 사랑하는 개념이 아니라 증오하는 개념부터 배워서 그럼	0	0	0	1	0	0	0	0	0	0	0
일베에서 개독한테 욕하지 말라는 건완전 개소리지전도같은 좆같은거 일베에서 하지마라다른사이트로 꺼져라똥꼬충 새끼들은 성소게에서 놀면 그만이고개독새끼들은 꺼지면 그만임	0	0	1	0	0	0	1	0	0	0	0
반면에 베트남은 초기에 중국인 입국 금지시켜서 WHO로 부터 우한폐렴 청정국가 인정받았다잖냐	0	0	0	1	0	0	0	0	0	0	0
건들지마라 다팬다 시발	0	0	0	0	0	0	0	0	1	0	0
게이드라 혐오하는 우리를 이해해줘	0	0	1	0	0	0	0	0	0	0	0
머머리 뱃살 토나오노	0	0	0	0	0	0	0	1	0	0	0
그냥 소송 압박 받는데 월300받기는 좆같아서 그만둔다 라는건데	0	0	0	0	0	0	0	0	0	1	0
딸배새끼들 다른 차들이 자기 앞으로 까어들 것 같으면 존나 클락션 누르더라 요새그러지 마라 아무리 천직이라도 인간임을 포기하지 마라	0	0	0	0	0	0	0	1	0	0	0
인정하노 이기	0	0	0	0	0	0	0	0	0	1	0
물들어올때 코인 두둑히 챙기나요	0	0	0	0	0	0	0	0	0	1	0
멧돼지랑 테라드리스까지만 잡아봤네	0	0	0	0	0	0	0	0	0	1	0
병신들 끼리 싸울때 이득을 취하면 되는거다	0	0	0	0	0	0	0	0	1	0	0
쌍도 병신들임 걍	0	0	0	0	0	1	0	0	0	0	0
알바니아쪽은 원래 서양권과는 거리가 멀고 아시아권과 더가까웠는데	0	0	0	0	0	0	0	0	0	1	0
성매수산업을 이래서 좆창내야되는거노 무슨 좆팔 샌드위치파는데 가서도 여자한테 웃음친절팔라고 지좆빨아달라고 진상부리고 범죄까지 저지르노 한남은 기본적으로 다 창남포주노	0	1	0	0	0	0	0	0	0	0	0
난 너보고 웃겨 눈물이 나온다	0	0	0	0	0	0	0	0	0	1	0
군무 공감하노 한글자 늘었다고 못외우는게 한남 머갈 수준	0	1	0	0	0	0	0	0	0	0	0
할배식 영문법 지리노	0	0	0	0	1	0	0	0	0	0	0
캄보디아 여성과 결혼못해한국남성	0	0	0	0	0	0	0	0	0	1	0
진짜 한국여자들 이중성은 세계 탑 클라스다 그걸 또 당연하게 생각하는 인식은 어휴	1	0	0	0	0	0	0	0	0	0	0
좆빻은 와꾸 올릴거면 정화짤도 같이올려라 오전에 먹은 낙태비빔밥 다 토했노 구에에에에엑	0	0	0	0	0	0	0	0	1	0	0
고인의명복을빕니다	0	0	0	0	0	0	0	0	0	1	0
집에서도 그러고 다니면 자기만족 인정어차피 집에서는 트레이닝 아니면 빤스바람으로 다닐텐데 자기만족은 니미	0	0	0	0	0	0	0	0	1	0	0
이련아 재기가 재기했다더라	0	0	0	0	0	0	0	0	1	0	0
솔직히 다찌질한건 아니다 돈없는거하고 찌질한거하곤다름 보빨하는애들이 찌질하지	1	0	0	0	0	0	0	0	0	0	0
무슬림 추방하라	0	0	0	1	0	0	1	0	0	0	0
저년은 피해의식에 사로잡혀사는년일거다	0	0	0	0	0	0	0	0	1	0	0
글 다 받는다 이기	0	0	0	0	0	0	0	0	0	1	0
역주행이자나	0	0	0	0	0	0	0	0	0	1	0
진짜 대구존나 가난해보이네 저딴병신동네살면서 갓서울을 까다니 나가죽어라 촌놈거지새끼야	0	0	0	0	0	1	0	0	0	0	0
저게 목사냐 양아치지	0	0	0	0	0	0	1	0	0	0	0
쟤네 댓글 캡쳐 볼때마다 느끼는데 일베충 미러링이 아니고 초월해서 인간으로서 폐급 경지에 오른거같다	0	0	0	0	0	0	0	0	1	0	0
하앍하악 방금 아들쳤는데 또 쳐야겠노 학학	0	0	0	0	0	0	0	0	1	0	0
응원은 한다만 솔직히 마음 깊은 곳에서 약간 거부감 생기는건 어쩔 수가 없네	0	0	0	0	0	0	0	0	1	0	0
세상은 넓고 변태는 많다	0	0	0	0	0	0	0	0	1	0	0
그냥 칼 한자루들고 옆집가서 훔처오면된다	0	0	0	0	0	0	0	0	1	0	0
제 왤케 어그로끄냐 꼴보기싫게	0	0	0	0	0	0	0	0	1	0	0
아브라함이 하나님께 니랑 같은 질문 했었잖아 니가 찾아봐	0	0	0	0	0	0	0	0	0	1	0
지겹다 새끼들아 그만해라	0	0	0	0	0	0	0	0	1	0	0
첫짤 젖크기 둘다 같아보임그러니 당연히 골반큰애 고르지	0	0	0	0	0	0	0	0	1	0	0
저새끼 요도랑 항문에 뜨거운 쇳물 부어주고싶다 진심	0	0	0	0	0	0	0	0	1	0	0
파퀴벌레새끼들 남자만 수출하고 여자는 꽁꽁 숨겨두고 개새끼들 니들도 여자좀 수출해개씨발새끼들아	0	0	0	1	0	0	0	0	0	0	0
똥꼬충은 죽여야된다는 확신만 더 커진다	0	0	1	0	0	0	0	0	0	0	0
현실은 대학교 과탑 전부 사람임	0	0	0	0	0	0	0	0	0	1	0
이래서 3선씩 시켜줌 안되는거다	0	0	0	0	0	0	0	0	1	0	0
자지들은 그래봐야 글을 못읽노	0	1	0	0	0	0	0	0	0	0	0
교회 왜 가냐	0	0	0	0	0	0	0	0	0	1	0
한녀 자살시키기 프로젝트는 이제 멈출 수 없어	1	0	0	0	0	0	0	0	0	0	0
트젠은 원래 남자 목소리인데성대수술 하거나 엄청난 연습 아닌이상 다 남자목소리임	0	0	1	0	0	0	0	0	0	0	0
개씹버러지 한녀들은 스시녀보다 나은게 단 하나도없노	1	0	0	1	0	0	0	0	0	0	0
어딜가나 섹스 색스 질림다 질려	0	0	0	0	0	0	0	0	0	1	0
팬티에서 가난내나노	0	0	0	0	0	0	0	1	0	0	0
전라도인을 중점 수사하면 해결의 실마리가 보일 것이다	0	0	0	0	0	1	0	0	0	0	0
급식이들 조합도 짜노	0	0	0	0	1	0	0	0	0	0	0
오비 골든라거가 존나 맛 있었는데 시발 단종됨	0	0	0	0	0	0	0	0	0	1	0
이거 한냄충이 여자깔라고 주작한거 아니노 여자가 혼수 해오는건데 저렇게 대충 해온다고 김치녀라고 욕할라고	0	1	0	0	0	0	0	0	0	0	0
쌍도새끼들 허세개좆같은거보소	0	0	0	0	0	1	0	0	0	0	0
이런기사가 더 문제다	0	0	0	0	0	0	0	0	1	0	0
한그릇하고싶다	0	0	0	0	0	0	0	0	0	1	0
교회가젤싫어	0	0	0	0	0	0	1	0	0	0	0
133 말 그대로 걍 육방패노 한남은 늙으나 젊으냐 꿔다놓은 고깃자루 푸푸풉킥	0	1	0	0	0	0	0	0	0	0	0
정상인이좋지 레즈 게이는 관계하면 애못낳자나 그게 어디 정상이냐	0	0	1	0	0	0	0	0	0	0	0
380 밤 10시경인가 그랬노 경냄도 어지간히 늦게 쳐 튀어오더노 818 챙놈 밑에서 알짱알짱 매달려서 안대준다 이기야 사정거리 밖이라서 안타깝노	0	1	0	0	0	0	0	0	0	0	0
첫짤 몽골뮤지션이냐 씨발 존나 똥송하네	0	0	0	1	0	0	0	0	0	0	0
사람들 영상 찍힐때까지 그동안 뭐했노 좆팔	0	0	0	0	0	0	0	0	1	0	0
냄져가 예쁘면 데이트하는 맛이라도 날텐데 과거에 후려치기 졸라 당해서 취향 바닥으로 떨어지고 오크놈사겼는데 그러고 다녔노 시발	0	1	0	0	0	0	0	0	0	0	0
솔까 경상도 까는건 전라도 뿐이잖아전라도 까는건 전국이고	0	0	0	0	0	1	0	0	0	0	0
더친일위안부당 미향이사건이 큰가보네 지난3년경제 빠가만든 문틀닥 지킬려고 우한폐렴 수입해서 신천지몰이로 경제망친거 묻더니 이젠 교회몰이해서 울산불법사기 위안부할머님들사기 감추려고 머리쓴다	0	0	0	1	0	0	0	0	0	0	0
이왕이면 조선족두저기로 보내자	0	0	0	1	0	0	0	0	0	0	0
여성부와 페미의 이기적인 결과물 아니겠냐이제 급식들도 세뇌 완료 됐고 갈수록 여자들 갑질은 심해질거고 한남으로 사는건 더 힘들어질거다	1	0	0	0	0	0	0	0	0	0	0
차별금지법은 우리아이들을 병들게 하는법입니다 절대 반대합니다	0	0	0	0	0	0	0	1	0	0	0
일베 계몽됐노 전에는 조선족 까는글쓰면 밴먹던데조선족짱깨 이시발새끼들은 나가 뒤져야함	0	0	0	1	0	0	0	0	0	0	0
이자스민 입장에선 꿀빨수있을때 왕창 빨아두려는거지모두가 다문화에대해 지금은 좋게생각하니까	1	0	0	1	0	0	0	0	0	0	1
사이트보다 너가 더 중요하노 그러니 뭔가 예감이 안 좋으면 니 좋을대로 해라 이기야 잡히지 마라	0	0	0	0	0	0	0	0	0	1	0
우리나라는 종교때문에 망하겠다	0	0	0	0	0	0	1	0	0	0	0
그냥 홍통둘다죽여	0	0	0	0	0	1	0	0	0	0	0
딸치렁 워마드에 오눈뒈 대맨족이다 쿵쾅	0	0	0	0	0	0	0	0	1	0	0
다문화는 진짜 막아야 한다	0	0	0	1	0	0	0	0	0	0	0
반일종족주의는 식량수탈 안했다는것만 읽고 걸렀음	0	0	0	0	0	0	0	0	1	0	0
여자말고 대체될 유흥거리가 많으니까 그렇지우리나란 여자 빼면 재밋는게 게임밖에없음	1	0	0	0	0	0	0	0	0	0	0
아오 시발	0	0	0	0	0	0	0	0	1	0	0
할말은 많지만	0	0	0	0	0	0	0	0	0	1	0
걸래보지년	1	0	0	0	0	0	0	0	0	0	0
저 짱틀딱 버킷리스트가 아줌마 보지 만져보고 디지는거란다 게이들이 이해는 무슨 둘다 죠패야지	0	0	0	0	1	0	0	0	0	0	0
성소수자 혐오가 아닌 비정상 혐오가 맞음	0	0	1	0	0	0	0	0	0	0	0
밟으면 임신하는 지뢰사정 조심	0	0	0	0	0	0	0	0	1	0	0
915 지 소개아니노 병신놈아 재기추천	0	0	0	0	0	0	0	0	1	0	0
막심보이 힘조	0	0	1	0	0	0	0	0	0	0	0
성매매를 죠져야 수컷들이 암컷 보빨링 하고 결혼자금 준비해야 돼서 노동 하거든 답은 초식남이다	1	0	0	0	0	0	0	0	0	0	0
똥송 안할수가 없다	0	0	0	1	0	0	0	0	0	0	0
추징금이나 빨리 내지	0	0	0	0	0	0	0	0	0	1	0
역시 동성애는 커플 비쥬얼에 따라 욕먹는게 정해졌다니까	0	0	1	0	0	0	0	0	0	0	0
말은 맞는말인데 니가하니까 별로다	0	0	0	0	0	0	0	0	1	0	0
꼴페미 씨발년들은 이 세상의 모든 것을 보지 위주로 재구성 시키려는 것 같음결국 어떻게든 부작용을 가져올 게 뻔한데	1	0	0	0	0	0	0	0	0	0	0
똥꼬충이나 트랜스젠신병자나	0	0	1	0	0	0	0	1	0	0	0
나는 아직도 한국교회도 종교랍시고 다니면서 정신과 물질을 갖다 바치는 사람들이 이해가 안가요 일부는 완전히 먹사들에게 정신을 지배당해서 자기통제 불능이라 어쩔수 없다지만	0	0	0	0	0	0	1	0	0	0	0
맨마지막에 헛소리하는데 뭐가 존경스럽노	0	0	0	0	0	0	0	0	1	0	0
개쌍도는 믿고거른다	0	0	0	0	0	1	0	0	0	0	0
정작 일베망친건 그녀석들	0	0	0	0	0	0	0	0	1	0	0
갓경표 노오란리본 보소	0	0	0	0	0	0	0	0	0	1	0
터기가 이슬람이였던건 처음이네	0	0	0	0	0	0	0	0	0	1	0
주댕이 씨발	0	0	0	0	0	0	0	0	1	0	0
난 알바 사장이랑 친해져서 신고하기전에 내가 먼저 눈치 줌나 성격 좆같은거 알아서 5대기하더라	0	0	0	0	0	0	0	0	1	0	0
코로나로 인한 힘듬을 믿음과 기도로 이깁시다	0	0	0	0	0	0	0	0	0	1	0
개머리판으로 찍고 싶다 아 맞다 여자들은 개머리판이 뭔지 모르지 좆 무식해서	1	0	0	0	0	0	0	0	0	0	0
목사들의 부업이잖아 호텔방에서 성 상담	0	0	0	0	0	0	1	0	0	0	0
12번 어디갔냐	0	0	0	0	0	0	0	0	0	1	0
딸에게 항문에 대한 환상을 심어주고자	0	0	0	0	0	0	0	0	1	0	0
부랄찜이랑 낙태비빔밥은 왜 못본척하노 낙태비빔밥에 참기름 두르면 봊맛이다이기야	1	1	0	0	0	0	0	0	0	0	0
호남향우회 조선족 아랍버전	0	0	0	1	0	1	1	0	0	0	0
맞노 사스가 무슬림 이민자 및 외국인들이 저지른 범죄가 가파르게 증가하며 성범죄도 증가한거라고 하노	0	0	0	1	0	0	0	0	0	0	0
브금링크 없주화	0	0	0	0	0	0	0	0	0	1	0
트렌스젠더 여자는 어떤 성별이냐 그냥 중성화수술아냐	0	0	1	0	0	0	0	0	0	0	0
태권맘충 동영상 개빡침주의	1	0	0	0	0	0	0	0	0	0	0
결혼했는데 마누라가 저지랄떨면 바로 명치때릴거임	1	0	0	0	0	0	0	0	0	0	0
일베에 있는 대깨들이 4050 쉰내나는 틀딱들이었노솔직히 대깨문 4050 틀딱 그 새끼들이나 박사모 틀딱들이나앞으로 일베에서 민주당 빠는 새끼는 최소 40대로 알고 고려장 간다	0	0	0	0	1	0	0	0	0	0	0
인권충 으디갔노이기야 n번방은 인권충도 거르노이기	0	0	0	0	0	0	0	1	0	0	0
시벌 야동에서 펠라 하는 모습 보며 지가 남자고추 빠는 상상으로 딸친데	0	0	0	0	0	0	0	0	1	0	0
예수는 분명 모여서 예배하는것보다 혼자서 경건하게 예배하는게 더좋다고 말했는데먹사 이씨발새끼들은 모여서 해야 좋다면서 교회나오라지껄임	0	0	0	0	0	0	1	0	0	0	0
이 새끼 코케인 좀 빠나보네 요즘	0	0	0	0	0	0	0	0	1	0	0
딸만 있는 집도 많은데 요즘세상에 누가 그걸 따지나	0	0	0	0	0	0	0	0	0	1	0
인구좀 줄여 시발 노예가 필요한 기득권층들한테나 인구감소가 재앙이지	0	0	0	0	0	0	0	0	1	0	1
아좆팔 이거쓰러왔는데 늦어부럿노	0	0	0	0	0	0	0	0	1	0	0
내가 그 치료제 사장이면 이 기사 근거로 대대적광고한다	0	0	0	0	0	0	0	0	0	1	0
중동새끼들 존나 뻔뻔하고 예의 없음 쌍노무새끼들임 개소름임	0	0	0	1	0	0	0	0	0	0	0
원래 아동성추행 폭행은 동성이 훨 많다 그래서 동성애자들이 이끈을 끊을려고 졸라 노력하고 썰을 풀어제낌 우린 재네랑 다르거든요 흥	0	0	1	0	0	0	0	0	0	0	0
하지만 난 급식충이 부럽다	0	0	0	0	1	0	0	0	0	0	0
여자가 이쁘고 어린데 일하고 돈도 존나 벌어오면 내가 아침밥 정돈 할 수 잇음	1	0	0	0	0	0	0	0	0	0	0
조선족을 동포라고 편들어주는 병신 조생진들을 보면 구역질남	0	0	0	1	0	0	0	0	0	0	0
씨발 다뭄화 애미디진 외노자새기들 내세금으로	0	0	0	1	0	0	0	0	0	0	0
나라버리고 튄주제에 참	0	0	0	0	0	0	0	0	1	0	0
그러고보면 박근혜 대통령은 특이케이스같노 우파인데도 좌파에서 만든 여성부를 지원했으니	0	0	0	0	0	0	0	0	0	1	0
동국대 망했네	0	0	0	0	0	0	0	0	1	0	0
크루즈 미사일 한 방만 떨궜으면	0	0	0	0	0	0	0	0	0	1	0
선생님이시다	0	0	0	0	0	0	0	0	0	1	0
게이즈 미개한 유전자 다 죽어 좆팔창남들아 뒤져 길가다 차에 전립선 터져서 죽어라 안그럼 내가 후장에 염산 부어서 죽여줄거야 더러운 똥꼬충 요도에 불붙혀서 죽여버릴 더러운 쓰레기	0	0	1	0	0	0	0	0	0	0	0
진짜 형제복지원 시발 경상도 존나까여야한다 개새끼들	0	0	0	0	0	1	0	0	0	0	0
이혼 당하고	0	0	0	0	0	0	0	0	0	1	0
나름대로 정리해봤다 게이들아 참고해라	0	0	0	0	0	0	0	0	0	1	0
달창좆팔육 쉰내가 진동을 하지	0	0	0	0	1	0	0	0	0	0	0
착짱죽짱 착조죽조 착홍죽홍	0	0	0	1	0	1	0	0	0	0	0
통일은 고마 됐고종북애덜이 평양에서 뿌린 정자들의 현 상황이나 보고해라	0	0	0	0	0	0	0	0	1	0	0
내년 9월이면 다 죽고 누가 살아 있겠냐	0	0	0	0	0	0	0	0	1	0	0
저기 위구르족 자치구아니냐	0	0	0	0	0	0	0	0	0	1	0
가게에서 카운터 보고 있는데 내 또래 미국새끼 왔길래 가격 영어로 말해 줬더니 중1이면 가능한 수준 영어 나보고 영어 잘한다고 좆나게 필요이상 호감을 보임 게이새끼 같았음	0	0	1	1	0	0	0	0	0	0	0
개독 vs 홍어 vs 개슬람종족 밸런스 쩌네	0	0	0	0	0	1	1	0	0	0	0
솔직히 말해 겉으론 깨어있는 사람처럼 보이고 싶어 동성애 옹호하다가도 니 자식들중에 동성애자라하면 개난리를 피우며 반대할 놈들이 10분의 9다	0	0	1	0	0	0	0	0	0	0	0
보지는 왜 안죽냐	1	0	0	0	0	0	0	0	0	0	0
똥꼬새키들은 죽어도 돼	0	0	1	0	0	0	0	0	0	0	0
한남충 이 싫다면서한남충 시선은 존나 의식하네	0	1	0	0	0	0	0	0	0	0	0
390 퍄 고맙노 자기전에 불 지폈노이기이기	0	0	0	0	0	0	0	0	0	1	0
진짜 맘충들 애기 먹을꺼는 왜 안주냐고 지랄대는거 보면 존나 보기싫다 이기	1	0	0	0	0	0	0	0	0	0	0
그러니까 흙수저로 계속 사는거지 그냥 넵둬라 흙수저나 창녀나 그렇게 삶을 살다 가는거지	0	0	0	0	0	0	0	1	0	0	0
경상도새끼네	0	0	0	0	0	1	0	0	0	0	0
불법체류 자체가 범죄인데 왜 자꾸 옹호하는 법안을 만들려고하냐저씨발년 누가 목 안따냐	0	0	0	1	0	0	0	0	0	0	0
504 받노 크고 예쁜 자지는 조신하고 참한데 한남들은 좆이 작아서 그런가 주제를 모르고 기어 오르노	0	1	0	0	0	0	0	0	0	0	0
끼리 끼리 싸워보아라 그나물에 그밥들	0	0	0	0	0	0	0	0	1	0	0
종교는 만악의 근원	0	0	0	0	0	0	1	0	0	0	0
교회쟁이 사이비집단 전부다 씨를 말려야돼 코로나보다 더한 말종들 병균집단들이다 침튀겨가며 기도한다고 염을 떨어요	0	0	0	0	0	0	1	0	0	0	0
씹빨와꾸씹빨	0	0	0	0	0	0	0	0	1	0	0
조팔 초대남은 또뭔소리노 즈그들끼리 아주짝짝궁이노	0	0	0	0	0	0	0	0	0	1	0
애아빠가 중요한게 아니라 애를 못키우고 키우기 싫은면 낙태를 하면 되는걸 왜 낳아서 아이 불행하게 만드냐고 걸레를 씻어야지	1	0	0	0	0	0	0	0	0	0	0
이것도 기사냐	0	0	0	0	0	0	0	0	1	0	0
억울하면 보지 니들도 자본금 땡겨서 ceo하던가 개년들	1	0	0	0	0	0	0	0	0	0	0
한남 쨥츄 똥짭츄	0	1	0	0	0	0	0	0	0	0	0
머가리에 음식물찌거기만 들어있노 저럴시간에 컴끄고 책을읽겠노	0	0	0	0	0	0	0	0	1	0	0
왜 재밌겠는데 뭘 섬라도 쪽 꿀잼뉴스 공중제비하고 보겠네	0	0	0	0	0	1	0	0	0	0	0
지역에서 기독교 믿는 유권자들에 널리 알려지면 영향이 있을수도 있겠네	0	0	0	0	0	0	0	0	0	1	0
여자는 개패듯이 패야한다고 했다99는건 파출소장이 했다는 말이고 66파출소장도 못하겠네	1	0	0	0	0	0	0	0	0	0	0
팩트노 짱개 없으면 명동 노가다판 식당 망함	0	0	0	1	0	0	0	0	0	0	0
저게 애의 의지도 아니오 그냥 김치 창년이 애 돌보기 귀찮으니까 써붙여서 문제인거지	1	0	0	0	0	0	0	0	0	0	0
전라디언은 뇌구조가 다르게 태어난당께	0	0	0	0	0	1	0	0	0	0	0
갱상도가아니라 홍어지 개좃같은 홍어년들	0	0	0	0	0	1	0	0	0	0	0
말레이시아랑 인도네시아 여자 존나 못생겼던데	1	0	0	1	0	0	0	0	0	0	0
링크도 안박고 가서 글 쓰자고 선동하네	0	0	0	0	0	0	0	0	1	0	0
