sentence	abuse	hate	clean	blame	anger	frustration	praise	order
002가 제 대가리 밟았다고요	0	0	0	0	0	0	0	1
02 02 02 야 뺏어 와	0	0	0	0	0	0	0	1
083 반성하자 068도 있네	0	0	1	0	0	0	0	0
0초 클리어 그럼 밀리지 마	0	0	0	0	0	0	1	0
1 2 3 게이지 관리 오케이 게이지를 누가 너무 많이 관리하네	0	0	0	0	0	0	1	0
1 2 3 누나 이거 한 5번 연속 10회 하면 넘기죠	0	0	1	0	0	0	0	0
1 2 3 실망하지마	0	0	1	0	0	0	0	0
1 2 3 아 아깝다	0	0	0	0	0	1	0	0
1 넣고 나한테 야친년을 박아	0	0	1	0	0	0	0	0
100 있다고	0	0	1	0	0	0	0	0
10대 먹었어	0	0	1	0	0	0	0	0
10번 해야겠다 안 닿았어	0	0	0	0	0	0	0	1
10번지 맞	0	0	1	0	0	0	0	0
10번지 맞출	0	0	1	0	0	0	0	0
10번지 맞출게요	0	0	1	0	0	0	0	0
10분 안에 클리어 했다 쳐	0	0	0	0	0	0	1	0
10분은 안 채웠다	0	0	1	0	0	0	0	0
10줄 터뜨리기 이거 한 줄을 어떻게 만들어	0	0	0	0	0	1	0	0
10줄 하면 되나보네	0	0	1	0	0	0	0	0
10줄이다 10줄	0	0	1	0	0	0	0	0
10차장까지는 깔 뭐야	0	0	0	0	1	0	0	0
11 클리어 11 클리어 진짜 싫다 방금 막판 그 뭐지	0	0	0	0	0	0	1	0
123 8번 안가져 앞으로 안가져	0	0	0	0	0	0	0	1
12까지 믿어도 돼	0	0	1	0	0	0	0	0
12라운드요 12	0	0	1	0	0	0	0	0
12번이 문제에요	0	0	1	0	0	0	0	0
13살이랑 3배 차이야	0	0	1	0	0	0	0	0
14입니다	0	0	1	0	0	0	0	0
15번 그거 해야 된다	0	0	0	0	0	0	0	1
15살 안녕하세요	0	0	0	0	0	0	0	1
16번이죠	0	0	1	0	0	0	0	0
178 달려요	0	0	1	0	0	0	0	0
17개 남은거야	0	0	1	0	0	0	0	0
18에 뭐 27점 아니야	0	0	1	0	0	0	0	0
19만 그냥	0	0	1	0	0	0	0	0
1년 전에 아 뭐해	0	0	0	1	0	0	0	0
1대 11 됐다 형 [유저] 보드 영웅 승리라고 돼있네	0	0	1	0	0	0	0	0
1대1 사람을 넣으려고 [유저] 님 뭐야	0	0	0	0	1	0	0	0
1대22 자 이거 같은 그림 찾는 거죠	0	0	1	0	0	0	0	0
1등 그렇지	0	0	0	0	0	0	1	0
1등 한 사람 제가 치킨 사드리겠습니다	0	0	0	0	0	0	0	1
1등 할만하네	0	0	1	0	0	0	0	0
1등 해라	0	0	0	0	0	0	0	1
1등 해라 불안해서 안 갔는데 잘하는데	0	0	0	0	0	0	0	1
1등 해야 돼	0	0	0	0	0	0	0	1
1등까지 6등 해놓고	0	0	0	0	0	0	0	1
1등에 하네	0	0	1	0	0	0	0	0
1등으로 들어가야	0	0	0	0	0	0	0	1
1라운드 늘려서 개새끼야	1	0	0	0	0	0	0	0
1번 2번 나 나쁘지 않아	0	0	1	0	0	0	0	0
1번 2번이 보고 있어 1번 2번이 보고 있으니까 작업 치면 돼	0	0	1	0	0	0	0	0
1번 3번 미쳤다 미쳤잖아	1	0	0	0	0	0	0	0
1번 6번이 뭐야	0	0	0	0	1	0	0	0
1번 [유저] 님 2번 2번 [유저] 박 3번 승우아빠 4번 누구에요	0	0	1	0	0	0	0	0
1번 가라고 멈춰 멈춰 멈추고 가 이제 아 내가 가라고	0	0	0	0	0	0	0	1
1번 넘어가 1번 넘어가 1번 넘어가 1번 넘어가 1번 넘어가 1번 넘어가 1번 넘어가 자 7번 6번 패지컬 좋다는거에요	0	0	0	0	0	0	1	0
1번 붙어 1번 붙어 1번 누가 옮냐고 먼저 뛰지마	0	0	0	0	0	0	0	1
1번 오른쪽에 붙으시고 3번이 넘어오시면 될 것 같은데요	0	0	1	0	0	0	0	0
1번 올라가 1번 이쪽으로 아니 이것이 뭔가 이상한데 내려오고 그렇지 그렇지 6번 올라가고 1번 올라가고 1번 올라가고 3번 올라가고 아니 지금 내려가면 안되죠	0	0	0	0	0	0	1	0
1번 위험한데 지금 자리에 위험한거 아닌가	0	0	0	0	0	0	0	1
1번 타자 [유저] 출발해 1번 타자 됐어	0	0	0	0	0	0	0	1
1번 파랑 [유저] 2번 빨강 [유저] 바 3번 주황 [유저] 4번 노랑 [유저] 아	0	0	1	0	0	0	0	0
1번 파랑 [유저] 어	0	0	1	0	0	0	0	0
1번 파랑 [유저] 잠깐만요 옵션이 뭐야	0	0	0	0	1	0	0	0
1번님 오른쪽 3번님 오른쪽 1번 3번님 오른쪽 1번 3번님 오른쪽 봐주세요	0	0	0	0	0	0	0	1
1번도 가셈 안되나	0	0	0	0	0	0	0	1
1번도 올라가야 돼	0	0	0	0	0	0	0	1
1번만 움직이면 되는데 왜 다 움직여 움직이면 돼	0	0	1	0	0	0	0	0
1번만 하면 돼	0	0	1	0	0	0	0	0
1번부터 1번부터 한 명 더 있어야돼	0	0	1	0	0	0	0	0
1번부터 6번님들 왼쪽 확인 오른쪽 갑니다	0	0	1	0	0	0	0	0
1번이 누구예요	0	0	1	0	0	0	0	0
1번이 더 위로 올라와줘야지 1번이 앞으로 더 가야죠	0	0	0	0	0	0	0	1
1번이 올라가고	0	0	0	0	0	0	0	1
1번이 왜 내려가는거야	0	0	0	0	0	0	0	1
1번이 운전하세요	0	0	0	0	0	0	0	1
1번이 저요 자 1번부터 얘기해드릴게요	0	0	0	0	0	0	0	1
1부면 했다	0	0	1	0	0	0	0	0
1분 29초밖에 안 걸렸네	0	0	1	0	0	0	0	0
1세지 하는데 5분 걸렸다	0	0	1	0	0	0	0	0
1인 스코시즘 잘 해내야 된다	0	0	0	0	0	0	0	1
1차 만들어 1차 만들어 오오오 4번 좀 앞으로 가줘야지 됐다	0	0	0	0	0	0	0	1
1초일 때 하라고 그거를 바로 밟지 말라고 지금 말고 지금 지금 누구야	0	0	1	0	0	0	0	0
1층에 내려와봐 내려와봐	0	0	0	0	0	0	0	1
1판 1판 아 쉽네	0	0	1	0	0	0	0	0
1페이지 넘기는 것이 일단	0	0	1	0	0	0	0	0
1호선에서 사방 안길	0	0	1	0	0	0	0	0
1회 마지막이야	0	0	1	0	0	0	0	0
2 2 하면 되는 거 아냐	0	0	1	0	0	0	0	0
2 3번 맞다고	0	0	1	0	0	0	0	0
2 3번 맞혀	0	0	1	0	0	0	0	0
2 3번 아니었어	0	0	1	0	0	0	0	0
2 눌러서 누나 누나 거기 구멍에 뱉어봐요	0	0	0	0	0	0	0	1
2 눌러서 아 이렇게	0	0	0	0	0	0	0	1
2024 최고의 도전	0	0	0	0	0	0	1	0
20분이면 딱 식사할 시간이야 금방 이 안에 깨면 되잖아	0	0	1	0	0	0	0	0
2225 가면 맞는 거 같은데	0	0	0	0	0	0	0	1
27에다가 20를 더하면 47점	0	0	0	0	0	0	0	1
2개 2개 2개	0	0	1	0	0	0	0	0
2개 괜찮아	0	0	1	0	0	0	0	0
2개 또 굴려주시고 자 가자	0	0	0	0	0	0	0	1
2권 안 했잖아요	0	0	1	0	0	0	0	0
2대9이야	0	0	1	0	0	0	0	0
2등 됐어	0	0	1	0	0	0	0	0
2만 5천 9백 원 귀요기 이거 와	0	0	0	0	0	0	0	1
2만 개 넣으면 또 한다고요	0	0	1	0	0	0	0	0
2명 2명 4번 4번 내려와야지 4번 고 고 고 됐어	0	0	0	0	0	0	0	1
2명 3명 2명 왜 그렇게 해	0	0	0	0	0	0	0	1
2명씩 올라가 2명씩 짝 쪄야돼	0	0	0	0	0	0	0	1
2명으로 될 거 같은데 2명이면 각도 될 거 같은데 왼쪽 왼쪽 왼쪽 어 공 간다 2명 오케이 안 해본 사람 해봐	0	0	0	0	0	0	1	0
2번 2번이죠	0	0	1	0	0	0	0	0
2번 가세요	0	0	0	0	0	0	0	1
2번 간다 할 수 있지	0	0	1	0	0	0	0	0
2번 건 좀 많이 어렵긴 해	0	0	0	0	0	0	0	1
2번 난데 2번 누구에요	0	0	1	0	0	0	0	0
2번 내 집밥님 나는 열쇠를 내가 안먹었는데 왜 4번이였어	0	0	0	0	0	0	0	1
2번 누구야	0	0	1	0	0	0	0	0
2번 누구야 [유저] 바 아 [유저] 바 1번 파랑 [유저] 2번 빨간 [유저] 바 잘할수 있겠지	0	0	1	0	0	0	0	0
2번 누군가요	0	0	0	0	0	0	0	1
2번 뭐하냐고	0	0	0	1	0	0	0	0
2번 빨간색인데	0	0	1	0	0	0	0	0
2번 여러가지 갈래가 가있는 곳은 무조건 직진으로 가는거야	0	0	0	0	0	0	0	1
2번 점프 가만있어	0	0	0	0	0	0	0	1
2번 점프 사람마다 다르게 보여 이것이 들어갔어	0	0	0	0	0	0	0	1
2번 점프 해보세요	0	0	0	0	0	0	0	1
2번님 좋으시고 너무 좋고 너무 좋다	0	0	0	0	0	0	1	0
2번부터는 살짝 움직여 2번부터는 조금씩 어 2번부터	0	0	1	0	0	0	0	0
2번은 지나면 됐을 때 갑시다 우리 아 이거 지나고 가자고	0	0	0	0	0	0	0	1
2번을 왼쪽으로 해야 되네	0	0	0	0	0	0	0	1
2번이 빨강님 [유저] 박 답답하구만 [유저] 아빠님이 파랑 1번 [유저] 2번 빨강 [유저] 박 3번 주황 [유저] 아빠 4번 노랑 [유저] 5번 [유저] [유저] 6번 회색 [유저] 7번 [유저] [유저] 8번 갈색 [유저]	0	0	1	0	0	0	0	0
2번이 움직이라고 2번 빨강 [유저] 바 2번 형님 형님 빨강 [유저] 바 2번을 딱 움직여주세요	0	0	1	0	0	0	0	0
2번입니다	0	0	1	0	0	0	0	0
2번판 말 1등 시 10만 추	0	0	1	0	0	0	0	0
2번판 말 1등 시 10만 추요	0	0	1	0	0	0	0	0
2부 뭐예요	0	0	1	0	0	0	0	0
2분 말해요	0	0	0	0	0	0	0	1
2위로는 못 가 2위로는 못 가	0	0	0	0	0	0	0	1
2줄 2줄 미리	0	0	1	0	0	0	0	0
2줄 해야돼	0	0	0	0	0	0	0	1
2칸밖에 안 됐는데	0	0	1	0	0	0	0	0
3 2 1 [유저] 가만있어	0	0	0	0	0	0	0	1
3 2 1 고 1 2 3 4 5 6 7 8 아하하하 너무 빨랐어	0	0	1	0	0	0	0	0
3 2 1 아아아아아아아아 미안하다	0	0	0	0	1	0	0	0
3 2 1 오른쪽으로 한번씩만 따낙 눌러 하나 둘 셋 하면 왼쪽으로 점프 뛰겠습니다	0	0	0	0	0	0	0	1
3 2 1 으악 으악 나도 불안했어	0	0	0	0	1	0	0	0
3 2 1 잠깐 잠깐 잠깐 살 수 있어	0	0	0	0	0	0	0	1
3 2 1 줄이 꼬였어	0	0	1	0	0	0	0	0
3 다시할게요	0	0	1	0	0	0	0	0
3 아 아 그렇죠	0	0	1	0	0	0	0	0
3 오케이 3 오케이 오케이 오케이 이야	0	0	0	0	0	0	1	0
32 41점 35점 18에 9를 더해요	0	0	0	0	0	0	0	1
321 아니 잘못됐어	0	0	0	1	0	0	0	0
321 와 왜케잘해	0	0	0	0	0	0	1	0
34입니다	0	0	1	0	0	0	0	0
35천만원 빨리 출발 안하길래 진짜 웃기다 꼬였어	0	0	0	0	0	0	0	1
38는 누르지 마	0	0	1	0	0	0	0	0
3개 3개	0	0	1	0	0	0	0	0
3개 정도면	0	0	1	0	0	0	0	0
3개남았어	0	0	1	0	0	0	0	0
3까지만 여긴 뭘까	0	0	1	0	0	0	0	0
3단계 에헤스키 어우 야 이거 이야 움직이지 마라 잠깐만 자 여기서 그러면 한 칸씩 움직여야겠죠	0	0	0	0	0	0	0	1
3대 너 혼자 가면 안돼	0	0	0	0	0	1	0	0
3데스 어	0	0	1	0	0	0	0	0
3명 가만있어	0	0	0	0	0	0	0	1
3명 비워봐	0	0	0	0	0	0	0	1
3명이야 이거 3명	0	0	1	0	0	0	0	0
3배 뻥치게 됐네	0	0	1	0	0	0	0	0
3번 3번 이정도면 돼	0	0	1	0	0	0	0	0
3번 3번 재밌네	0	0	1	0	0	0	0	0
3번 4번 왜 안 눌러 4번 4번 [유저] 5번 5번 6번 6번 6명이네	0	0	0	0	0	0	0	1
3번 더 밀고 3번 더 밀고 왼쪽으로 다 넘어오셔야 돼요	0	0	1	0	0	0	0	0
3번 또는 머리에 방어막이 있으니까 왼쪽으로 더 가세요	0	0	0	0	0	0	0	1
3번 미셈	0	0	1	0	0	0	0	0
3번 민다 오케이 오케이 아 이제 이제 이제 아니 저것이 뭔가 잘못된 거 같은데 아니 아니 밀어봐	0	0	0	1	0	0	0	0
3번 밀어야돼	0	0	0	0	0	0	0	1
3번 올라오고 힘	0	0	1	0	0	0	0	0
3번 왜 나와	0	0	0	0	0	0	0	1
3번 잔다 3번 3번 [유저] [유저] [유저] 님 기다려	0	0	0	0	0	0	0	1
3번 전화번호 아는 사람 3번 3번 걸어 3번 3번 통화 알아 [유저] 온다 온다 온다 빠이빠이 좀 다닙시다	0	0	1	0	0	0	0	0
3번까지 3번까지 한꺼번에 있대요	0	0	1	0	0	0	0	0
3번까지 한꺼번에 있대요	0	0	1	0	0	0	0	0
3번님 좀만 더 8번도 밀어주실래요	0	0	0	0	0	0	0	1
3번에 3번에 갑니다	0	0	1	0	0	0	0	0
3번으로 가야 되겠네	0	0	0	0	0	0	0	1
3번은 비키지	0	0	1	0	0	0	0	0
3번은 올라가세요	0	0	0	0	0	0	0	1
3번이 3번이 좀 왼쪽으로 3번님 제가 어떻게 거기를 갈라고 에에에 순서대로 순서대로 3번이 결제하는 결제하고 어떻게 된거야	0	0	0	0	0	1	0	0
3번이 밀어 3번이 밀어 3번 밀어야돼	0	0	0	0	0	0	0	1
3번이 밀어줘 3번이 밀어줘 3번이 밀어줘 3번이 밀어줘봐	0	0	0	0	0	0	0	1
3번이 안 눌렀어	0	0	1	0	0	0	0	0
3번이 올라가면 될거 아니야	0	0	0	0	0	0	0	1
3번이 올라와서 막아줘야지 위로 올라오면 돼 6번 올라와서 올라와서 짝스팀 완료 이동	0	0	0	0	0	0	0	1
3번이 있으니까 오시면 됩니다	0	0	1	0	0	0	0	0
3번째 문제 올라가 천천히 가 천천히 가	0	0	0	0	0	0	0	1
3부 뭐야	0	0	0	0	1	0	0	0
3분 3분	0	0	1	0	0	0	0	0
3스코드밖에 안 남았어요	0	0	1	0	0	0	0	0
3시 돌아 반대 방향 피해주고 쇼크 이나 이 [유저] 스파이씨 수트로 왜 자꾸 앞에 있냐고 저 새꺄가 아니 조새끼 나오라고 미친새끼야 아니 진짜 아 패츄렉 나와	1	0	0	0	0	0	0	0
3시가 또 깍두기 했죠	0	0	0	0	0	0	0	1
3시가 이거 어떻게 깼냐 이거 역삼각형 모양으로 세워서 갑시다 우선 하나로 세우고 위로 올라가 위로 올라가 일단 올라가 일단 올라가 후추도 올라가 올라가 한번 더 올라가 후추 한번만 더 올라가 후추 내려가 가면 돼	0	0	0	0	0	1	0	0
3시간 이거 뭐로 했어	0	0	1	0	0	0	0	0
3일차 [유저] 구워	0	0	1	0	0	0	0	0
3주째 휴방이 없어요	0	0	0	0	0	1	0	0
3차장부터 3차장까지 해서 깔고 가세요	0	0	0	0	0	0	0	1
3초 2초	0	0	1	0	0	0	0	0
3칸 위로 내려가 우리 쫓아가 쟤네 쫓아가 깔끔해 깔끔해	0	0	0	0	0	0	0	1
4 001 촌대 이것이 8명이 합쳐서 4초가 되면 안 돼요	0	0	0	0	0	1	0	0
4 3 2 1 띠용 아	0	0	1	0	0	0	0	0
4 5 6 7 8 9 10 11 12 11 12 13 14 15 16 17 18 18 19 20 24 25 26 27 28 29 32 33 33 2번째 실수 1번째 실수 2번째 실수 스킬 2는 그대독 스킬 2는 그대독 1번째 실수 2번째 실수 미안 미안 어	0	0	0	1	0	0	0	0
4 6 3 3번 성인성인 왼쪽으로 넘어오세요	0	0	0	0	0	0	0	1
40이요 너 번호 형이 다 알고 있고 너 형인 거 하면 명예훼손으로 형이 신고할 수 있어 보수할 수 있어 해도 돼	0	0	0	0	0	0	0	1
48가 미리 만들어주고 아 여기구나 앞에서 67가 앞에 만들어주고 이제 3번 내려가고 이제 괜찮아	0	0	0	0	0	0	0	1
48개 남은거 아니야	0	0	1	0	0	0	0	0
4개 남고 공 2개는 남았어	0	0	1	0	0	0	0	0
4개 남았어	0	0	1	0	0	0	0	0
4개만 먹으면 돼 4개만	0	0	1	0	0	0	0	0
4개면 4개짜리 과일	0	0	1	0	0	0	0	0
4까지 깼어	0	0	1	0	0	0	0	0
4단 점프 아 그러네	0	0	0	0	0	0	0	1
4대4 됐다 뭐야	0	0	0	0	1	0	0	0
4대4 이어	0	0	1	0	0	0	0	0
4대4 있어	0	0	1	0	0	0	0	0
4대4 재밌겠다	0	0	1	0	0	0	0	0
4명 넘어	0	0	1	0	0	0	0	0
4명 넘어가	0	0	0	0	0	0	0	1
4명씩 나눠 4명씩 나눠 오케이 오케이 4명씩 나눠 4명씩 짝수 오른쪽 오케이 짝수 오른쪽	0	0	0	0	0	0	1	0
4명은 쌓아야될 듯 4명은 다섯번째만 출발해야될 듯 잘해보자	0	0	0	0	0	0	1	0
4명이서 체인에 묶여가지고 지옥에서 탈출하는 거야	0	0	0	0	0	0	0	1
4명이예요	0	0	1	0	0	0	0	0
4번 4번 4번 들어갔다	0	0	1	0	0	0	0	0
4번 거기서 모아 이제 가면 돼 4번이 봐주면 돼	0	0	0	0	0	0	0	1
4번 노랑 [유저] 6명 여기 누구야 밀어 밀어 밀어 타임 올라가야지 타임 올라가야지	0	0	0	0	0	0	0	1
4번 먼저 가 4번 위로 가 멈춰 멈춰 멈춰 띠야	0	0	0	0	0	0	0	1
4번 아 진짜 0번이요 아니 4번이 안 비켰어요 4번이 아 이것이 1열로 1열로 1열로 1열로가 1열로 생각이 되네	0	0	0	0	1	0	0	0
4번 앞으로 가보세요	0	0	0	0	0	0	0	1
4번 왜 밀고 있어	0	0	1	0	0	0	0	0
4번 이것도 똑같다 잠깐만 3번을 여기까지 밀고 3번을 밀어 3번을 밀고 그 다음 5번이 밀어 이것이 어떻게 해야돼	0	0	0	0	0	1	0	0
4번 점프 점프 점프 해야 돼	0	0	0	0	0	0	0	1
4번부터 4번부터 4번 먼저 가 4번 먼저 가	0	0	0	0	0	0	0	1
4번이 4번이 올라가야 돼	0	0	0	0	0	0	0	1
4번이 밀려면 7번 3번 내려와 7번 3번 내려오고 4번이 위에 올라타서 4번이 노란색을 좀 앞으로 밀어주고 7번이 8번 위에 타세요	0	0	0	0	0	0	0	1
4번이 조금 밀고 7번이 조금 밀고 4번이 좀 밀어야 돼	0	0	0	0	0	0	0	1
4번이 지금 오른쪽에 있어서 이상해 줄이 자 갑니다	0	0	0	0	0	0	0	1
4번이 한번 밀어야 됨	0	0	0	0	0	0	0	1
4번째 인생은	0	0	1	0	0	0	0	0
4분 4분만	0	0	1	0	0	0	0	0
4점이라도 먹어요 형	0	0	1	0	0	0	0	0
4줄씩 아 오케이 안가져 가까이 움직이면 자 됐어요	0	0	0	0	0	0	1	0
4층 콩콩 후추 가 하나 둘 셋 좋아 할수있어	0	0	0	0	0	0	1	0
4층으로 했다가 무너뜨리면서 만들면 되잖아	0	0	0	0	0	0	0	1
5 5 [유저] 의 점프 맵 외루 오른쪽 오른쪽 뭐 부터 할 적은 내내 이동했고 후추랑 아예 더 가해 자전거 삼식 이나 가능해	0	0	0	0	0	0	0	1
5 다 보다 또 뭐 못했다 뭐 작업을 많이 하려고 원래대로 가야 돼	0	0	0	0	0	0	0	1
50 넘었어	0	0	1	0	0	0	0	0
50점 모이면 그 사람 우승이에요	0	0	1	0	0	0	0	0
59초 남았는데	0	0	1	0	0	0	0	0
59초 버티면 돼	0	0	1	0	0	0	0	0
5개 남았어	0	0	1	0	0	0	0	0
5년 만인가	0	0	0	0	0	0	0	1
5번 5번 5번 아 죄송합니다	0	0	1	0	0	0	0	0
5번 5번 숫자 5번 눌렀어	0	0	1	0	0	0	0	0
5번 6번이 누군데	0	0	1	0	0	0	0	0
5번 7번 사과하기 전까지 알아야 돼	0	0	1	0	0	0	0	0
5번 [유저] 똥색	1	0	0	0	0	0	0	0
5번 나랑 색깔 비슷하니	0	0	1	0	0	0	0	0
5번 누구야	0	0	1	0	0	0	0	0
5번 아니 6번이 있어서 못감	0	0	0	0	0	0	0	1
5번 안갑니다	0	0	1	0	0	0	0	0
5번 올라가 4번 4번 4번 밀었어	0	0	0	0	0	0	0	1
5번 왼쪽으로 5번 왼쪽으로 약간 왼쪽으로 8번 오케이 그렇지 아이 잘했다 가자 가자 가자	0	0	0	0	0	0	1	0
5번 좀 떨어집니다	0	0	1	0	0	0	0	0
5번은 됐어	0	0	1	0	0	0	0	0
5번은 오프라인이라서 로컬만 된데 이거 뭐야	0	0	0	0	1	0	0	0
5번을 건너뛰었네요	0	0	1	0	0	0	0	0
5번을 맞고 내가 봐주고 있어 봐주고 있어 넘어가 넘어가 어	0	0	0	0	0	0	0	1
5번이 근데 못 넘어오잖아	0	0	1	0	0	0	0	0
5번이 밀고 회색하고 저거 올라가야돼	0	0	0	0	0	0	0	1
5번이 밀어야 돼	0	0	0	0	0	0	0	1
5번이 봐주고	0	0	0	0	0	0	0	1
5번이 아 5번이 점프 못함 위에 사람 있으면 점프 못함	0	0	0	0	0	0	0	1
5번이 와야되네	0	0	0	0	0	0	0	1
5분 뭐해	0	0	0	1	0	0	0	0
5분 후 막하다쳐	0	0	1	0	0	0	0	0
5분만 더 제가 알려드릴게요	0	0	0	0	0	0	0	1
5승차 한 번만 더 지랄해봐	1	0	0	0	0	0	0	0
5장이 냈는데	0	0	1	0	0	0	0	0
5점 3점	0	0	1	0	0	0	0	0
5천실링이면 비슷하잖아	0	0	1	0	0	0	0	0
5천원 거니까 5천원 5천원 5천원 거니까 빨리 5천원 5천원 누구	0	0	0	0	0	0	0	1
5학년이요 형한테 잘못했어	0	0	0	1	0	0	0	0
6까지 가려고요	0	0	0	0	0	0	0	1
6명 6번까지 가 6번 [유저] 6번 [유저] 6번 [유저] 7번은 내려와 7번은 내려와 6번 [유저] 4번 올라가야지	0	0	0	0	0	0	0	1
6번 3번님 6번 3번 백 3번 승파 중앙패드 [유저] 오케이 오케이 더 올라가 더 더올라가 더올라가 왼 위에 둘 7번 삐져나갔잖아	0	0	0	0	0	0	1	0
6번 6번 빗겨줘 렛츠고 바로 빗겨줘야 된다	0	0	1	0	0	0	0	0
6번 가세요	0	0	0	0	0	0	0	1
6번 누구야	0	0	1	0	0	0	0	0
6번 더 가세요	0	0	0	0	0	0	0	1
6번 버려	0	0	1	0	0	0	0	0
6번 어이구 빨개졌다	0	0	1	0	0	0	0	0
6번 열쇠 전달 열쇠 전달 빈도	0	0	1	0	0	0	0	0
6번 오른쪽 5번 6번 자리 바꿔 아니 4번 3번까지 3번까지 오케이 앞으로 가야되는거 아니야	0	0	0	0	0	0	1	0
6번 좀 더 아 오케이 버튼 눌러 버튼 눌러 눌러 눌러 안 누르지	0	0	0	0	0	0	1	0
6번 지나가고 천천히 천천히 2번 밀고 2번 밀고 그렇지 그렇지 문 열어 문 열어 뱅뱅뱅뱅뱅뱅뱅	0	0	0	0	0	0	1	0
6번 혼자있어 6번가세요	0	0	0	0	0	0	0	1
6번님 앞으로 가지마시고 8번님부터 보내는것이 어떨까요	0	0	0	0	0	0	0	1
6번은 이거에요	0	0	1	0	0	0	0	0
6번이 가야지	0	0	0	0	0	0	0	1
6번이 있어서 못감	0	0	0	0	0	0	0	1
6번이 쪄서 먹는거에요	0	0	1	0	0	0	0	0
7 001 과학이다	0	0	1	0	0	0	0	0
7 7 이거 피해야 돼	0	0	0	0	0	0	0	1
7 미안 이미 틀렸음	0	0	1	0	0	0	0	0
727가 뱅뱅	0	0	0	0	0	0	0	1
727가 뱅뱅이다	0	0	0	0	0	0	0	1
7가 써있습니다	0	0	0	0	0	0	0	1
7번 6번 움직여줘요	0	0	1	0	0	0	0	0
7번 7번 7번 올라가야돼	0	0	0	0	0	0	0	1
7번 8번 해줄게	0	0	0	0	0	0	0	1
7번 [유저] 형 2번 띄고 2번 띄고 1번 2번 띄고 나는 있어도 돼	0	0	1	0	0	0	0	0
7번 안정적으로 좋아 7번 안정적으로 좋아 [유저] 는 게임 잘해 오케이 [유저] 는 게임 잘해 [유저] 는 조금 아쉽지 데리고 오고 아래로 미리 [유저] 아래로 2번이 봐주시고 2번이 봐주시고 안보고 이제 안보고 안보고 어 잠깐만 이거 알아서 본다	0	0	0	0	0	0	1	0
7번 오케이 조금 더 좀만 더 좀만 더 좀만 더 8번 안달복달 하지마 8번 가만있어 가만있어	0	0	0	0	0	0	1	0
7번 올라가	0	0	0	0	0	0	0	1
7번 점프 어떻게 먹었어	0	0	0	0	0	1	0	0
7번 좋아요	0	0	0	0	0	0	1	0
7번 좋았다 먼저 생각했어 미안 미안 미안 근데 안가본 데기 때문에 안가본 데기 때문에 8번 좋았어	0	0	0	0	0	0	1	0
7번 혼자	0	0	1	0	0	0	0	0
7번은 가만히 있어 7번은 가만히 있어	0	0	0	0	0	0	0	1
7번은 보고 있을것이 7번은 보고 있어 7번은 보고 있어	0	0	1	0	0	0	0	0
7번이 8번 위에 타서 7번이 미세요 아냐 그렇게 한층 더 밀어야 돼	0	0	0	0	0	0	0	1
7번이 8번 위에 타세요	0	0	1	0	0	0	0	0
7번이 [유저] 8번 똥홍냥이형 1번이라며 6번 웅냥이 6번 [유저] 형 6번이 [유저] 아 됐다 정리됐다	1	0	0	0	0	0	0	0
7번이 [유저] 이야	0	0	1	0	0	0	0	0
7번이 올라갈 수 있게 7번이 올라가야 돼	0	0	0	0	0	0	0	1
7부터 다음번에 하겠습니다	0	0	1	0	0	0	0	0
7이라는 숫자가 있는데	0	0	0	0	0	0	0	1
7줄 못 할 것 같은데	0	0	1	0	0	0	0	0
7초 남았다	0	0	1	0	0	0	0	0
7초 남았어요	0	0	1	0	0	0	0	0
7초 비켜	0	0	0	0	0	0	0	1
7초 얘들아 할 수 있어 먹어 먹어 내려와 자	0	0	0	0	0	0	0	1
87번만 가야되는거 아니야	0	0	0	0	0	0	0	1
8명 8명 아까랑 비슷한 거 같은데 아까처럼 아까처럼 이거 한 번에 가는 거 같은데 탈출 탈출 최고점에서 최고점에서 끝까지 올라갔을 때 끝까지 올라갔을 때 여유있어 여유있어 가자 가자 가자 이번에도 최고점에서 자 오케이 올라갔을 때 끝까지 올라갔을 때 끝까지 올라갔을 때 됐다 너무 쉽고 너무 쉽고 뭐야	0	0	0	0	1	0	0	0
8번 5번 이렇게 앞에 2명만 있고 넘어가세요	0	0	0	0	0	0	0	1
8번 7번 깔아주고 7번 7번 7번 다운 7번 다운 아 1번이 왜 내려가는거야	0	0	0	0	0	0	0	1
8번 8번 넘어가야 돼	0	0	0	0	0	0	0	1
8번 [유저] 를 했는데 몇번 몇판을 했는데 뭐길라 그래	0	0	0	0	0	0	1	0
8번 넘어가세요	0	0	0	0	0	0	0	1
8번 다 이쪽 이쪽으로 와 내 오른쪽으로 제일 가까이 있는 자	0	0	0	0	0	0	0	1
8번 동시에 움직여야죠	0	0	1	0	0	0	0	0
8번 밀어	0	0	0	0	0	0	0	1
8번 오고 8번이 마지막으로 이제 8번 와야지	0	0	0	0	0	0	0	1
8번 올라가야지	0	0	0	0	0	0	0	1
8번 와야지	0	0	0	0	0	0	0	1
8번 정찰병	0	0	1	0	0	0	0	0
8번 풀이야	0	0	1	0	0	0	0	0
8번님 합니다	0	0	1	0	0	0	0	0
8번은 만들자 만들자 계단 만들어 계단 사육해 한 명 사육해 잠깐만 제가 왕 됩니다	0	0	0	0	0	0	0	1
8번이 넘어가야 되는 거 아니야	0	0	0	0	0	0	0	1
8번이 봐주시고 다 오셈 쟤 와야 돼	0	0	0	0	0	0	0	1
8번이 열쇠야	0	0	1	0	0	0	0	0
8번이 올라가야지 8번이 올라가야지 7번이 올라가야지 7번이 올라간다	0	0	0	0	0	0	0	1
8번이 풍영 풍영이 좀 많이 눈에 띄네	0	0	1	0	0	0	0	0
AB7 어 뭐야	0	0	0	0	1	0	0	0
AD가 자아한 거예요	0	0	0	0	0	0	0	1
AESWD 자 일단 들어왔는데 왼쪽으로 가는 것이 나잖아	0	0	0	0	0	0	0	1
A가 날 덮었어	0	0	0	0	0	0	0	1
A가 눌렀잖아요	0	0	0	0	0	0	0	1
A가 어 A가 못해	0	0	0	1	0	0	0	0
A가 왜 깜쳐 아니 A가 아니지	0	0	0	0	0	0	0	1
A가 왜 눌러	0	0	0	0	0	0	0	1
A가 해야지 무슨 D가 아니 더블로 해야 돼	0	0	0	0	0	0	0	1
A구나 와 A는 와 이 놈아 야 덤비 이 녀석아 이거 왜 한 거였어	0	0	0	0	0	0	0	1
A는 뭐야	0	0	0	0	1	0	0	0
A는 뭐하	0	0	1	0	0	0	0	0
A는 진짜 뭐하	0	0	1	0	0	0	0	0
A님 아 좋아	0	0	0	0	0	0	1	0
A랑 D가 아니 진짜 아니 진짜 아이씨 에이씨 내가 죽었으면 좋겠어	0	0	0	0	1	0	0	0
A의 판단 좀 느린데요	0	0	1	0	0	0	0	0
A팀 너무 잘하신다	0	0	1	0	0	0	0	0
BO5 가야지	0	0	0	0	0	0	0	1
C마 뒤에 어디 갔어	0	0	1	0	0	0	0	0
D가 이거를	0	0	0	0	0	0	0	1
D님 방금은 조금 아쉬웠어요	0	0	1	0	0	0	0	0
E를 누르면 줄을 잡아서 땡길 줄 정리를 할 수가 있습니다	0	0	0	0	0	0	0	1
F로 버려 F F	0	0	1	0	0	0	0	0
Lets go 잉깨야 우리 생존하러 가자 [유저] 이오 뭐예요	0	0	0	0	0	0	0	1
Liver shove G 아아악 죽여 죽여 끊어 원푸니 원푸니 누나 폭탄이야	0	0	0	0	1	0	0	0
NS2요 이제 가야 돼요	0	0	0	0	0	0	0	1
OTHER 내 머리 위로 밟고 가라	0	0	0	0	0	0	0	1
QWER는 가수분들이고 아 그래 WASD이라고해요	0	0	0	0	0	0	1	0
SMITH2는 [유저] 어후 아우 살았다	0	0	0	0	0	0	1	0
S가 그랬어	0	0	0	0	0	0	0	1
S가 아 저 그거 예상했습니다	0	0	0	0	0	0	0	1
S가 왜 간 거야	0	0	0	0	0	0	0	1
TLQKF를 시전하는 너구리	0	0	1	0	0	0	0	0
T자에서 다시 돌아와야해 이해 되지	0	0	0	0	0	0	0	1
WASD랑 스페이스바만 있는거인가요	0	0	0	0	0	0	0	1
WASD랑 스페이스밖에 없어요	0	0	1	0	0	0	0	0
W가 왜 문제야	0	0	0	0	0	0	0	1
W님 제가 역시 더빙맨 밖에 없잖아요	0	0	0	0	0	0	0	1
W도 왜요	0	0	1	0	0	0	0	0
[유저] 14개	0	0	1	0	0	0	0	0
[유저] 2	0	0	1	0	0	0	0	0
[유저] 2등	0	0	1	0	0	0	0	0
[유저] B 이거 눌러가지고 길게 눌러서 포기하기 전 [유저] 한테 당했습니다	0	0	0	0	0	1	0	0
[유저] [유저]	0	0	1	0	0	0	0	0
[유저] [유저] [유저]	0	0	1	0	0	0	0	0
[유저] [유저] [유저] 1번 [유저] 1번 [유저] 1번 [유저] 6번이 봐주셈 6번이 봐주셈 쟤도 좀 와야돼	0	0	0	0	0	0	0	1
[유저] [유저] [유저] 멈추지마 멈추지마	0	0	1	0	0	0	0	0
[유저] [유저] [유저] 노랑이 길려라	0	0	1	0	0	0	0	0
[유저] [유저] [유저] 님 [유저] 님 김치님 화이팅 김치님 화이팅 야 나 치킨 먹는다 아주 자 다음 스타머치인데 미리 사과할것이 [유저] 님 서로 들어오지 맙시다	0	0	0	0	0	0	1	0
[유저] [유저] [유저] 이야	0	0	1	0	0	0	0	0
[유저] [유저] 개새끼야 머쌔 머쌔	1	0	0	0	0	0	0	0
[유저] [유저] 규민 이동 기어 서드 상관 없겠다	0	0	1	0	0	0	0	0
[유저] [유저] 그거 [유저] [유저] 이다	0	0	1	0	0	0	0	0
[유저] [유저] 난 시키는대로 했어	0	0	1	0	0	0	0	0
[유저] [유저] 내리막 [유저] [유저] 가속도 [유저] 오른쪽 여기 [유저] 오 [유저] 굿 [유저] 내 플랜 [유저] 점프	0	0	0	0	0	0	1	0
[유저] [유저] 너무 좋았어	0	0	0	0	0	0	1	0
[유저] [유저] 님들	0	0	1	0	0	0	0	0
[유저] [유저] 뒤로 슛	0	0	1	0	0	0	0	0
[유저] [유저] 들어가면 돼	0	0	0	0	0	0	0	1
[유저] [유저] 마우스 기다려	0	0	0	0	0	0	0	1
[유저] [유저] 밟고 가	0	0	0	0	0	0	0	1
[유저] [유저] 벽 세워 벽 세워 [유저] [유저] 좋다 좋다	0	0	0	0	0	0	1	0
[유저] [유저] 순이 1번 1번 1번 야 보라 보라 보라 3번 3번 3번 박 [유저] 박 [유저] 뭐야	0	0	0	0	1	0	0	0
[유저] [유저] 시청자 다 들어와	0	0	0	0	0	0	0	1
[유저] [유저] 아니 죄송해요	0	0	0	0	0	0	0	1
[유저] [유저] 아이씨 승리	0	0	0	0	1	0	0	0
[유저] [유저] 연호 뒤로 차면 안돼 [유저] 뒤로 차면 안돼 [유저] 좋았다 개판입니다	0	0	0	0	0	1	0	0
[유저] [유저] 오케이 5번 [유저] 회색은 누구지 [유저]	0	0	0	0	0	0	1	0
[유저] [유저] 좋아	0	0	0	0	0	0	1	0
[유저] [유저] 한 번 더 해	0	0	0	0	0	0	0	1
[유저] [유저] 회색 누구야	0	0	1	0	0	0	0	0
[유저] [유저] ᆫ도 [유저] 이라는 고퀴리 무리하리 퀴리카즈하드 카이리카쿠레	0	0	1	0	0	0	0	0
[유저] [유저] 구나	0	0	1	0	0	0	0	0
[유저] [유저] 입니다	0	0	1	0	0	0	0	0
[유저] spicy 계속 밀리면 안 되잖아	0	0	1	0	0	0	0	0
[유저] 가봐봐	0	0	0	0	0	0	0	1
[유저] 가야돼	0	0	0	0	0	0	0	1
[유저] 가져가자 [유저] 이자 이런식으로 인성 줄여주면서 기다릴게요	0	0	0	0	0	0	0	1
[유저] 각별 공룡 라더	0	0	1	0	0	0	0	0
[유저] 갔는데 [유저] 야	0	0	1	0	0	0	0	0
[유저] 강아지	0	0	1	0	0	0	0	0
[유저] 검사하는 사람 좋아	0	0	0	0	0	0	1	0
[유저] 검사하는 사람 진짜 죽을라고	0	0	1	0	0	0	0	0
[유저] 공 피하면 어떡해	0	0	0	0	0	1	0	0
[유저] 괜찮아	0	0	1	0	0	0	0	0
[유저] 국가대표 혜안입니다	0	0	0	0	0	0	0	1
[유저] 그라운 아니 [유저] 로비	0	0	1	0	0	0	0	0
[유저] 그래 저는 [유저] 입니다	0	0	0	0	0	0	1	0
[유저] 그렇지	0	0	0	0	0	0	1	0
[유저] 그렇지 할배 빨아	0	0	0	0	0	0	1	0
[유저] 근데 왜 네가 죽으니까 아무 말도 없어	0	0	0	0	0	0	0	1
[유저] 기다려	0	0	0	0	0	0	0	1
[유저] 기자는 아는데 자 대기 대기 어찌 바뀌어요	0	0	1	0	0	0	0	0
[유저] 꽃이 하나 있는데 야 이것이 뭐해 쓰레기야	1	0	0	0	0	0	0	0
[유저] 끝	0	0	1	0	0	0	0	0
[유저] 내 대가리 밟아	0	0	0	0	0	0	0	1
[유저] 내가 죽었어	0	0	0	0	0	1	0	0
[유저] 내려가야 돼	0	0	0	0	0	0	0	1
[유저] 너 고개 들어 너 기죽지 마 [유저] 속도에 맞추자고하니까 이 새끼는 왜 이렇게 빨리 가 [유저] 속도에 맞출 터니까 [유저] 가 먼저 가 우리의 새끼 발가락이다 땡 제발 제발 개가 뜨개 가자	1	0	0	0	0	0	0	0
[유저] 너 디졌다	0	0	1	0	0	0	0	0
[유저] 너 믿어	0	0	1	0	0	0	0	0
[유저] 너블	0	0	1	0	0	0	0	0
[유저] 넌 내꺼야	0	0	1	0	0	0	0	0
[유저] 네 아 뭐 아픈 거가 없어지는 거다	0	0	0	0	0	0	0	1
[유저] 네가 시작한 네가 자처한 일이야 [유저]	0	0	0	0	0	0	0	1
[유저] 네가 하자고 했었던 게임이지 기억 안 나	0	0	0	0	0	0	0	1
[유저] 농청아 아 나 대가리 빨간새끼 저거 아니 하다보면 배워줄터인데 그래 아니 야 저새끼 야 너 4살이지 너 어 여기 안가지는데 와서 올려줘	1	0	0	0	0	0	0	0
[유저] 누구 팀이야	0	0	1	0	0	0	0	0
[유저] 누군지 [유저] 누군지 자 하나 둘 셋 뜯어 뜯어 뜯어 아니 아니 미친놈 이거 이거 이겨	1	0	0	0	0	0	0	0
[유저] 누나 저 화장실 갔다와도 돼요	0	0	0	0	0	0	0	1
[유저] 니누 밀어	0	0	0	0	0	0	0	1
[유저] 님 내 머리 밟아 띠용 띠용 저기 아래꺼 자 저거 알아서 빨아주고 올려줄게	0	0	1	0	0	0	0	0
[유저] 님 쏘고	0	0	1	0	0	0	0	0
[유저] 님 엑스 플릿에서 글자 색깔 어떻게 바꿔요	0	0	0	0	0	1	0	0
[유저] 다 봤지	0	0	1	0	0	0	0	0
[유저] 다들 너무 멋있어 3회 카운트 해드릴게요	0	0	0	0	0	0	1	0
[유저] 다음이 화살표 즈펙카드 뽑는다 생각해 즈펙카드 [유저] 다음이 화살표임	0	0	0	0	0	0	0	1
[유저] 단무지 잡아줘 잡아줘	0	0	1	0	0	0	0	0
[유저] 당겨	0	0	0	0	0	0	0	1
[유저] 대 [유저]	0	0	1	0	0	0	0	0
[유저] 댄스 오	0	0	1	0	0	0	0	0
[유저] 댱님 총 맞으실 뻔 하셨어요	0	0	1	0	0	0	0	0
[유저] 뒤로 뒤로 슛	0	0	1	0	0	0	0	0
[유저] 뒤로 슛	0	0	1	0	0	0	0	0
[유저] 드야 레이드 가만히 있어	0	0	0	0	0	0	0	1
[유저] 들어가는 거 보고 가자	0	0	0	0	0	0	0	1
[유저] 땡이야	0	0	1	0	0	0	0	0
[유저] 또 맞고	0	0	1	0	0	0	0	0
[유저] 띠	0	0	1	0	0	0	0	0
[유저] 띠 나 믿지	0	0	1	0	0	0	0	0
[유저] 러브유 다 거짓말 아 뭐야	0	0	0	0	1	0	0	0
[유저] 런트 [유저] 런트 진징이 떨어졌지	0	0	1	0	0	0	0	0
[유저] 레운	0	0	1	0	0	0	0	0
[유저] 류 [유저]	0	0	1	0	0	0	0	0
[유저] 린스 버디가	0	0	0	0	0	0	0	1
[유저] 림	0	0	1	0	0	0	0	0
[유저] 마 잘 가	0	0	0	0	0	0	0	1
[유저] 마 쿠키	0	0	1	0	0	0	0	0
[유저] 마님	0	0	1	0	0	0	0	0
[유저] 마님 굿게임 뭐라고요	0	0	0	0	0	0	1	0
[유저] 마님만 움직일 거예요	0	0	1	0	0	0	0	0
[유저] 마님이요	0	0	1	0	0	0	0	0
[유저] 망키야	0	0	1	0	0	0	0	0
[유저] 맞다	0	0	1	0	0	0	0	0
[유저] 맞지마	0	0	1	0	0	0	0	0
[유저] 맴바	0	0	1	0	0	0	0	0
[유저] 맵지도 않아 0초에서 4초 사이에 수를 만들어야 돼	0	0	1	0	0	0	0	0
[유저] 먹어 열쇠를 먹어 됐어	0	0	1	0	0	0	0	0
[유저] 먹으러 간다	0	0	1	0	0	0	0	0
[유저] 메뉴로 주문하시겠어요	0	0	1	0	0	0	0	0
[유저] 모드가 안돼	0	0	0	0	0	1	0	0
[유저] 목기 꺼져	1	0	0	0	0	0	0	0
[유저] 못 읽어	0	0	1	0	0	0	0	0
[유저] 몽청이야	0	0	1	0	0	0	0	0
[유저] 뭐가 나오는데 너무 쉬운데 응 이제 하잖아	0	0	0	0	0	0	0	1
[유저] 뭐야 [유저] 뭐야 아	0	0	0	0	1	0	0	0
[유저] 바 있거든요	0	0	1	0	0	0	0	0
[유저] 배틀 높이 [유저] 이래요	0	0	1	0	0	0	0	0
[유저] 분에 주의하세요	0	0	0	0	0	0	0	1
[유저] 비가 [유저] 한다	0	0	0	0	0	0	0	1
[유저] 빨리 [유저] 빨리 줘도 얘들아	0	0	0	0	0	0	0	1
[유저] 빨리 가봐	0	0	0	0	0	0	0	1
[유저] 삥	0	0	1	0	0	0	0	0
[유저] 삼식	0	0	1	0	0	0	0	0
[유저] 샀다 와 협동이 되네	0	0	0	0	0	0	0	1
[유저] 상우 잠깐만 아 너 뭐야	0	0	0	0	1	0	0	0
[유저] 색 올라가서 만들어주고 다음 내려가 중앙색 내려가 레겐도 내려가 자 그 다음 여고 내려가 자 그 다음에 김치 내려가 그 다음에 기우자 내려가 그 다음에 올라가요	0	0	0	0	0	0	0	1
[유저] 생겼다	0	0	1	0	0	0	0	0
[유저] 샷 [유저] 샷 방심했지	0	0	1	0	0	0	0	0
[유저] 선택을 다시해야되는거같은데	0	0	0	0	0	0	0	1
[유저] 선행위에 올려	0	0	1	0	0	0	0	0
[유저] 섬이네	0	0	1	0	0	0	0	0
[유저] 세이브	0	0	1	0	0	0	0	0
[유저] 솔로 파티 말고요	0	0	1	0	0	0	0	0
[유저] 수철쌤 맞힌 거야	0	0	1	0	0	0	0	0
[유저] 씨	0	0	1	0	0	0	0	0
[유저] 씨 [유저] 씨 6번 가야돼	0	0	0	0	0	0	0	1
[유저] 씨 [유저] 씨 살아야 돼	0	0	1	0	0	0	0	0
[유저] 씨 내려오시고 나 아니야	0	0	1	0	0	0	0	0
[유저] 씨 욕하려던 거 아니죠	0	0	1	0	0	0	0	0
[유저] 씨 이거 먹을 수 있었어요	0	0	1	0	0	0	0	0
[유저] 씨가 제일 못하는디	0	0	0	0	0	0	0	1
[유저] 씨발 뒤지고 싶어	1	0	0	0	0	0	0	0
[유저] 아 역시 고양이랑 튕기는 거인가	0	0	0	0	0	0	0	1
[유저] 아니면	0	0	1	0	0	0	0	0
[유저] 아니야	0	0	1	0	0	0	0	0
[유저] 아래	0	0	1	0	0	0	0	0
[유저] 안돼	0	0	0	0	0	1	0	0
[유저] 안되는데	0	0	1	0	0	0	0	0
[유저] 애기 애기	0	0	1	0	0	0	0	0
[유저] 야 비켜봐	0	0	0	0	0	0	0	1
[유저] 야 이거 뭐야	0	0	0	0	1	0	0	0
[유저] 얘들아 [유저]	0	0	1	0	0	0	0	0
[유저] 어	0	0	1	0	0	0	0	0
[유저] 어 아 깨웠다	0	0	1	0	0	0	0	0
[유저] 어 야야야 빨리 가 빨리 가	0	0	0	0	0	0	0	1
[유저] 어디있나 뒤질라고 에이 맨	0	0	1	0	0	0	0	0
[유저] 어디있나 뒤질라고 에이 베 베 베 문 열어 이씨 문 열라고	0	0	1	0	0	0	0	0
[유저] 어이가 없네	0	0	0	0	0	0	0	1
[유저] 언니 땅에 초록색깔 저거 바 보여	0	0	1	0	0	0	0	0
[유저] 언니 안뱉는거 맞아	0	0	0	0	0	0	1	0
[유저] 없나요	0	0	1	0	0	0	0	0
[유저] 오빠 뱉어줘야돼	0	0	1	0	0	0	0	0
[유저] 오빠한테 똥싸개가 뭐야	1	0	0	0	0	0	0	0
[유저] 올라가	0	0	0	0	0	0	0	1
[유저] 올라갔다	0	0	1	0	0	0	0	0
[유저] 왜	0	0	1	0	0	0	0	0
[유저] 왼쪽에다 쏴	0	0	1	0	0	0	0	0
[유저] 우	0	0	1	0	0	0	0	0
[유저] 우측	0	0	1	0	0	0	0	0
[유저] 위에 쏴 [유저] 위에 쏴 내 위에 쏴 아 알았다	0	0	1	0	0	0	0	0
[유저] 유사 모릅니까	0	0	1	0	0	0	0	0
[유저] 윤요가	0	0	0	0	0	0	0	1
[유저] 이거 뭐야	0	0	0	0	1	0	0	0
[유저] 이거는 뭔 느낌인지 알겠으니까 다음 거 해보자	0	0	0	0	0	0	0	1
[유저] 이러면	0	0	1	0	0	0	0	0
[유저] 이름이 뭐야	0	0	0	0	1	0	0	0
[유저] 이리 올라와	0	0	0	0	0	0	0	1
[유저] 이슈 톡이었습니다	0	0	1	0	0	0	0	0
[유저] 자기 구역 자기야 막아 책임 소재 명확한 게임 좋아	0	0	0	0	0	0	1	0
[유저] 잘 있어	0	0	1	0	0	0	0	0
[유저] 잘했습니다	0	0	0	0	0	0	1	0
[유저] 전문 야 이거는 우리 잘하지	0	0	1	0	0	0	0	0
[유저] 점에서 내려가야지 더 올라가 최고점에서 최고점에서 골라야지	0	0	0	0	0	0	1	0
[유저] 정의를 이용해서 한번 만들어보자고요 그 다음 올라가시고 자 그 다음 밟아줘요 윤유님 올라갈 수 있게 그렇지 밟아주고 그렇지	0	0	0	0	0	0	1	0
[유저] 조심	0	0	0	0	0	0	0	1
[유저] 주부메달이 뭐야	0	0	0	0	1	0	0	0
[유저] 차면 주심 [유저] 정해정해요	0	0	0	0	0	0	0	1
[유저] 총장이 죽였는데 내가 그냥	0	0	0	0	0	0	0	1
[유저] 출발	0	0	1	0	0	0	0	0
[유저] 캐빈 야 덕혜야 잘해보자	0	0	0	0	0	0	1	0
[유저] 캐치	0	0	1	0	0	0	0	0
[유저] 키링 형 떨어지기 좋은 타이밍 말한 거 맞지	0	0	1	0	0	0	0	0
[유저] 킬게요	0	0	1	0	0	0	0	0
[유저] 텀 맵 해보자	0	0	0	0	0	0	0	1
[유저] 튕겨야 되네	0	0	1	0	0	0	0	0
[유저] 트 안에 어디야	0	0	1	0	0	0	0	0
[유저] 트라이 오케이	0	0	0	0	0	0	1	0
[유저] 파이팅	0	0	0	0	0	0	1	0
[유저] 파이팅 [유저] 잘한다 잘한다 하렌치 하렌치 하렌치 야 이미 이겼어	0	0	0	0	0	0	1	0
[유저] 패스	0	0	1	0	0	0	0	0
[유저] 펀치 형님	0	0	1	0	0	0	0	0
[유저] 프사 한번 골라볼까	0	0	1	0	0	0	0	0
[유저] 하나 둘 셋 그렇지	0	0	0	0	0	0	1	0
[유저] 한 번 베 한 번 베	0	0	1	0	0	0	0	0
[유저] 한 여자 아원입니다	0	0	1	0	0	0	0	0
[유저] 한국인의 목표는 맵이네요	0	0	1	0	0	0	0	0
[유저] 한번 해보자	0	0	0	0	0	0	0	1
[유저] 한번더 한번더 한번더 그렇지	0	0	0	0	0	0	1	0
[유저] 할 힘도 없다	0	0	1	0	0	0	0	0
[유저] 할배가 아니라 왜 그래	0	0	0	1	0	0	0	0
[유저] 해봐	0	0	0	0	0	0	0	1
[유저] 형 방금 지나친 저거 죽은	0	0	1	0	0	0	0	0
[유저] 형들 화난다	0	0	1	0	0	0	0	0
[유저] 형이 아 피지컬 리쉬 굉장히 많이 나올 것 같은데요	0	0	1	0	0	0	0	0
[유저] 화난 거 아니지	0	0	1	0	0	0	0	0
[유저] 화이팅 아이고 아이고 내가 어떻게든 해볼게	0	0	0	0	0	1	0	0
[유저] 화이팅 하렌치 떨어졌어	0	0	0	0	0	0	1	0
[유저] ᆫ님 올라가시고 자 그 다음 올라오고 갑니다	0	0	0	0	0	0	0	1
[유저] ᆫ형	0	0	1	0	0	0	0	0
[유저] ᆯ 어떻게 통과하지	0	0	0	0	0	1	0	0
[유저] 가	0	0	0	0	0	0	0	1
[유저] 가 [유저] 가 생일인데 빨리 좀 깨자 코코가 아이고 아이고 야 근데 이거 이야	0	0	0	0	0	1	0	0
[유저] 가 [유저] 고 끝에가 화살표랑 엑스야	0	0	0	0	0	0	0	1
[유저] 가 고생했어	0	0	0	0	0	0	0	1
[유저] 가 그냥 들어가 이거 뒤로 올려고 하지 말고 그냥 들어가야지	0	0	0	0	0	0	0	1
[유저] 가 내 혈압을 찢었다고	0	0	0	0	0	0	0	1
[유저] 가 누구지 [유저] [유저] 이겠지	0	0	0	0	0	0	0	1
[유저] 가 두 건이나 해냅니다	0	0	0	0	0	0	0	1
[유저] 가 뒤로 당겼어	0	0	0	0	0	0	0	1
[유저] 가 뒤로 와	0	0	0	0	0	0	0	1
[유저] 가 딱 뽑았잖아	0	0	0	0	0	0	0	1
[유저] 가 맞췄는데	0	0	0	0	0	0	0	1
[유저] 가 머리 타고 가가지고 이것이	0	0	0	0	0	0	0	1
[유저] 가 먼저 지나가는 놈이 어딨어	0	0	0	0	0	0	0	1
[유저] 가 먼저 해야 돼	0	0	0	0	0	0	0	1
[유저] 가 문 닫았어	0	0	0	0	0	0	0	1
[유저] 가 문제야 저 새끼 저거	1	0	0	0	0	0	0	0
[유저] 가 뭐야	0	0	0	0	1	0	0	0
[유저] 가 밀어줄 수 있어	0	0	0	0	0	0	0	1
[유저] 가 센스 좋았다	0	0	0	0	0	0	0	1
[유저] 가 싫어 제발	0	0	0	0	0	0	0	1
[유저] 가 엉덩이야	0	0	0	0	0	0	0	1
[유저] 가 열쇠 주고 가	0	0	0	0	0	0	0	1
[유저] 가 옆으로 가줘야지	0	0	0	0	0	0	0	1
[유저] 가 왼쪽으로 움직일 준비하고	0	0	0	0	0	0	0	1
[유저] 가 위로 올라가 너 죽어도 아래 있을거야 멈춰줘야 우리가 죽어도 아래 있을거야	1	0	0	0	0	0	0	0
[유저] 가 이렇게 되는데	0	0	0	0	0	0	0	1
[유저] 가 일단 이것이 점프 진짜 잘하자	0	0	0	0	0	0	0	1
[유저] 가 제일 쉬웠던 것 같습니다	0	0	0	0	0	0	0	1
[유저] 가 조금	0	0	0	0	0	0	0	1
[유저] 가 지금 못썼어요	0	0	0	0	0	0	0	1
[유저] 가 지금 어떻게 되냐	0	0	0	0	0	1	0	0
[유저] 가 크니까 [유저] 가 커져 6번이 올라가고	0	0	0	0	0	0	0	1
[유저] 가 하면 네가 하게 될 거 같아	0	0	0	0	0	0	0	1
[유저] 가 혼자 가는 것이 개무서워	0	0	0	0	0	0	0	1
[유저] 가네 소리가 띠링 [유저] 소리 나네	0	0	0	0	0	0	0	1
[유저] 네 제가 어떻게 안되냐면 앞으로 가는거만 하고 점프할때는 안 움직였어요	0	0	0	0	0	1	0	0
[유저] 는 뭐야	0	0	0	0	1	0	0	0
[유저] 는 배에 올려놓고 하겠습니다	0	0	1	0	0	0	0	0
[유저] 는 승리한다	0	0	1	0	0	0	0	0
[유저] 는 혼자서 못 타요	0	0	1	0	0	0	0	0
[유저] 님	0	0	1	0	0	0	0	0
[유저] 님 [유저] 캐치요 왜 공이 4개밖에 없어	0	0	1	0	0	0	0	0
[유저] 님 끌면 안 돼요	0	0	0	0	0	1	0	0
[유저] 님 나한테 줘봐요	0	0	0	0	0	0	0	1
[유저] 님 너무 집중하셨네	0	0	1	0	0	0	0	0
[유저] 님 눌러	0	0	0	0	0	0	0	1
[유저] 님 데려와 데려왔어	0	0	0	0	0	0	0	1
[유저] 님 비켜봐	0	0	0	0	0	0	0	1
[유저] 님 살려	0	0	1	0	0	0	0	0
[유저] 님 샤워했어요	0	0	1	0	0	0	0	0
[유저] 님 아 움직이세요	0	0	1	0	0	0	0	0
[유저] 님 아 이렇게 하는 거야	0	0	1	0	0	0	0	0
[유저] 님 아니 아니 아니 왜 쏴	0	0	1	0	0	0	0	0
[유저] 님 여기서 제일 최고령자시잖아요	0	0	0	0	0	0	1	0
[유저] 님 올라가보세요	0	0	0	0	0	0	0	1
[유저] 님 이겨줘요	0	0	1	0	0	0	0	0
[유저] 님까지 대가리 그렇지	0	0	0	0	0	0	1	0
[유저] 님이 밟아줘야 돼	0	0	1	0	0	0	0	0
[유저] 님이 비웃을 정도면 얼마나 애물단지인 거야	0	0	1	0	0	0	0	0
[유저] 님이 아오니님 대가리 밟고 김치가 밟고 그렇지 자 그러면 내려와봐 끌어 끌어 끌어	0	0	0	0	1	0	0	0
[유저] 님이 이쪽으로 와주고 계단을 쌓아줄게	0	0	0	0	0	0	0	1
[유저] 도 와야지	0	0	0	0	0	0	0	1
[유저] 도 있고 뭐야	0	0	0	0	1	0	0	0
[유저] 도 해볼까	0	0	0	0	0	0	0	1
[유저] 들 지켜줘서	0	0	1	0	0	0	0	0
[유저] 랑 같이 가	0	0	0	0	0	0	0	1
[유저] 랑 나나 여기도 아 팍팍 쏴 [유저] [유저] 아유 아니 나한테 못 치면 어떡해	0	0	0	0	0	1	0	0
[유저] 랑 주황이 잘해야 돼	0	0	0	0	0	0	1	0
[유저] 랑 해봐서 나 익숙하지	0	0	0	0	0	0	0	1
[유저] 로 길어버리네	0	0	1	0	0	0	0	0
[유저] 로 동물을 던질 수도 있다는데	0	0	1	0	0	0	0	0
[유저] 로도 안 돼 지금	0	0	0	0	0	1	0	0
[유저] 루	0	0	1	0	0	0	0	0
[유저] 를 모르냐고 이 새끼야 내가 눌릴것이 그냥 이 말을 했어야 안 됐었다	1	0	0	0	0	0	0	0
[유저] 를 못하나	0	0	1	0	0	0	0	0
[유저] 를 뭐 코로만 검사해	0	0	0	0	0	0	0	1
[유저] 만 나오세요	0	0	0	0	0	0	0	1
[유저] 부터 가	0	0	0	0	0	0	0	1
[유저] 부터 가 다시 올라와 다시 올라와 다시 올라와 천천히 그렇지	0	0	0	0	0	0	1	0
[유저] 부터 가줘야 돼	0	0	0	0	0	0	0	1
[유저] 부터 갈거야	0	0	1	0	0	0	0	0
[유저] 소	0	0	1	0	0	0	0	0
[유저] 야	0	0	1	0	0	0	0	0
[유저] 야 [유저] 나 [유저] 같은 거 하라고 너랑 색 달라서 재밌다니깐	0	0	1	0	0	0	0	0
[유저] 야 [유저] 야	0	0	1	0	0	0	0	0
[유저] 야 [유저] 야 기다려	0	0	0	0	0	0	0	1
[유저] 야 가	0	0	0	0	0	0	0	1
[유저] 야 가자	0	0	0	0	0	0	0	1
[유저] 야 같이 가자	0	0	0	0	0	0	0	1
[유저] 야 나 여기 있을게	0	0	1	0	0	0	0	0
[유저] 야 나를 그렇게 빨고 싶냐	0	0	1	0	0	0	0	0
[유저] 야 너 가야돼	0	0	0	0	0	0	0	1
[유저] 야 너 또	0	0	1	0	0	0	0	0
[유저] 야 너 살짝 볼 닿은거 아니야	0	0	1	0	0	0	0	0
[유저] 야 너 어디갔냐	0	0	1	0	0	0	0	0
[유저] 야 너 이번에 나 죽으면 너 죽는거야	0	0	1	0	0	0	0	0
[유저] 야 너 해	0	0	0	0	0	0	0	1
[유저] 야 네가 저거 해	0	0	0	0	0	0	0	1
[유저] 야 누나 한번만 살려줄래	0	0	1	0	0	0	0	0
[유저] 야 눈앞 지켜야 돼	0	0	1	0	0	0	0	0
[유저] 야 니가 넘어와 니가 넘어와 야 [유저] 야 니가 오른쪽으로 와 [유저] 야 넌 가만히 있어야지 [유저] 야 넌 가만히 있어야지 넌 가만히 왼쪽으로 땡겨야지 왼쪽으로 야 일단 내려가 내려가 아이씨 아이씨 40이 너무 많아 만드가 너 제대로 아는거 맞아	0	0	0	0	1	0	0	0
[유저] 야 니가 서 알았어	0	0	0	0	0	0	0	1
[유저] 야 먼저 가	0	0	0	0	0	0	0	1
[유저] 야 못 올라오는데 [유저] 야 올라가고 있는데	0	0	0	0	0	0	0	1
[유저] 야 뭐 잡고 있어	0	0	1	0	0	0	0	0
[유저] 야 빨리	0	0	0	0	0	0	0	1
[유저] 야 빨리 가야지	0	0	0	0	0	0	0	1
[유저] 야 살았어	0	0	1	0	0	0	0	0
[유저] 야 아래 10초 [유저] 야 잠깐만 나봐 후추 이나봐	0	0	0	0	0	0	0	1
[유저] 야 양보해	0	0	0	0	0	0	0	1
[유저] 야 어 [유저] 야 너 어디왔어	0	0	1	0	0	0	0	0
[유저] 야 어 우리 고양이 저기있다	0	0	1	0	0	0	0	0
[유저] 야 올라가야 돼	0	0	0	0	0	0	0	1
[유저] 야 올라가자	0	0	0	0	0	0	0	1
[유저] 야 왜 이렇게 급해	0	0	0	0	0	0	0	1
[유저] 야 우리 보지 말라고 뒤돌아봐	1	0	0	0	0	0	0	0
[유저] 야 위아래만 움직이면 되잖아	0	0	1	0	0	0	0	0
[유저] 야 으악 나 죽었다	0	0	0	0	1	0	0	0
[유저] 야 이것이 팀업이지 빨리 한번 올라와 빨리 올라와 오케이 올라갈게 올라갈게	0	0	0	0	0	0	1	0
[유저] 야 일로와 내가 업어줄것이 [유저] 야 [유저] 야 업어줄것이 [유저] 야 업어줄것이 야	0	0	0	0	0	0	0	1
[유저] 야 적게 가고	0	0	0	0	0	0	0	1
[유저] 야 조심해 조심해	0	0	0	0	0	0	0	1
[유저] 야 총 그만 쏴	0	0	0	0	0	1	0	0
[유저] 야 하나 해봐	0	0	0	0	0	0	0	1
[유저] 야 하지마라	0	0	1	0	0	0	0	0
[유저] 야 해 줘 네에에에에 하핰 뭐 약 같은 거 먹어야 회화해요	0	0	0	0	0	0	0	1
[유저] 와 [유저] [유저] 손 와 저것이 안에 드러나있는거 보소 와 하하하핫 이렇게 하는거야	0	0	0	0	0	0	0	1
[유저] 의 마란도 있는데 해주세요 [유저] 가 님 별 풍선 10개 감사합니다	0	0	0	0	0	0	1	0
[유저] 의 신이시여 우셨구나	0	0	1	0	0	0	0	0
[유저] 이	0	0	1	0	0	0	0	0
[유저] 이 가	0	0	0	0	0	0	0	1
[유저] 이 갈 거야	0	0	1	0	0	0	0	0
[유저] 이 덕분에 안 죽여봤다	0	0	1	0	0	0	0	0
[유저] 이 형 움직이는 거 같은데	0	0	1	0	0	0	0	0
[유저] 이가	0	0	0	0	0	0	0	1
[유저] 이가 밟았잖아요	0	0	0	0	0	0	0	1
[유저] 이가 하자	0	0	0	0	0	0	0	1
[유저] 이는 프로	0	0	1	0	0	0	0	0
[유저] 이다	0	0	1	0	0	0	0	0
[유저] 이도 죽었네	0	0	0	0	0	1	0	0
[유저] 이야	0	0	1	0	0	0	0	0
[유저] 이야 박수 쫙쫙 치지 말고 빨리 들어가라	0	0	0	0	0	0	0	1
[유저] 이자 통과 갑니다	0	0	1	0	0	0	0	0
[유저] 이지 [유저] 이지 됐다 보내자28 [유저] 어우 고마워 살려줘 당구 flor 이야	0	0	0	0	0	0	1	0
[유저] 이형 아니 [유저] 출발 누르지 말라고 찐빡 영원아 아니 그때 나 약간 [유저] 이형 보면은 약간 그래 약간 야 비켜 비켜 이야	0	0	0	0	0	0	1	0
[유저] 인 줄 알았어	0	0	1	0	0	0	0	0
[유저] 인데 자유자 온다 다시 취소 취소 이제 다 아 그 다 아 으 우유 기어른 내게 우리 친해진 것 같다	0	0	0	0	0	0	0	1
[유저] 입니다	0	0	1	0	0	0	0	0
[유저] 한데	0	0	1	0	0	0	0	0
[유저] 한테 내가 좀 더 밀어야 돼	0	0	0	0	0	0	0	1
[유저] 할 수도 있을 것 같은데 6번이 눈꽃형이거든	0	0	1	0	0	0	0	0
[유저] 해 천천히 천천히 오와해	0	0	0	0	0	0	0	1
[유저] 해야겠다	0	0	0	0	0	0	0	1
[유저] 했다	0	0	1	0	0	0	0	0
[유저] 형 정말 실망스러워	0	0	1	0	0	0	0	0
[유저] 형 정말 실망스러워 두 분 이동하세요	0	0	0	0	0	0	0	1
collar 나를 알려야지 제발 나 가만있을게	0	0	0	0	0	0	0	1
corm 무슨 쓰레기 새끼들아	1	0	0	0	0	0	0	0
ejab [유저] 키 할아버지 이야 이렇게 가 이렇게 가 이렇게 막아버리겠어 막아버리겠어	0	0	0	0	0	0	0	1
fetch 아 3000원 일단은 제가 그래도 공복게임 좀 많이 하기 때문에 그 매니아라서 제가 저	0	0	0	0	0	0	1	0
honor [유저] 드롭 키 가 드롭 키 으악 어 나야 오 eng 이야	0	0	0	0	1	0	0	0
icon 성공 다 것을 치 Blake 클리어 완료 끝나지 않겠다 감탄 이거 체인터 계단이야	0	0	0	0	0	0	1	0
melonky 형 맞춰서 벌려야 돼	0	0	1	0	0	0	0	0
olas 같이 가자잇 야 나 인마 나 안돼	0	0	0	0	0	1	0	0
pinky 이빨보소 폭발물을 발사해 터뜨려서 폭탄을 저렇게 넘겨서 터뜨려야 되나 봐	0	0	0	0	0	0	0	1
solution faded 억압 억압 자 기달려봐 빨리와 빨리와 [유저] 키보드라 점프야	0	0	0	0	0	0	0	1
가 가 가	0	0	0	0	0	0	0	1
가 가 가 오케이 자 집중해 모두가 집중해 진짜 집중해 바로 가 바로 가 위 위 위 아래 옆에 위 그렇지 집중해 집중해 먹어 먹어 나였다고	0	0	0	0	0	0	1	0
가 가 가 너희끼리 가	0	0	0	0	0	0	0	1
가 발판 해줄 사람 저요 conjure 302 열어와 우왔 드 좋았어	0	0	0	0	0	0	1	0
가 아아아아아아 죽었다	0	0	0	0	1	0	0	0
가 일로 와	0	0	0	0	0	0	0	1
가 했잖아	0	0	0	0	0	0	0	1
가가가가가	0	0	0	0	0	0	0	1
가가가가가 으아 이 놈이 뭘로 게임하는거야	0	0	0	0	0	0	0	1
가가가가가가가	0	0	0	0	0	0	0	1
가가가가가가가가가가가 [유저] 라운드	0	0	0	0	0	0	0	1
가고 가고	0	0	0	0	0	0	0	1
가고 가고 가고	0	0	0	0	0	0	0	1
가고 가고 가고 그렇지	0	0	0	0	0	0	1	0
가고 같이 가는 거지	0	0	0	0	0	0	0	1
가고 어 내가 내려가고 가고 어이 올라가고 올라가야지 올라가야지 이것이 한 번 누르면 쭉 가는 거인지 보자	0	0	0	0	0	0	0	1
가고 있어요	0	0	0	0	0	0	0	1
가까이 오지 마라	0	0	0	0	0	0	0	1
가까이 와주세요	0	0	0	0	0	0	0	1
가까이 있으면 안 나가	0	0	0	0	0	0	0	1
가끔씩 이겨나갔는데 뭔가 한 번도 못 썼네	0	0	0	0	0	0	0	1
가는 거 아니었어	0	0	0	0	0	0	0	1
가는 거 아니죠	0	0	0	0	0	0	0	1
가는 것이 아니였어	0	0	0	0	0	0	0	1
가는 중 가는 중 아 신중하게 하려고 신중하게 하려고 되게 신중하시네	0	0	0	0	0	0	0	1
가는 중입니다	0	0	0	0	0	0	0	1
가능성만 몇 번 보는 거야	0	0	0	0	0	0	0	1
가능성이 있었어	0	0	0	0	0	0	0	1
가다가 멈추면 다시 찬다 멈추면 차 [유저] 출발 아니지	0	0	0	0	0	0	0	1
가던가 오케이 그러면 2대2대2로 해가지고 1등팀 빠지고 2대2 결승 오케이 오케이 오케이 랜덤슛 랜덤슛 하고 이제 바로 이거 2팀 그대로 쭉 가는거야	0	0	0	0	0	0	1	0
가도 가는 그 타이밍이 있는데 에잇	0	0	0	0	0	0	0	1
가도 돼요	0	0	0	0	0	0	0	1
가도 없어요	0	0	0	0	0	0	0	1
가도 이 쓰레기	1	0	0	0	0	0	0	0
가돈 가돈 가돈 막아 막아 오 오 오 이야 조심해 조심해 빨리 열어 빨리 열어 빨리 열어 야	0	0	0	0	0	0	0	1
가돈 가돈 너는 보이라고했다	0	0	0	0	0	0	0	1
가둬 예 양틴 예 띵 누나 하도 안 하고 됐다	0	0	0	0	0	0	0	1
가라 가라 노예야	0	0	0	0	0	0	0	1
가라 에너지 볼트	0	0	0	0	0	0	0	1
가라고 임마	0	0	0	0	0	0	0	1
가라챙겨버려 지금 잘한다 잘한다 에이 아이 아 이것이 [유저] 이인데 근데 지가 근데 진짜 좀 근데 진짜 좀	0	0	0	0	0	0	1	0
가려고 할게요	0	0	0	0	0	0	0	1
가려버리기 아 팀 좀 바꾸죠	0	0	0	0	0	0	0	1
가리기 가리기 가리기 나도 사진 으아아아 [유저] [유저] 아이씨 뱃살 야 우리 땅게임 또 해보자 뱃살판치 방 나가서 땅게임 해볼게	0	0	0	0	1	0	0	0
가만 안 둬	0	0	0	0	0	0	0	1
가만있어 물어 물어 물어 저거 밑에 버튼 아 밑에 버튼 저기에다 버튼이 있네	0	0	0	0	0	0	0	1
가만있어 아무것도 하지마	0	0	0	0	0	0	0	1
가만있어 할수있어 할수있어	0	0	0	0	0	0	0	1
가만히 가만히 가만히 그렇지 뭐야	0	0	0	0	1	0	0	0
가만히 가만히 가만히 이야	0	0	0	0	0	0	0	1
가만히 가만히 밑에 사람이 누울거야	0	0	0	0	0	0	0	1
가만히 서있으면 돼	0	0	0	0	0	0	0	1
가만히 안 있어	0	0	0	0	0	0	0	1
가만히 왜 서있어	0	0	0	0	0	0	0	1
가만히 있는 것이 그래 살아봐라 잠깐만요 저기요 아니 도넛님한테 배운거 당신 나한테 왜 그러는거야	0	0	0	1	0	0	0	0
가만히 있는 중 내려와 내려와서 위에서부터 떨어져 내려가면 돼	0	0	0	0	0	0	0	1
가만히 있는데요	0	0	0	0	0	0	0	1
가만히 있다가 가만히 있다가	0	0	0	0	0	0	0	1
가만히 있어	0	0	0	0	0	0	0	1
가만히 있어 가만히 있어	0	0	0	0	0	0	0	1
가만히 있어 가만히 있어 가만히 있어	0	0	0	0	0	0	0	1
가만히 있어 봐	0	0	0	0	0	0	0	1
가만히 있어 봐봐	0	0	0	0	0	0	0	1
가만히 있어 아깝다	0	0	0	0	0	1	0	0
가만히 있어 좀	0	0	0	0	0	0	0	1
가만히 있어라 노란색이 이제 앞으로 갑니다	0	0	0	0	0	0	0	1
가만히 있어봐	0	0	0	0	0	0	0	1
가만히 있어봐요 힐해드림	0	0	0	0	0	0	0	1
가만히 있었는데	0	0	0	0	0	0	0	1
가만히 있었대	0	0	0	0	0	0	0	1
가만히 있으라고 너는	0	0	0	0	0	0	0	1
가만히 있으면 되지 않나	0	0	0	0	0	0	0	1
가만히 있으면 찾기 쉬워	0	0	0	0	0	0	0	1
가만히만 있자 이 씨들아 상어	0	0	0	0	0	0	0	1
가만히있어 가만히있어 떨어지지롱 빨리 빨리 빨리 됐다	0	0	0	0	0	0	0	1
가면 돼요	0	0	0	0	0	0	0	1
가면 되나 가 그 길이 틀렸다 할지언정 우리 넷이 같이 가면 그 길이 맞는 거야	0	0	0	0	0	0	0	1
가면 찾아야 돼	0	0	0	0	0	0	0	1
가방 메고 가야죠	0	0	0	0	0	0	0	1
가방 챙겼어요	0	0	0	0	0	0	0	1
가방에 어	0	0	0	0	0	0	0	1
가방을 날 줘	0	0	0	0	0	0	0	1
가방을 버려 그냥 가방을 내가 들까	0	0	0	0	0	0	0	1
가벼운 사람이 점프로 와 앞으로 먹어 먹어	0	0	0	0	0	0	0	1
가벼워서 먹어야돼	0	0	0	0	0	0	0	1
가벼워서 앉아보세요	0	0	0	0	0	0	0	1
가벼워서 직박형이 무거워서 직박형 가지고 오케이 밀어 밀어 직박형님 그거 미세요 직박형이 아니 그 형 아니 직박형이 아니라 아니지	0	0	0	0	0	0	1	0
가벼워져 안되는데 6번 김두님 5번이 같이 점프해줘야 돼	0	0	0	0	0	0	0	1
가보겠습니다	0	0	0	0	0	0	0	1
가보니다 준비됐어요	0	0	0	0	0	0	0	1
가보자 가보자	0	0	0	0	0	0	0	1
가보자 저거 총 같은 건 없었거든요	0	0	0	0	0	0	0	1
가봐 가봐 가봐 일단 가봐 1등 가봐	0	0	0	0	0	0	0	1
가봐라 가봐라 앉지마라 앉지마라 이 침대 얼마에요	0	0	0	0	0	0	0	1
가빼는 보고 먼저 할까	0	0	0	0	0	0	0	1
가쁜싸 가쁜싸 주야 한번에 다 먹어 한번에 한명이 다 먹어 사나야	0	0	0	0	0	0	0	1
가서 곽벼도 죽이려는 거 봐	0	0	0	0	0	0	0	1
가서 다같이 밀면 돼	0	0	0	0	0	0	0	1
가서 라면 얻어 먹어야 돼	0	0	0	0	0	0	0	1
가세요 빨리 좋아요	0	0	0	0	0	0	1	0
가슴 [유저] ᆷ 진팬지다	0	0	0	0	0	0	0	1
가시 가시 빨리 넘어 빨리	0	0	0	0	0	0	0	1
가시 필요하냐	0	0	0	0	0	0	0	1
가야 돼 [유저] [유저] [유저] 에잇 오케이 오케이 어 올라가 올라가 위로 위로 위로 내려가 어 왼쪽으로 가야 돼	0	0	0	0	0	0	1	0
가야 돼요	0	0	0	0	0	0	0	1
가야지 저거 먹어야지 저거 먹어야지	0	0	0	0	0	0	0	1
가요 가요 가요 갑니다	0	0	0	0	0	0	0	1
가요 가요 오지말고 가요	0	0	0	0	0	0	0	1
가운데 가운데 가운데 가운데였나	0	0	0	0	0	0	0	1
가운데 가운데 되잖아	0	0	0	0	0	0	0	1
가운데 나오면 피하는 거 아니야	0	0	0	0	0	0	0	1
가운데 딱 한 명 정도만 서 있을 수 있어	0	0	0	0	0	0	0	1
가운데 보이지	0	0	0	0	0	0	0	1
가운데 아니	0	0	0	0	0	0	0	1
가운데 애를 떨궈야 된다고	0	0	0	0	0	0	0	1
가운데 오시고 자 그다음 핑크색 가세요	0	0	0	0	0	0	0	1
가운데 이야	0	0	0	0	0	0	0	1
가운데가 먼저 쉬운 가운데로 가는것이 쉬운 와 누구야	0	0	0	0	0	0	0	1
가운데로 갈게요	0	0	0	0	0	0	0	1
가자 가 가 그렇지 좋다	0	0	0	0	0	0	1	0
가자 가자	0	0	0	0	0	0	0	1
가자 가자 가자	0	0	0	0	0	0	0	1
가자 가자 가자 3번 점프 아 극혜	0	0	0	0	0	0	0	1
가자 가자 가자 [유저]	0	0	0	0	0	0	0	1
가자 가자 가자 가가가가가 얼른 가	0	0	0	0	0	0	0	1
가자 가자 가자 바로가자 바로가자 가만있어	0	0	0	0	0	0	0	1
가자 가자 가자 빨리 깨는거야	0	0	0	0	0	0	0	1
가자 가자 가자 야야 기절했다 상어 상어 보낼게 보낼게 보내버려	0	0	0	0	0	0	0	1
가자 가자 가자 이루야 좋았다	0	0	0	0	0	0	0	1
가자 가자 그러면 됐어	0	0	0	0	0	0	0	1
가자 가자 그렇지 가자 가자 그렇지 그렇지 그렇지 가자 가자	0	0	0	0	0	0	1	0
가자 가자 님들 가요	0	0	0	0	0	0	0	1
가자 가자 문 열어 문 열어	0	0	0	0	0	0	0	1
가자 가자 오케이 이거 점프 중에 갑자기 빨리 가야돼	0	0	0	0	0	0	1	0
가자 가자 우리 위에 갈것이 놀라운 사실	0	0	0	0	0	0	0	1
가자 가자 지금	0	0	0	0	0	0	0	1
가자 가자 틀렸어	0	0	0	0	0	0	0	1
가자 가자 해봐 해봐 밟아봐 그냥 이걸로 해 이걸로 해 오케이 그래 오 [유저] 아 드디어 내 차례 아 이건 뭐지	0	0	0	0	0	0	1	0
가자 가자고 가자고 가자고 초록 아 초록 나갔네	0	0	0	0	0	0	0	1
가자 갔다가 점프 더보그 점스 더보그 점스 그렇지	0	0	0	0	0	0	1	0
가자 고고고고고 가자 가자 가자 준비하고 그렇지 가자oston cio 계속 매달려오는 애는 뭐야	0	0	0	0	1	0	0	0
가자 그냥 가	0	0	0	0	0	0	0	1
가자 드디어 탈출인가 아직 한참 남았는데 헐 개오래걸린 첫번째 깃발에 온거야	0	0	0	0	0	0	0	1
가자 왼쪽으로 좀 갔다가 거기서 시작하자 너무 아픈거 같아 하나 둘 셋 지금 멈춰 멈춰 멈춰 멈춰야돼	0	0	0	0	0	0	0	1
가자 적들아	0	0	0	0	0	0	0	1
가자 좋아 제발 제발	0	0	0	0	0	0	1	0
가자 클리어 우와 깼다	0	0	0	0	0	0	1	0
가자 퇴근하러	0	0	0	0	0	0	0	1
가자가자 밀자 밀자 밀면 돼 8명 좀만 밀어 떨어질 거 같냐	0	0	0	0	0	0	0	1
가자아아아아 언제와	0	0	0	0	1	0	0	0
가장 높은 사람이 1등 야 남은 시가 얼마 gone 시가 Barton 내려가 안돼	0	0	0	0	0	1	0	0
가재 가재	0	0	0	0	0	0	0	1
가제는 가제는 이것으로 의사소통을 합니다	0	0	0	0	0	0	0	1
가져오세요	0	0	0	0	0	0	0	1
가져와 주시면 됩니다	0	0	0	0	0	0	0	1
가족 오면 되잖아	0	0	0	0	0	0	0	1
가족끼리 그러는거 아닙니다	0	0	0	0	0	0	0	1
가족끼리 그러는건 아닙니다	0	0	0	0	0	0	0	1
가즈아 가자	0	0	0	0	0	0	0	1
가지가지 지옥에 응 아냐 넘어간가 됐다	0	0	0	0	0	0	0	1
가지가지 한다 자꾸 개기면 씨발 계속 이럴 거야	1	0	0	0	0	0	0	0
각 칸에 서 봐	0	0	0	0	0	0	0	1
각베는 내가 죽여	0	0	0	0	0	0	0	1
각별 제대로 해	0	0	0	1	0	0	0	0
각별님 빨리 안 오고	0	0	0	0	0	0	0	1
각자 1점 오존 3점 나머지 1점씩	0	0	1	0	0	0	0	0
각자 다 맞춰주고 여기 뒤에 숨자 스페이스바 누르면 풀려 엣 엣 아니 야 뭐해	0	0	0	1	0	0	0	0
각자 잘하자	0	0	1	0	0	0	0	0
간격이 아 오케이 아 이렇게 하면 안돼	0	0	0	0	0	1	0	0
간다 간다	0	0	1	0	0	0	0	0
간다 간다 간다 어 저거 막아야돼	0	0	1	0	0	0	0	0
간다 간다 올라간다 가 가 가 최대한 키워 최대한 키워 더 더 더 드디어 드디어 아니 와 야 버려 버려	0	0	0	0	0	0	0	1
간다 고 [유저]	0	0	1	0	0	0	0	0
간다 전등 타고 와	0	0	0	0	0	0	0	1
간다잉 간다잉 깨야될거 아니야	0	0	1	0	0	0	0	0
간단하게 각자 상하좌우키를 하나씩 맡아서 정해진 목적지를 향해 가는 게임입니다	0	0	0	0	0	0	0	1
갈 길이 멀어	0	0	1	0	0	0	0	0
갈 방법이 있나 싶고요	0	0	1	0	0	0	0	0
갈 수 있어	0	0	1	0	0	0	0	0
갈 수 있어 갈 수 있어	0	0	1	0	0	0	0	0
갈게 갈게	0	0	1	0	0	0	0	0
갈게 갈게 갈게 먹고	0	0	1	0	0	0	0	0
갈게 아 빨리 아깝다	0	0	0	0	0	1	0	0
갈게요 갈게요	0	0	1	0	0	0	0	0
갈래말래 갈래말래 안 해	0	0	0	0	0	0	0	1
갈색 있어	0	0	1	0	0	0	0	0
감 잡아야 돼	0	0	1	0	0	0	0	0
감동 참 개 무서운데 지금	0	0	1	0	0	0	0	0
감바 뒷 감바 뒷	0	0	1	0	0	0	0	0
감사합니다	0	0	0	0	0	0	1	0
감시해야 돼 이거	0	0	0	0	0	0	0	1
감아야 돼	0	0	1	0	0	0	0	0
감이 안 오나	0	0	1	0	0	0	0	0
감탄 게임 끝나고해 2시간 뒤에 야	0	0	0	0	0	0	0	1
갑시다 가자고 손님 자리좀 가주세요	0	0	0	0	0	0	0	1
갑시다 고 고 고 쭉쭉 가 쭉쭉 가	0	0	0	0	0	0	0	1
갑시다 안녕 데이모팍 가보자 예에에잇 예에에엣 이자 오케이 괜찮아	0	0	0	0	0	0	1	0
갑자기 다시 들어왔어	0	0	1	0	0	0	0	0
갑자기 메가리가 없어졌는데	0	0	0	0	0	0	0	1
갑자기 어 잘가	0	0	0	0	0	0	0	1
갑자기 초록색 길 알려주는 거인가봐	0	0	0	0	0	0	0	1
갑자기 코팔시간 없어	0	0	1	0	0	0	0	0
갑자기 피해주고 아니 [유저] 야 나와봐	0	0	0	0	0	0	0	1
갓 태어난 망아지	0	0	1	0	0	0	0	0
갓벨 갈 준비하고 갓벨 가 갓벨 가 적당히 밀고 너무 많이 밀지마	0	0	0	0	0	0	0	1
갔다 오세요	0	0	0	0	0	0	0	1
갔다 올게	0	0	1	0	0	0	0	0
갔다가 갔다가 천천히 천천히 천천히 가자 가자 가자 벚꽃 벚꽃 그렇지	0	0	0	0	0	0	1	0
강아지 왔네	0	0	1	0	0	0	0	0
강아지 좋아	0	0	0	0	0	0	1	0
강아지 좋아 다리 좋아 다리 좋아 [유저] 검사하는 사람 좋아 그래 그렇지 그래 그래 좋았어	0	0	0	0	0	0	1	0
강아지 타	0	0	1	0	0	0	0	0
강아지 파이팅	0	0	0	0	0	0	1	0
강아지 활동성 지금 넘치는데 지금 어떡하지	0	0	1	0	0	0	0	0
강아지가 꾀한다	0	0	0	0	0	0	0	1
강아지가 꾀한다 응용력이 있다	0	0	0	0	0	0	0	1
강아지가 보니까 좀 해	0	0	0	0	0	0	0	1
강아지가 좋아 강아지 좋아 강아지 넘어와 강아지 넘어와	0	0	0	0	0	0	1	0
갖고 가야 되는 거 아니야	0	0	0	0	0	0	0	1
갖고 와 갖고 와	0	0	0	0	0	0	0	1
같은거 쳐야	0	0	1	0	0	0	0	0
같은색 2번 점프 뛰어봐요	0	0	0	0	0	0	0	1
같이 가면 돼	0	0	0	0	0	0	0	1
같이 가야 돼	0	0	0	0	0	0	0	1
같이 가야되 같이 가야되 애들아 애들아 버려 버려 버려 내가 태워갈게 태워갈게 버리지마 버리지마 버려 버려 버려 저기 앞에 입구막길이 이야	0	0	0	0	0	0	0	1
같이 가야지	0	0	0	0	0	0	0	1
같이 가야지 버릴 순 없잖아	0	0	0	0	0	0	0	1
같이 가자	0	0	0	0	0	0	0	1
같이 가지 마	0	0	0	0	0	0	0	1
같이 깨고 있던데	0	0	0	0	0	0	0	1
같이 달려	0	0	0	0	0	0	0	1
같이 동시에 누를까봐 미칠 것 같아	0	0	0	0	0	0	0	1
같이 둘이서 들어야 될 거 같아 왠지 그래 강아지야 일로 와봐	0	0	0	0	0	0	1	0
같이 뛰니까	0	0	0	0	0	0	0	1
같이 밀어 같이 밀어 앞으로 앞으로 앞으로 아 빨리가야돼	0	0	0	0	0	0	0	1
같이 뱉는 거잖아	0	0	0	0	0	0	0	1
같이 안 한 사람들	0	0	0	0	0	0	0	1
같이 올라가자 그래 그래 사이 좋게 오기 봐야죠 봐야죠	0	0	0	0	0	0	1	0
같이 왼쪽 좋았다	0	0	0	0	0	0	0	1
같이 움직이면 좀 많이 빠지는 것 같은데요	0	0	0	0	0	0	0	1
같이 좀 가다니까	0	0	0	0	0	0	0	1
같이 죽어	1	0	0	0	0	0	0	0
같이 하니까 재밌네	0	0	0	0	0	0	0	1
같이 한번 신맵 한방 해보도록 할게요	0	0	0	0	0	0	0	1
같이가 재미 아 불꽃이 못 맞췄어	0	0	0	0	0	0	0	1
개 같은 거	0	0	1	0	0	0	0	0
개 같은 것들 진짜 아니 왜 저럴까	0	0	0	0	1	0	0	0
개 멍청하게 생겼네	1	0	0	0	0	0	0	0
개 보내자 너 왜 [유저] 수영해 수영해 토끼야 수영해 토끼야 수영해 토끼야 수영해 개는 보내고 도끼야 살고싶어	0	0	0	0	0	0	0	1
개 빡치네	1	0	0	0	0	0	0	0
개 빡치려고 그래	1	0	0	0	0	0	0	0
개 빡친다	0	0	1	0	0	0	0	0
개 신박하네	0	0	1	0	0	0	0	0
개 억울했었다고 오케이 오케이 도중 라인이기 때문에 오케이 오케이 이자 겹치지 말고 빨리 가야돼	0	0	0	0	0	1	0	0
개 이 새끼야	1	0	0	0	0	0	0	0
개 이고순댈	0	0	1	0	0	0	0	0
개 잊어보라고	0	0	1	0	0	0	0	0
개 잊어봐	0	0	0	0	0	0	0	1
개같은거 저기다가 누가 저거 설치했어	1	0	0	0	0	0	0	0
개고수 개고수	0	0	1	0	0	0	0	0
개념 세이브네 개념 세이브네 개념 세이브 굿 [유저] 등뒤로 옥사 개졌다	0	0	0	0	0	0	1	0
개념이 없으시네요	0	0	1	0	0	0	0	0
개누님 개누님 아 레게노님 야 빨리 이식 빨리 야 이식 빨리 개가가가 너가가가 내가갈게 비켜 비켜 가만히있어	0	0	0	0	0	0	0	1
개빠들잖아	0	0	1	0	0	0	0	0
개빡잰데 이거	1	0	0	0	0	0	0	0
개쁘지 않아	0	0	1	0	0	0	0	0
개새끼인가	1	0	0	0	0	0	0	0
개인기 아 오케이 어	0	0	0	0	0	0	1	0
개인전이네요 개인전	0	0	1	0	0	0	0	0
개지 개지	0	0	1	0	0	0	0	0
개패 개패	0	0	1	0	0	0	0	0
개핵살인이야	0	0	1	0	0	0	0	0
걔 내가 해볼게	0	0	0	0	0	0	0	1
걔 반려공이야	0	0	1	0	0	0	0	0
걔넷다가 지나가주고	0	0	0	0	0	0	0	1
거기 가면 안 될 거 같은데 빛으로	0	0	0	0	0	0	0	1
거기 계세요 거기 계세요 그리고 주황색 내려가세요 땅으로 이제 번지점프 하세요 주황색 내려가세요	0	0	0	0	0	0	0	1
거기 기다려	0	0	0	0	0	0	0	1
거기 다시 잡아요	0	0	1	0	0	0	0	0
거기 보인다	0	0	1	0	0	0	0	0
거기 살아	0	0	1	0	0	0	0	0
거기 서야지 거기가 아니라 여기 서야지 찍어줘 [유저] 님이 계속 찍어줘	0	0	0	0	0	0	0	1
거기 영역 혼자 있어 점프해서 통과가 되는구나	0	0	0	0	0	0	0	1
거기 올라갈 수 있을 것 같아	0	0	1	0	0	0	0	0
거기 있는 팀이 아 이거 그거 그 뭐지	0	0	1	0	0	0	0	0
거기 있어	0	0	1	0	0	0	0	0
거기 있으면 안 멈춰져	0	0	0	0	0	0	0	1
거기 있으세요	0	0	1	0	0	0	0	0
거기 있잖아	0	0	1	0	0	0	0	0
거기도 만들어 양띵 올라와 오케이 30 올라가고 오케이 1차 1차 재밌다	0	0	0	0	0	0	1	0
거기도 못 올라가	0	0	0	0	0	0	0	1
거기로 가고 싶어	0	0	0	0	0	0	0	1
거기로 들어가서 응 말 이 말 아니야	0	0	0	0	0	0	0	1
거기만 죽이면 돼	0	0	1	0	0	0	0	0
거기서 건너오고	0	0	1	0	0	0	0	0
거기서 그냥 위로 점프	0	0	0	0	0	0	0	1
거기서 망해라	0	0	0	0	0	0	0	1
거기서 망했으면 좋겠어	0	0	0	0	0	1	0	0
거기서 왼쪽으로 살다 살다 형이 1등이라니	0	0	1	0	0	0	0	0
거기서 제발	0	0	1	0	0	0	0	0
거기서 하면 안 되잖아	0	0	1	0	0	0	0	0
거기서만 다시 체크포인트로 [유저] 하게 해봐	0	0	0	0	0	0	0	1
거긴 좀 싸웠나봐요	0	0	0	0	0	0	0	1
거꾸로 잡아야 되는 거 아냐	0	0	1	0	0	0	0	0
거리 이렇게 해야돼	0	0	0	0	0	0	0	1
거리가 안됐어	0	0	0	0	0	0	0	1
거리를 그만 스톱 이제 가요	0	0	0	0	0	1	0	0
거리를 둬요	0	0	1	0	0	0	0	0
거의 4명 넘어가	0	0	0	0	0	0	0	1
거의 뭐 파이팅만 넘치는 그냥 해골이구만 언젠간 도움이 되겠지	0	0	0	0	0	0	1	0
거의 일심동체야 지금 어디로 가는지 알고 가는거야	0	0	0	0	0	0	0	1
거짓말 안 치고 멈춰 멈춰 멈춰 문 열고 나쁘지 않게 했어	0	0	0	0	0	0	0	1
거짓말 좀 해주지 마요	0	0	0	0	0	0	0	1
거짓말 하세요	0	0	0	0	0	0	0	1
거짓말 한 치고 뜨개질로 별이 만들어졌다고하니까	0	0	1	0	0	0	0	0
거짓말이야	0	0	1	0	0	0	0	0
거짓말하고 있네	0	0	1	0	0	0	0	0
걱정하지마	0	0	1	0	0	0	0	0
건너가야 돼	0	0	0	0	0	0	0	1
건드리면 노매너 건드리면 노매너 너 선글라스 걸고 있는데	0	0	1	0	0	0	0	0
건드리지 마	0	0	1	0	0	0	0	0
건드리지 말라는데	0	0	1	0	0	0	0	0
건드리지 말래	0	0	1	0	0	0	0	0
걸어가죠 일단	0	0	0	0	0	0	0	1
걸치는 것이 맞네	0	0	1	0	0	0	0	0
검정색이 닿으면 안 돼	0	0	0	0	0	1	0	0
검정색이 사람이야	0	0	1	0	0	0	0	0
겁 안 나냐	0	0	1	0	0	0	0	0
겁나 답답	0	0	1	0	0	0	0	0
겁나 털어 올라왔어	0	0	1	0	0	0	0	0
겁쟁이 쉼터에 오셨네요	0	0	1	0	0	0	0	0
겁쟁이들의 쉼터네	0	0	1	0	0	0	0	0
게이즈 관리 [유저] 관리 [유저] 관리	0	0	1	0	0	0	0	0
게이즈 제발	0	0	1	0	0	0	0	0
게이지 안에가 있는데	0	0	0	0	0	0	0	1
게이지 이런 식으로 운전하잖아	0	0	1	0	0	0	0	0
게이지가 나눠 쓰는 거잖아	0	0	0	0	0	0	0	1
게이지는 뭐야	0	0	0	0	1	0	0	0
게이지를 다같이 채워야지만 움직여 아 꾹 눌러도 되나	0	0	0	0	0	0	0	1
게임 굉장히 특이한데 이제 위 한 번 이거 이다	0	0	1	0	0	0	0	0
게임 망하기 싫으면 끌어올려요	0	0	1	0	0	0	0	0
게임 시작을 지금 하나도 못 했어	0	0	1	0	0	0	0	0
게임 시작하면	0	0	1	0	0	0	0	0
게임 좀 할 줄 아는 녀석들이구만 여길 통과 안 하고 여기 그냥 서 있다니 우와 게임 퀄리티 뭔데 가자 가보자	0	0	0	0	0	0	0	1
게임으로 그냥 가는 거야	0	0	0	0	0	0	0	1
게임을 껐다 꺼봐 다시 들어와 다시 들어와 다시 들어와	0	0	0	0	0	0	0	1
게임이 재미없다	0	0	1	0	0	0	0	0
게임이 착하네	0	0	1	0	0	0	0	0
게임인 줄 알았더니 애기 손자인들아 말해	0	0	0	0	0	0	0	1
게임자라 요노입니다	0	0	1	0	0	0	0	0
겨울잠 좀 잘게요	0	0	1	0	0	0	0	0
격상됐 안되	0	0	1	0	0	0	0	0
결과가 아니지	0	0	0	0	0	0	0	1
결과가 중요해 결과가 중요해	0	0	0	0	0	0	0	1
결국 역사는 내가 쓴다 피하고자 하면 안돼 결국 역사는 내가 내가 내가 아 [유저] 가 아니라 스쿼드 해야되네	0	0	0	0	0	1	0	0
결국 짐꾼만 살아 남았어	0	0	1	0	0	0	0	0
겹치면 안돼	0	0	0	0	0	1	0	0
경기장에 농구 미식축구 축구 배구 여러가지 많은데 뭐 해볼까요	0	0	0	0	0	0	0	1
경준은 거짓말할 때 여기가 되게 떨려	0	0	0	0	0	0	0	1
계단 계단	0	0	1	0	0	0	0	0
계단 계단 계단 [유저] [유저] 올라오세요	0	0	0	0	0	0	0	1
계단 계단 타고 올라가 계단 만들어 아니야 그냥 올라가면 돼	0	0	0	0	0	0	0	1
계단 만들어서 하면 되네	0	0	0	0	0	0	0	1
계단 몰라	0	0	1	0	0	0	0	0
계단 쌓고 가야돼	0	0	0	0	0	0	0	1
계단 쌓고 있잖아	0	0	1	0	0	0	0	0
계단 쌓아 계단	0	0	1	0	0	0	0	0
계단 쌓아야 되나 보다	0	0	1	0	0	0	0	0
계단 쌓아줘야 돼	0	0	1	0	0	0	0	0
계단 안 쌓아도 돼	0	0	1	0	0	0	0	0
계단 올라올라 [유저] 다 먹었다	0	0	1	0	0	0	0	0
계단 한 칸당 하나씩 느낌 오잖아	0	0	1	0	0	0	0	0
계단 해야돼	0	0	0	0	0	0	0	1
계단식 삭해	0	0	0	0	0	0	0	1
계단식 앞으로 승빠 승빠 6번 7번 7번 가 7번 아아 야 조심해 2번 앞으로 오케이 오케이 오케이 2번 오케이 오케이 떨어지세요	0	0	0	0	0	0	1	0
계단식으로 2번이 좀 앞으로 계단식으로 해야지 형만 넘어가면 안되지	0	0	0	0	0	0	0	1
계단식으로 깨지니까	0	0	1	0	0	0	0	0
계단쏘 할꺼야	0	0	1	0	0	0	0	0
계단으로 계단으로 조금씩 조금씩 아랫사람부터 아랫사람부터 내가 위에 먹고 올게 아 와야돼	0	0	0	0	0	0	0	1
계단으로 만든 다음에 커지는거 아니야	0	0	1	0	0	0	0	0
계단으로 쌓아야 되는 거 아니야	0	0	1	0	0	0	0	0
계단으로 쌓아야지 바보들이냐	1	0	0	0	0	0	0	0
계단은 몰라	0	0	1	0	0	0	0	0
계단을 한다는 것이 뭔 소리야	0	0	1	0	0	0	0	0
계단이 생겼어	0	0	1	0	0	0	0	0
계산 이 정도 실수는 이제 우리는 뭐	0	0	0	1	0	0	0	0
계속 굴러	0	0	1	0	0	0	0	0
계속 다시 생기긴 하는구나	0	0	1	0	0	0	0	0
계속 땡겨 땡겨 땡겨	0	0	1	0	0	0	0	0
계속 떨어져	0	0	1	0	0	0	0	0
계속 빨라져요	0	0	1	0	0	0	0	0
계속 업혀있으면 안 되는 거야	0	0	1	0	0	0	0	0
계속 와야 돼	0	0	0	0	0	0	0	1
계속 웃을꺼야	0	0	1	0	0	0	0	0
계속 이런식이라고	0	0	1	0	0	0	0	0
계속 트라이해	0	0	0	0	0	0	0	1
계속 해야 돼	0	0	0	0	0	0	0	1
계속 해야 되네	0	0	0	0	0	0	0	1
계속하면 올라가나 보네	0	0	0	0	0	0	0	1
고 고 고 5 6 7 8 1 2 3 4 아 말이 되냐	0	0	0	0	1	0	0	0
고 고 고 알아서 하겠죠	0	0	1	0	0	0	0	0
고 이렇게 스탑 이렇게 아아 탭으로 해가지고 의사소통 할 수 있어	0	0	0	0	0	0	0	1
고고 꼬꼬꼬 꼭꼬꼬 그렇지 그렇지 7번 타고 안올라갔어	0	0	0	0	0	0	1	0
고고 이번엔 누구지	0	0	0	0	0	0	0	1
고고고 무지성 고 무지성 빨리빨리 빨리빨리 빨리빨리 아 재밌네 이거 무지성 고 귀엽네	0	0	0	0	0	0	0	1
고등학생 그리스인들은 이것을 화장실 휴지로 사용했습니다	0	0	0	0	0	1	0	0
고마워 가자	0	0	0	0	0	0	1	0
고마워 먹여줘 먹여줘 내가 움직일 수 있는 건 오고밖에 없어 오른손 먹여줘 고려장 모든 어머니를 모실 수 없던 아들이 결국 어머니를 깊은 산속에 버리기로 합니다	0	0	0	0	0	0	1	0
고마워 자 이제 당겨 당겨 당겨 당겨야 돼 당겨야 돼	0	0	0	0	0	0	1	0
고마워요 보라색님 뭐야 보라색님 저 왜 버려요	0	0	0	0	1	0	0	0
고맙습니다	0	0	1	0	0	0	0	0
고생 많으셨다는 말씀 드리면서 가시는 길에 고생하셨다고 좋아요	0	0	0	0	0	0	1	0
고생했어요	0	0	1	0	0	0	0	0
고수인가 봐	0	0	0	0	0	0	0	1
고양이 왼쪽에 있습니다	0	0	1	0	0	0	0	0
고양이 지나갔고	0	0	1	0	0	0	0	0
고양이를 빼고 고양이를	0	0	1	0	0	0	0	0
고요야 내가 막고 있을것이 저기 가서 제일 중요한 역할을 하도록 해 고요야 저기 가서 내가 이제 나중에 가면 우리한테 호통 칠걸	0	0	0	0	0	0	0	1
고인물인가	0	0	0	0	0	0	0	1
고지능 조합 됐다	0	0	1	0	0	0	0	0
고추 빱니다	0	0	1	0	0	0	0	0
고통스러운 죽음이냐 내 인생 전체에 행복했던 기억이 더 많은 죽음이냐 둘 중에 선택했습니다	0	0	1	0	0	0	0	0
곤란하네 곤란하다구요	0	0	1	0	0	0	0	0
곤란하다고 뭐가 곤란해요	0	0	0	0	0	0	0	1
골대에서 골대 앞에 왔을 때 여기 됐어	0	0	1	0	0	0	0	0
골대에서 골대 앞에 왔을 때 여기 뱄어	0	0	1	0	0	0	0	0
골인 여기서 1등을 솔로로 차지하면서 오케이	0	0	0	0	0	0	1	0
곰하고 새만 있어	0	0	1	0	0	0	0	0
공 가야 돼	0	0	0	0	0	0	0	1
공 따라가야 돼	0	0	0	0	0	0	0	1
공 살리고 저랑 [유저] 랑은 약간 언니랑 셋이서 병업하죠	0	0	1	0	0	0	0	0
공 없어지기 전에 아 이거 한 파이 되는 거 몰랐다	0	0	1	0	0	0	0	0
공 하나 있다 잠깐만 천천히 올라가는 중 내려오는 중 아니 진짜 물어보는데 날 막는 이유가 뭐야	0	0	0	0	1	0	0	0
공공이치 좋아요	0	0	0	0	0	0	1	0
공궁아 자 먼저 올라가 있어 알았어	0	0	0	0	0	0	0	1
공대장님 저 사람 잘라요	0	0	1	0	0	0	0	0
공룡 맵 가자	0	0	0	0	0	0	0	1
공룡 죽여	0	0	1	0	0	0	0	0
공룡만 밟는데	0	0	1	0	0	0	0	0
공룡아 뭐해	0	0	0	1	0	0	0	0
공룡아 비키라고 가가가가 점프점프점프 빨리 넘겨 빨리와 넘겨 비켜 비켜 비켜 아 공룡이 내 머리 계속 밟고 있는거 진짜 마음 급해 죽겠네 멍청해지게 만들려고 아 답답해	1	0	0	0	0	0	0	0
공룡아 참아	0	0	1	0	0	0	0	0
공을 펼쳐봐	0	0	0	0	0	0	0	1
공이 많아	0	0	1	0	0	0	0	0
공이 빨라졌어	0	0	1	0	0	0	0	0
공이 순식간에 4개씩 죽어 순삭이야	1	0	0	0	0	0	0	0
공이 지명수배 이야	0	0	1	0	0	0	0	0
공전수랑 총 쏘는 애가 또 쏘는 애가 따로 있다	0	0	0	0	0	0	0	1
공중에서 스페이스를 누르면 벽을 잡는다	0	0	1	0	0	0	0	0
공중으로 한 바퀴 돌려야될 것 같은데 유령을	0	0	1	0	0	0	0	0
공풍이가 자꾸 가랑이 사이로 끼워 아 나 진짜 이런 거 몰랐어	0	0	0	0	0	0	0	1
공황상태를 게임으로 풀어내면 이런 느낌이 하니까	0	0	1	0	0	0	0	0
과감하게 얘들아 가봐	0	0	0	0	0	0	0	1
과거 전환 당한 사람의 유령 아닐까요	0	0	1	0	0	0	0	0
과연 이길 수 있을 것인가	0	0	0	0	0	0	0	1
과연 한 레게노와 누구야	0	0	0	0	0	0	0	1
과일 몇 개야	0	0	1	0	0	0	0	0
과일은 어딨어	0	0	1	0	0	0	0	0
과일을 새	0	0	1	0	0	0	0	0
과일이 어딨어	0	0	1	0	0	0	0	0
과장이에요	0	0	1	0	0	0	0	0
과학 아 이거는 억울합니다	0	0	0	0	0	1	0	0
관리 부탁드립니다 팬분들	0	0	1	0	0	0	0	0
관심 받으려고 한 건 아니잖아	0	0	1	0	0	0	0	0
관심 주지 마	0	0	1	0	0	0	0	0
괜찮냐고 이 새끼야 말을 안 해	1	0	0	0	0	0	0	0
괜찮다고 괜찮다고만 계속 말해 간다	0	0	0	0	0	0	0	1
괜찮아 [유저] 분들 다시 가시고 위험하다	0	0	0	0	0	0	0	1
괜찮아 괜찮아	0	0	1	0	0	0	0	0
괜찮아 내가 한번 더 가볼게	0	0	0	0	0	0	0	1
괜찮아 젓지	0	0	1	0	0	0	0	0
괜찮아 할 수 있습니다	0	0	1	0	0	0	0	0
괜찮아 할만해 할만해	0	0	0	0	0	0	0	1
괜찮으세요	0	0	1	0	0	0	0	0
괜찮으십니까	0	0	1	0	0	0	0	0
괜찮을꺼야	0	0	1	0	0	0	0	0
괜히 앞으로 가서 깝치지 말고 뒤에 딱딱딱딱 붙어있어 앞으로 붙이지 마	0	0	0	0	0	0	0	1
괴물일 수도 있잖아	0	0	1	0	0	0	0	0
괴생명체 보듯이 아니 나봐	0	0	0	0	0	0	0	1
굉장히 [유저] 빅이었다	0	0	1	0	0	0	0	0
교 30분인데 인스테인	0	0	1	0	0	0	0	0
교인들이 좀 보시는데 나도야 나도 얘가 이거 보면 왜 쓰레기 같은 데가 있어	1	0	0	0	0	0	0	0
구간 구조가 살짝	0	0	0	0	0	0	0	1
구경만 하고 있냐	0	0	1	0	0	0	0	0
구도가 안 그리냐고	0	0	0	0	0	0	0	1
구독 알람 등장까지 한번씩 부탁드립니다	0	0	1	0	0	0	0	0
구동이 귀 쓸린거 같은데	0	0	1	0	0	0	0	0
구라도 먹어	0	0	1	0	0	0	0	0
구름 구름 새	0	0	1	0	0	0	0	0
구석에 짜	0	0	1	0	0	0	0	0
구어즐 구어즐 구어즐	0	0	1	0	0	0	0	0
구추가 문제인데	0	0	0	0	0	0	0	1
구해줄게 구해줄게 구해줄게	0	0	0	0	0	0	0	1
구해줘 구해줘	0	0	0	0	0	0	0	1
국밥 든든하게 먹었습니다	0	0	1	0	0	0	0	0
국정원입니다	0	0	1	0	0	0	0	0
군대 얘기하자마자 그냥 반응 차가운 거 보소 아니면 여기서 아 이거 괜찮으려나	0	0	0	0	0	0	0	1
군대처럼 딱딱 딱딱딱 딱딱 하세요	0	0	0	0	0	0	0	1
군바 구인바 어려운것이 아니고 슈퍼바레오 군바 우리편 군바 있지말라고 붙어있지마 붙어있지마 군바 군바 슈퍼바레오 한 명씩 넘어가면 돼	0	0	0	0	0	0	0	1
굳이 쌓고 올라가요	0	0	0	0	0	0	0	1
굳이 안 내밀어도 될 것 같긴 한데 진짜로	0	0	0	0	1	0	0	0
굳이 엎지라고 미사일 나온다	0	0	1	0	0	0	0	0
굳이 올 필요 없어요	0	0	1	0	0	0	0	0
굳지 말라고	0	0	1	0	0	0	0	0
굴려보자 굴려보자 굴려보자	0	0	1	0	0	0	0	0
굿 3라운드 클리어 자 우리 이제 4분의 1 했음	0	0	0	0	0	0	1	0
굿 [유저] 쓰리 두 원 제발 야 초록아 제발 제발 잡아 잡아 잡았냐	0	0	0	0	0	0	1	0
굿 [유저] 이	0	0	0	0	0	0	1	0
굿 됐어 됐어	0	0	0	0	0	0	1	0
굿 컴온 야 점프 대기할 때 딱 붙여 떨어져 있지 말고 몸 딱 붙여	0	0	0	0	0	0	1	0
궁금해 죽거 같은데	0	0	0	0	0	0	0	1
귀 대봐요	0	0	0	0	0	0	0	1
귀 아 가요 가요 아 나 알았다	0	0	0	0	0	0	0	1
귀 안들려	0	0	1	0	0	0	0	0
귀가 제일 많이 눌러야 되거든요	0	0	0	0	0	0	0	1
귀가 크다는 뜻	0	0	0	0	0	0	0	1
귀를 막아가지고 깜짝 놀라	0	0	0	0	0	0	0	1
귀신이 안 나오니까 너무 싱겁네	0	0	1	0	0	0	0	0
귀에 바람 불지 마세요	0	0	1	0	0	0	0	0
귀여우니까 할배는	0	0	1	0	0	0	0	0
귀여웠을까	0	0	1	0	0	0	0	0
귀엽네 대기 대기 대기 일단 밀어 일단 밀어 멈춰 멈춰	0	0	0	0	0	0	0	1
귀엽다 수달이 귀엽다 하고 싶은 거 하세요	0	0	0	0	0	0	0	1
귀요기야 2만 6천 원 예	0	0	1	0	0	0	0	0
귀요미 뭐야	0	0	0	0	1	0	0	0
귀요미 윤유입니다	0	0	1	0	0	0	0	0
귀요미 좋았다	0	0	1	0	0	0	0	0
규칙이 있을 거 아니야	0	0	1	0	0	0	0	0
그 16 이야	0	0	1	0	0	0	0	0
그 6장 세를 처리하려면 선장에게 새 카드 한장만 있으면 돼	0	0	1	0	0	0	0	0
그 [유저] 씨 새끼 그냥 재능이 없네	1	0	0	0	0	0	0	0
그 가운데서 되지않아 되지않아 되잖아	0	0	0	0	0	0	0	1
그 게임의 4인 버전이라고 합니다	0	0	1	0	0	0	0	0
그 나쁜 거 긁지마	0	0	1	0	0	0	0	0
그 너 대신에 모르는 사람이 들어왔어	0	0	1	0	0	0	0	0
그 노란색 판에서 한 반정도 갔을때 점프 해야 될거 같거든 오케이 거의 바로 뛰어야돼	0	0	0	0	0	0	1	0
그 다음 [유저] 마 대가리로 올라가시고 자 그 다음 레게노 대가리로 올라가세요	0	0	0	0	0	0	0	1
그 다음 가 가	0	0	0	0	0	0	0	1
그 다음 가도 돼 빨간색 빨간색 다 왔다	0	0	0	0	0	0	0	1
그 다음 그 다음 이거 어	0	0	1	0	0	0	0	0
그 다음 나 비킬 준비해 하면 야 빨리 가 빨리 가 일사불란하게 해 일사불란하게 아니 왜 내려 아니 그 머리가 걸리면 쏘지마 쏘지마 각별이 착하게 야 우려 우려 이야	0	0	0	0	0	0	0	1
그 다음 누군지 보자	0	0	1	0	0	0	0	0
그 다음 분홍색 넘어가세요	0	0	0	0	0	0	0	1
그 다음 연유님 내 머리 밟고 그렇지 올라가고 여기 내려가면 되죠 오른쪽으로 내려가면 되죠 오른쪽	0	0	0	0	0	0	1	0
그 다음 올라가	0	0	0	0	0	0	0	1
그 다음 이제 레게노 출발 그렇지	0	0	0	0	0	0	1	0
그 다음 칸도	0	0	1	0	0	0	0	0
그 다음에 2줄 그 다음에 2줄 2줄 2줄 아 비켜요	0	0	0	0	0	0	0	1
그 다음에 나 뒤로	0	0	1	0	0	0	0	0
그 다음에 러기지를 열어 그러면 그래놀라바가 있어 그 다음에 가방이 있어 매 매라 매라 가방 매라	0	0	0	0	0	0	1	0
그 다음에 보라색이 밀 수 있어요	0	0	1	0	0	0	0	0
그 다음에 여기로 그렇지 그 다음에 여기로 그렇지 그 다음에 여기로 그렇지 가만히 있어 가만히 있어	0	0	0	0	0	0	1	0
그 다음에 여기로 그렇지 그 다음에 여기로 그렇지 그 다음에 여기로 그렇지 그 다음에 그렇지 가만있어	0	0	0	0	0	0	1	0
그 다음에 이제 저거를 할 수가 있어	0	0	0	0	0	0	0	1
그 때 이제요 이렇게 좀 더 많은데 이거 뭐야	0	0	0	0	1	0	0	0
그 리뷰를 좀 보겠습니다	0	0	1	0	0	0	0	0
그 말 갓 태어난 망아지 아니야	0	0	1	0	0	0	0	0
그 번개를 하나 내서 다음으로 이동	0	0	1	0	0	0	0	0
그 사이에 내가 여기로 갈게	0	0	0	0	0	0	0	1
그 심장 모양이 체력 아니에요	0	0	1	0	0	0	0	0
그 쓰레기라는 것이 나쁜 뜻의 쓰레기가 아니라 해봐 해봐 해봐	1	0	0	0	0	0	0	0
그 아아 [유저] erer [유저] ening 아하하하 어 잠깐 laf 아무나	0	0	0	0	0	0	0	1
그 여기에 가짜가 있어 가짜가	0	0	0	0	0	0	0	1
그 열쇠를 여덟 개를 모으고 아 이거 랜덤이네	0	0	1	0	0	0	0	0
그 영상에 아주 그냥 기우자님이 그냥 귀엽다고 그냥 난리가 났어	0	0	0	0	0	0	0	1
그 옆에 누구세요	0	0	1	0	0	0	0	0
그 왔다 갔다 하는 거리가 될 것 같아	0	0	0	0	0	0	0	1
그 위아래 구간 많이 나오면 우리는 이제 좀 융합이 될 거야	0	0	1	0	0	0	0	0
그 재밌는 것이 몇 개 있대요	0	0	1	0	0	0	0	0
그 저기 안 될 줄 알았지	0	0	1	0	0	0	0	0
그 정도 아니었어	0	0	1	0	0	0	0	0
그 쪽 밑에 사람이 있는데요 어디여	0	0	1	0	0	0	0	0
그거 3번이야	0	0	1	0	0	0	0	0
그거 8명이어서	0	0	0	0	0	0	0	1
그거 가지고 가	0	0	0	0	0	0	0	1
그거 꺼내와 조타를 잘한다 꺼내라	0	0	0	0	0	0	1	0
그거 내리게 해야 되는구나 사람들을	0	0	0	0	0	0	0	1
그거 누르면 안돼	0	0	0	0	0	1	0	0
그거 다 떨어져 앞에 4명이 여기 4명 위에 올라가 보자 보라색이 분홍색 위에 올라가 봐 회색 가만히 회색은 다시 가 회색 다시 가 별 만들지 마	0	0	0	0	0	0	0	1
그거 되나	0	0	1	0	0	0	0	0
그거 드실래요	0	0	1	0	0	0	0	0
그거 떨어트려주면 되요	0	0	1	0	0	0	0	0
그거 먹어봐	0	0	0	0	0	0	0	1
그거 메워놔 그냥 야 이 새끼들이 나 개새끼살이 난다고 나 못 가게 야 얘 딱 붙어야돼	1	0	0	0	0	0	0	0
그거 뭐야	0	0	0	0	1	0	0	0
그거 밟고 이제 오자	0	0	1	0	0	0	0	0
그거 부딪히면 독 걸려요	0	0	1	0	0	0	0	0
그거 숭어에 멈춘 것 같은데 그니까 하하하하하하하하하 민놓고 쿄카라 [유저] 이기	0	0	1	0	0	0	0	0
그거 싶은 거 아니냐고	0	0	1	0	0	0	0	0
그거 안녕 란 아넴들	0	0	1	0	0	0	0	0
그거 약간 죽을 때 야한데 소리가 어허 이래가지고 아 죄송 할배 난리 났다 할배 비상 할배 비상 할배 할배 정신 차려 할배 거의 재난 영화 할배 거의 지금 재난 영화 할배 재난 영화에서 살았네요	0	0	0	0	0	0	0	1
그거 어 밀어줘 떨궈줘 떨궈줘	0	0	0	0	0	0	0	1
그거 완전 쩡인데	0	0	1	0	0	0	0	0
그거 왜 보고 있어 그걸 얘들아 문 닫으면 살 수 있어	0	0	1	0	0	0	0	0
그거 왼쪽 위에 도와줘	0	0	0	0	0	0	0	1
그거 위에가 맞지않아	0	0	0	0	0	0	0	1
그거 이슈야 가불기야	0	0	0	0	0	0	0	1
그거 장난친 거예요	0	0	1	0	0	0	0	0
그거 조심 그거 조심 좀 더 가야되랄까	0	0	0	0	0	0	0	1
그거 조심해라 저거 이야	0	0	0	0	0	0	0	1
그거 좀 느린데	0	0	1	0	0	0	0	0
그거 코코넛 아님	0	0	1	0	0	0	0	0
그거 하죠	0	0	1	0	0	0	0	0
그거 한 번 불어줘봐요	0	0	0	0	0	0	0	1
그거 후레쉬 아니야	0	0	1	0	0	0	0	0
그거는 2편으로 계속	0	0	1	0	0	0	0	0
그거는 먼저 하는거 아냐 죽는건 먼저 하는거 아냐	0	0	1	0	0	0	0	0
그거는 우리가 1등할 자격이 있다는 거야	0	0	0	0	0	0	0	1
그거는 저 새끼 저러다 죽었으면 나 [유저] 가는 택시 탔다	1	0	0	0	0	0	0	0
그거를 막 챕터에 알았네요	0	0	1	0	0	0	0	0
그거를 아 잠깐만 이거를 얘가 먹으러 가네	0	0	0	0	0	0	0	1
그건 가능성 없는 거야	0	0	0	0	0	0	0	1
그건 누구 같대	0	0	1	0	0	0	0	0
그건 뭐라고	0	0	1	0	0	0	0	0
그건 뭐야	0	0	0	0	1	0	0	0
그건 아니고 아니 그것이 말이 안돼	0	0	0	0	0	1	0	0
그건 아니지	0	0	1	0	0	0	0	0
그건 안 돼요	0	0	0	0	0	1	0	0
그건 안되면 될꺼야	0	0	1	0	0	0	0	0
그건가보다	0	0	0	0	0	0	0	1
그걸 3식 존재 보인다	0	0	1	0	0	0	0	0
그걸 내가 왜 미친놈아 나 궁금한데 참아 들어가 내가 테스트 해볼게 빨리 들어가	1	0	0	0	0	0	0	0
그걸 누나 요즘 사람들 뭐라 그러지 않아요	0	0	1	0	0	0	0	0
그걸 몰라	0	0	1	0	0	0	0	0
그걸 몰랐니	0	0	1	0	0	0	0	0
그걸 어떻게 맞혀	0	0	0	0	0	1	0	0
그걸 왜 들어	0	0	1	0	0	0	0	0
그걸 왜 이제 말해줘	0	0	0	0	0	0	0	1
그걸 혼자 지나가면은 뭐야	0	0	0	0	1	0	0	0
그것도 맞지	0	0	1	0	0	0	0	0
그것은 헝그리예요	0	0	1	0	0	0	0	0
그것이 그냥 등거리를 따라가야 돼	0	0	0	0	0	0	0	1
그것이 돼	0	0	1	0	0	0	0	0
그것이 됐다	0	0	1	0	0	0	0	0
그것이 되나	0	0	1	0	0	0	0	0
그것이 맞는 것 같아요	0	0	1	0	0	0	0	0
그것이 무슨	0	0	1	0	0	0	0	0
그것이 뭐라고 무서워	0	0	1	0	0	0	0	0
그것이 보라색님	0	0	1	0	0	0	0	0
그것이 아니라 이거 올라가는 것도 체력이 있어야 되는데	0	0	0	0	0	0	0	1
그것이 아닙니다	0	0	1	0	0	0	0	0
그것이 아이 기다려봐	0	0	0	0	0	0	0	1
그것이 야야야 두헌아	0	0	1	0	0	0	0	0
그것이 없나봐	0	0	0	0	0	0	0	1
그것이 왜 뭔 개소리	0	0	1	0	0	0	0	0
그것이 커피야	0	0	1	0	0	0	0	0
그것처럼 계단을 한번 만들어보자	0	0	1	0	0	0	0	0
그냥 2키 2 2 됐다	0	0	1	0	0	0	0	0
그냥 6번이 미니까 병건이형 우리 뒤로 빠져있자 어 6번이 밀어요	0	0	0	0	0	0	0	1
그냥 [유저] 살살 들어가 살살	0	0	0	0	0	0	0	1
그냥 [유저] 센서 장착하란 말이야	0	0	1	0	0	0	0	0
그냥 [유저] 야 됐다 도망가 야야야	0	0	0	0	0	0	0	1
그냥 가 어 이렇게 그렇지 그렇지 알았다	0	0	0	0	0	0	1	0
그냥 가 점프하지마 하지마 하지마 더블 누르지마	0	0	0	0	0	0	0	1
그냥 가게 할라면 오른쪽 볼 때 왼쪽 왼쪽 봐야됨	0	0	0	0	0	0	0	1
그냥 가는 거예요	0	0	0	0	0	0	0	1
그냥 가도 되는구나	0	0	0	0	0	0	0	1
그냥 가만있어	0	0	0	0	0	0	0	1
그냥 가만히 서서 쏴줘요	0	0	0	0	0	0	0	1
그냥 가만히 있어라 좀 제발 내가 다 해줄게 기다려 아니 아까 내가 온 것처럼 오면 되잖아	0	0	0	0	0	0	0	1
그냥 가면 돼	0	0	0	0	0	0	0	1
그냥 가면 되는데	0	0	0	0	0	0	0	1
그냥 가면 될 거 같아 그냥 가면 되잖아	0	0	0	0	0	0	0	1
그냥 가버려 쫄지마	0	0	0	0	0	0	0	1
그냥 가세요	0	0	0	0	0	0	0	1
그냥 가자	0	0	0	0	0	0	0	1
그냥 갔는데 이걸 우리가 루트 태워가면 되네	0	0	0	0	0	0	0	1
그냥 걸어온다	0	0	1	0	0	0	0	0
그냥 계속 아니 여보세요	0	0	0	0	0	0	0	1
그냥 굴러가 그냥 굴러가 이렇게 굴러가	0	0	0	0	0	0	0	1
그냥 그 저번처럼	0	0	1	0	0	0	0	0
그냥 그냥 쥐	0	0	1	0	0	0	0	0
그냥 기다려 그냥 순서대로 가	0	0	0	0	0	0	0	1
그냥 꽂아버렸네	0	0	1	0	0	0	0	0
그냥 끌고 가 그냥	0	0	0	0	0	0	0	1
그냥 끝이잖아	0	0	1	0	0	0	0	0
그냥 나 돈 한다	0	0	1	0	0	0	0	0
그냥 나 빼고 다 사라졌으면 좋겠다	0	0	1	0	0	0	0	0
그냥 나 여기 맨 위 오 오케이 난 두번째 라인 선생님 피할때 말해 [유저] 야 너 위아래로 오오 조심조심 오오 각별히 다 막아줘	0	0	0	0	0	0	1	0
그냥 나만 보고 반응해 나만 보고 반응해 알겠지	0	0	0	0	0	0	0	1
그냥 나보고 괴물이라고 그런 거 아니야	0	0	1	0	0	0	0	0
그냥 내 뒤로 와 난 안전해 우리끼리만 안 쏘면 될 것 같아	0	0	0	0	0	0	0	1
그냥 내려가 우리 우리 내려가자 아 저것이 되게 빨리 하니까 한 칸 움직일 시간밖에 없어	0	0	0	0	0	0	0	1
그냥 내리면 여기로 온다	0	0	1	0	0	0	0	0
그냥 냅다 갈겨버리네	0	0	1	0	0	0	0	0
그냥 너 가지마 무조건 아래로 갈거야	0	0	0	0	0	0	0	1
그냥 넘어가	0	0	0	0	0	0	0	1
그냥 다 같이 그냥 2번부터 고 2번부터 고 고고	0	0	0	0	0	0	0	1
그냥 다 넘어가세요	0	0	0	0	0	0	0	1
그냥 다 놓고 가	0	0	0	0	0	0	0	1
그냥 다 잊고 무로 돌아가는것이 제일 좋은 선택이야	0	0	0	0	0	0	0	1
그냥 다들 오케이 이다	0	0	0	0	0	0	1	0
그냥 다른 사람 말하지 말고 의견 낸 사람만 말하자 밀어줘야 돼요	0	0	0	0	0	0	0	1
그냥 달리면 된다	0	0	1	0	0	0	0	0
그냥 동시에 점프가 안 눌려 그냥	0	0	0	0	0	0	0	1
그냥 됐어	0	0	1	0	0	0	0	0
그냥 드럼킹 뭐야	0	0	0	0	1	0	0	0
그냥 들어가려고 그러다가 그쪽에서 어이	0	0	0	0	0	0	0	1
그냥 들이박으면 돼	0	0	1	0	0	0	0	0
그냥 땡겨줬던 때까지 가만히 있어	0	0	0	0	0	0	0	1
그냥 떨어지라고	0	0	1	0	0	0	0	0
그냥 뛰면 돼	0	0	1	0	0	0	0	0
그냥 막 달려오는 아무 말도 안 하면 막 달려오는	0	0	1	0	0	0	0	0
그냥 맞아	0	0	0	0	0	0	1	0
그냥 멈추세요	0	0	1	0	0	0	0	0
그냥 못하는 거야	0	0	1	0	0	0	0	0
그냥 뭐지	0	0	1	0	0	0	0	0
그냥 바로가자 바로가자 바로가자	0	0	0	0	0	0	0	1
그냥 밟은거잖아	0	0	1	0	0	0	0	0
그냥 밥 먹으면서 하자	0	0	1	0	0	0	0	0
그냥 붙이면 되나	0	0	1	0	0	0	0	0
그냥 상어도 있고 [유저] 도 있어 심지어 너 디럭스 없어	0	0	1	0	0	0	0	0
그냥 생각 안한거였어	0	0	1	0	0	0	0	0
그냥 선행이가 벽이 되면 돼	0	0	0	0	0	0	0	1
그냥 순서대로 하자	0	0	1	0	0	0	0	0
그냥 시간만 있으면 돼	0	0	1	0	0	0	0	0
그냥 시행착오	0	0	1	0	0	0	0	0
그냥 시행착오 가 어 버튼이 달려	0	0	0	0	0	0	0	1
그냥 실력 딸리니까 그냥 정석으로 가요	0	0	0	0	0	0	0	1
그냥 아 그냥 잡고 있을걸	0	0	1	0	0	0	0	0
그냥 아 우리 여기서 이러다 해골 되겠어	0	0	0	0	0	0	0	1
그냥 아 저기가 있을거야	0	0	0	0	0	0	0	1
그냥 아니야 그쪽으로 말고 오른쪽으로 자기들끼리 지금 쓰고 서버 하면 돼 오른쪽으로 하죠	0	0	1	0	0	0	0	0
그냥 아무것도 하지마	0	0	1	0	0	0	0	0
그냥 아무나해라	0	0	0	0	0	0	0	1
그냥 아이 다시보기 그만 볼래	0	0	0	0	0	1	0	0
그냥 아하 어 이제 좀 말하는 사람 들어왔네	0	0	1	0	0	0	0	0
그냥 악어만 한 번 들어가면 돼	0	0	0	0	0	0	0	1
그냥 알누르자 나 진짜 막 먹으러 간다 아니 난 이거 하나로 하는 것이 더 나을 거 같아 이대로 깰 수 있어 하나로 또 공을 할게	0	0	1	0	0	0	0	0
그냥 알았는데	0	0	1	0	0	0	0	0
그냥 앞으로 가 자 내가 할것이 하나 둘 셋 야 콩콩이 2층 와 2층 와 콩콩이 3층 가	0	0	0	0	0	0	0	1
그냥 앞으로 먼저 가봐 아오니님이 붙지말고 연호님 차에서 거리두기잖아	0	0	0	0	1	0	0	0
그냥 야 2대2 됐어	0	0	1	0	0	0	0	0
그냥 야 너 가만히 있어	0	0	0	0	0	0	0	1
그냥 어떻게든	0	0	0	0	0	1	0	0
그냥 에이 얘들아 힘내 얘들아 이제 [유저] 의 역역이야	0	0	0	0	0	0	1	0
그냥 여기 어려워	0	0	1	0	0	0	0	0
그냥 열쇠를 먹는것이 아니라 열기를 돌려야 되는거 아니야	0	0	1	0	0	0	0	0
그냥 영상 끊어줄 거야	0	0	1	0	0	0	0	0
그냥 오시면 되요	0	0	1	0	0	0	0	0
그냥 오케이 오케이 좋다 좋다	0	0	0	0	0	0	1	0
그냥 오케이 조금 안 다르고 다르고 누르고 있고 얍삽이 쓰지 말고 아까 그 6번까지	0	0	0	0	0	0	1	0
그냥 올라가 그냥 올라가 그냥 천천히 천천히 천천히 그렇지	0	0	0	0	0	0	1	0
그냥 올라가요	0	0	0	0	0	0	0	1
그냥 올라와	0	0	0	0	0	0	0	1
그냥 와 에이 스탑 스탑 스탑 보고 있을게	0	0	0	0	0	0	0	1
그냥 와라	0	0	0	0	0	0	0	1
그냥 우르르 다 내려가 하나 둘 셋 가자	0	0	0	0	0	0	0	1
그냥 운빨이잖아	0	0	1	0	0	0	0	0
그냥 이런 게임 오히려 말 안 하는 것이 더 나을 수도 있어	0	0	1	0	0	0	0	0
그냥 이렇게 이걸 못한다고	0	0	1	0	0	0	0	0
그냥 이렇게 하면 점프해야지 악녀야	0	0	0	0	0	0	0	1
그냥 이루는 그냥 그 소통 이걸로 하자	0	0	1	0	0	0	0	0
그냥 이제 천천히 어 가면 돼	0	0	0	0	0	0	0	1
그냥 인스틱 들어가서 끝까지 다겨라	0	0	0	0	0	0	0	1
그냥 일로 와	0	0	0	0	0	0	0	1
그냥 일로와 예행연습이 필요한 친구야 저런 친구가 나중에 진짜 위대한 사람이 될수도 있어요 할수있다	0	0	0	0	0	0	0	1
그냥 자기 구역거 채우면 될 것 같은데 뭐야	0	0	0	0	1	0	0	0
그냥 자자 최대한 붙어 지금	0	0	1	0	0	0	0	0
그냥 저 어르신이 이상한 짓 하고 있네	0	0	1	0	0	0	0	0
그냥 점프 돼 그 다음께 쌓는걸걸 으악	0	0	0	0	1	0	0	0
그냥 점프하면 되지않아 일렬로 세워주셨네	0	0	0	0	0	0	0	1
그냥 점프하지 말고 살짝 살짝씩만 눌러	0	0	0	0	0	0	0	1
그냥 정석으로 하자	0	0	1	0	0	0	0	0
그냥 제 발로 가셨는데요	0	0	0	0	0	0	0	1
그냥 죽어	1	0	0	0	0	0	0	0
그냥 죽어 죽어 죽어 전부 다 오른쪽으로 부딪히지 않게 붙도록 하겠습니다	1	0	0	0	0	0	0	0
그냥 죽여 죽여 그냥 자 노란색 여기 써 노랑 노랑 어 거기 가만히 있어 가만히 있어	0	0	0	0	0	0	0	1
그냥 죽여버려	0	0	1	0	0	0	0	0
그냥 죽을 때까지 기다릴까	0	0	1	0	0	0	0	0
그냥 준 거야	0	0	1	0	0	0	0	0
그냥 진짜 저 카드 정말 많습니다	0	0	1	0	0	0	0	0
그냥 컨트롤 해줄수 있어	0	0	0	0	0	0	0	1
그냥 큰 상태로 와서 작아지면 되는거 아니야	0	0	0	0	0	0	0	1
그냥 클릭 누르고 가면 가는 거였어	0	0	0	0	0	0	0	1
그냥 태우고 하는 거 좋다 우리 협동 씹 쩔었어	0	0	0	0	0	0	1	0
그냥 하나도 못 맞히냐	0	0	1	0	0	0	0	0
그냥 하여튼	0	0	1	0	0	0	0	0
그냥 해봐 그냥 해봐 잠깐만 이거 잠깐만 이거 아니 어 선행 아니 괜찮아	0	0	0	0	0	0	0	1
그냥 혹시 몰라요 해보죠	0	0	0	0	0	0	0	1
그냥 혼자 가면 돼	0	0	0	0	0	0	0	1
그니까 05 이하로 해야돼요	0	0	0	0	0	0	0	1
그니까 그래서 이거 좀 뒤에서 해야되거든	0	0	0	0	0	0	1	0
그니까 그치 초반만 하면 이거 일단 40분 생각 야 그러면 딱딱딱 가자	0	0	0	0	0	0	1	0
그니까 내가 1등이다	0	0	0	0	0	0	0	1
그니까 내가 할게	0	0	0	0	0	0	0	1
그니까 눈이 펄 [유저] 도 관절 관절 콩콩이가 이때까지 해온 뜻이 있었어	0	0	0	0	0	0	0	1
그니까 로켓 추진체 몰라	0	0	1	0	0	0	0	0
그니까 뭔가	0	0	0	0	0	0	0	1
그니까 스윙은 좀 되게 머라하긴해	0	0	0	0	0	0	0	1
그니까 아 재밌네	0	0	1	0	0	0	0	0
그니까 아아안니	0	0	1	0	0	0	0	0
그니까 어어어 어 1자로 만들어야 돼 1자로 출발 1자로 1자로 안쪽으로 들어 모두 떨려 가자 버려 버려	0	0	0	0	0	0	0	1
그니까 엄청 쉬운데 적법인데요	0	0	1	0	0	0	0	0
그니까 운 없으면 죽는다	0	0	1	0	0	0	0	0
그니까 잘 만들었는데 난 처음 보내가 내가 맞았어	0	0	0	0	0	0	0	1
그니까 지린다 안돼	0	0	0	0	0	1	0	0
그니까 한 칸 한 가지 이야	0	0	0	0	0	0	0	1
그니까 형 아까 해파리 쪽에 열매 있었어	0	0	0	0	0	0	0	1
그니까요 그니까 이거를 아 어떻게 가야할까 잡았을 때 저거 이제 너무 높아서 안될 때 한번에 못 올라갈 때 중간에 박고 거기서 치는 거 아닐까요	0	0	0	0	0	1	0	0
그다음 [유저] [유저] [유저]	0	0	1	0	0	0	0	0
그다음 [유저] 마님 올라가고	0	0	0	0	0	0	0	1
그다음 개새끼야 개새끼야	1	0	0	0	0	0	0	0
그대로 내려지세요	0	0	1	0	0	0	0	0
그대로 있을	0	0	1	0	0	0	0	0
그동안 즐거웠어	0	0	1	0	0	0	0	0
그들은 [유저] 에는 이것으로 이것으로 만든 종류가 있습니다	0	0	0	0	0	0	0	1
그들이 저를 잃을 수도 있는 거지	0	0	1	0	0	0	0	0
그때는 아무렇지도 않고 그냥 당연하다고 하고 넘기고 내가 하면 나이 이슈까지 나오고 늙은이 이슈 나오고 해머니 이슈 나오고 누나 괜찮아요	0	0	0	0	0	0	0	1
그래 2번 3번 만들어주고 화내면 안돼 화내면 안돼	0	0	0	0	0	1	0	0
그래 [유저] 오른쪽으로 더 그래	0	0	0	0	0	0	1	0
그래 [유저] 부터 들어가 그냥 들어가 어	0	0	0	0	0	0	1	0
그래 가자 출발 시작 새로운 맵은 또 어떤 난이도일지 얘들아 천천히 같이 가자 우리 협동인 거 알지	0	0	0	0	0	0	1	0
그래 거기로 검사해도 괜찮아	0	0	0	0	0	0	1	0
그래 거기서 그냥 점프를 눌러	0	0	0	0	0	0	1	0
그래 거북이가 아니고 잘하니까	0	0	0	0	0	0	1	0
그래 궁금한 건 사고하자	0	0	0	0	0	0	1	0
그래 그거 가져가서 꽂아	0	0	0	0	0	0	1	0
그래 그냥 둘이 들어가 그냥 둘이 들어가 들어가 들어가 너는 들어 나 화내지 마 진정해	0	0	0	0	0	0	1	0
그래 그냥 뛰어	0	0	0	0	0	0	1	0
그래 그래	0	0	0	0	0	0	1	0
그래 그래 그래	0	0	0	0	0	0	1	0
그래 그래 그래 좋은 거 같애	0	0	0	0	0	0	1	0
그래 그래 그렇게만 해 오케이 이거지	0	0	0	0	0	0	1	0
그래 그래 막 누갔다 누갔다	0	0	0	0	0	0	1	0
그래 그래 어 왜 이러지	0	0	0	0	1	0	0	0
그래 그래 움직이지 말자	0	0	0	0	0	0	1	0
그래 그래 이제 [유저] 부터 가야 돼	0	0	0	0	0	0	1	0
그래 그래 형 아니 앞에 아니 비키라고하면 좀 확실히 비켜줘야지	0	0	0	0	0	0	1	0
그래 그런 다음에 돌려 돌려봐	0	0	0	0	0	0	1	0
그래 그런 적 없어요	0	0	0	0	0	0	1	0
그래 나 왼쪽 보고 있을것이 아니 한 명이 컨트롤 되겠네	0	0	0	0	0	0	1	0
그래 나 이거 넘어가 모바일도 있으니까 앞으로 빨리 가야돼	0	0	0	0	0	0	1	0
그래 나 잠 못자 잠 못자	0	0	0	0	0	0	1	0
그래 나는 이런 거	0	0	0	0	0	0	1	0
그래 나라도 살아야지	0	0	0	0	0	0	1	0
그래 나한테 타면 무조건이라고하니까 이거 이쪽 죽으면 폐급이지	0	0	0	0	0	0	1	0
그래 다 같이 처음 하는 친구들끼리 하자고	0	0	0	0	0	0	1	0
그래 단무지고 괜찮아	0	0	0	0	0	0	1	0
그래 등거리를 따라가야 돼	0	0	0	0	0	0	1	0
그래 마지막 우리의 협동용으로 이거는 너무 쉬워	0	0	0	0	0	0	1	0
그래 문 열어봐 제발 문을 열어 비켜야 문을 열지	0	0	0	0	0	0	1	0
그래 밟아봐 밟아봐	0	0	0	0	0	0	1	0
그래 빅 이뚜스 너희 자식 잘 알고 있었어	0	0	0	0	0	0	1	0
그래 쉽게 됐다	0	0	0	0	0	0	1	0
그래 쉽잖아	0	0	0	0	0	0	1	0
그래 아 잘했다 없애줘	0	0	0	0	0	0	1	0
그래 아 저 유령이 움직인거야	0	0	0	0	0	0	1	0
그래 알았다	0	0	0	0	0	0	1	0
그래 야 너 모유는 끝났어	0	0	0	0	0	1	0	0
그래 야 드디어 시작이다	0	0	0	0	0	0	1	0
그래 야 얘들아	0	0	0	0	0	0	1	0
그래 엘리베이터 올라가요	0	0	0	0	0	0	1	0
그래 역순이네	0	0	0	0	0	0	1	0
그래 올라가보자	0	0	0	0	0	0	1	0
그래 올라가야 돼	0	0	0	0	0	0	1	0
그래 왜 어	0	0	0	0	0	0	1	0
그래 우리 서로 칭찬하면서	0	0	0	0	0	0	1	0
그래 이거 사실 방장 빼고 다 똑같아	0	0	0	0	0	0	1	0
그래 이거야	0	0	0	0	0	0	1	0
그래 이것이	0	0	0	0	0	0	1	0
그래 이런 식으로 가는 거야	0	0	0	0	0	0	1	0
그래 이렇게 가봐	0	0	0	0	0	0	1	0
그래 이렇게 하는 거야	0	0	0	0	0	0	1	0
그래 이렇게 하면 돼	0	0	0	0	0	0	1	0
그래 조금씩 개걸음으로 가	0	0	0	0	0	0	1	0
그래 좋다	0	0	0	0	0	0	1	0
그래 좋아	0	0	0	0	0	0	1	0
그래 주면 내가 가야돼	0	0	0	0	0	0	1	0
그래 한 번 더 하고 되잖아	0	0	0	0	0	0	1	0
그래 해야 먼저 가봐라 현실이 먼저 비켜봐라	0	0	0	0	0	0	1	0
그래 힘 좀 내봐	0	0	0	0	0	0	1	0
그래그래그래 그래 아이고 좋아	0	0	0	0	0	1	0	0
그래도 껌이지 좋았어	0	0	0	0	0	0	1	0
그래도 나왔어	0	0	0	0	0	0	1	0
그래도 덕혜 공룡이랑 팀하면 아니 왜 지금 진심으로	0	0	0	0	0	0	1	0
그래도 됐었어요	0	0	0	0	0	0	1	0
그래도 야	0	0	0	0	0	0	1	0
그래도 제대로 놨거든요	0	0	0	0	0	0	1	0
그래도 책임자 탈출을 못한다	0	0	0	0	0	0	1	0
그래도 할 수 있었어	0	0	0	0	0	0	1	0
그래도 흙이 낫지 않아	0	0	0	0	0	0	1	0
그래서 [유저] 로 가도록 하겠습니다	0	0	0	0	0	0	1	0
그래서 각자 한 번씩 할 거예요	0	0	0	0	0	0	1	0
그래서 구슬이 하나도 없어요	0	0	0	0	0	0	1	0
그래서 다 안받고 다같이 깨는거인가 보다	0	0	0	0	0	0	1	0
그래서 뒤에 따라가다가 달려 이랬잖아	0	0	0	0	0	0	1	0
그래서 말이 돼야 돼요	0	0	0	0	1	0	0	0
그래서 멈추면 안 가네	0	0	0	0	0	0	1	0
그래서 무게를 해줘서 저쪽으로 가게 해줘야 돼	0	0	0	0	0	0	1	0
그래서 미끼야 한다니까 왜 굳이 나들처럼 막 좋은 인물을	0	0	0	0	0	0	1	0
그래서 밀어서 가져와	0	0	0	0	0	0	1	0
그래서 바로 밑에 딱 서있어 기다려	0	0	0	0	0	0	1	0
그래서 사람들이 이렇게 날아다니는 그	0	0	0	0	0	0	1	0
그래서 앞에 1번부터 5번까지 다 눌러줘 보자 일단 모든 버튼 다 누르자 왼쪽 점프 다 눌러 그리고 눈꽃형이 컨트롤 나 안 누르고 있는데	0	0	0	0	0	0	1	0
그래서 여기서 밀어	0	0	0	0	0	0	1	0
그래서 여기서 체인 런처 쏴가지고 여기로 점프	0	0	0	0	0	0	1	0
그래서 오늘 정말 기념비적으로 네 명이서 게임한 적 아예 없지 않아	0	0	0	0	0	0	1	0
그래서 오늘 한번 [유저] 바로 협동게임이죠	0	0	0	0	0	0	1	0
그래서 우리 [유저] 친구들이랑 함께 왁자 직걸 이렇쿵 저렇쿵 우여곡절의 게임을 해보도록 하겠습니다 보시기 전에 구독 좋아요	0	0	0	0	0	0	1	0
그래서 이 6번 있잖아	0	0	0	0	0	0	1	0
그래서 이걸로 신원 신원 확인을 해야 되는 거야	0	0	0	0	0	0	1	0
그래서 일단 이 친구도 그냥 따라가 지금은 따라가 지금 계산할 시간보다 따라가는 것이 더 좋아요	0	0	0	0	0	0	1	0
그래서 저기 타고 타고 저 성으로 가는 거네	0	0	0	0	0	0	1	0
그래서 점프가 먼저 됐나봐	0	0	0	0	0	0	1	0
그래야 내가 여기서 점프해서 딱 가지	0	0	0	0	0	0	1	0
그래야 할거같아 집중해야되잖아	0	0	0	0	0	0	1	0
그래야 화면이 넘어가네	0	0	0	0	0	0	1	0
그래야지 넘어갈 수가 있어요	0	0	0	0	0	0	1	0
그랜니야 재미나	0	0	1	0	0	0	0	0
그러네 맞네	0	0	1	0	0	0	0	0
그러니까 [유저] 야 우리가 쏴야 돼	0	0	0	0	0	0	0	1
그러니까 계단 못 만드는데	0	0	1	0	0	0	0	0
그러니까 난 보이긴 해 위험한 거 [유저] [유저] 이런 거 응 할 수 있어 제발 제발 제발 비켜 비켜 못 믿었다	0	0	0	0	0	0	0	1
그러니까 다주님이 제일 힘든 포지션 맞지	0	0	1	0	0	0	0	0
그러니까 덕혜야 너 오랜만에 옳은 소리 한다	0	0	1	0	0	0	0	0
그러니까 되는 사람이 딱 따로야	0	0	1	0	0	0	0	0
그러니까 리얼 범인은 한석이 왜 맞냐	0	0	1	0	0	0	0	0
그러니까 머리 밟아버리기 우리 이제 서로 칭찬해주기 하자 조용히해 누구야	0	0	0	0	0	0	0	1
그러니까 밟으면 그냥 끝났지 않을까	0	0	0	0	0	1	0	0
그러니까 방금 분량을 늘려낸 거예요	0	0	1	0	0	0	0	0
그러니까 서로 다 쳐맞는 겨	0	0	1	0	0	0	0	0
그러니까 앞에 것이 너무 어려운데 그럼 이거 4까지 해보자	0	0	0	0	0	0	0	1
그러니까 앞에 있는 사람 먼저 눌러보자 에이 너무 어려운데	0	0	0	0	0	0	0	1
그러니까 어	0	0	1	0	0	0	0	0
그러니까 엄청 빨리 일사불란하게 가야 되는데 이거를 만약에 사이에 껴있으면 저것이 더 이상 안 올라가나	0	0	0	0	0	0	0	1
그러니까 욕하시든지 뭐 난 눌러도 상관없어	0	0	0	0	0	0	0	1
그러니까 우리가 다음 회차를 알고 있는데 진짜 새해부터 어마어마 26년은 정말 대단한 해야 자 갑시다	0	0	0	0	0	0	1	0
그러니까 이거 거리만 알면 한 선행위까지 루테까지 그냥 점프해서 같이 뛰자 하나 둘 셋 우리 이쪽으로 가 이쪽으로 가 땡겨 땡겨 땡기면 안돼	0	0	0	0	0	1	0	0
그러니까 이거 재밌었어	0	0	1	0	0	0	0	0
그러니까 이것이 머리를 타고 가면 안 돼	0	0	0	0	0	1	0	0
그러니까 이쪽으로 이렇게 가야 될 것 같죠	0	0	0	0	0	0	0	1
그러니까 재밌네	0	0	1	0	0	0	0	0
그러니까 쟤네 왜 저러지	0	0	1	0	0	0	0	0
그러니까 제가 좀 먹을게요	0	0	0	0	0	0	0	1
그러니까 제발 지금	0	0	1	0	0	0	0	0
그러니까 조금 천천히 퉁 퉁 퉁 이런 느낌으로 가야 되거든	0	0	0	0	0	0	0	1
그러니까 존 이렇게 되면 위험해져	0	0	0	0	0	0	0	1
그러니까 지켜주는 것도 좋은데 공격도 해야 돼	0	0	0	0	0	0	0	1
그러니까 처음 한 사람은 누군가	0	0	0	0	0	0	0	1
그러니까 한 명 한 명 한 명 이렇게 점프를 하면 4단 점프가 되는 거야	0	0	0	0	0	0	0	1
그러니까 한 번 다시 계산해 볼게 33 42 54 60 와 오케이 자 오늘도 제가 이겼죠	0	0	0	0	0	0	1	0
그러니까 한번 껐다가 키자고 키자고 키자고 지금은 괜찮아	0	0	0	0	0	0	0	1
그러니까요	0	0	1	0	0	0	0	0
그러려고 했는데 피했어	0	0	1	0	0	0	0	0
그러려면 김치가 위로 올라가야겠지	0	0	0	0	0	0	0	1
그러면 1번 파랑 웅냥이 2번 빨강 배 [유저] 3번 주황 [유저] [유저] [유저] 뭐해 요리해	0	0	0	1	0	0	0	0
그러면 3개씩 탑을 쌓고 있자 좋은 생각이다	0	0	1	0	0	0	0	0
그러면 3번 안 됨	0	0	1	0	0	0	0	0
그러면 [유저] 배틀부터 한번 해보도록 하겠습니다	0	0	0	0	0	0	0	1
그러면 [유저] 야	0	0	1	0	0	0	0	0
그러면 개숨중입니다	0	0	1	0	0	0	0	0
그러면 고양이 잡아버리기 혹시 고양이 너 죽었니	0	0	0	0	0	1	0	0
그러면 괜찮은데	0	0	1	0	0	0	0	0
그러면 그냥	0	0	1	0	0	0	0	0
그러면 그렇지 한 명씩 올라가서 다섯 명이 미는 거다	0	0	0	0	0	0	1	0
그러면 나 계속 쟤랑 짝이야	0	0	1	0	0	0	0	0
그러면 나는 이겼다	0	0	0	0	0	0	1	0
그러면 나랑 [유저] 님 내려갈게요	0	0	1	0	0	0	0	0
그러면 너 니 차례 계속 돼	0	0	1	0	0	0	0	0
그러면 누가 해야겠어	0	0	0	0	0	0	0	1
그러면 다 적으셨으면 기다려주시겠어요	0	0	0	0	0	0	0	1
그러면 다같이 왼쪽부터 하자	0	0	0	0	0	0	0	1
그러면 다시 작아져 8번은 8번은 작아질 필요가 있어요	0	0	0	0	0	0	0	1
그러면 다음에 초 하던 모습	0	0	1	0	0	0	0	0
그러면 몇 명 올라가라 올라가 올라가 올라가 왼쪽 왼쪽 왼쪽 고 영차 영차 영차 멈춰	0	0	0	0	0	0	0	1
그러면 미리 한명 빼고 다 준비를 해놔야 겠다	0	0	0	0	0	0	0	1
그러면 순서대로 가야겠죠	0	0	0	0	0	0	0	1
그러면 시간 바뀌겠지	0	0	1	0	0	0	0	0
그러면 아까만 방 CAT봤는데 제작진 중	0	0	1	0	0	0	0	0
그러면 아우 너무 쉬운데	0	0	1	0	0	0	0	0
그러면 알았어	0	0	1	0	0	0	0	0
그러면 우리 간단한 게임 수상한 생선 문제 맞추기예요	0	0	1	0	0	0	0	0
그러면 이 상태로 저 위에 빨간 거 다 대면 죽나	0	0	1	0	0	0	0	0
그러면 잠깐만 잠깐만 어떻게 해요	0	0	0	0	0	1	0	0
그러면 저 한번 올려주세요	0	0	1	0	0	0	0	0
그러면 점프가 늘어나나	0	0	0	0	0	0	0	1
그러면 처리해주세요	0	0	0	0	0	0	0	1
그러면 한 명만 살잖아	0	0	1	0	0	0	0	0
그러면 한 번 더 들어가 블럭으로 어	0	0	0	0	0	0	0	1
그러면 할아버지가 해	0	0	0	0	0	0	0	1
그러면 헷갈릴 거 아니야	0	0	1	0	0	0	0	0
그러면서 왜 간 거야	0	0	1	0	0	0	0	0
그러면은 20초 컷 가능 8초 남았어요	0	0	0	0	0	0	0	1
그러면은 네 바로바로 해야 돼요	0	0	0	0	0	0	0	1
그러면은 빨주노초파남으로 하자들	0	0	1	0	0	0	0	0
그러면은 어떻게 올라오지	0	0	0	0	0	1	0	0
그러면은 하나 둘 셋 기다려봐 누나 약간 지금 이 발판하고 비슷한 간격으로 점프 뛰어봤어	0	0	0	0	0	0	0	1
그러자 그러자	0	0	1	0	0	0	0	0
그러져 있어	0	0	1	0	0	0	0	0
그러져 있으면 떨어져야 돼	0	0	1	0	0	0	0	0
그러져 있자	0	0	1	0	0	0	0	0
그런 거 아니에요	0	0	1	0	0	0	0	0
그런 거 없어	0	0	1	0	0	0	0	0
그런 거 하지 마봐	0	0	0	0	0	0	0	1
그런 거 한 번도 안 해봤어	0	0	0	0	0	0	0	1
그런 것 같아	0	0	1	0	0	0	0	0
그런 것도 있어요	0	0	1	0	0	0	0	0
그런 기능은 없어요	0	0	1	0	0	0	0	0
그런 나쁜 거 들고 있지 마	0	0	1	0	0	0	0	0
그런 말 한 적 없어요	0	0	1	0	0	0	0	0
그런가 보다	0	0	0	0	0	0	0	1
그런가봐 뽀잉 룩요 밟았습니다	0	0	0	0	0	0	0	1
그런거 같았어	0	0	1	0	0	0	0	0
그런거 없습니다	0	0	1	0	0	0	0	0
그런것이 아니	0	0	1	0	0	0	0	0
그런다고 갈 수 있을 거 같나	0	0	1	0	0	0	0	0
그런다고 갈 수 있을 것 같나	0	0	1	0	0	0	0	0
그럴 수 있어요	0	0	1	0	0	0	0	0
그럼 1번 넘어와 1번 넘어와 다 넘어와야 돼	0	0	0	0	0	0	0	1
그럼 3개면 3개 3위 뜨면 3개짜리 과일	0	0	1	0	0	0	0	0
그럼 5명은 꾹 누르고 6번째 사람이 그냥 해야되네	0	0	0	0	0	0	0	1
그럼 8번은 어떻게 버리는거야	0	0	0	0	0	1	0	0
그럼 [유저] 전 하다가 4대4 할까	0	0	0	0	0	0	0	1
그럼 가운데로 딱 내려갈 거 아니야	0	0	0	0	0	0	0	1
그럼 가자	0	0	0	0	0	0	0	1
그럼 감사합니다	0	0	0	0	0	0	1	0
그럼 그럼 그럼	0	0	1	0	0	0	0	0
그럼 그럼 다 왔어	0	0	1	0	0	0	0	0
그럼 기술 뭐냐 저거	0	0	1	0	0	0	0	0
그럼 김치님 옆에 계신 분이 눌러야겠죠	0	0	0	0	0	0	0	1
그럼 나 나는 나 나 나는 나는	0	0	1	0	0	0	0	0
그럼 나 못 지나가는데	0	0	0	0	0	0	0	1
그럼 나 이 바보야 지금 내리면 안 돼	1	0	0	0	0	0	0	0
그럼 나는 뭐 어떻게 해	0	0	0	0	0	1	0	0
그럼 내 머리에서 비켜 아니 후추 나와 정리해 정리해 계단 정리해 아 진짜 나 획기적인 [유저] 생각났다	0	0	0	0	1	0	0	0
그럼 내가 [유저] 를 만들어버려 오우 점프클럽 내 고양이 어딨어	0	0	0	0	0	0	0	1
그럼 내가 볼 때 이거 대장기 콘텐츠야	0	0	0	0	0	0	0	1
그럼 내가 올라와 야 내가 사지거라 현대기한테 이거 뭔가	0	0	0	0	0	0	0	1
그럼 내가 할래 아니야 아니야 아니 아니야 지켜줘야지 지켜줘야지 우리가 머리 밟고 지켜줘야죠	0	0	0	0	0	0	0	1
그럼 니가 최희광인데	0	0	0	0	0	0	0	1
그럼 다 탈락이야	0	0	1	0	0	0	0	0
그럼 대두가 가야 돼	0	0	0	0	0	0	0	1
그럼 딱 가운데 내 Co하는 반성으로 이것이 박을 수 있단 말이야	0	0	0	0	0	0	0	1
그럼 또 눌렀어야지	0	0	1	0	0	0	0	0
그럼 먹어	0	0	1	0	0	0	0	0
그럼 믿어	0	0	1	0	0	0	0	0
그럼 밑에만 숨을 아니 와아 아니 왜 그래	0	0	0	1	0	0	0	0
그럼 바꾸자 그럼 바꾸자	0	0	1	0	0	0	0	0
그럼 바로 가자 바로 가버려	0	0	0	0	0	0	0	1
그럼 바로 가자 좋았어	0	0	0	0	0	0	1	0
그럼 바로 갈게예 자 누가 누구야	0	0	0	0	0	0	0	1
그럼 보시기 전에 구독과 좋아요	0	0	0	0	0	0	1	0
그럼 보시기 전에 저희가 상하좌우키를 맡을 터니 맨파님 구독자분들은 무슨 키를 눌러야 될까요	0	0	0	0	0	0	0	1
그럼 시간 오지않아 죽달라	0	0	1	0	0	0	0	0
그럼 시작	0	0	1	0	0	0	0	0
그럼 아무도 안 올라가시나 거기 오른쪽	0	0	0	0	0	0	0	1
그럼 앞에 있는 새끼 없애줘요 씨발	1	0	0	0	0	0	0	0
그럼 앞에서 열대를 먹었어야지 눈꽃하나 눈꽃하나 나만 아니면 돼	0	0	1	0	0	0	0	0
그럼 약집시켜봐 약집시켜봐	0	0	0	0	0	0	0	1
그럼 얘 1점 따 너무 잘했으니까 연기로 가야 돼	0	0	0	0	0	0	1	0
그럼 어떻게 우리 안아줘요 안아줘요	0	0	0	0	0	1	0	0
그럼 여기 빨리 다 형들이랑 누가 보고 있으니까 사과해	0	0	0	0	0	0	0	1
그럼 여기서 하나 먹고 너 게임 끝이야	0	0	1	0	0	0	0	0
그럼 여덟 명이 안되면 못하잖아요	0	0	1	0	0	0	0	0
그럼 오른쪽 한번 가볼까	0	0	0	0	0	0	0	1
그럼 이거 누구야	0	0	1	0	0	0	0	0
그럼 이거 한 명이 컨트롤 가능한 거 아니야	0	0	0	0	0	0	0	1
그럼 이거 화살표 위에서 왼쪽으로 봐 위위위 ady 위 위 위 바로 왼쪽 Ok Ok 위 위 위 쪽쪽 이제 왼쪽아야 돼	0	0	0	0	0	0	0	1
그럼 이렇게 되면 자 봐요	0	0	0	0	0	0	0	1
그럼 이렇게 미는 거잖아	0	0	1	0	0	0	0	0
그럼 이렇게 해보자 8명이 다 한 것과 그 서열로 5위까지만 한 것과 뭐 이런 걸로 해볼래	0	0	0	0	0	0	0	1
그럼 쟤는 어떻게 해	0	0	0	0	0	1	0	0
그럼 저 한 명 어떡해	0	0	0	0	0	1	0	0
그럼 저는 더 재밌고 유익한 영상으로 돌아오도록 하겠습니다	0	0	0	0	1	0	0	0
그럼 저는 바로 한 장 가져가시고 점수가 써있어요	0	0	0	0	0	0	0	1
그럼 전화받아	0	0	1	0	0	0	0	0
그럼 점프 두 번 뛰어야 될 것 같아	0	0	0	0	0	0	0	1
그럼 점프가 크게 돼	0	0	0	0	0	0	0	1
그럼 점프력 한 번 보자 점프기 꾹 눌러봐 안돼	0	0	0	0	0	1	0	0
그럼 제가 선배 맘에 어 내 친구 들어갔어	0	0	0	0	0	0	0	1
그럼 죽는데	0	0	1	0	0	0	0	0
그럼 책 좀 볼게요	0	0	1	0	0	0	0	0
그럼 태균이가 말해줘 한발 빼요 도원씨 오케이 뺐어요	0	0	0	0	0	0	1	0
그럼 피곤하시겠네요	0	0	0	0	0	1	0	0
그럼 한참 안 싸워도 돼 밀고 싶어 5번 밀어 5번 밀어 아 이러면 되네	0	0	0	0	0	0	0	1
그럼요 아	0	0	1	0	0	0	0	0
그렇게 그들은 행복한 겨울을 낳았답니다	0	0	1	0	0	0	0	0
그렇게 많이 안 밀려서 천천히 하면 돼	0	0	0	0	0	0	0	1
그렇게 말씀하시면 몸둘바를 모르겠	0	0	1	0	0	0	0	0
그렇게 못 뛰면 안 돼	0	0	0	0	0	1	0	0
그렇게 벗으면 어떻게 될 거냐고 물어봤지	0	0	0	0	0	1	0	0
그렇게 붙여 점프 그러면 딱 편하잖아	0	0	0	0	0	0	0	1
그렇게 생각 안 했다고요	0	0	1	0	0	0	0	0
그렇게 안 해도	0	0	0	0	0	0	0	1
그렇게 안해도 돼 6번 오셈	0	0	0	0	0	0	0	1
그렇게 야	0	0	1	0	0	0	0	0
그렇게 움직이면 내가 갇혀버리잖아	0	0	0	0	0	0	0	1
그렇게 주인공이 좋은데 어떻게 [유저] 로 활동했냐	0	0	0	0	0	1	0	0
그렇게 하면 뭐 쉬워	0	0	1	0	0	0	0	0
그렇게 해서 김치가 멀리 점프를 하면 되겠죠	0	0	0	0	0	0	0	1
그렇게까지 반응해주지마	0	0	0	0	0	0	0	1
그렇기 때문에 내가 한번 밟아볼게	0	0	0	0	0	0	0	1
그렇기는 해	0	0	0	0	0	0	0	1
그렇긴 해	0	0	0	0	0	0	0	1
그렇다고 해서 우리가 [유저] 네가 빨라	0	0	0	0	0	0	0	1
그렇습니다	0	0	1	0	0	0	0	0
그렇지 4 3 제발 1 1 4 역시 진짜 가 가 가자 가자 [유저] 가 뭐야	0	0	0	0	1	0	0	0
그렇지 [유저] 님이 움직여줘 그렇지 그렇지 자 다음 [유저] 마 아아악	0	0	0	0	1	0	0	0
그렇지 [유저] 형	0	0	0	0	0	0	1	0
그렇지 ok 하하 오킧 그래 왜 이렇게 힘드냐	0	0	0	0	0	0	1	0
그렇지 가만히 있어	0	0	0	0	0	0	1	0
그렇지 가만히 있어 가만히 있어	0	0	0	0	0	0	1	0
그렇지 가만히 있어 밀어 앞으로 밀어 다 밀어 그렇지 밀어 다 앞에 눌러야 돼	0	0	0	0	0	0	1	0
그렇지 가서 밟아봐봐	0	0	0	0	0	0	1	0
그렇지 갈게 갈게 바로 바로 바로 연호 반응할 준비 연호 반응할 준비 윤료랑 어 그치 그치 그치 야 여기서 지금 지금 지금 자 여기서 반응할 준비 바로 한 방에 한 방에 가 한 방에 가 슈우우우우우우우우우 자 1스테이지 가볍게 클리어했다	0	0	0	0	0	0	1	0
그렇지 개쩔었다	0	0	0	0	0	0	1	0
그렇지 거기 셋이 올라가면 되겠가	0	0	0	0	0	0	1	0
그렇지 거기로 들어가서 그렇	0	0	0	0	0	0	1	0
그렇지 굴러가	0	0	0	0	0	0	1	0
그렇지 그렇지	0	0	0	0	0	0	1	0
그렇지 그렇지 [유저] [유저] 보여줘 [유저] [유저] 고 [유저] [유저] 고 [유저] [유저] 고 [유저] [유저] 고 [유저] [유저] 고 [유저] [유저] 고 [유저] [유저] 고 이것이 바로 [유저] TV 음 한여름밤의 꿈 깜짝이야	0	0	0	0	0	0	1	0
그렇지 그렇지 [유저] 대가리 작아가지고 살았다 올라가 올라가 빨리가 빨리 들어가죠	0	0	0	0	0	0	1	0
그렇지 그렇지 가만히 있어줘 가만히 있으면 그것이 바로 신호 아니겠어	0	0	0	0	0	0	1	0
그렇지 그렇지 그렇지 그렇게 놔둬야지 고립당했다	0	0	0	0	0	0	1	0
그렇지 그렇지 그렇지 빨리 들어와 빨리 들어와 하하하하하하 자 3학년 2반 자 일단 뭐야	0	0	0	0	1	0	0	0
그렇지 그렇지 그렇지 아니 이 블럭 어 저러고 다주가 올라오는데 제가 올라가는 거 응 어서 와	0	0	0	0	0	0	1	0
그렇지 그렇지 그렇지 자 [유저] [유저] 와아 [유저] 3학년 3반 뭐야	0	0	0	0	1	0	0	0
그렇지 그렇지 그렇지 네게 으아아아아아악 이거 마지막에 W랑 S가 좀 중요하네요	0	0	0	0	1	0	0	0
그렇지 그렇지 그렇지 자 비켜주시고 비켜주시고 비켜주세요	0	0	0	0	0	0	1	0
그렇지 그렇지 그렇지 좋다 좋다	0	0	0	0	0	0	1	0
그렇지 그렇지 난 혼자 올라간다	0	0	0	0	0	0	1	0
그렇지 그렇지 도와줘	0	0	0	0	0	0	1	0
그렇지 그렇지 아 나잇지	0	0	0	0	0	0	1	0
그렇지 그렇지 애기 할 수 있어	0	0	0	0	0	0	1	0
그렇지 그렇지 어이구 잘한다	0	0	0	0	0	0	1	0
그렇지 그렇지 왜 이러는 거야	0	0	0	0	1	0	0	0
그렇지 그렇지 이렇게 해야겠네 그렇지 그렇지 그렇지 이렇게 하고 제가 여기 올라가서 다 밀어 이제 밀어 하나씩 조금씩 야	0	0	0	0	0	0	1	0
그렇지 그렇지 이리와	0	0	0	0	0	0	1	0
그렇지 그렇지 좋아	0	0	0	0	0	0	1	0
그렇지 그렇지 지금 열쇠 누구한테 있지	0	0	0	0	0	0	1	0
그렇지 끄덕끄덕해야지	0	0	0	0	0	0	1	0
그렇지 나 올려줘	0	0	0	0	0	0	1	0
그렇지 내가 처리하고 올게	0	0	0	0	0	0	1	0
그렇지 내려가 내려가 내려가고	0	0	0	0	0	0	1	0
그렇지 너무 쉽지않아 한 명씩 가니까	0	0	0	0	0	0	1	0
그렇지 넘어가	0	0	0	0	0	0	1	0
그렇지 다들 팀폭 좋았어	0	0	0	0	0	0	1	0
그렇지 더 밀어	0	0	0	0	0	0	1	0
그렇지 더 위로 올라가야지 그렇지 마라	0	0	0	0	0	0	1	0
그렇지 들어가 들어가 들어가 문 열어	0	0	0	0	0	0	1	0
그렇지 들어가보세요	0	0	0	0	0	0	1	0
그렇지 마라	0	0	0	0	0	0	1	0
그렇지 맴바	0	0	0	0	0	0	1	0
그렇지 멀리 뛰고	0	0	0	0	0	0	1	0
그렇지 밟아줘	0	0	0	0	0	0	1	0
그렇지 밟아줘 그렇지 올라가줘 그 다음 연유님 밟아내줘 그렇지 그렇지	0	0	0	0	0	0	1	0
그렇지 밟으면 아온이님이 나오고 어 얘 깔다 깔다	0	0	0	0	0	0	1	0
그렇지 세웠으	0	0	0	0	0	0	1	0
그렇지 손을 위로 뻗어 위로	0	0	0	0	0	0	1	0
그렇지 아기 왔다	0	0	0	0	0	0	1	0
그렇지 않을까	0	0	0	0	0	0	1	0
그렇지 애기 좋아	0	0	0	0	0	0	1	0
그렇지 엘베 타야지	0	0	0	0	0	0	1	0
그렇지 여기서	0	0	0	0	0	0	1	0
그렇지 열어 열어 열어	0	0	0	0	0	0	1	0
그렇지 올라가고 올라가고 내려가고 내려가고 왼쪽으로 내려가고 야 반응해야 돼	0	0	0	0	0	0	1	0
그렇지 와 달려 달려 야 이거 안되겠다 엎으면 안되겠다 잠깐만 아 엎으면 이거 내 손해네	0	0	0	0	0	0	1	0
그렇지 우리 두 명 다 떨어졌네	0	0	0	0	0	0	1	0
그렇지 위 위 위	0	0	0	0	0	0	1	0
그렇지 이건 내 거야	0	0	0	0	0	0	1	0
그렇지 이것이 꼭 날라가는 거잖아	0	0	0	0	0	0	1	0
그렇지 이제 느낌 왔지	0	0	0	0	0	0	1	0
그렇지 이제 말 안 해도 아는구만	0	0	0	0	0	0	1	0
그렇지 자 지금	0	0	0	0	0	0	1	0
그렇지 잘했다	0	0	0	0	0	0	1	0
그렇지 좋아	0	0	0	0	0	0	1	0
그렇지 좋아 잠깐잠깐잠깐 resembling pim abort 한번 더 점프 그렇지	0	0	0	0	0	0	1	0
그렇지 키를 가지고 가가가가가가가가가가 5 4 3 1 5 4 3 1 여기다 여기잖아	0	0	0	0	0	0	1	0
그렇지 태우고 하면 개편하네	0	0	0	0	0	0	1	0
그렇지 하나 건졌다	0	0	0	0	0	0	1	0
그렇지 한 번 더 하고 그렇지	0	0	0	0	0	0	1	0
그렇지말라고 이거다 가자 아니 가돈이가 개웃기네	0	0	0	0	0	0	1	0
그리 박아	0	0	1	0	0	0	0	0
그리고 [유저]	0	0	1	0	0	0	0	0
그리고 가 가 가 내려가 봐	0	0	0	0	0	0	0	1
그리고 그래	0	0	0	0	0	0	1	0
그리고 내가 밀어 그렇지 내가 내려가면 미입니다	0	0	0	0	0	0	1	0
그리고 네가 살아야 돼	0	0	0	0	0	0	0	1
그리고 노란색은 좀 거리 좀 맞춰주세요	0	0	1	0	0	0	0	0
그리고 다 지나가고 이거 나다 잠깐만 야 야 삼식아 너 어	0	0	0	0	0	0	0	1
그리고 또 해보고 싶었던 거 12번 이거 고고고 뭔가	0	0	0	0	0	0	0	1
그리고 루테가 먹고 루테가 먹고 후추가 선행이 뱉어 후추 선행이 뱉어 한 명씩 해야돼	0	0	0	0	0	0	0	1
그리고 맨 위에 점프	0	0	0	0	0	0	0	1
그리고 무빙을 조금씩 살살 천천히 하세요	0	0	0	0	0	0	0	1
그리고 반대로 가서 다시 어떻게 와 어 잠깐만 다시 어떻게 와 이거 선행올라와봐 선행올라와봐	0	0	0	0	0	1	0	0
그리고 안해	0	0	0	0	0	0	0	1
그리고 여기 파이프 또 있다	0	0	1	0	0	0	0	0
그리고 여기서 계단 만들어주고 나 쉽게 해주려고 한거네	0	0	0	0	0	0	0	1
그리고 올라가	0	0	0	0	0	0	0	1
그리고 우리 D의 의지 맨파 씨에게 박수 한 번 합시다	0	0	1	0	0	0	0	0
그리고 우리 카드 한 장씩 충전할게요	0	0	1	0	0	0	0	0
그리고 우리는 양옆에서 잘 찢어줘야 돼	0	0	1	0	0	0	0	0
그리고 위에서 내려오고 너 못와	0	0	0	0	0	0	0	1
그리고 이 박자요 조절 또 보겠다	0	0	1	0	0	0	0	0
그리고 이 선풍기 위에 6명 딱 올라가야 돼	0	0	0	0	0	0	0	1
그리고 이쪽으로 가면은 지금부터 올라가 있어	0	0	0	0	0	0	0	1
그리고 제대로 승부 너희들 진짜 웃긴 것이 [유저] 이가 승률 제일 높은 거 알아	0	0	0	0	0	0	0	1
그리고 중령이가 살짝만 오른쪽으로 가	0	0	0	0	0	0	0	1
그림 그림자 잠깐만 이거 이다 A W A S D 스페이스 이거밖에 없나	0	0	0	0	0	0	0	1
그만 가 빨간색	0	0	0	0	0	1	0	0
그만 밀어 그만 밀어 이상한데 이거 이상한데 길이 야 이거 이상해	0	0	0	0	0	1	0	0
그만 밀어야지 그만 밀어야지	0	0	0	0	0	1	0	0
그만 비슷함	0	0	0	0	0	1	0	0
그만해 방금	0	0	0	0	0	1	0	0
그분 왜 걸렸어	0	0	1	0	0	0	0	0
그분들 안 믿고 그분들 안 믿고	0	0	1	0	0	0	0	0
그전에 할게	0	0	1	0	0	0	0	0
그쵸 네 명이서 한 적은 없어요	0	0	1	0	0	0	0	0
그치 2번 7번 가쌤 그렇지 그렇지 이때 가는거야	0	0	0	0	0	0	1	0
그치 [유저] 바 먹어봐 얌얌얌얌 오케이 늘어났어	0	0	0	0	0	0	1	0
그치 그 다음에 내가 발을	0	0	0	0	0	0	1	0
그치 그치	0	0	0	0	0	0	1	0
그치 그치 그치	0	0	0	0	0	0	1	0
그치 그치 그치 그거지	0	0	0	0	0	0	1	0
그치 그치 그치 버스 버스 버스 계단형식 잠깐만 천천히 천천히 잠깐만 이거 선행이가 선행이가 해줘	0	0	0	0	0	0	1	0
그치 와 이거 미쳤다	1	0	0	0	0	0	0	0
그치 천천히 천천히 몸만 접어봐 살짝 그렇지	0	0	0	0	0	0	1	0
그치 흰색 흰색 흰색일 수도 있으니까	0	0	0	0	0	0	1	0
그치만 간다 간다 이렇게라도 하지 않으면 내려와 내려와 내려와 잠시만요 양탱이 지금 어떻게 되냐	0	0	0	0	0	1	0	0
극장 극장	0	0	1	0	0	0	0	0
근데 6번 어떻게 그렇지	0	0	0	0	0	1	0	0
근데 8번 정찰병	0	0	1	0	0	0	0	0
근데 [유저] 이는 네가 카드가 이것이 있으면 있다고 얘기해도 되고 없다고 얘기해도 돼	0	0	0	0	0	0	0	1
근데 가재가 뭐 이걸로 의사소통을 한다고	0	0	0	0	0	0	0	1
근데 그거 제목 QWER가 아니라 WASD 오늘 해볼 게임은 QWER [유저] 의 모험이란 게임입니다	0	0	0	0	0	0	0	1
근데 그냥 뭘 비킬 사람이 없잖아	0	0	1	0	0	0	0	0
근데 그러면 내 위치 확인 안했어	0	0	1	0	0	0	0	0
근데 그럼 또 눌렀어야지	0	0	1	0	0	0	0	0
근데 나 도는 중 근데 이거 한 명이면 안 되는 거 같아 동시에 들어오면 가야 되나 본데	0	0	0	0	0	0	0	1
근데 나 이거 못할 것 같은데 거리가 열색 열색 좀 가 봐	0	0	0	0	0	0	0	1
근데 나 지금 엄청 버벅여	0	0	1	0	0	0	0	0
근데 나가야 되는 거 아니야	0	0	0	0	0	0	0	1
근데 나는 내려오세요	0	0	0	0	0	0	0	1
근데 나도 [유저] 아래 동양이네	0	0	1	0	0	0	0	0
근데 내가 너무 히트를 많이 줬다	0	0	0	0	0	0	0	1
근데 내가 만약에 너 정답이지 하고 했는데 거짓말이야	0	0	0	0	0	0	0	1
근데 내가 봤을 때 여기 초반만 칼출하고 체크포인트 먹으면 쉬울 것 같아	0	0	0	0	0	0	0	1
근데 너 반응했는데 이것이 안 움직여 따닥해야 돼	0	0	0	0	0	0	0	1
근데 누웠을 때 과연 이걸 생각 안하고 잘 수 있겠습니까	0	0	1	0	0	0	0	0
근데 다 괜찮은데 이제 보니까	0	0	1	0	0	0	0	0
근데 다음 촬영 때는 진짜 쓰고 싶지 않아	0	0	1	0	0	0	0	0
근데 도깨야 그냥 뒤지는 거 재미없으니까	1	0	0	0	0	0	0	0
근데 둘이 비슷해 그 빌딩이라고 그러고 건물이니까 이꽁 싸네	0	0	0	0	0	0	0	1
근데 말이 다 안되는거야	0	0	1	0	0	0	0	0
근데 망령처럼 데리고 다니는 것이 더 좋을 수도 있노	0	0	1	0	0	0	0	0
근데 맞는데 지금 [유저] 가 계속 움직이잖아	0	0	0	0	0	0	0	1
근데 맨 밑에 그걸 밀어주면은 저기 거 다 저거	0	0	0	0	0	0	0	1
근데 몇 명은 멈추면 앞에 4명만 빨리 넘어가고 4명 가면 됨	0	0	0	0	0	0	0	1
근데 못탈	0	0	1	0	0	0	0	0
근데 뭐 해야 돼	0	0	0	0	0	0	0	1
근데 뭐지	0	0	1	0	0	0	0	0
근데 뭐하는거야	0	0	1	0	0	0	0	0
근데 밀려면 후추가 안 돼 안된다 안된다 조금 밀고 해야지	0	0	0	0	0	1	0	0
근데 밟고 터진 상태에서 들어올 수가 있어요	0	0	0	0	0	0	0	1
근데 밟아보고 싶긴 하지 않아	0	0	1	0	0	0	0	0
근데 배고픈 것이 안 없어져서 코코넛 좀 깰 터니까 좀 잘 받아줄래요	0	0	1	0	0	0	0	0
근데 버섯 먹으면 위험한데	0	0	1	0	0	0	0	0
근데 비행기를 같이 타고와야 들어오는거 아니야	0	0	0	0	0	0	0	1
근데 사실 [유저] 입니다	0	0	1	0	0	0	0	0
근데 상식이가 이거 아니라 했거든	0	0	0	0	0	0	0	1
근데 색깔도 사람들이 또 색깔에 또 민감하실 수도 있으니까 [유저] 가 안 보이나	0	0	0	0	0	0	0	1
근데 시간도 돼요	0	0	1	0	0	0	0	0
근데 아예 어떻게 버려요	0	0	0	0	0	1	0	0
근데 아직 나랑 하나 있어	0	0	1	0	0	0	0	0
근데 안되지 않아	0	0	1	0	0	0	0	0
근데 앞에 저 오빠 있어야 돼 못해서	0	0	0	1	0	0	0	0
근데 앞으로 가면서 이렇게 하면 될 거 같긴 한데 오케이 오케이 너 딱이했어	0	0	0	0	0	0	1	0
근데 얘랑은 뭘 같이 뭐 사업을 하거나 뭐 이러면 안 될 거 같은 친구	0	0	0	0	0	0	0	1
근데 어 또 온다	0	0	1	0	0	0	0	0
근데 어떻게 갔어	0	0	0	0	0	1	0	0
근데 어떻게 아 나도 맞았어	0	0	0	0	0	1	0	0
근데 어차피 아이고 아이고 하나를 살려 하나를 살려 하나 열쇠로 가면 돼	0	0	0	0	0	1	0	0
근데 여기 개차는 사람이 무조건 뒤에일 수밖에 없어가지고 어쩔 수 없어	0	0	0	0	0	0	0	1
근데 여기 앞에 바로 덩굴 있음	0	0	1	0	0	0	0	0
근데 여기 한 바퀴 왜 돌았지	0	0	1	0	0	0	0	0
근데 여기까지 와야 한다고 근데 이제 연예인 다 됐어	0	0	0	0	0	0	0	1
근데 여기서 만약에 너 카드가 없어	0	0	0	0	0	0	0	1
근데 열려있었고 아 그러면은 좀 considerations 하는거인가	0	0	0	0	0	0	0	1
근데 왜 W님한테만 착한 말 안 해줘요	0	0	0	0	0	0	0	1
근데 왜 굳이 쌓고 올라가는 거야	0	0	0	0	0	0	0	1
근데 왜 사람들이 안들어오죠	0	0	1	0	0	0	0	0
근데 왜 저도 그 귀속에 있는데	0	0	1	0	0	0	0	0
근데 요즘 성인 ADHD 없는 사람 없다던데	0	0	1	0	0	0	0	0
근데 욕의 상처는 너 혼자 다 먹을 거야	0	0	1	0	0	0	0	0
근데 우리 123번이나 죽었어	0	0	0	0	0	1	0	0
근데 우리 각변에 어디갔어	0	0	1	0	0	0	0	0
근데 우리 다같이 저기 위에 보여	0	0	0	0	0	0	0	1
근데 우리가 해법을 알았기 때문에 괜찮습니다	0	0	0	0	0	0	0	1
근데 우리가 협동을 개나 저버렸기 때문에 오늘 또 사이가 안 좋아지지 않을까	0	0	0	0	0	0	1	0
근데 우리도 밀리지않아 민기도 밀려 아니 근데 결국에 나도 밀리지않아 이거 봐봐 봐봐	0	0	0	0	0	0	0	1
근데 우린 그런 가식 야 혼자 죽어	1	0	0	0	0	0	0	0
근데 우린 어쩌지	0	0	1	0	0	0	0	0
근데 원래 한국인은 3세판이긴 한데	0	0	1	0	0	0	0	0
근데 이 보라색 이 사람이 말을 안 해가지고 근데 착한 사람이거든요	0	0	0	0	0	0	0	1
근데 이 새끼 뭐 찾는 거인데 이거	1	0	0	0	0	0	0	0
근데 이 이야기 왜 잊어놓은 거야	0	0	1	0	0	0	0	0
근데 이거	0	0	1	0	0	0	0	0
근데 이거 [유저] 간 사이에 말하는 거인데 진짜 A가 할 것이 없어	0	0	0	0	0	0	0	1
근데 이거 어떻게 하는 거야	0	0	0	0	0	1	0	0
근데 이거 어차피 팀 또 랜덤이라 바뀌어 있을까	0	0	1	0	0	0	0	0
근데 이거 왜 자꾸 죽는 거야	0	0	1	0	0	0	0	0
근데 이거 왜 해요	0	0	0	0	0	0	0	1
근데 이거 진짜 뭐 어떻게 뭘 해야되지	0	0	0	0	0	1	0	0
근데 이거 하면 뭐가 되는 거야	0	0	0	0	0	0	0	1
근데 이거 한 번 박으면 못 빼나 보다	0	0	1	0	0	0	0	0
근데 이거 한번 떨어뜨리면 안 생기나	0	0	1	0	0	0	0	0
근데 이거 협동으로 올라가는 게임인데 이거 잡아주고 끌어주고인데 이거 사람 왜 안들어오냐	0	0	0	0	0	0	0	1
근데 이거는 실력이 아니에요	0	0	1	0	0	0	0	0
근데 이건	0	0	1	0	0	0	0	0
근데 이걸 업혀간다면	0	0	1	0	0	0	0	0
근데 이것이 운도 중요한것이 아 하지마 하지마	0	0	1	0	0	0	0	0
근데 이러면 어떻게 할 거인데	0	0	0	0	0	1	0	0
근데 이렇게 되면 무조건 폭발이라 그냥 돌아가는	0	0	0	0	0	0	0	1
근데 이제 안 걸릴 때 됐어	0	0	1	0	0	0	0	0
근데 인간적으로 너무 별로잖아	0	0	1	0	0	0	0	0
근데 자꾸 그런 식으로 뭐라 하는 사람 나쁜 사람 만드는 멘트 하지 마라	0	0	1	0	0	0	0	0
근데 자꾸 그런 식으로 뭐라하는사람 나쁜사람 만드는 멘트 하지마라 다 니잘못이니까 개잘못이니까 아니 내가 인증을 해도 지랄하고 인증안해도 존나 빡빡 웃는다고 지랄하고 씨발 이시라고할 잘해	1	0	0	0	0	0	0	0
근데 잡았다	0	0	1	0	0	0	0	0
근데 쟤 하고 싶은 거 해주기 싫어	0	0	0	0	0	0	0	1
근데 쟤를 좀 더 땡겨야 돼	0	0	1	0	0	0	0	0
근데 저 로프가 있는데 아 네네	0	0	0	0	0	0	0	1
근데 저기 가서 하나 더 먹어야 되니까 어떡하냐 우리	0	0	0	0	0	0	0	1
근데 저러면 안 누를 수 없잖아	0	0	1	0	0	0	0	0
근데 적당히 못해요	0	0	0	1	0	0	0	0
근데 제가 미사일만 막을게요	0	0	0	0	0	0	0	1
근데 제가 살았군요	0	0	0	0	0	0	0	1
근데 좋아 우리 테두리 잘 되고 있어	0	0	0	0	0	0	1	0
근데 죽는거인가	0	0	0	0	0	0	0	1
근데 지금 우리가 2라운드까지 했는데 위아래가 조금 일을 안 하고 있는 것 같아	0	0	0	0	0	0	0	1
근데 지금 이거 1라운드도 3시간 걸리니까 가봤어	0	0	0	0	0	0	0	1
근데 진짜	0	0	1	0	0	0	0	0
근데 진짜 양보 좀 해라	0	0	0	0	0	0	0	1
근데 체력이 너무 낮아서 네 오 예	0	0	1	0	0	0	0	0
근데 체력이 얼마 없긴 하다	0	0	1	0	0	0	0	0
근데 코 꽈	0	0	1	0	0	0	0	0
근데 폭탄 뭐야	0	0	0	0	1	0	0	0
근데 한 명 어디 갔지	0	0	1	0	0	0	0	0
근데 한 번에 동시에 너무 같이 올라가다가 한 명 미끄러지면 다 같이 미끄러져 버리니까 좀 조심조심 어 가보세요	0	0	0	0	0	0	0	1
근데 확률이 15밖에 안 돼 속에 이거	0	0	0	0	0	1	0	0
금방 간다 보여주자 뒤에서 누가 멈추고 이러면 안돼	0	0	0	0	0	1	0	0
금방 간다 할 수 있다 할 수 있다	0	0	1	0	0	0	0	0
금방 다시 돌아오거든	0	0	0	0	1	0	0	0
금방 봐야 한대	0	0	0	0	0	0	0	1
급하게 밀지 말고	0	0	1	0	0	0	0	0
급한 거 아니다	0	0	1	0	0	0	0	0
기 받는다 말이야	0	0	1	0	0	0	0	0
기능돼서 기모찌	0	0	1	0	0	0	0	0
기다려 기다려	0	0	0	0	0	0	0	1
기다려 기다려 이렇게	0	0	0	0	0	0	0	1
기다려 하나는 화가 나지 않아	0	0	0	0	0	0	0	1
기다려볼까	0	0	0	0	0	0	0	1
기다려봐 기다려봐	0	0	0	0	0	0	0	1
기다려봐 기다려봐 많이 있는거 같은데요	0	0	0	0	0	0	0	1
기다려봐 기다리면 다시 나오나봐	0	0	0	0	0	0	0	1
기다려봐 내가 여기서 해줄게	0	0	0	0	0	0	0	1
기다려봐 올라가서 왼쪽으로 떨어져보자	0	0	0	0	0	0	0	1
기다리겠습니다	0	0	1	0	0	0	0	0
기다리고 그렇지	0	0	0	0	0	0	1	0
기다리고 밟고 올라가고	0	0	0	0	0	0	0	1
기다리라고	0	0	1	0	0	0	0	0
기댕돌 아악 안 돼	0	0	0	0	1	0	0	0
기력이 별로 없어	0	0	1	0	0	0	0	0
기력이 없다	0	0	1	0	0	0	0	0
기분 좋네	0	0	0	0	0	0	1	0
기상어 [유저] 아 낀 거 같아 기상어 [유저] 아 나 나 자꾸 위에 이상한 초록색 덩어리가 나 공격하려고 그래	0	0	0	0	0	0	1	0
기억해야 돼	0	0	0	0	0	0	0	1
기우자 멈춰 멈춰	0	0	0	0	0	0	0	1
기우자 잘 가	0	0	0	0	0	0	0	1
기절 했어	0	0	1	0	0	0	0	0
기절시켜 토끼 던지고 올게 어 던지고와 던지고와 내가 상어 맞출것이 [유저] 디노가 나갔다 [유저] 가 나갔다	0	0	0	0	0	0	0	1
기차 선로길에 있는 거 맞춰봅니다	0	0	1	0	0	0	0	0
기판 다 굿	0	0	0	0	0	0	1	0
긴장을 놓지 말라고	0	0	1	0	0	0	0	0
길찾기 [유저] ᆯ 올바른 출구로 향하는 선을 따라가세요	0	0	0	0	0	0	0	1
김아 불양 간다 하나 둘 셋 대장 좀 빨리 해요	0	0	0	0	0	0	0	1
김은탁씨가	0	0	0	0	0	0	0	1
김치 4개는 윤료 4명	0	0	1	0	0	0	0	0
김치 [유저] 마 윤녀 이나 세 명	0	0	1	0	0	0	0	0
김치 넘어가 그랬제 그 다음에 연호님이랑 달라붙기 싫어요	0	0	0	0	0	0	0	1
김치 레게돈 죽었다	0	0	0	0	0	1	0	0
김치 오른쪽으로 가지고 김치 오른쪽으로 가지고 어 가만히 있어 가만히 있어 벌려 벌려	0	0	0	0	0	0	0	1
김치가 나가는것이 맞아	0	0	0	0	0	0	1	0
김치님 총각김치요	0	0	1	0	0	0	0	0
김치입니다	0	0	1	0	0	0	0	0
깁스 안 했기만 해	0	0	0	0	0	0	0	1
깁스하고 했다고	0	0	1	0	0	0	0	0
까 까먹었네	0	0	1	0	0	0	0	0
까까까까까	0	0	1	0	0	0	0	0
까떡에 때리고 들어갔는데	0	0	1	0	0	0	0	0
까먹고 있었다	0	0	1	0	0	0	0	0
까비 꼈겠냐	0	0	1	0	0	0	0	0
까비 왜 이렇게 잘해 저희 여기 한몸이에요	0	0	0	0	0	0	1	0
까비까비 간다 까깍 휴먼 폴플레 빨리 하고싶다 용인	0	0	0	0	0	1	0	0
깔깔깔깔깔 아 웃은 거예요	0	0	1	0	0	0	0	0
깔깔깔깔깔깔 깔깔깔깔깔깔 이거 한 번 깔짝 해야 될 때	0	0	0	0	0	0	0	1
깔끔해 굿 어 오 좋아 좋아 좋아 들어가 들어가 들어가 오케이 움직여라 로보 위로 가야지 위로 가야지	0	0	0	0	0	0	1	0
깔끔해 깔끔해	0	0	0	0	0	0	0	1
깔끔해 슬무스하다 그냥 쭉 바로 가면 될 듯	0	0	0	0	0	0	0	1
깔짝 깔짝	0	0	1	0	0	0	0	0
깔짝 깔짝 깔짝 한 번 더	0	0	1	0	0	0	0	0
깔짝 아이 가자 쉽지 않네	0	0	0	0	0	0	0	1
깔짝 하고 좋았습니다	0	0	1	0	0	0	0	0
깔짝 한 번 이거 아 늦었어요	0	0	1	0	0	0	0	0
깔짝 해야 될 때 지금	0	0	0	0	0	0	0	1
깔짝깔짝 한두번씩만 하면 돼	0	0	1	0	0	0	0	0
깜빡이 있어 지나갑니다	0	0	1	0	0	0	0	0
깜짝 놀랐어	0	0	1	0	0	0	0	0
깝치지 마	0	0	1	0	0	0	0	0
깝치지 말고 올라와	0	0	0	0	0	0	0	1
깡이 좋아졌어	0	0	0	0	0	0	1	0
깨보자 여러분들이 좋아요를 2만개 이상 눌러주시면 또 하겠습니다	0	0	0	0	0	0	1	0
깨야될거 아니야	0	0	1	0	0	0	0	0
깨우면 안돼	0	0	0	0	0	1	0	0
깨우지마 깨우지마	0	0	1	0	0	0	0	0
깨자 바로 가자 바로 바로 아아아아	0	0	0	0	1	0	0	0
깨져야 돼서 바로 잠깐만 이쪽으로 던져야겠다	0	0	0	0	0	0	0	1
깨졌는데 한 번 더 해야 돼요	0	0	0	0	0	0	0	1
깬 거 아니야	0	0	1	0	0	0	0	0
꺼 위에서 끌고 오면 어떡하나 다시 다시 올라올라올라 한명 어 오케이 4번 위에 한명 더있어요	0	0	0	0	0	0	1	0
꺼져 꺼져 꺼져 다 꺼져	1	0	0	0	0	0	0	0
꺼져 좋다 좋다 좋다	1	0	0	0	0	0	0	0
꺾어서 유턴하면 되는거고 알겠습니다	0	0	0	0	0	0	0	1
껌모참기 이나 재밌게 해주세요	0	0	0	0	0	0	0	1
꼬리 지점이 어디죠	0	0	1	0	0	0	0	0
꼬여도 돼요	0	0	1	0	0	0	0	0
꼬였다 꼬였다 꼬였다	0	0	1	0	0	0	0	0
꼬이면 안 된다	0	0	1	0	0	0	0	0
꼬잡아 꼬잡아 꼬잡아 이거 정교하게 잡아야 될 거 같아	0	0	1	0	0	0	0	0
꼭 붙잡고 있을게	0	0	1	0	0	0	0	0
꼭 잡고 있어	0	0	1	0	0	0	0	0
꼭 저렇게 까붙는 친구들이 있단 말이야	0	0	1	0	0	0	0	0
꼭대기에 가요	0	0	0	0	0	0	0	1
꼴찌 누구야	0	0	1	0	0	0	0	0
꼴찌 누구죠	0	0	1	0	0	0	0	0
꼼수 있어	0	0	1	0	0	0	0	0
꽃게 여권 그래서 걸어가야죠	0	0	0	0	0	0	1	0
꽃올라온거 다음꺼 안사라지겠지	0	0	1	0	0	0	0	0
꽃은 뭐야	0	0	0	0	1	0	0	0
꽃을 거기다 왜 거꾸로 했어	0	0	1	0	0	0	0	0
꽃이 주먹으로 때리네	0	0	1	0	0	0	0	0
꽃이 주먹으로 때립니다	0	0	1	0	0	0	0	0
꽃이 주먹으로 때립니다 이거	0	0	1	0	0	0	0	0
꽉 잡고있어	0	0	1	0	0	0	0	0
꾹 누르고 있으면 가만히 있을것이 눈꽃이 오 [유저] 빨라 빨라 빨라	0	0	0	0	0	0	0	1
꾹 누르면 점플력이 높아요	0	0	1	0	0	0	0	0
꾹 눌러도 되는거같아 꾹 눌러도 루테오빠가 움직이면 되니까 점프 점프 점프 해야 돼	0	0	0	0	0	0	0	1
꾹 이거 누가 지금 깔닥깔닥거리는데 이거 누구야	0	0	0	0	0	0	0	1
꿀 발라놔가지고 지금 애들 아무것도 못하고 있습니다	0	0	0	0	0	0	0	1
꿀 발라놨어	0	0	1	0	0	0	0	0
꿀길이다 꿀길	0	0	1	0	0	0	0	0
꿈트리 아닌데 에에에에에에에에에에에에에에에에에에에에에에 꿈트리 가야 할	0	0	0	0	0	0	0	1
끌꿀쉬 개로우 끌꿀쉬 개로우 난 언제해	0	0	0	0	0	0	0	1
끌어 끌어	0	0	1	0	0	0	0	0
끌어 끌어 끌어 더 끌어 더 끌어 더 끌어	0	0	1	0	0	0	0	0
끌어올려줘	0	0	1	0	0	0	0	0
끌어줘 됐다	0	0	1	0	0	0	0	0
끔찍하구만 나 8명 할 수 없는데 혼자 이 정도 할 수 있지않아 끔찍해 멈췄다	0	0	0	0	0	0	0	1
끝 감사합니다	0	0	0	0	0	0	1	0
끝 끝 끝	0	0	1	0	0	0	0	0
끝 끝났다	0	0	0	0	0	1	0	0
끝 잔머리 덕에 살았다	0	0	0	0	0	0	1	0
끝까지 가 끝까지 가	0	0	0	0	0	0	0	1
끝까지 가자 정원아	0	0	0	0	0	0	0	1
끝까지 끝까지	0	0	1	0	0	0	0	0
끝까지 밀면 안되는데 이거 아니 팔벌이 다시 올라가야되는데 4번 4번 아 이거 이거 3번 3번 올라와 4번 5번은 그냥 내려가 5번 오른쪽은 내려가 3번 왼쪽 3번 왼쪽 1번은 점프해줘 1번은 점프해주고 5번은 내려가	0	0	0	0	0	0	0	1
끝까지 방심하지 마	0	0	1	0	0	0	0	0
끝까지 아무 말씀 안 하셨다	0	0	1	0	0	0	0	0
끝난 거 같은데	0	0	1	0	0	0	0	0
끝에 딱 붙여 점프 좋아	0	0	0	0	0	0	1	0
끝에 서있는거야	0	0	1	0	0	0	0	0
끝에서 얘들아 그렇지 좋았어	0	0	0	0	0	0	1	0
끝으로 가면 속	0	0	0	0	0	0	0	1
끝이다 끝이다	0	0	1	0	0	0	0	0
끝판 아니었어	0	0	1	0	0	0	0	0
나 06년생인데 뭐 뭐 뭐 06년생 뭐 아니 그냥 코가 왜 묻냐고하길래 그냥 대답해 드린 거야	0	0	0	0	0	0	0	1
나 0이야	0	0	1	0	0	0	0	0
나 11등이야	0	0	1	0	0	0	0	0
나 2학년 3반인데	0	0	1	0	0	0	0	0
나 38이에요	0	0	1	0	0	0	0	0
나 S W 이런 식으로	0	0	1	0	0	0	0	0
나 S 이나 [유저] 큰일 났다	0	0	0	0	0	1	0	0
나 W 그렇지	0	0	0	0	0	0	1	0
나 [유저] 끝까지 해보는 거 처음인데 그러네	0	0	0	0	0	0	0	1
나 [유저] 나쁜편 아 큰일났다	0	0	0	0	0	1	0	0
나 [유저] 아니라고 이 자식아	0	0	1	0	0	0	0	0
나 [유저] 우 할게	0	0	1	0	0	0	0	0
나 bastante 많이 여러정이 감사합니다	0	0	0	0	0	0	1	0
나 가능성을 봤어	0	0	0	0	0	0	0	1
나 가만히 있어볼게 너 해봐	0	0	0	0	0	0	0	1
나 가만히 있었는데	0	0	0	0	0	0	0	1
나 가야 돼	0	0	0	0	0	0	0	1
나 간다 눈꽃 축적 가자	0	0	0	0	0	0	0	1
나 갇혔다	0	0	1	0	0	0	0	0
나 갇혔잖아	0	0	1	0	0	0	0	0
나 감상했어	0	0	1	0	0	0	0	0
나 갔는데	0	0	1	0	0	0	0	0
나 같으면 거기 절대 안 해	0	0	0	0	0	0	0	1
나 거짓말 안 해	0	0	0	0	0	0	0	1
나 결사의 의지로 지금 딱 여기 있어	0	0	1	0	0	0	0	0
나 계단 닫는 중 오 잘한다 잘한다	0	0	0	0	0	0	1	0
나 공대장이신	0	0	1	0	0	0	0	0
나 궁 보고 있었어	0	0	1	0	0	0	0	0
나 궁금한거 있는데 이거 업데이트해서 안해주겠지	0	0	0	0	0	0	0	1
나 그 이즈를 아 뭐야	0	0	0	0	1	0	0	0
나 그거 듣느라 마우스를 집어던졌듯이 나 그거 어떻게든 나 진쟁이 들을래다가 놓쳤잖아요	0	0	0	0	0	1	0	0
나 그냥 너 도구로 이용한다	0	0	1	0	0	0	0	0
나 그냥 막아버렸는데	0	0	1	0	0	0	0	0
나 그냥 여기있어서 해	0	0	0	0	0	0	0	1
나 그럼 여기다 세워놓고 나 라면 끓여 먹을게	0	0	1	0	0	0	0	0
나 그만하자 부상자 발생 부상자 발생 누가 아픈데 누구 아픈데 눈물이 너무나 지금 위로 가면 좋은데 지금 위로 가면 좋은데 조심해 위에 있어 밑에야 밑에야 다음 밑에 두 분은 열쇠가 뭐야	0	0	0	0	1	0	0	0
나 근데 8초인데	0	0	1	0	0	0	0	0
나 기쁘지 않아 기쁘지 않아 짧았다	0	0	1	0	0	0	0	0
나 긴장돼 나 긴장될지도 나 약간 긴장될지도 굿 아 좋다 좋다	0	0	0	0	0	0	1	0
나 깁스하고 있지만 열심히 했어	0	0	1	0	0	0	0	0
나 꼈는데	0	0	1	0	0	0	0	0
나 꼬였어	0	0	1	0	0	0	0	0
나 나 나 가자	0	0	0	0	0	0	0	1
나 나 나 맞으면 안 돼요	0	0	0	0	0	1	0	0
나 나 나 누나가 아래에 있어봐	0	0	0	0	0	0	0	1
나 나 많이 죽였어	0	0	1	0	0	0	0	0
나 나 이 새끼들 혼내줄게	1	0	0	0	0	0	0	0
나 나가지 않아	0	0	0	0	0	0	0	1
나 나오는 순간 각오해	0	0	0	0	0	0	0	1
나 날라차기 깨달았어	0	0	1	0	0	0	0	0
나 남자니까 알았어	0	0	1	0	0	0	0	0
나 내 캐릭이 안보이더라	0	0	1	0	0	0	0	0
나 너무 느리다	0	0	1	0	0	0	0	0
나 너무 무서워	0	0	1	0	0	0	0	0
나 너무 웃겨	0	0	1	0	0	0	0	0
나 너무 좌절감이 느껴져 지금 다 성공할 수는 없지않아 가끔 실패도 해야지	0	0	0	0	0	0	1	0
나 놓았어 놨어	0	0	1	0	0	0	0	0
나 누가 내 거 움직이는데	0	0	0	0	0	0	0	1
나 누가 먹었는데	0	0	0	0	0	0	0	1
나 누구랑 팀인데	0	0	1	0	0	0	0	0
나 눈 감고 있으니까 말해줘 하나 둘 셋 아 진짜 아니야	0	0	0	0	1	0	0	0
나 다리가 꼈어	0	0	0	0	0	0	0	1
나 다리해줄게	0	0	0	0	0	0	0	1
나 단 한 줄도 채운 것이 없다	0	0	1	0	0	0	0	0
나 대야말로 보여	0	0	1	0	0	0	0	0
나 던져줘	0	0	1	0	0	0	0	0
나 도망갔어	0	0	1	0	0	0	0	0
나 도와준거야	0	0	0	0	0	0	0	1
나 독 걸렸어	0	0	1	0	0	0	0	0
나 돌아버리겠네	0	0	1	0	0	0	0	0
나 뒤에서 밀어줄게	0	0	0	0	0	0	0	1
나 뒤페이지도 있냐	0	0	1	0	0	0	0	0
나 들린다	0	0	1	0	0	0	0	0
나 들어갔다	0	0	1	0	0	0	0	0
나 들지 말라고 오케이 컷 야 구해줄게 팔꿈치 [유저] 컷 아 이거 누구도 안 죽었어	0	0	0	0	0	1	0	0
나 따라와	0	0	0	0	0	0	0	1
나 때는 이리로 갔어	0	0	1	0	0	0	0	0
나 때문에 버그 걸렸잖아	0	0	1	0	0	0	0	0
나 땡겨 줘	0	0	1	0	0	0	0	0
나 또 깨져	0	0	1	0	0	0	0	0
나 또 살짝 심장떨렸어	0	0	1	0	0	0	0	0
나 또 엎어줘	0	0	1	0	0	0	0	0
나 뚫어졌어	0	0	1	0	0	0	0	0
나 렉걸려	0	0	1	0	0	0	0	0
나 마지막 갈래 이야	0	0	1	0	0	0	0	0
나 맞았는데	0	0	1	0	0	0	0	0
나 맞추는 거 거짓	0	0	1	0	0	0	0	0
나 맨 뒤에 할게	0	0	1	0	0	0	0	0
나 맨 오른쪽이 어 난 찾았다	0	0	1	0	0	0	0	0
나 머리 아파 누가 앞으로 가는 키를 안 눌렀었나봐	0	0	0	0	0	0	0	1
나 머리가 됐었네	0	0	0	0	0	0	0	1
나 먹어 왼쪽부터 해 왼쪽부터 위에 꺼 위에 꺼 계단 계단 왼쪽 왼쪽 4번 4번 4번 자지마	1	0	0	0	0	0	0	0
나 먹어줘	0	0	1	0	0	0	0	0
나 먹었다	0	0	1	0	0	0	0	0
나 먹으면 안돼	0	0	0	0	0	1	0	0
나 먼저 가도 돼	0	0	0	0	0	0	0	1
나 먼저 가야 돼	0	0	0	0	0	0	0	1
나 먼저 갈게	0	0	1	0	0	0	0	0
나 먼저 지금 빨리 안 가면 아 그거 그렇게 하는 거 아닌데 우리 이거 하지 말까	0	0	0	0	0	0	0	1
나 멈추자	0	0	1	0	0	0	0	0
나 멈추자 일단 멈추자	0	0	1	0	0	0	0	0
나 멈춤 나 멈춤 나 멈춤 확인 나 멈춤 확인 자 게임 멈춤 하나 둘 음	0	0	1	0	0	0	0	0
나 멍때림 됐나	0	0	1	0	0	0	0	0
나 몇 등이야	0	0	1	0	0	0	0	0
나 모르겠는데 어떻게 하는 거야	0	0	0	0	0	1	0	0
나 모르겠어	0	0	1	0	0	0	0	0
나 모자 생겼어	0	0	1	0	0	0	0	0
나 몰라요	0	0	1	0	0	0	0	0
나 몰랐다니	0	0	1	0	0	0	0	0
나 못 앉힌다	0	0	1	0	0	0	0	0
나 못 지나간다	0	0	1	0	0	0	0	0
나 무기 가지러 가려고하는데 안되네	0	0	0	0	0	0	0	1
나 무서워 던질까 말까 가	0	0	0	0	0	0	0	1
나 무서워 안 될 거 같아 잠깐 무서워	0	0	0	0	0	0	0	1
나 뭐 밟았나	0	0	1	0	0	0	0	0
나 뭐를 누르라는거야	0	0	1	0	0	0	0	0
나 뭐에 찔렸지	0	0	1	0	0	0	0	0
나 뭐하는 거야	0	0	1	0	0	0	0	0
나 미끼 할 거인데	0	0	1	0	0	0	0	0
나 미치겠어	0	0	0	0	1	0	0	0
나 믿고 한 번만 같이 가자	0	0	0	0	0	0	0	1
나 믿어요	0	0	1	0	0	0	0	0
나 밑에 있어	0	0	1	0	0	0	0	0
나 바로 해	0	0	0	0	0	0	0	1
나 박치거든	0	0	1	0	0	0	0	0
나 발판 좀 해줘	0	0	0	0	0	0	0	1
나 방금 연호님이 말하지 않았는데 느낌이 왔어	0	0	1	0	0	0	0	0
나 버튼 몰라	0	0	1	0	0	0	0	0
나 번개가 없어	0	0	0	0	0	0	0	1
나 번개가 없어 진짜로	0	0	0	0	1	0	0	0
나 보고 있어	0	0	1	0	0	0	0	0
나 보고있어	0	0	1	0	0	0	0	0
나 보고있어 보고있어	0	0	1	0	0	0	0	0
나 보고있어 종종 올라와 유령을 한 바퀴 돌려야되나봐	0	0	0	0	0	0	0	1
나 보고있을것이 아니 내가 한번 죽으면 왜 이렇게 죽을듯이 달려들어	0	0	0	0	0	0	0	1
나 보는 중 나 보는 중 오른쪽 오른쪽 야 오른쪽 봐야 돼	0	0	0	0	0	0	0	1
나 보는중이야	0	0	1	0	0	0	0	0
나 불고기 맞추기 싫은데	0	0	1	0	0	0	0	0
나 불꽃다구	0	0	1	0	0	0	0	0
나 빨간색 봤어	0	0	1	0	0	0	0	0
나 빨리해	0	0	0	0	0	0	0	1
나 빼고 웃지마	0	0	1	0	0	0	0	0
나 뺨떼기 마렵네	0	0	1	0	0	0	0	0
나 살 썼어	0	0	1	0	0	0	0	0
나 살게 간다	0	0	1	0	0	0	0	0
나 살아난다 이제	0	0	1	0	0	0	0	0
나 살아있어 아직 살아있어	0	0	1	0	0	0	0	0
나 살았다 됐다 일렬로 맞추고 없어지면 바로 달려 달려 달려 됐다	0	0	0	0	0	0	1	0
나 살았어	0	0	1	0	0	0	0	0
나 설정 바꾼	0	0	1	0	0	0	0	0
나 손 아니야	0	0	1	0	0	0	0	0
나 솔직히 말할게	0	0	1	0	0	0	0	0
나 솔직히 틀딱이랑 못하겠다	0	1	0	0	0	0	0	0
나 시작하고 한 번도 안 움직였어	0	0	1	0	0	0	0	0
나 썬글라스 줬어	0	0	1	0	0	0	0	0
나 쏘였어	0	0	1	0	0	0	0	0
나 아까 거기서 안 꺾을게	0	0	1	0	0	0	0	0
나 아까 책 어디갔지	0	0	1	0	0	0	0	0
나 아니다	0	0	1	0	0	0	0	0
나 아니라니까	0	0	1	0	0	0	0	0
나 아니야	0	0	1	0	0	0	0	0
나 아니었으면 끝났어	0	0	0	0	0	1	0	0
나 아무것도 못 받아	0	0	1	0	0	0	0	0
나 아무것도 안 했는데	0	0	1	0	0	0	0	0
나 아무것도 없다	0	0	1	0	0	0	0	0
나 아예 몰라	0	0	1	0	0	0	0	0
나 아직도 아파 솔직히 내가 마지막인데 방금 누가 마지막에 놀랐나	0	0	0	0	0	0	0	1
나 아파요	0	0	1	0	0	0	0	0
나 악어한테 쏴야지	0	0	1	0	0	0	0	0
나 안 밀었어	0	0	1	0	0	0	0	0
나 안 쐈어	0	0	1	0	0	0	0	0
나 안 움직였는데	0	0	1	0	0	0	0	0
나 안 움직이고 있는데 누가 들어왔어	0	0	0	0	0	0	0	1
나 안 움직이고 있어 한 명씩 점프 눌러주면 되나봐	0	0	0	0	0	0	0	1
나 안 해본 거야 해보고 싶어	0	0	0	0	0	0	0	1
나 안챙겨	0	0	1	0	0	0	0	0
나 안해 알았어	0	0	0	0	0	0	0	1
나 안했다	0	0	1	0	0	0	0	0
나 알았다 봐봐	0	0	0	0	0	0	0	1
나 앞에 키만 누르고 있을께	0	0	1	0	0	0	0	0
나 앞에만 점프 누르고 있을게	0	0	0	0	0	0	0	1
나 애들한테 한 번 업 해봐야지	0	0	0	0	0	0	0	1
나 약간 멀미날 것 같아	0	0	1	0	0	0	0	0
나 약간 지쳤다고할까	0	0	1	0	0	0	0	0
나 어디 갔어	0	0	1	0	0	0	0	0
나 어디 있어	0	0	1	0	0	0	0	0
나 어디가	0	0	0	0	0	0	0	1
나 어디갔노	0	0	1	0	0	0	0	0
나 어디로 가	0	0	0	0	0	0	0	1
나 어떻게 올라와	0	0	0	0	0	1	0	0
나 어찌 저렇게 잡았어	0	0	1	0	0	0	0	0
나 엄청 어려울 줄 알았는데 땡겨주기를 쓰면서 가면은 괜찮겠어	0	0	0	0	0	0	0	1
나 업어줘	0	0	1	0	0	0	0	0
나 없어졌어	0	0	1	0	0	0	0	0
나 없이 게임 재밌게 하지 마	0	0	1	0	0	0	0	0
나 엘리베이터 기다리고 있을것이 엘리베이터 내려주세요	0	0	1	0	0	0	0	0
나 여기 뒤로 우리 한 번에 성공하는 거 보여주자	0	0	0	0	0	0	1	0
나 여기 땅을 한 번 밟아보고 싶어 진짜로	0	0	0	0	1	0	0	0
나 여기 블록 나 여기 블록 잡았어	0	0	1	0	0	0	0	0
나 여기 서있어 줄게	0	0	1	0	0	0	0	0
나 여기 아래 눈꽃이나 가	0	0	0	0	0	0	0	1
나 여기 여기 여기가 초록 여기가 초록이고 여기가 파랑 이것이 왜 안 내려와	0	0	0	0	0	0	0	1
나 여기 있는 건 알지	0	0	1	0	0	0	0	0
나 여기까지 한번 와보고 싶어	0	0	0	0	0	0	0	1
나 여기로 가야겠다	0	0	0	0	0	0	0	1
나 여기야	0	0	1	0	0	0	0	0
나 옆으로 왔어 이미 왔어	0	0	1	0	0	0	0	0
나 오늘 잠 못자	0	0	1	0	0	0	0	0
나 오른쪽으로 가버릴거야	0	0	0	0	0	0	0	1
나 오쩌 오쩌 오쩌	0	0	1	0	0	0	0	0
나 올라가야 돼	0	0	0	0	0	0	0	1
나 올라가야돼	0	0	0	0	0	0	0	1
나 올라간다	0	0	1	0	0	0	0	0
나 올라갈래 호추 빠져봐 위로 올라가 호추 여기 더 빠진다면	0	0	0	0	0	0	0	1
나 올라갔다 올라와 [유저] 누나가 쟤네들 죽일것이 기다려봐 폭탄 터트릴게	0	0	0	0	0	0	0	1
나 올려 나 살려 못살려	0	0	1	0	0	0	0	0
나 올려줄 수 있겠어	0	0	1	0	0	0	0	0
나 왜 갑자기 왜 졸리지	0	0	1	0	0	0	0	0
나 왜 그러소서	0	0	0	1	0	0	0	0
나 왜 던졌어	0	0	1	0	0	0	0	0
나 왜 여기 있지	0	0	1	0	0	0	0	0
나 왜 이렇게 점프를 많이 했어	0	0	0	0	0	0	0	1
나 왼쪽으로 갈것이 이제	0	0	1	0	0	0	0	0
나 요기다 이렇게 미친 새키 왔네	0	0	1	0	0	0	0	0
나 요아정으로 먹을것이 영화나 알지	0	0	0	0	1	0	0	0
나 요즘 PT해가지고 부른다	0	0	0	0	0	0	0	1
나 우리끼리 싸우는 거 아니야	0	0	1	0	0	0	0	0
나 우리팀 피하식별이 안돼	0	0	0	0	0	1	0	0
나 우리팀 피하식별이 안돼 토끼야	0	0	0	0	0	1	0	0
나 우주하마 성대인데 찢어졌다	0	0	1	0	0	0	0	0
나 운전자	0	0	1	0	0	0	0	0
나 원래 여기였어	0	0	1	0	0	0	0	0
나 위에 갈것이 나 박자가 박자 안 좋아	0	0	0	0	0	0	1	0
나 유일한 희망이야	0	0	1	0	0	0	0	0
나 이 게임 잘한다니까 저격 맞았으면 진짜 잘할 거인데	0	0	0	0	0	0	1	0
나 이거 1900년 [유저] [유저] 박물관의 큐레이터는 사람들이 미래에 이것을 가질 거라 예측했습니다	0	0	0	0	0	0	0	1
나 이거 놔줘야지 빨 수 있어	0	0	1	0	0	0	0	0
나 이거 먹어야겠다	0	0	1	0	0	0	0	0
나 이거 아까 없었는데 분명히	0	0	1	0	0	0	0	0
나 이거 안돼	0	0	0	0	0	1	0	0
나 이거 어떻게 바꾸는거야	0	0	0	0	0	1	0	0
나 이거 여기 못 넘어가	0	0	0	0	0	0	0	1
나 이거 왜 이렇게 나오는지 모르겠어	0	0	1	0	0	0	0	0
나 이거 이거 설정 뭘 먹어	0	0	1	0	0	0	0	0
나 이거 잘해 파이팅 이번 기회에 저 육각형 사람인지 아닌지 삼각형 사람인지 [유저] 사람인지 보여드리겠습니다	0	0	0	0	0	0	1	0
나 이거 절대 절대 절대 안돼	0	0	0	0	0	1	0	0
나 이거 진짜 게임을 몰라가지고 잠깐만 얼굴 하고 내가 이거 송출키 아니 아니 이걸 추면 되는구나	0	0	0	0	0	0	0	1
나 이거 진짜 나 오늘 잠 못자	0	0	1	0	0	0	0	0
나 이거 진짜 아래로 갈거야	0	0	0	0	1	0	0	0
나 이거 진짜 운빨이잖아	0	0	1	0	0	0	0	0
나 이거 한번 보자	0	0	1	0	0	0	0	0
나 이거 한번 오른쪽 봐보자 이거 이오 됐어	0	0	0	0	0	0	0	1
나 이건 거 같아	0	0	1	0	0	0	0	0
나 이건 거 같은데	0	0	1	0	0	0	0	0
나 이건가봐	0	0	0	0	0	0	0	1
나 이걸 왜 이렇게 힘들게 해야 되는지	0	0	0	0	0	0	0	1
나 이니 빤스 색깔 마음에 들어	0	0	1	0	0	0	0	0
나 이렇게	0	0	1	0	0	0	0	0
나 이렇게 올라갈거야	0	0	1	0	0	0	0	0
나 이미 8초인데	0	0	1	0	0	0	0	0
나 이미 모니터 에 구멍 나 있어 지금 야 뒤질래	0	0	1	0	0	0	0	0
나 이번에 선장인데 잠깐만 한 장씩 드릴게요	0	0	0	0	0	0	0	1
나 이제 8인 협동 안 할래 아니야	0	0	1	0	0	0	0	0
나 이제 그 다음이야 지나가면 갈게 우린 너무 밀면 안돼 보라야 가 비켜 비켜 보라야 가 그 다음 나 밀지마	0	0	0	0	0	1	0	0
나 이제 끝났어	0	0	0	0	0	1	0	0
나 이제 나도 목이 아픈 거 같아	0	0	1	0	0	0	0	0
나 이제 분홍이를 응원하게 됐어	0	0	0	0	0	0	1	0
나 이제 슬슬 걸릴 거 같은데	0	0	1	0	0	0	0	0
나 이제 알겠어	0	0	1	0	0	0	0	0
나 이제 알아 어 밀지 아 미는 것이 아니구나	0	0	1	0	0	0	0	0
나 이제 촉감 수트 사줄 터니까 네가 그거 해	0	0	0	0	0	0	0	1
나 이제부터 [유저] 하자는 소리 하덜덜 불러 야	0	0	1	0	0	0	0	0
나 익숙하지	0	0	1	0	0	0	0	0
나 일자야	0	0	1	0	0	0	0	0
나 입구 컷 어 뭐야	0	0	0	0	1	0	0	0
나 자 올라가고 올라가고 [유저] 가 밀어줘서 그렇지 그렇지 그렇지 여기 우리 다 올라가야 된다	0	0	0	0	0	0	1	0
나 자리가 없어가지고 지금 혹시 공격하시는 거인가요	0	0	0	0	0	0	0	1
나 자신 있어 비껴	0	0	1	0	0	0	0	0
나 자신있음	0	0	1	0	0	0	0	0
나 자존감 떨어졌어	0	0	1	0	0	0	0	0
나 작아 내가 띄워줄게요	0	0	0	0	0	0	0	1
나 잘못났어	0	0	0	1	0	0	0	0
나 잘하지	0	0	1	0	0	0	0	0
나 잘할게	0	0	1	0	0	0	0	0
나 잠시만	0	0	1	0	0	0	0	0
나 잡았어	0	0	1	0	0	0	0	0
나 저거 막 밀었어	0	0	1	0	0	0	0	0
나 저거 솔직히 좀 속임수인줄 알고 눌러봤는데 뻥치지마 뻥치지마 뻥치지마	0	0	0	0	0	0	0	1
나 저것도 맛있어	0	0	1	0	0	0	0	0
나 제대로 탔어	0	0	1	0	0	0	0	0
나 제발 끌어줘	0	0	1	0	0	0	0	0
나 제일 밑에 있어야 돼	0	0	1	0	0	0	0	0
나 좀 나 좀	0	0	1	0	0	0	0	0
나 좀 놔 회색 놔와 주황색 여기 주황색 여기 주황색 여기 아니 보라색은 여기 이대로 빨간색이랑 주황색이가 어 빨 어 주황 아 초록색 빨간색 분홍색 회색 여기로 넘어가세요	0	0	0	0	0	0	0	1
나 좀 놔줘봐	0	0	0	0	0	0	0	1
나 좀 어렵다	0	0	1	0	0	0	0	0
나 좋은거 같아	0	0	1	0	0	0	0	0
나 죄송한데 저	0	0	1	0	0	0	0	0
나 죽겠다	0	0	1	0	0	0	0	0
나 죽었는데	0	0	0	0	0	1	0	0
나 죽였어	0	0	1	0	0	0	0	0
나 준비됐어 내가 제일 마지막에 갈것이 좋아	0	0	0	0	0	0	1	0
나 지금 갇혔어	0	0	1	0	0	0	0	0
나 지금 눈에 지금 빛나고 있어 레이저 쏘고 있어	0	0	1	0	0	0	0	0
나 지금 몇등이야	0	0	1	0	0	0	0	0
나 지금 줄넘기 선수 [유저]	0	0	1	0	0	0	0	0
나 진짜 3개 3개 3개	0	0	1	0	0	0	0	0
나 진짜 나 나오는 순간 각오해 블록 부서지는 거야	0	0	0	0	0	0	0	1
나 진짜 눈물 고여서 안보인 상태로 어떻게 했냐	0	0	0	0	0	1	0	0
나 진짜 떨어졌을 때 진짜로 나 하늘이 무너지는 줄 알았다	0	0	0	0	1	0	0	0
나 진짜 루테	0	0	1	0	0	0	0	0
나 진짜 몰랐어	0	0	1	0	0	0	0	0
나 진짜 미치겠다	0	0	0	0	1	0	0	0
나 진짜 빨리 가고 싶어가지고 빨리 갈라 하지마 더 길어져 빨리 갈라 5분 빨리 가려다 50년 늦게 가 오케이 진짜 멈추고 멈추고 5번이 너무 바싹 붙으면 열쇠 넘겨줍니다	0	0	0	0	0	0	1	0
나 진짜 아무것도 안하고있어	0	0	0	0	1	0	0	0
나 진짜 어 하트 어 하트 우리 친하잖아	0	0	1	0	0	0	0	0
나 진짜 어지럽거든	0	0	1	0	0	0	0	0
나 진짜 오늘 못 탔어	0	0	1	0	0	0	0	0
나 진짜 우리 멋졌어	0	0	1	0	0	0	0	0
나 진짜 웃기네	0	0	1	0	0	0	0	0
나 진짜 이것이	0	0	1	0	0	0	0	0
나 진짜 이번에 잘한다	0	0	0	0	0	0	1	0
나 진짜 저주 저주가 있나	0	0	0	0	0	0	0	1
나 진짜 풀전 욕을 할게요 그러면	0	0	1	0	0	0	0	0
나 진짜 피해 의식 생길 수 밖에 없어	0	0	0	0	0	0	0	1
나 진짜로 2 피해 의식 생길 수 밖에 없어 어서 어서 어어어어어	0	0	0	0	1	0	0	0
나 찾았어	0	0	1	0	0	0	0	0
나 처음 봤다	0	0	1	0	0	0	0	0
나 처음 틀렸어	0	0	1	0	0	0	0	0
나 체크 안 됐어	0	0	1	0	0	0	0	0
나 총 때멤	0	0	1	0	0	0	0	0
나 총알이 안 쏴져	0	0	1	0	0	0	0	0
나 친구 필요해	0	0	0	0	0	0	0	1
나 컷했어	0	0	1	0	0	0	0	0
나 콩콩 먹음이야	0	0	1	0	0	0	0	0
나 탓햄 4번 나 탓햄 4번이 올라가고 그치 저거 어떻게 먹어	0	0	0	0	0	1	0	0
나 태우고 가 망했다	0	0	0	0	0	1	0	0
나 탱크손 던질것이 공룡이 못 맞췄어요	0	0	1	0	0	0	0	0
나 폭탄 대고 있어	0	0	1	0	0	0	0	0
나 하나밖에 안 넣었잖아	0	0	1	0	0	0	0	0
나 하는 건 누가	0	0	0	0	0	0	0	1
나 하지 마	0	0	1	0	0	0	0	0
나 한 명씩 노려 나 무겁거든	0	0	1	0	0	0	0	0
나 한 번 할래	0	0	1	0	0	0	0	0
나 한 번 해	0	0	0	0	0	0	0	1
나 한 번만	0	0	1	0	0	0	0	0
나 한 번만 믿어볼래	0	0	1	0	0	0	0	0
나 한 번만 해볼게	0	0	0	0	0	0	0	1
나 한글 잘 못해	0	0	0	1	0	0	0	0
나 한번밖에 안 눌렀어	0	0	1	0	0	0	0	0
나 한입도 안 먹었어	0	0	1	0	0	0	0	0
나 할 수 있어	0	0	1	0	0	0	0	0
나 할것이 없는데	0	0	1	0	0	0	0	0
나 할배가 쐈어	0	0	0	0	0	0	0	1
나 해볼게 흐잇 촤아 흐잇 촤아 기다려 애기 기다려 떨어지면 죽어 흐잇 촤아 그렇지	1	0	0	0	0	0	0	0
나 헷갈렸잖아	0	0	1	0	0	0	0	0
나 호출 잡았어	0	0	1	0	0	0	0	0
나 호출한다	0	0	1	0	0	0	0	0
나 혹시 업어줄래	0	0	1	0	0	0	0	0
나 혼자만 저기 떨어져있죠	0	0	1	0	0	0	0	0
나 화장 지우고 싶어 말해 갔다 오세요	0	0	0	0	0	0	0	1
나 화장실 좀 갔다 올게	0	0	1	0	0	0	0	0
나 흰색 만약에 나오면 채워줄게	0	0	1	0	0	0	0	0
나ea 이빤에 파란색 있지	0	0	1	0	0	0	0	0
나가 나가 야아	0	0	0	0	0	0	0	1
나가 인마	0	0	0	0	0	0	0	1
나가라 나가라 나가라	0	0	0	0	0	0	0	1
나가면 돼 개꿀 빨았다 개꿀 빨았어	0	0	0	0	0	0	0	1
나가면 되는거 아니야	0	0	0	0	0	0	0	1
나가면은 방을 리방해야 되나봐요	0	0	0	0	0	0	0	1
나가야 되겠네	0	0	0	0	0	0	0	1
나갈게 나갈게	0	0	1	0	0	0	0	0
나갈게 너네 폭풍 딜 가운데 있을것이 가운데 야 폭풍 딜 해 양 옆에서 딜해 폭풍 딜해 빨리 아 봐봐	0	0	0	0	0	0	0	1
나갔나 봐	0	0	0	0	0	0	0	1
나까지 밀리잖아	0	0	1	0	0	0	0	0
나는 XX입니다	0	0	1	0	0	0	0	0
나는 과감한 사람입니다	0	0	1	0	0	0	0	0
나는 그거 생각했는데 이제까지 하나 둘 셋 안돼	0	0	0	0	0	1	0	0
나는 내 차례 오니까 W 누르는 거든 자꾸	0	0	1	0	0	0	0	0
나는 내가 원해서 저렇게 된 것이 아니야	0	0	0	0	0	0	0	1
나는 너를 항상 응원했어	0	0	0	0	0	0	1	0
나는 돌이다 나는 돌이다 조금조금씩 조금씩 어어어우 화나게 했어	0	0	0	0	1	0	0	0
나는 동갑이랑 똑같잖아	0	0	1	0	0	0	0	0
나는 똑같은 사람이 되지 않겠어	0	0	1	0	0	0	0	0
나는 믿어	0	0	1	0	0	0	0	0
나는 받아서는 못 봤어	0	0	1	0	0	0	0	0
나는 빨리 깨는 것이 좋아	0	0	0	0	0	0	1	0
나는 시작하고 눌러야 되는 줄 알았어	0	0	0	0	0	0	0	1
나는 쓰레기다	1	0	0	0	0	0	0	0
나는 아 한 명씩 옮겨야 돼	0	0	1	0	0	0	0	0
나는 여기 있어 줄게	0	0	1	0	0	0	0	0
나는 여기서 탈래 나 오른쪽으로 가버릴거야	0	0	0	0	0	0	0	1
나는 요거	0	0	1	0	0	0	0	0
나는 위로 누가 위로라고 그랬어	0	0	0	0	0	0	0	1
나는 이 정도면 돼	0	0	1	0	0	0	0	0
나는 이거 먹는 거예요	0	0	1	0	0	0	0	0
나는 이거 못하면 말이 안 된다	0	0	1	0	0	0	0	0
나는 점프할것이 제일 끝에 있는 사람이 떨어져야 돼	0	0	0	0	0	0	0	1
나는 쫄보라서 이 정도면 돼 인간이 이렇게 아니 존 믿어봐 가 형은 내리고	0	0	0	0	0	0	0	1
나다 나다 나다 아니	0	0	1	0	0	0	0	0
나다 싶으면 나다 싶으면 일단 뒤로 가	0	0	0	0	0	0	0	1
나다다다니 미안해 하는 거 미안해가 나온다고	0	0	0	0	0	0	0	1
나도 8번으로 보이는데	0	0	1	0	0	0	0	0
나도 [유저] 꺼 벗겨야지 정리됐어요	0	0	1	0	0	0	0	0
나도 가야돼	0	0	0	0	0	0	0	1
나도 간다 이고 빨강아 제발 부탁인데 가라고 앞에서 길 막지 말고 빨간색 저거 진짜 어떡하지	0	0	0	0	0	0	0	1
나도 갇혔다고	0	0	1	0	0	0	0	0
나도 갇혔어	0	0	1	0	0	0	0	0
나도 갈게	0	0	1	0	0	0	0	0
나도 까불어버리기 확실히 [유저] 가 재밌다	0	0	0	0	0	0	0	1
나도 나 맞았어	0	0	1	0	0	0	0	0
나도 나 방전봉은 알께요	0	0	1	0	0	0	0	0
나도 나도 나도 그래	0	0	0	0	0	0	1	0
나도 나도 빨고 있는데 왜	0	0	1	0	0	0	0	0
나도 나도 아직 괜찮아	0	0	1	0	0	0	0	0
나도 돼 나도 돼	0	0	1	0	0	0	0	0
나도 돼요	0	0	1	0	0	0	0	0
나도 마셔 이냐냐 이냐	0	0	1	0	0	0	0	0
나도 막았는데 도깨야 너무 올라오지 말라고할까	0	0	1	0	0	0	0	0
나도 막았는데 오케이 고고 오케이 안전하게 안전하게 오케이 피해주고 아이고아이고 야 이거 어렵다	0	0	0	0	0	1	0	0
나도 막았어	0	0	1	0	0	0	0	0
나도 맞았다	0	0	1	0	0	0	0	0
나도 맞혔어	0	0	1	0	0	0	0	0
나도 무기 들어야지 개재밌네	0	0	1	0	0	0	0	0
나도 밟아줘	0	0	1	0	0	0	0	0
나도 봤어	0	0	1	0	0	0	0	0
나도 불안하긴 했어	0	0	1	0	0	0	0	0
나도 살아야 돼	0	0	1	0	0	0	0	0
나도 안 내려	0	0	1	0	0	0	0	0
나도 알아	0	0	1	0	0	0	0	0
나도 연승을 해야 되는데	0	0	0	0	0	0	0	1
나도 와 살려줘 야 이 원펀치 나와	0	0	0	0	0	0	0	1
나도 있어	0	0	1	0	0	0	0	0
나도 잘해	0	0	0	0	0	0	1	0
나도 저런 빤스 있	0	0	1	0	0	0	0	0
나도 점프로 갈게	0	0	0	0	0	0	0	1
나도 찾았어	0	0	1	0	0	0	0	0
나도 펭귄 좀 가지고 싶은데	0	0	0	0	0	0	0	1
나도 하기 싫은데 지금부터 진짜 지금부터 진짜 지금부터 진짜 까마귀다 까마귀다 까마귀다	0	0	1	0	0	0	0	0
나도 한 번 올라가 타보기만 할것이 여기 타기보기만 할것이 안 해 눈 구라	0	0	0	0	0	0	0	1
나도 할 말 할게요	0	0	1	0	0	0	0	0
나라야 하는 등 조용히 해	0	0	0	0	0	0	0	1
나라의 핀블도 내기	0	0	1	0	0	0	0	0
나랑 [유저] 아오니 연호 [유저] 연호 이자 [유저] 달려가서 [유저] [유저] 차 안 탔다	0	0	0	0	1	0	0	0
나랑 [유저] 이는 오른쪽으로 간다	0	0	1	0	0	0	0	0
나랑 같이 가 나랑 같이 가 전우주 전우주 됐어 됐어 오케이 오케이 [유저] 형 빨리 문 열어주세요	0	0	0	0	0	0	1	0
나랑 눈꽃이 동살에 루티 안 합쳐	0	0	1	0	0	0	0	0
나랑 붙어 있어야 돼	0	0	1	0	0	0	0	0
나랑 빨리로 해봐	0	0	0	0	0	0	0	1
나랑 삼식이랑 해볼게 천천히 하면 될거같은데	0	0	0	0	0	0	0	1
나랑 웃는다	0	0	1	0	0	0	0	0
나를 떠나면 안 돼	0	0	0	0	0	1	0	0
나를 밟고 가라	0	0	0	0	0	0	0	1
나를 올려줘 나를 올려줘 그렇지 그렇지 넌 밑으로 가	0	0	0	0	0	0	1	0
나를 올려줘야겠네	0	0	1	0	0	0	0	0
나를 이해했어	0	0	0	0	0	0	0	1
나만 높은 데 가야 돼	0	0	0	0	0	0	0	1
나만 답답한 거 아니지	0	0	1	0	0	0	0	0
나만 두고 가는거야	0	0	0	0	0	0	0	1
나만 봐 나만 따라해 기다려 기다려 끝까지 기다려 지금 지금 쏴아 이거야 가시 으아아우	0	0	0	0	1	0	0	0
나만 아니면 엉 [유저] Rover 형zek 망했어	0	0	0	0	0	1	0	0
나만 움직이면 돼	0	0	1	0	0	0	0	0
나만 제발 죽었으면 좋겠어	0	0	0	0	0	1	0	0
나만의 나만의 타이밍이 있어요	0	0	1	0	0	0	0	0
나만의 타이밍 자 7번 7번 이제 내 차례야 돌아갔을때 가는것이 좋아	0	0	0	0	0	0	1	0
나만의 타이밍이 있어 위에 앉아도 됨	0	0	1	0	0	0	0	0
나머지 3명이 맞춘다	0	0	1	0	0	0	0	0
나머지 알아서 해	0	0	0	0	0	0	0	1
나무거 7번이 [유저] 님이겠죠	0	0	1	0	0	0	0	0
나무로 움직이는 거야	0	0	1	0	0	0	0	0
나보다 조금만 커지라고 콩콩 개쎄야	0	0	1	0	0	0	0	0
나부터 얘기해야 되거든	0	0	0	0	0	0	0	1
나쁘지 않아	0	0	1	0	0	0	0	0
나쁘지않아	0	0	1	0	0	0	0	0
나쁜 사람은 아니거든요	0	0	1	0	0	0	0	0
나서펀카코 안하구싶대요	0	0	1	0	0	0	0	0
나야 귀여워	0	0	1	0	0	0	0	0
나야 그것이 나야 왼쪽부터 왼쪽부터 왼쪽부터 [유저] [유저] [유저] 이야	0	0	1	0	0	0	0	0
나야 그래 우리 아 죄송해요	0	0	0	0	0	0	1	0
나야 나야	0	0	1	0	0	0	0	0
나야 누나 살려구 도끼 꺼졌다	0	0	1	0	0	0	0	0
나야 파일럿 개벌로야 파일럿 개벌로야 자 자 갑니다	0	0	1	0	0	0	0	0
나오라고 이씨	0	0	1	0	0	0	0	0
나오면 안 하다 누구	0	0	1	0	0	0	0	0
나오세요 도운씨 아 나와요	0	0	0	0	0	0	0	1
나오지마 아아아아아악 미친 25분만에 깼어	0	0	0	0	1	0	0	0
나올 때까지 돌려보자	0	0	1	0	0	0	0	0
나올 때까지 돌려볼까	0	0	1	0	0	0	0	0
나올까 말까	0	0	1	0	0	0	0	0
나와 2번 누구야	0	0	0	0	0	0	0	1
나와 가라고 가라고 아니 여기다가 쌓으라고 여기다가 여기여기여기 아니 너는 왜 안와	0	0	0	0	0	0	0	1
나와 나와	0	0	0	0	0	0	0	1
나와 나와 mxim가 부츠 귀를 터 귀를 터 그렇지 그렇지 드디어 됐네	0	0	0	0	0	0	1	0
나와 나와 나오라고 도깨야 으아 진짜 아휴 운전을 이래서 면허 없는 것들은 하면 안 돼	0	0	0	0	1	0	0	0
나와 나와 나와	0	0	0	0	0	0	0	1
나와 나와 나와 야 여기서 점프를 네가 해줘 튕겨줘	0	0	0	1	0	0	0	0
나와 나와 여기	0	0	0	0	0	0	0	1
나와 나와봐	0	0	0	0	0	0	0	1
나와 누구야	0	0	0	0	0	0	0	1
나와 아 가진 마 나와 어떻게 하는ies 아 점프	0	0	0	0	0	1	0	0
나와 이 두 [유저] 홍	0	0	0	0	0	0	0	1
나와 이 새끼야	1	0	0	0	0	0	0	0
나와 이 자XX이야	0	0	0	0	0	0	0	1
나와 제발	0	0	0	0	0	0	0	1
나와나와나와나 뭐야	0	0	0	0	1	0	0	0
나와나와나와나와 내 앞에 누구야	0	0	0	0	0	0	0	1
나와보라고	0	0	0	0	0	0	0	1
나와봐 나와보게 나 진짜 1등 할게 나와봐 나 진짜 1등 할게	0	0	0	0	0	0	0	1
나와봐 방벽 있는 사람이 먹어야지 점프하지마	0	0	0	0	0	0	0	1
나와봐 스펀지 맞다 스펀지 잠깐만 나와봐 스펀지야	0	0	0	0	0	0	0	1
나와봐 위에도 움직여야 돼	0	0	0	0	0	0	0	1
나와봐 진짜 나와봐 진짜 나와봐	0	0	0	0	0	0	0	1
나와야 돼	0	0	0	0	0	0	0	1
나와줘 제발	0	0	0	0	0	0	0	1
나와지네 근데 어떡하냐	0	0	0	0	0	0	0	1
나이 이겠다 [유저] 얼마나 했는데 [유저] 용 내가 아래 키 를 못 만들어서 칼이 부족해서 자 저기 때 어조 저거 어떻게 했고 허허 허허 허허 어떻게 꺼낼 것 같아요	0	0	0	0	0	1	0	0
나이소 나이소 이렇게 쉬운걸 더 넘겨지는거 개빡스럽네 열쇠 얹어줬잖아	1	0	0	0	0	0	0	0
나이프 콩콩이 뱉어야 돼	0	0	1	0	0	0	0	0
나일 거 같은데 뭔가	0	0	0	0	0	0	0	1
나중에 나중에 시간 맞잖아	0	0	1	0	0	0	0	0
나중에 너 혼자 방송해서 해 너 혼자 개인 방송 켜서 해	0	0	0	0	0	0	0	1
나중에 밀수있어 다시 밀수있어요	0	0	1	0	0	0	0	0
나중에 하자	0	0	1	0	0	0	0	0
나중에 형 내려가봐	0	0	0	0	0	0	0	1
나한테 개인적으로 나중에	0	0	1	0	0	0	0	0
나한테 공이 안오는걸 계속 웃고있어	0	0	1	0	0	0	0	0
나한테 그런 관심을 보여줘서 고마워	0	0	0	0	0	0	1	0
나한테 그렇게 관심이 많았을 줄이야	0	0	1	0	0	0	0	0
나한테 나 이거 지나갈 수 있게 해줘	0	0	0	0	0	0	0	1
나한테 나한테	0	0	1	0	0	0	0	0
나한테 모든것이 달려있다	0	0	1	0	0	0	0	0
나한테 비키라고	0	0	1	0	0	0	0	0
나한테 안 내려간 거야	0	0	1	0	0	0	0	0
나한테 왜그래	0	0	0	0	0	0	1	0
나한테 점프해 아이고 아이고 아 오케이 오케이 먹어 먹어 먹어 왼쪽 한 명 더 왼쪽 한 명 더 띠용 와 우리 [유저] 하는 거 짱나네 좋아 좋아 좋아 [유저]	0	0	0	0	0	1	0	0
나한테 처음 말했어	0	0	1	0	0	0	0	0
난 4번이야 후 7 이나 6번 나 5 아 어쩐지 자 간다	0	0	1	0	0	0	0	0
난 W 마음 이해해 그쵸	0	0	0	0	0	0	0	1
난 [유저] 씨한테 좀 정의가	0	0	0	0	0	0	0	1
난 갈래 난 가고 싶어	0	0	0	0	0	0	0	1
난 게임 잘해 문열고 들어가 여기서 죽는데 진짜 인정 와아아아아아아아아아 어 야 잘못했어	0	0	0	0	1	0	0	0
난 괜찮았는데	0	0	1	0	0	0	0	0
난 그 얘기를 듣고 점프 점프 했는데	0	0	0	0	0	0	0	1
난 나 혼자 간다	0	0	1	0	0	0	0	0
난 난 난 몰라	0	0	1	0	0	0	0	0
난 남들 것까지 다 할 거야	0	0	1	0	0	0	0	0
난 내가 알아서 간다	0	0	0	0	0	0	0	1
난 너같이 안 뒤져 저러니까 저러니까 화보 찍다가 울었지	1	0	0	0	0	0	0	0
난 넌 무조건 믿어	0	0	1	0	0	0	0	0
난 더 위해 아 지금 바꾸고 만했네	0	0	0	0	0	0	0	1
난 두번째인데 2번이 가 2번이 가 2번이 내려가 있구나 움직여 주시기 바랍니다	0	0	0	0	0	0	0	1
난 들어간다	0	0	1	0	0	0	0	0
난 들어갔어	0	0	1	0	0	0	0	0
난 딱 문 앞에 오는 이 공들만 처리할 거야	0	0	1	0	0	0	0	0
난 딱 저거 보자마자 감 왔는데	0	0	1	0	0	0	0	0
난 떨어지는데 왜 이렇게 앞으로 붙어가지고 그러는거야	0	0	0	0	0	0	0	1
난 똘 수 있어	0	0	1	0	0	0	0	0
난 맞혔어	0	0	1	0	0	0	0	0
난 뭐 전달 조용히 써서	0	0	1	0	0	0	0	0
난 버러지 아니야	0	0	1	0	0	0	0	0
난 병신이야	1	0	0	0	0	0	0	0
난 보고 있을게	0	0	1	0	0	0	0	0
난 살아있어 난 살아있어	0	0	1	0	0	0	0	0
난 살았다	0	0	0	0	0	0	1	0
난 살았어	0	0	1	0	0	0	0	0
난 솔직히 이거 마지막에 이렇게 한 번 더 할 줄 몰랐고 깰 줄도 몰랐어	0	0	1	0	0	0	0	0
난 시키는대로 했어	0	0	1	0	0	0	0	0
난 신호등	0	0	1	0	0	0	0	0
난 아 왜 나 왜 갖다버려 난 소중한 사람이야 죽었는데	0	0	0	0	0	1	0	0
난 아니다	0	0	1	0	0	0	0	0
난 아닌데	0	0	1	0	0	0	0	0
난 안 내려	0	0	1	0	0	0	0	0
난 안 내려 난 안 내려	0	0	1	0	0	0	0	0
난 안 내릴 거야	0	0	1	0	0	0	0	0
난 알았다 나는	0	0	1	0	0	0	0	0
난 여기 잡아야해 차오른다 차오른다	0	0	0	0	0	0	0	1
난 여기 해놨어	0	0	0	0	0	0	0	1
난 여기서 가면 안돼	0	0	0	0	0	1	0	0
난 여기서 순간 반응 와 진짜 야 왜 앞에 있는가 진짜 반응속도 느리다	0	0	0	0	0	0	0	1
난 여기서 잡고 있을거야 으악 주사	0	0	0	0	1	0	0	0
난 왜 꺼져있냐 말이	1	0	0	0	0	0	0	0
난 인정 와 삼식이 불량목이네 이지 불량 그냥 쪽쪽 챙기는거 봐	0	0	0	0	0	0	0	1
난 자자고하자 7번 좀 비켜주세요	0	0	0	0	0	0	0	1
난 작은 거와 달라	0	0	0	0	0	0	0	1
난 잘하는데	0	0	1	0	0	0	0	0
난 좀 가만히 있지 못한 성격이긴 해	0	0	0	0	0	0	0	1
난 죽는다 [유저] 야 너 올라오지마	0	0	1	0	0	0	0	0
난 중력박으면 막는다	0	0	1	0	0	0	0	0
난 진짜 깔끔하게 다 했다	0	0	1	0	0	0	0	0
난 진짜 잘해놨어	0	0	0	0	0	0	1	0
난 쫄보니까 나도 쫄보 할래	0	0	1	0	0	0	0	0
난 찾았어	0	0	1	0	0	0	0	0
난 항상 진심이야	0	0	1	0	0	0	0	0
난가 보다 됐다 성공 성공 오케이 사람들 어떻게 참 쉽다	0	0	0	0	0	1	0	0
난데 왜 프로라니 보이치로 아니죠	0	0	1	0	0	0	0	0
난이도 보통으로 하죠	0	0	1	0	0	0	0	0
날 내려놔봐	0	0	0	0	0	0	0	1
날 따라와	0	0	0	0	0	0	0	1
날 밟고 가자 아이고 아이고 내가 올라갈게 갑니다	0	0	0	0	0	1	0	0
날 버리고 해봐	0	0	0	0	0	0	0	1
날 버리지 마	0	0	1	0	0	0	0	0
날 빨아줘	0	0	1	0	0	0	0	0
날 쏘지 말고 오케이 이야	0	0	0	0	0	0	1	0
날 잡아주고 저기 떨어졌어	0	0	1	0	0	0	0	0
날 죽인 우주와마 이거 누구야	0	0	0	0	0	0	0	1
날라서 날라서	0	0	1	0	0	0	0	0
날려보낼 수 있나 이거	0	0	1	0	0	0	0	0
날리는 기능이 없다고하니까	0	0	1	0	0	0	0	0
날아다니는 자동차 날아다니는 냉장고야	0	0	1	0	0	0	0	0
남 잘 되는 꼴 못 보는 사람들의 추악한 인간성을 보여주는 게임	0	0	1	0	0	0	0	0
남몸이 먼저 때렸다고	0	0	1	0	0	0	0	0
남몽이 거기 가고 자 저거 빨리 먹어	0	0	0	0	0	0	0	1
남으면 안 돼	0	0	0	0	0	1	0	0
남은 자린 단 한 자리 과연 이 친구가 기다리고 있습니다	0	0	0	0	0	0	0	1
남자 녀석 어디갔죠	0	0	1	0	0	0	0	0
남자가 칼을 뽑았으면 끝을 봐야지	0	0	0	0	0	0	0	1
남자끼리 뭉치기야	0	0	1	0	0	0	0	0
남자는 잡아주면 자기가 할 수 있기 때문에 근데 어디갔지	0	0	0	0	0	0	0	1
남자로서 참을수가 없는것이 시발아 나야 이 새끼아 오케이 오케이 오케이 우리 귀요미 친구 이어 귀요미 뭐야	1	0	0	0	0	0	0	0
낫루테 뒤로 와줄래	0	0	0	0	0	0	0	1
내 [유저] 많아	0	0	1	0	0	0	0	0
내 거 쳐다보다가 뒤지면 뒤져버릴 거야	1	0	0	0	0	0	0	0
내 기억엔 그래	0	0	0	0	0	0	1	0
내 눈앞에	0	0	1	0	0	0	0	0
내 대가리 타지 마라 앞에 사람들이 그냥 빨리 가봐	0	0	0	0	0	0	0	1
내 더 80 70인데	0	0	1	0	0	0	0	0
내 두번째 늙은이도 살았어요	0	0	1	0	0	0	0	0
내 똥을 밟을 사람 누구야	1	0	0	0	0	0	0	0
내 마이크 소리 좀 켜줘	0	0	1	0	0	0	0	0
내 말 들려요	0	0	1	0	0	0	0	0
내 말 들어봐	0	0	0	0	0	0	0	1
내 말 잘 들려	0	0	1	0	0	0	0	0
내 말이 살고싶어 살고싶어	0	0	1	0	0	0	0	0
내 머리 다 내 머리 위에 다	0	0	1	0	0	0	0	0
내 머리 바르고 헬비 머리 바르고 넌 지능이 없어	0	0	1	0	0	0	0	0
내 머리 밟고	0	0	1	0	0	0	0	0
내 머리 밟으면 돼 땅땅 땅땅 와 진짜 타이밍 오가지않아 나와라	0	0	0	0	0	0	0	1
내 머리 위로 노랑 방군 내 머리 위로 빨리 빨리 빨리 그렇지 그렇지 빨리 빨리 빨리 오른쪽 오른쪽 왼쪽도 하라고했는데 이거 저것도 저것도 저것도 노랑도 노랑도 안 망했어	0	0	0	0	0	1	0	0
내 머리 위로 올라가	0	0	0	0	0	0	0	1
내 머리 위를 막고 있었어	0	0	1	0	0	0	0	0
내 머리에 쏘는 거 가능	0	0	0	0	0	0	0	1
내 머리위에서	0	0	1	0	0	0	0	0
내 머리위에서 좀 부러져주실래요	0	0	1	0	0	0	0	0
내 먹발이다	0	0	1	0	0	0	0	0
내 모자 뭐야	0	0	0	0	1	0	0	0
내 문제 아니야	0	0	1	0	0	0	0	0
내 물 내 물	0	0	1	0	0	0	0	0
내 미모야	0	0	1	0	0	0	0	0
내 생각에는 그냥 저 캐릭터를 움직인다고 생각하고 플레이만 해보자	0	0	0	0	0	0	0	1
내 손 잡아	0	0	1	0	0	0	0	0
내 손으로 잡아	0	0	1	0	0	0	0	0
내 순발력 어때 모여 모이라 했지 도망가 가운데로 모여요	0	0	0	0	0	0	0	1
내 신호등 봐	0	0	0	0	0	0	0	1
내 얘기 들어	0	0	1	0	0	0	0	0
내 역순 딩규씨가 제일 느렸네	0	0	0	0	0	0	0	1
내 옆에 누구임	0	0	1	0	0	0	0	0
내 위에 거기	0	0	1	0	0	0	0	0
내 위에 누가 한 명이 붙었는데 갑자기	0	0	0	0	0	0	0	1
내 위에 밟아줘	0	0	1	0	0	0	0	0
내 위에 있던 놈이 봐봐	0	0	0	0	0	0	0	1
내 자리에 오지 말라 했어	0	0	1	0	0	0	0	0
내 주먹으로	0	0	1	0	0	0	0	0
내 중앙이었으니까 진짜 이야	0	0	1	0	0	0	0	0
내 집탕 어택 내 집탕 어택 드라이팬 어택 안돼 진원 씨 한수야 한수야 자리해줘봐	0	0	0	0	0	1	0	0
내 친구 아 저기 있구나	0	0	1	0	0	0	0	0
내 친구 어딨어	0	0	1	0	0	0	0	0
내 친구 잘 따라하고 있지	0	0	0	0	0	0	0	1
내 친구야	0	0	1	0	0	0	0	0
내 캐릭터가 누구야	0	0	0	0	0	0	0	1
내 타운 들어갔다	0	0	1	0	0	0	0	0
내 타이밍이 신이거든	0	0	1	0	0	0	0	0
내 형제는 어디갔냐	0	0	1	0	0	0	0	0
내가 1등	0	0	0	0	0	0	0	1
내가 Edward 2개 가라 custa 진짜 웃기다	0	0	0	0	0	0	0	1
내가 [유저] 보낼게	0	0	0	0	0	0	0	1
내가 가려고 했어	0	0	0	0	0	0	0	1
내가 가서 열쇠 꽂아놓을게	0	0	0	0	0	0	0	1
내가 가져갔다	0	0	0	0	0	0	0	1
내가 간다	0	0	0	0	0	0	0	1
내가 갇혔는데 아무도 안아주고 진짜 너무해	0	0	0	0	0	0	0	1
내가 갈게	0	0	0	0	0	0	0	1
내가 감시할것이	0	0	0	0	0	0	0	1
내가 같이 주울게	0	0	0	0	0	0	0	1
내가 걸쳐볼까	0	0	0	0	0	0	0	1
내가 골프할것이 내가 골프할게	0	0	0	0	0	0	0	1
내가 공구 먹었다	0	0	0	0	0	0	0	1
내가 괴물이 우리 모습을 하고 다녀	0	0	0	0	0	0	0	1
내가 구해줄게	0	0	0	0	0	0	0	1
내가 그렇게 별로야	0	0	0	0	0	0	0	1
내가 김치님이 주도해야겠다	0	0	0	0	0	0	0	1
내가 꼬였어	0	0	0	0	0	0	0	1
내가 꼭 잡고 있을게	0	0	0	0	0	0	0	1
내가 꿀 발라놔가지고 지금	0	0	0	0	0	0	0	1
내가 끝자로 갈게 열쇠	0	0	0	0	0	0	0	1
내가 날렸어	0	0	0	0	0	0	0	1
내가 내가 구해줄게	0	0	0	0	0	0	0	1
내가 내가 내가	0	0	0	0	0	0	0	1
내가 내가 다리해줄게	0	0	0	0	0	0	0	1
내가 내가 할게	0	0	0	0	0	0	0	1
내가 내려가볼게	0	0	0	0	0	0	0	1
내가 너 얼굴	0	0	0	0	0	0	0	1
내가 너 잘하면 돼 야	0	0	0	0	0	0	0	1
내가 너 죽여버리게 안 밀려 아니 안 밀리는 게임인데 밀린다고 자꾸 그러네	0	0	0	0	0	0	0	1
내가 너 패고	0	0	0	0	0	0	0	1
내가 너 패고 솔직히 내가 기습으로 때린 건 맞지만 이 새끼가 못 피했다	1	0	0	0	0	0	0	0
내가 너무 잘했다	0	0	0	0	0	0	1	0
내가 넘어가서 꺼내줄게	0	0	0	0	0	0	0	1
내가 넣어 버렸어	0	0	0	0	0	0	0	1
내가 누구야	0	0	0	0	0	0	0	1
내가 누군지 맞히는 거야	0	0	0	0	0	0	0	1
내가 누른거야	0	0	0	0	0	0	0	1
내가 눌러놨어	0	0	0	0	0	0	0	1
내가 다 땡겨줄거니까 가만있어	0	0	0	0	0	0	0	1
내가 답답했구만	0	0	0	0	0	0	0	1
내가 더 빠는 힘이 세서	0	0	0	0	0	0	0	1
내가 됐어	0	0	0	0	0	0	0	1
내가 두개 눌러줄게	0	0	0	0	0	0	0	1
내가 떨어뜨렸거든	0	0	0	0	0	0	0	1
내가 또 깔아주고 내가 또 깔아주고 오케이 내가 다시 이렇게 해줄게	0	0	0	0	0	0	1	0
내가 또 키가 크니까 가볼게 아 이거 그거 점퍼 아니야	0	0	0	0	0	0	0	1
내가 리더다 우리가 쫄아서 멈추니까 자꾸 떨어지는거야	0	0	0	0	0	0	0	1
내가 마무리할게	0	0	0	0	0	0	0	1
내가 마지막에 뛸것이 이거 한명이 다 몰아먹어야돼	0	0	0	0	0	0	0	1
내가 마지막으로 가는것이 낫겠지	0	0	0	0	0	0	0	1
내가 막고 있을게	0	0	0	0	0	0	0	1
내가 막고있어	0	0	0	0	0	0	0	1
내가 막아줄게	0	0	0	0	0	0	0	1
내가 맞았어	0	0	0	0	0	0	0	1
내가 맨 마지막이냐	0	0	0	0	0	0	0	1
내가 맨 아래 있을게	0	0	0	0	0	0	0	1
내가 먹게	0	0	0	0	0	0	0	1
내가 먹고 올게	0	0	0	0	0	0	0	1
내가 먹어줄게	0	0	0	0	0	0	0	1
내가 먹었다	0	0	0	0	0	0	0	1
내가 먹었습니다 [유저] 비켜주세요	0	0	0	0	0	0	0	1
내가 먹여줄게요	0	0	0	0	0	0	0	1
내가 먹을것이 내가 먹을것이 아니 이렇게 쉬는 거야	0	0	0	0	0	0	0	1
내가 먼저 가볼게 그치 야 미쳤는데 이거	1	0	0	0	0	0	0	0
내가 먼저 간다	0	0	0	0	0	0	0	1
내가 먼저 갈게	0	0	0	0	0	0	0	1
내가 먼저 나가면 돼	0	0	0	0	0	0	0	1
내가 먼저 들어간다	0	0	0	0	0	0	0	1
내가 먼저 때리긴 했지만 네가 못 피했다	0	0	0	0	0	0	0	1
내가 먼저 할게	0	0	0	0	0	0	0	1
내가 먼저야	0	0	0	0	0	0	0	1
내가 목규야	0	0	0	0	0	0	0	1
내가 목탄 보냈어	0	0	0	0	0	0	0	1
내가 못 움직이게 누가 나를 왜 안 움직여져 하늘 치는 거 아니야	0	0	0	0	0	0	0	1
내가 못 움직이겠네	0	0	0	0	0	0	0	1
내가 문 열어둘게	0	0	0	0	0	0	0	1
내가 뭐 움직일 필요가	0	0	0	0	0	0	0	1
내가 미끼 할 거인데	0	0	0	0	0	0	0	1
내가 미니가	0	0	0	0	0	0	0	1
내가 미안하다 빨리 끝내고 저희 수반장 합시다	0	0	0	0	0	0	0	1
내가 미안해	0	0	0	0	0	0	0	1
내가 밀고 싶어서 민 건 아니야	0	0	0	0	0	0	0	1
내가 밀리로 갈것이 내가 밀리로 갈것이 오케이 오케이 자 아렉션부터 차근차근 옥냥아 너부터	0	0	0	0	0	0	1	0
내가 밟고 있어야 돼	0	0	0	0	0	0	0	1
내가 밟아볼 사람 들어가 앞에 사람 들어가	0	0	0	0	0	0	0	1
내가 보게 내가 보게	0	0	0	0	0	0	0	1
내가 보고 있어 내가 보고 있어	0	0	0	0	0	0	0	1
내가 보고 있어 내가 보고 있어 내려 내려 내려 넘어가 넘어가 넘어가 봐줘 봐줘 봐줘 보고 있어 보고 있어 오케이 오케이	0	0	0	0	0	0	1	0
내가 보고 있을것이 오케이 오케이 자 땡겨 땡겨 됐다 땡겨 아 잠깐만 잠깐만 봐봐	0	0	0	0	0	0	1	0
내가 보고 있을게	0	0	0	0	0	0	0	1
내가 보고있어 보고있어 와 가자 가자 가자	0	0	0	0	0	0	0	1
내가 보고있어 조심성 없어	0	0	0	0	0	0	0	1
내가 보고있을것이 들어가 아니 순환이 들어가줘	0	0	0	0	0	0	0	1
내가 보고있을게	0	0	0	0	0	0	0	1
내가 보라색이잖아	0	0	0	0	0	0	0	1
내가 볼것이 내가 볼것이 오케이 선행이가 보고있어 선행이 보고있어 오른쪽 봐봐	0	0	0	0	0	0	1	0
내가 볼것이 내가 볼게	0	0	0	0	0	0	0	1
내가 볼것이 내가 볼게 들어가 내가 보고있을게	0	0	0	0	0	0	0	1
내가 볼게	0	0	0	0	0	0	0	1
내가 볼기에는 내 위로 올라와줘 아유 죄송 죄송 나 방벽 처음으로 있었는데 죄송합니다	0	0	0	0	0	0	0	1
내가 봤어	0	0	0	0	0	0	0	1
내가 봤으면 호추임	0	0	0	0	0	0	0	1
내가 봤을 때	0	0	0	0	0	0	0	1
내가 봤을 때 아니야	0	0	0	0	0	0	0	1
내가 봤을 때 위에 있는 것이 좀 안전한 것 같긴 하다	0	0	0	0	0	0	0	1
내가 빌릴게	0	0	0	0	0	0	0	1
내가 빨리 들어가야 돼	0	0	0	0	0	0	0	1
내가 사진 저장해가지고 우리 그 디코방에다가 보낼게	0	0	0	0	0	0	0	1
내가 살아남을것이	0	0	0	0	0	0	0	1
내가 설치했는데	0	0	0	0	0	0	0	1
내가 설치했는데 개빡치네	1	0	0	0	0	0	0	0
내가 스테레오 던진다 스테레오 던진다	0	0	0	0	0	0	0	1
내가 실수 있어	0	0	0	1	0	0	0	0
내가 쐈는데	0	0	0	0	0	0	0	1
내가 쐈어	0	0	0	0	0	0	0	1
내가 아 이거 없애자 밑으로 슉슉 가자	0	1	0	0	0	0	0	0
내가 아까 말하긴 했는데	0	0	0	0	0	0	0	1
내가 아우 아 무서워 안 지켜주지않아 안 지켜주지않아 먼저 공격을 하고 들어가야지	0	0	0	0	0	0	0	1
내가 안 했다	0	0	0	0	0	0	0	1
내가 안했다	0	0	0	0	0	0	0	1
내가 안했어	0	0	0	0	0	0	0	1
내가 알던 애기가 맞나	0	0	0	0	0	0	0	1
내가 야 내가 올려줄게 너 올려줄게 너 먼저 가	0	0	0	0	0	0	0	1
내가 어머니가 아니잖아	0	0	0	0	0	0	0	1
내가 여기 넣을게	0	0	0	0	0	0	0	1
내가 여기 샤이 들어갈게	0	0	0	0	0	0	0	1
내가 여기 좀 시원하게 가자 오른쪽으로 간다	0	0	0	0	0	0	0	1
내가 여기서 이걸 못한다고	0	0	0	0	0	0	0	1
내가 여기서 점프할 터니까 네가 이렇게 위로 점프해서 올라가서 여기에 가	0	0	0	0	0	0	0	1
내가 여자한테 그렇게 인기가 없냐	0	0	0	0	0	0	0	1
내가 열쇠를 여는거 아니야	0	0	0	0	0	0	0	1
내가 올라가야된다니까	0	0	0	0	0	0	0	1
내가 올라갈게	0	0	0	0	0	0	0	1
내가 올라갈게 너는 뭐 진짜 악마냐	0	0	0	0	0	0	0	1
내가 올려줄게	0	0	0	0	0	0	0	1
내가 올려줄터니까	0	0	0	0	0	0	0	1
내가 우리 종합 A A 혈맹 얼굴에 혈색이 떨긴 해	0	0	0	0	0	0	0	1
내가 움직이면 돼	0	0	0	0	0	0	0	1
내가 위에 걸 밟을것이 3번 밑에 다 밟은거야	0	0	0	0	0	0	0	1
내가 유혹할게 너 가	0	0	0	0	0	0	0	1
내가 이 공 지킬게	0	0	0	0	0	0	0	1
내가 이거 [유저] 본 거야	0	0	0	0	0	0	0	1
내가 이럴 줄 알았어	0	0	0	0	0	0	0	1
내가 이렇게 떨어질 때 아 야 네가 그냥 막 떨어져	0	0	0	0	0	0	0	1
내가 이렇게 올라가면 되잖아	0	0	0	0	0	0	0	1
내가 잘못 아니었어	0	0	0	1	0	0	0	0
내가 잡았어	0	0	0	0	0	0	0	1
내가 장담할 수 있어	0	0	0	0	0	0	0	1
내가 전적으로 한 분 다	0	0	0	0	0	0	0	1
내가 점프를 뛰지	0	0	0	0	0	0	0	1
내가 점프를 못해 적당히 웃어줘 뚱땅 뚱땅 아 잠깐만 아 진짜 웃는소리 아 그만 웃어	0	0	0	0	1	0	0	0
내가 점프를 하면 돼 한 명이 점프해야 돼요	0	0	0	0	0	0	0	1
내가 점프하면서 조절할것이 안돼	0	0	0	0	0	1	0	0
내가 점프해야 된다	0	0	0	0	0	0	0	1
내가 좀 밀어줄래	0	0	0	0	0	0	0	1
내가 좀 밀어줌	0	0	0	0	0	0	0	1
내가 주도한다	0	0	0	0	0	0	0	1
내가 죽겠다	0	0	0	0	0	0	0	1
내가 죽는다면	0	0	0	0	0	0	0	1
내가 지금 같이 해 같이 보고 있어 같이 보고 있어	0	0	0	0	0	0	0	1
내가 지금 끝냈어	0	0	0	0	0	0	0	1
내가 지뢰야	0	0	0	0	0	0	0	1
내가 진짜 잘하고있어 나만 걱정마 와 지구에 단 한 명 남았는데 와 지구에 단 한 명 남았는데 그것이 선행	0	0	0	0	0	0	0	1
내가 진짜 죽으면 진짜 죽는다	0	0	0	0	0	0	0	1
내가 찾아볼까	0	0	0	0	0	0	0	1
내가 체온으로 살린 거지	0	0	0	0	0	0	0	1
내가 초록색이야 어쩐지 잘하더라	0	0	0	0	0	0	0	1
내가 최고야라고해 하하하하하 아 0점이신 분들 없으세요	0	0	0	0	0	0	1	0
내가 치킨인 줄 알고 헷갈려서 나 죽었잖아	0	0	0	0	0	1	0	0
내가 카드 쓸 거야	0	0	0	0	0	0	0	1
내가 카드가 있어	0	0	0	0	0	0	0	1
내가 컬링 볼이다 생각하란 말이야	0	0	0	0	0	0	0	1
내가 콩콩이 복리시킴	0	0	0	0	0	0	0	1
내가 콩콩이 차단했으니까 내가 매겨놨어	0	0	0	0	0	0	0	1
내가 탈것이 호출 안되지 않아	0	0	0	0	0	0	0	1
내가 팔을 아래로 내리면 점프를 하자는 얘기야	0	0	0	0	0	0	0	1
내가 패급인 거 봐	0	0	0	0	0	0	0	1
내가 폐급인 거 봐 얘들아	0	0	0	0	0	0	0	1
내가 포기할게	0	0	0	0	0	1	0	0
내가 핀 찍어 놓을게	0	0	0	0	0	0	0	1
내가 하나 둘 셋 할게 오케이 오케이 내가 먼저 갈것이 하나 둘 하나 둘 아니 방금 후치님이 한다 하지 않았어	0	0	0	0	0	0	1	0
내가 하자고 했네	0	0	0	0	0	0	0	1
내가 하잖아 했었어	0	0	0	0	0	0	0	1
내가 한 대 맞았지	0	0	0	0	0	0	0	1
내가 한명 빼고	0	0	0	0	0	0	0	1
내가 할게	0	0	0	0	0	0	0	1
내가 해보자	0	0	0	0	0	0	0	1
내가 해봐	0	0	0	0	0	0	0	1
내가 해야 돼 또	0	0	0	0	0	0	0	1
내가 해줄게 해줄게	0	0	0	0	0	0	0	1
내가 했다	0	0	0	0	0	0	0	1
내가 했잖아	0	0	0	0	0	0	0	1
내가 희생할게 얘들아	0	0	0	0	0	0	0	1
내거 내가 웃 dump 야학 야 빨리 수러 가	0	0	0	0	0	0	0	1
내꺼에 내 블럭보다 콩콩 블럭이 더 많은 거 보이냐	0	0	1	0	0	0	0	0
내년에 끝난다	0	0	1	0	0	0	0	0
내려 내려 난 남들 것도 다 할래	0	0	1	0	0	0	0	0
내려 내려 내려 됐어	0	0	1	0	0	0	0	0
내려 이제 야 큰 배를 타자 우리가 다 왔어	0	0	0	0	0	0	0	1
내려가 내려가	0	0	0	0	0	0	0	1
내려가 봐	0	0	0	0	0	0	0	1
내려가고 그렇지 그렇지 미쳤다 이제 미쳤다 미쳤다 자기 것만 봐 자기 것만 미쳤잖아	1	0	0	0	0	0	0	0
내려가는 거야	0	0	0	0	0	0	0	1
내려가는 거인데 아 이거 한 번에 들어가도 되는데 도파리들이 미친데	0	0	0	0	0	0	0	1
내려가는데 왜 그러세요	0	0	0	1	0	0	0	0
내려가라고	0	0	0	0	0	0	0	1
내려가면 내려가면 가자	0	0	0	0	0	0	0	1
내려가야 돼 다 내려가야 돼	0	0	0	0	0	0	0	1
내려가야 될 거 같은데	0	0	0	0	0	0	0	1
내려갈 때도 뒤로 이렇게 내려갈 수 있나	0	0	1	0	0	0	0	0
내려갈게 내려갈게	0	0	1	0	0	0	0	0
내려갈게 비켜줘	0	0	0	0	0	0	0	1
내려갑니다	0	0	1	0	0	0	0	0
내려갑시다	0	0	0	0	0	0	0	1
내려놓을게 내려놓을것이 밀리지않아 밀리지않아 어떡해	0	0	0	0	0	1	0	0
내려놔야 돼	0	0	1	0	0	0	0	0
내려야 돼	0	0	1	0	0	0	0	0
내려오고 1번은 내려오고 7번 가시고 7번 살짝 오른쪽 8번이 내려야해 제가 올라감	0	0	0	0	0	0	0	1
내려오세요	0	0	0	0	0	0	0	1
내려와 내려 내려	0	0	0	0	0	0	0	1
내려와 내려와	0	0	0	0	0	0	0	1
내려와 내려와 내려와	0	0	0	0	0	0	0	1
내려와서 나 밑으로 아니 여기서 내려와서 그렇지	0	0	0	0	0	0	1	0
내려와야 돼요	0	0	0	0	0	0	0	1
내리는 거 추천	0	0	1	0	0	0	0	0
내리려고 본다	0	0	1	0	0	0	0	0
내리시겠습니까	0	0	1	0	0	0	0	0
내리실까요	0	0	1	0	0	0	0	0
내리야 오케이 오케이 이야	0	0	0	0	0	0	1	0
내만들어봐 내만들어봐	0	0	0	0	0	0	0	1
내일 휴방	0	0	0	0	0	1	0	0
내일 휴방이야	0	0	0	0	0	1	0	0
내주면 와 뭐든가 템포인가 바람쇠기 이기면 안 돼	0	0	0	0	0	1	0	0
냄비 화이팅	0	0	0	0	0	0	1	0
냉동 상어 만들어 내가 원펀치 노릴게	0	0	0	0	0	0	0	1
냉장고 좋아	0	0	0	0	0	0	1	0
냉장고인 거 아니야	0	0	1	0	0	0	0	0
너 044 어우 통쾌해	0	0	0	0	0	0	0	1
너 1등 하면 형 10만 원 받을 수 있다	0	0	1	0	0	0	0	0
너 3층 콩콩 4층 후추 가 빨리 후추 2층에 있으면 안돼	0	0	0	0	0	1	0	0
너 4대4 한번 해볼까요	0	0	0	0	0	0	0	1
너 가 죽는 거 가 너 가야 돼	0	0	0	0	0	0	0	1
너 가라고 회색 가 이고 그래	0	0	0	0	0	0	1	0
너 가만있어 내가 한다	0	0	0	0	0	0	0	1
너 가서 먹고 와	0	0	0	0	0	0	0	1
너 가지고 가	0	0	0	0	0	0	0	1
너 거기서 살아야 돼	0	0	1	0	0	0	0	0
너 골키퍼 해 [유저] [유저] 언니 골 [유저] 연호순 골 우리팀이었어	0	0	0	0	0	0	0	1
너 공 하나 도깨야	0	0	1	0	0	0	0	0
너 그냥 거기 매달려서 와	0	0	0	0	0	0	0	1
너 그렇게 막 떨려다니고	0	0	1	0	0	0	0	0
너 나 궁금하다	0	0	1	0	0	0	0	0
너 나와 어떻게 지나갈래	0	0	0	0	0	1	0	0
너 나왔니 말까	0	0	1	0	0	0	0	0
너 내 자리에서 꺾어	0	0	1	0	0	0	0	0
너 내가 크게 챙겨준다	0	0	0	0	0	0	0	1
너 내려와	0	0	0	0	0	0	0	1
너 너 너 안 쏴	0	0	1	0	0	0	0	0
너 누가 나 밀었네 파이팅 이거 누나가 누나가 내가 내가 내가 뭐하냐고 됐다	0	0	0	1	0	0	0	0
너 누구니	0	0	1	0	0	0	0	0
너 누구야	0	0	1	0	0	0	0	0
너 누구야 너 누구야	0	0	1	0	0	0	0	0
너 누군지 모르겠지만 가만히 좀 있어 야 그만	0	0	0	0	0	1	0	0
너 누나 가져	0	0	0	0	0	0	0	1
너 눈 뚜껑을 안 떠	0	0	1	0	0	0	0	0
너 눈이요	0	0	1	0	0	0	0	0
너 다시 전화 받아	0	0	1	0	0	0	0	0
너 다주 버려 빨리 발판하라고 야 [유저] [유저] 가 내가 올라가야 된다 이거지	0	0	0	0	0	0	0	1
너 닭 좋아하잖아 치킨 좋아하잖아	0	0	0	0	0	0	1	0
너 뒤져라	1	0	0	0	0	0	0	0
너 들어오기만 해 들어오기만 그렇지	0	0	0	0	0	0	1	0
너 딱 하나야	0	0	1	0	0	0	0	0
너 때문에 너 때문에 넣은 룰이야	0	0	0	1	0	0	0	0
너 뛰어서 건너가 봐	0	0	0	0	0	0	0	1
너 맵 알고있지	0	0	1	0	0	0	0	0
너 맵 알았지	0	0	1	0	0	0	0	0
너 먼저 가	0	0	0	0	0	0	0	1
너 먼저 가 이새끼야 너 먼저 가 이새끼야 가	1	0	0	0	0	0	0	0
너 몇 살이야	0	0	1	0	0	0	0	0
너 목소리가 들리는데 어떻게 괴물이냐고 말할 수가 있어	0	0	0	0	0	1	0	0
너 못 넘어오지않아 여기	0	0	1	0	0	0	0	0
너 뭐 눌렀는데	0	0	1	0	0	0	0	0
너 뭐 요가 배우니	0	0	0	0	0	0	0	1
너 뭐 했냐 너 지금	0	0	1	0	0	0	0	0
너 뭐하냐	0	0	0	1	0	0	0	0
너 뭔데 너 뭔데 나 지켜줘 야 야 대질러 빨리 빨리 아아아아아아아아 아아아아 올라가 올라가 내려가 내려가 아아 아 올라가 아 우리 2대9이야	0	0	0	0	1	0	0	0
너 밀라고 너부리 미친놈아	1	0	0	0	0	0	0	0
너 박자야	0	0	1	0	0	0	0	0
너 빨리 와 있어야 되는데 인원이 많지않아 우리 2등 맞으니까 그렇게 2등만 사자 이야	0	0	0	0	0	0	0	1
너 사과 진짜	0	0	1	0	0	0	0	0
너 새끼야 너	1	0	0	0	0	0	0	0
너 신고 가능해	0	0	0	0	0	0	0	1
너 쏴야 계속 쏴	0	0	1	0	0	0	0	0
너 아까 나 잡았지	0	0	1	0	0	0	0	0
너 아몬드가 먹었어	0	0	0	0	0	0	0	1
너 아유 그 아 좀 나와	0	0	0	0	0	0	0	1
너 아주 좋은 버스를 탄 거야	0	0	1	0	0	0	0	0
너 어 송구야	0	0	1	0	0	0	0	0
너 어디서 왔어	0	0	1	0	0	0	0	0
너 어떡해	0	0	0	0	0	1	0	0
너 어떻게 그런 쪽으로만 머리가 도냐 진짜로	0	0	0	0	1	0	0	0
너 업어줄 사람 나 좀 업어줘 볼롱 삐롱 적당히 업히다가 내려야겠다	0	0	0	0	0	0	0	1
너 여기 가만히 있어	0	0	0	0	0	0	0	1
너 여기 서있다가 점프가 되면 일로 뛰기만 해 내껀 내가 알아서 할게	0	0	0	0	0	0	0	1
너 여기지 여기서 떨어져라	0	0	1	0	0	0	0	0
너 오는 길 다 부셔	0	0	1	0	0	0	0	0
너 올라와 일단 잠깐 잠깐 네가 해 믿을 수가 없어	0	0	0	1	0	0	0	0
너 왼손이니 혹시	0	0	1	0	0	0	0	0
너 욕 박는다	0	0	1	0	0	0	0	0
너 운전자인 줄 알았는데	0	0	1	0	0	0	0	0
너 위로 갔어	0	0	1	0	0	0	0	0
너 이 [유저] 보라고하신 [유저] 이야	0	0	1	0	0	0	0	0
너 이 새끼 조는 거 아니야 회색	1	0	0	0	0	0	0	0
너 이거 너 장담할 수 있지 않았어	0	0	1	0	0	0	0	0
너 이거 한번 타봐 회색아 너 이거 한번 타봐 더 가 더 가 그냥 가 그냥 가봐	0	0	0	0	0	0	0	1
너 이리와	0	0	0	0	0	0	0	1
너 이번에는 잘해야 돼	0	0	0	0	0	0	1	0
너 일로 나와	0	0	0	0	0	0	0	1
너 장담할 수 있지 않았어	0	0	1	0	0	0	0	0
너 주인공 병 있지	0	0	1	0	0	0	0	0
너 죽일 거야	0	0	1	0	0	0	0	0
너 짐승인 거 뭐야	0	0	0	0	1	0	0	0
너 처음 봤어	0	0	1	0	0	0	0	0
너 천천히 해	0	0	0	0	0	0	0	1
너 총 잘 쏜다	0	0	1	0	0	0	0	0
너 태우고 간다 가만있어	0	0	0	0	0	0	0	1
너 피코파카 안해봤니	0	0	0	0	0	0	0	1
너 할 수 있겠어	0	0	1	0	0	0	0	0
너 혼자 어	0	0	1	0	0	0	0	0
너 혼자해	0	0	0	0	0	0	0	1
너 확실하구나	0	0	1	0	0	0	0	0
너구리 뭐야 너	0	0	0	0	1	0	0	0
너구리야 제발	0	0	1	0	0	0	0	0
너까지 떨어지면 어떡해	0	0	0	0	0	1	0	0
너네 그 서버가 없어	0	0	0	0	0	0	0	1
너네 안 떨어질 수 있냐	0	0	1	0	0	0	0	0
너네 올라갈 수 있을 거 같아	0	0	1	0	0	0	0	0
너네 올라갈 수 있을 것 같아	0	0	1	0	0	0	0	0
너네 움직이지 마	0	0	1	0	0	0	0	0
너네가 빨리 빨리 내려	0	0	0	0	0	0	0	1
너네들 너무 살벌한데	0	0	1	0	0	0	0	0
너는 가지 마	0	0	0	0	0	0	0	1
너는 거짓말 1점 2점 당신이 정답이죠	0	0	1	0	0	0	0	0
너는 계속 밟아주고 있어야 돼	0	0	1	0	0	0	0	0
너는 너무 지금 바틀빨랐다	0	0	1	0	0	0	0	0
너는 보이라고했다	0	0	1	0	0	0	0	0
너는 아 나 나 나 아 진짜 아 진짜 아니야 아니야 차 봐 차 봐	0	0	0	0	1	0	0	0
너는 우리가 다 한 다음에 가	0	0	0	0	0	0	0	1
너도 그랬구나	0	0	1	0	0	0	0	0
너도 밀지마 밀지마	0	0	1	0	0	0	0	0
너도 점프 좀 해봐라고	0	0	0	0	0	0	0	1
너도 죽어	1	0	0	0	0	0	0	0
너도 해 따라해	0	0	0	0	0	0	0	1
너도 해봐	0	0	0	0	0	0	0	1
너랑 5번이 봐줘야지	0	0	0	0	0	0	0	1
너만 움직일 수 있나 보다	0	0	1	0	0	0	0	0
너만 움직일 수 있는 것 같아	0	0	1	0	0	0	0	0
너무 궁금한데 하지마라 하지마라 저거 죽는거 같애	0	0	1	0	0	0	0	0
너무 급해	0	0	0	0	0	0	0	1
너무 급해요	0	0	0	0	0	0	0	1
너무 꼬였어	0	0	1	0	0	0	0	0
너무 끔찍했던거 뭐야	0	0	0	0	1	0	0	0
너무 낫다	0	0	1	0	0	0	0	0
너무 느려 56번 짧았다	0	0	1	0	0	0	0	0
너무 딜했으면 죽네 이거 잘쓰자	0	0	1	0	0	0	0	0
너무 딱 안맞아도 돼	0	0	0	0	0	0	1	0
너무 많이 갔다	0	0	1	0	0	0	0	0
너무 많이 밀어놓으면 나중에 밀리니까	0	0	0	0	0	0	0	1
너무 많이 밀지마	0	0	1	0	0	0	0	0
너무 많이 했나	0	0	1	0	0	0	0	0
너무 멀리 가면 죽나봐	0	0	0	0	0	0	0	1
너무 못하니까 약간 못눌리겠다	0	0	1	0	0	0	0	0
너무 못했어	0	0	1	0	0	0	0	0
너무 무겁다	0	0	1	0	0	0	0	0
너무 무서워	0	0	1	0	0	0	0	0
너무 무서워요	0	0	1	0	0	0	0	0
너무 무서웠어	0	0	1	0	0	0	0	0
너무 무슨	0	0	1	0	0	0	0	0
너무 미시는 거 아니에요	0	0	1	0	0	0	0	0
너무 보고하면 늦어 보고하면 늦어	0	0	1	0	0	0	0	0
너무 붙지 마	0	0	1	0	0	0	0	0
너무 빨라	0	0	1	0	0	0	0	0
너무 빨리 가면 안 된다	0	0	0	0	0	0	0	1
너무 빨리 갔어	0	0	0	0	0	0	0	1
너무 빨리 안돼	0	0	0	0	0	1	0	0
너무 빨리 안돼 그만 그만 그만 보라고하야 보라야 보라야 빨리 와 비켜 [유저] 야 비켜 [유저] 올라가 이제 [유저] 올라가 [유저] 올라가 공열이가 공열이가 공열이가 먹어 잠시만 잠시만 아 꼈어	0	0	0	0	0	1	0	0
너무 빨리 쳤어	0	0	0	0	0	0	0	1
너무 뻔해	0	0	0	0	0	0	0	1
너무 쉬운데	0	0	1	0	0	0	0	0
너무 쉽다	0	0	1	0	0	0	0	0
너무 쉽잖아	0	0	1	0	0	0	0	0
너무 쉽지않아 개쉽네	0	0	1	0	0	0	0	0
너무 스테미나도 빨리 따는 거 같아요	0	0	0	0	0	0	0	1
너무 신중하지않아	0	0	1	0	0	0	0	0
너무 심해 양틴 공 주지마	0	0	0	0	0	0	0	1
너무 안 하긴 했어	0	0	1	0	0	0	0	0
너무 어두운데	0	0	1	0	0	0	0	0
너무 어려운데	0	0	1	0	0	0	0	0
너무 어려워	0	0	1	0	0	0	0	0
너무 엄청나지	0	0	1	0	0	0	0	0
너무 열이 받아서 그만	0	0	0	0	0	1	0	0
너무 왼쪽에선 덥다	0	0	1	0	0	0	0	0
너무 웃겨	0	0	1	0	0	0	0	0
너무 웃기네 못해본 게임도 있긴 한 것 같은데 이거 축구 재밌을터인데 축구는 언젠가 다음에 반응이 좋으면 축구 다음 영상에서 만나요	0	0	0	1	0	0	0	0
너무 익숙하지 해	0	0	0	0	0	0	0	1
너무 잘 불렀나	0	0	1	0	0	0	0	0
너무 잘됐잖아	0	0	1	0	0	0	0	0
너무 잘하고 너무 잘하잖아	0	0	1	0	0	0	0	0
너무 잘한다	0	0	0	0	0	0	1	0
너무 잘해	0	0	0	0	0	0	1	0
너무 잘해 천천히 가 한 분에게만 얘기해야지	0	0	0	0	0	0	1	0
너무 잘했다고	0	0	0	0	0	0	1	0
너무 잡힌다 자리가 없어 자리가 없어 나 비킬래 나 비킬래 나 갈래 나 갈래 나와 나와 나와 끌어주면 돼 [유저] 혹시 이거 놔줄 수 있어	0	0	0	0	0	0	0	1
너무 재밌다	0	0	1	0	0	0	0	0
너무 조심성 없어	0	0	0	0	0	0	0	1
너무 졸려	0	0	1	0	0	0	0	0
너무 졸려요	0	0	1	0	0	0	0	0
너무 좋고 재밌다	0	0	1	0	0	0	0	0
너무 좋다	0	0	0	0	0	0	1	0
너무 좋습니다	0	0	1	0	0	0	0	0
너무 좋아	0	0	0	0	0	0	1	0
너무 좋아요	0	0	0	0	0	0	1	0
너무 좋았어요	0	0	0	0	0	0	1	0
너무 집중하셨네	0	0	1	0	0	0	0	0
너무 집중하지는 거 아니에요	0	0	1	0	0	0	0	0
너무 짧은데	0	0	1	0	0	0	0	0
너무 쪼금이라	0	0	1	0	0	0	0	0
너무 피곤해	0	0	0	0	0	1	0	0
너무 하죠	0	0	1	0	0	0	0	0
너무 해보고 싶었어	0	0	0	0	0	0	0	1
너무 행복하다 통나무를 여기다 올려버려 그렇지 그렇지 하나 더 쏴야 될 거 같은데	0	0	0	0	0	0	1	0
너무 화가 나	0	0	0	0	0	0	0	1
너무 화가 나잖아요	0	0	0	0	0	0	0	1
너보단 좋아 수트야	0	0	0	0	0	0	1	0
너부라 올라가	0	0	0	0	0	0	0	1
너블이 너는 학습 능력이 없냐	0	0	1	0	0	0	0	0
너블이가 움직여	0	0	0	0	0	0	0	1
너야 7번 7번 고고 고고 1번 1번 오케이 이즈이 1번 왜 안움직여 먹어요	0	0	0	0	0	0	1	0
너와 같이	0	0	0	0	0	0	0	1
너저라 진짜 야 저거 공감성 신경을 내가 아니래	0	0	0	0	0	0	0	1
너희 거기 맞아	0	0	0	0	0	0	1	0
너희 둘이 잘해야 돼	0	0	0	0	0	0	1	0
너희 쭉쭉 가	0	0	0	0	0	0	0	1
너희들 그림자로 봐 태양아 태양아 그림자를 보면서 움직여 그림자 보면은 공이 날아오는 거지	0	0	0	0	1	0	0	0
너희들 맨날 올리는 거 알지	0	0	1	0	0	0	0	0
너희들이 선택한 피쿠파크다	0	0	1	0	0	0	0	0
너희들이 엄청난 팀웍을 발휘해서	0	0	0	0	0	0	0	1
넌 3층이잖아	0	0	1	0	0	0	0	0
넌 내꺼야	0	0	1	0	0	0	0	0
넌 누구지	0	0	1	0	0	0	0	0
넌 다 하고 싶어 하지않아 욕심쟁이야	0	0	1	0	0	0	0	0
넌 무조건 안 내려	0	0	1	0	0	0	0	0
넌 사람 아니잖아	0	0	1	0	0	0	0	0
넌 올라오고	0	0	1	0	0	0	0	0
넌 원래 까불이잖아	0	0	1	0	0	0	0	0
넌 정답을 보게 될 거야	0	0	1	0	0	0	0	0
넌 죽었잖아	0	0	0	0	0	1	0	0
널 없애버리겠어	0	0	1	0	0	0	0	0
넘겨 넘겨 버려 버려	0	0	1	0	0	0	0	0
넘겨 넘겨 빨리 넘겨	0	0	0	0	0	0	0	1
넘겨 넘겨 연호대가리 그렇지	0	0	0	0	0	0	1	0
넘겨 왜 안가	0	0	0	0	0	0	0	1
넘겨 일단 넘겨	0	0	1	0	0	0	0	0
넘어가 계속	0	0	0	0	0	0	0	1
넘어가 그냥 맞으면서 넘어가	0	0	0	0	0	0	0	1
넘어가 넘어가 뒤로 넘어가야 돼	0	0	0	0	0	0	0	1
넘어가 넘어가고 한 명이 밀어놔 어이 시발 열쇠가 어디있어	1	0	0	0	0	0	0	0
넘어가고 거의 좀 끝자락 직전에 너무 끝자락은 말고 거기서 멈출게	0	0	0	0	0	0	0	1
넘어가도 돼	0	0	0	0	0	0	0	1
넘어가라고 넘어가라고 움직여 이미 하바리아다 다 움직일것이 레전드 뒤로 넘어가라고 이렇게 아 오지 말라고 [유저] 가지마	0	0	0	0	0	0	0	1
넘어가면 되겠다	0	0	0	0	0	0	0	1
넘어가서 빨리 밟아줘야돼 버튼 밟아줘야돼 밟아줘야돼	0	0	0	0	0	0	0	1
넘어가시고 앞에서 2명 만들어주고 넘어가세요	0	0	0	0	0	0	0	1
넘어갈 때 머리 안 붙이겠어	0	0	1	0	0	0	0	0
넘어갈 수 있어요	0	0	1	0	0	0	0	0
넘어와 그냥 됐다	0	0	0	0	0	0	0	1
넘어와 우리가 다 일로 넘어와 아 잠깐 저거 저거 영채가 좀 더 밀었어야 되는 거 같은데 지금 아니 이걸 3번이 미셈	0	0	0	0	0	0	0	1
넣고 넣고 넣고	0	0	1	0	0	0	0	0
네 1단계 이어 됐다 아아아아 내 머리 밟지 마셈	0	0	0	0	1	0	0	0
네 1번 저 엑스틸 있나요	0	0	1	0	0	0	0	0
네 3번님 이거 이거 4번이 밀고요	0	0	1	0	0	0	0	0
네 MVP 되는지 볼것이 오케이 콩콩은 할 수 있을걸	0	0	0	0	0	0	1	0
네 [유저] 가 신규 테마가 나왔다고 해서 녹화를 켜봤습니다	0	0	0	0	0	0	0	1
네 거기까진 괜찮아요	0	0	1	0	0	0	0	0
네 고리를 통과하면 되나봐요	0	0	0	0	0	0	0	1
네 과연 좋을까요	0	0	1	0	0	0	0	0
네 괜찮습니다	0	0	1	0	0	0	0	0
네 그 옆엔 누구세요	0	0	1	0	0	0	0	0
네 끌게요	0	0	1	0	0	0	0	0
네 내가 지금 병원에다 전화했나요	0	0	0	0	0	0	0	1
네 네 네	0	0	1	0	0	0	0	0
네 누구시죠	0	0	1	0	0	0	0	0
네 됐어요	0	0	1	0	0	0	0	0
네 뒤로 가 놓고 걸어요	0	0	0	0	0	0	0	1
네 들려요	0	0	1	0	0	0	0	0
네 마음 내 마음 두구두구 눌렁눌렁 쿵쿵 독에 걸렸노 독에 걸렸노 아름다운 육하라 독에 걸렸노 속에 걸린 뭐	0	0	1	0	0	0	0	0
네 마이크 꺼주세요	0	0	1	0	0	0	0	0
네 말이에요	0	0	1	0	0	0	0	0
네 매우 그래서 나왔어요	0	0	0	0	0	0	1	0
네 몇 살	0	0	1	0	0	0	0	0
네 목소리도 들려요	0	0	1	0	0	0	0	0
네 밀어주세요	0	0	0	0	0	0	0	1
네 반갑습니다	0	0	1	0	0	0	0	0
네 반년만에 돌아와도 어김없이 1등하고 돌아온다는 말씀드리면서 업기 기능이 업데이트 됐으니까 여러분 친구들이나 연인과 함께 네	0	0	0	0	0	0	0	1
네 빌어봐요 빌어봐요	0	0	0	0	0	0	0	1
네 사과 따위	0	0	1	0	0	0	0	0
네 사료값을 어떻게 버는지 나한테 감사함을 느낄거야	0	0	0	0	0	1	0	0
네 수고하셨습니다	0	0	1	0	0	0	0	0
네 아 아니에요	0	0	1	0	0	0	0	0
네 아 좀 좁네 누구 때문에 몇 개 진짜로 근데 내 것이 좀 커 그래 제 큰 애 이자 정원이 네가 두 개 한 번 굴려볼래	0	0	0	0	1	0	0	0
네 아 화 안 났어요 왜요	0	0	1	0	0	0	0	0
네 아니 진짜 진짜 진짜 여자야	0	0	1	0	0	0	0	0
네 아니다	0	0	1	0	0	0	0	0
네 알겠습니다	0	0	1	0	0	0	0	0
네 여기 아래 있음	0	0	1	0	0	0	0	0
네 여기서 이 친구 잡아주면서 점프 이자 저 친구 죽었어요	0	0	0	0	0	1	0	0
네 예 알겠지	0	0	1	0	0	0	0	0
네 오늘 깔하고 가세요	0	0	0	0	0	0	0	1
네 오늘 이렇게 [유저] 협동게임 개나져버린 [유저] 해봤습니다	0	0	0	0	0	0	0	1
네 오케이 그거는 현황으로 다음 2부로 갈게요	0	0	0	0	0	0	1	0
네 우리 멤버가 굉장히 화려한데 그 전에 윤유님	0	0	0	0	0	0	0	1
네 우리 사실 오늘 게임이 굉장히 어렵다고 해서 하다가 저희 사이가 나빠질 것을 고려 잘하는 친구들로 모았습니다	0	0	0	0	0	0	0	1
네 이렇게 저희 6명이 모였습니다	0	0	1	0	0	0	0	0
네 이름을	0	0	1	0	0	0	0	0
네 이제 좀	0	0	1	0	0	0	0	0
네 인정합니다	0	0	1	0	0	0	0	0
네 자 1번에 1번에 자 2번에 갈까	0	0	1	0	0	0	0	0
네 자 누구시죠	0	0	1	0	0	0	0	0
네 자 밟고 한명씩 그 다음 주황색 내가 넘어가	0	0	0	0	0	0	0	1
네 자 방금 보셨죠	0	0	1	0	0	0	0	0
네 자 이것이 뭐야	0	0	0	0	1	0	0	0
네 자 이렇게 모였습니다	0	0	1	0	0	0	0	0
네 잘 빨게요	0	0	1	0	0	0	0	0
네 저 침추했어요 보냈어요	0	0	1	0	0	0	0	0
네 점심을 많이 먹었습니다	0	0	1	0	0	0	0	0
네 제가 제대로 알게요	0	0	0	0	0	0	0	1
네 좋아요	0	0	0	0	0	0	1	0
네 좋았습니다	0	0	1	0	0	0	0	0
네 총알을	0	0	1	0	0	0	0	0
네 총알을 막잖아	0	0	1	0	0	0	0	0
네 퀴즈 아 들어가세요	0	0	0	0	0	0	0	1
네 피곤하신 분들 고생하셨습니다	0	0	0	0	0	1	0	0
네 피곤하실 것 같으니까 출근해서 하는 거예요	0	0	0	0	0	1	0	0
네 하나 둘 셋 점프 살짝 앞으로 앞으로 앞으로 이거 살짝 가야돼	0	0	0	0	0	0	0	1
네 하하 선물방 이 새끼 이 새끼 또 나한테만 그러네	1	0	0	0	0	0	0	0
네 한 명씩만 가자고 아오니님부터 움직여	0	0	0	0	1	0	0	0
네 훔치기가 아니고요 아 님들 이거 왼쪽으로 가는것이 맞습니다	0	0	0	0	0	0	0	1
네가 D의 입장을 이제 알겠지	0	0	0	0	0	0	0	1
네가 갔다 와	0	0	0	0	0	0	0	1
네가 나무를 잘 타는구나	0	0	0	0	0	0	0	1
네가 더 와야 된다고	0	0	0	0	0	0	0	1
네가 뒤로 갔잖아	0	0	0	0	0	0	0	1
네가 든든할까	0	0	0	0	0	0	0	1
네가 막을 수 있고 싶다고 해서 할 수 있는 것이 아닌 것 같은데	0	0	0	0	0	0	0	1
네가 맨 앞에 있으려면 왜 못 쏴	0	0	0	0	0	0	0	1
네가 몇 줄 남았어	0	0	0	0	0	0	0	1
네가 빨고 있었어	0	0	0	0	0	0	0	1
네가 선장이야 끝	0	0	0	0	0	0	0	1
네가 안 사는 거였으면 참 쉬웠겠지	0	0	0	0	0	0	0	1
네가 올라가	0	0	0	0	0	0	0	1
네가 잘했어	0	0	0	0	0	0	1	0
네가 제일 XX했어	0	0	0	0	0	0	0	1
네가 키포인트에요	0	0	0	0	0	0	0	1
네가 할 말이 아니라니까	0	0	0	0	0	0	0	1
네가 해줘 나 자신이 없었어	0	0	0	1	0	0	0	0
네가 형한테 와가지고 [유저] 의 사람한테 욕했잖아	0	0	0	0	0	0	0	1
네게로 간다	0	0	1	0	0	0	0	0
네네 들려	0	0	1	0	0	0	0	0
네네 오오오오오오오 잠깐잠깐잠깐다리가 왜왜왜왜 이거잘뻔햇다 와 [유저] 다리였어	0	0	0	0	0	0	0	1
네네 좋습니다	0	0	1	0	0	0	0	0
네네 확인했구요	0	0	1	0	0	0	0	0
네네네네 여자 몇 살	0	0	1	0	0	0	0	0
네네네네 좀 더 올라오면 완벽하게 올라오면 여기까지 올라갈 수 있구나	0	0	1	0	0	0	0	0
네네네네네네	0	0	1	0	0	0	0	0
네넹톤 출격	0	0	1	0	0	0	0	0
네넹톤은 전대	0	0	1	0	0	0	0	0
네모 대가리 움직여	0	0	0	0	0	0	0	1
네모 어디 있는지 기억하는 사람	0	0	1	0	0	0	0	0
네모 어디 있었어 네모	0	0	1	0	0	0	0	0
네모난 셔츠에 네모난 잠깐만 빼	0	0	0	0	0	0	0	1
네모는 어디 있어	0	0	1	0	0	0	0	0
네모만 움직이자	0	0	1	0	0	0	0	0
네모있는 부분에서 직진만 하면 돼요	0	0	1	0	0	0	0	0
노란색 4번 [유저] 형 노랑 [유저] 5번 분홍 [유저] 6번 회색 [유저] 형 7번 [유저] [유저] 8번 똥색 월량이형 어	1	0	0	0	0	0	0	0
노란색 [유저] 입니다	0	0	1	0	0	0	0	0
노란색 거기 왜 여기 뭐 노란색 열쇠 먹을라고	0	0	1	0	0	0	0	0
노란색 내려봐	0	0	0	0	0	0	0	1
노란색 막아	0	0	1	0	0	0	0	0
노란색 발판까지 갈꺼에요	0	0	1	0	0	0	0	0
노란색 올라와봐	0	0	0	0	0	0	0	1
노란색 이 새끼 몽둥이 가져와	1	0	0	0	0	0	0	0
노란색 정신 차려	0	0	1	0	0	0	0	0
노란색 초록색	0	0	1	0	0	0	0	0
노란색하고 먹고 와 노란색하고 먹고 와	0	0	0	0	0	0	0	1
노랑 노란색 많다	0	0	1	0	0	0	0	0
노랑 노랑 노랑 아니 왜 더 맞았어	0	0	1	0	0	0	0	0
노랑 주황 초록	0	0	1	0	0	0	0	0
노랑아 점프해봐	0	0	0	0	0	0	0	1
노랑이 너무 불안해	0	0	0	0	0	0	0	1
노랑이 멈춰기야	0	0	0	0	0	0	0	1
노렸지 이 새끼	1	0	0	0	0	0	0	0
노린이 일부러 그러지 좀 말라고해 일부러 좀 야 저번에도 깨다가 뭐라고했어	0	0	0	0	0	0	0	1
노약자 성은 저쪽인데 아 뭐야	0	0	0	0	1	0	0	0
노예의 반란 [유저] [유저] 애기 버림받았어	0	0	1	0	0	0	0	0
놀래서 안 돼요	0	0	0	0	0	1	0	0
높이가 열쇠 통과하지 않을까요	0	0	0	0	0	0	0	1
놔 놔 놔라 했다 형이 아 진짜	0	0	0	0	1	0	0	0
놔 이 새끼야	1	0	0	0	0	0	0	0
놔둬 놔둬 놔둬 비켜 공룡아 비켜 올라가 형 올라가야돼	0	0	0	0	0	0	0	1
놔라 이씨 걔 죽어 이 새끼야	1	0	0	0	0	0	0	0
놔봐 윤녀 아 둘이 뭐해	0	0	0	1	0	0	0	0
뇸뇸뇸뇸뇸뇸뇸뇸뇸 움직여 [유저] 이가 움직여야해 그렇지 기다려 기다려 천천히 가운데 가운데 안 바뀌어	0	0	0	0	0	0	1	0
누가 [유저] 해 아니 잘못 눌렀어	0	0	0	1	0	0	0	0
누가 나한테 먹였는데	0	0	0	0	0	0	0	1
누가 내가 딴다	0	0	0	0	0	0	0	1
누가 던졌어	0	0	0	0	0	0	0	1
누가 떼봐	0	0	0	0	0	0	0	1
누가 먼저 가냐	0	0	0	0	0	0	0	1
누가 밀었으	0	0	0	0	0	0	0	1
누가 벌칙을 입었어	0	0	0	0	0	0	0	1
누가 설치 늦게 하래요	0	0	0	0	0	0	0	1
누가 아 안 돼	0	0	0	0	0	1	0	0
누가 아까 싸우라고 했어	0	0	0	0	0	0	0	1
누가 안 앉아	0	0	0	0	0	0	0	1
누가 여기서 말을	0	0	0	0	0	0	0	1
누가 우리 못 이겨도 빨간색은 빨간색 죽여야 돼 빨간색 죽여야 돼	0	0	0	0	0	0	0	1
누가 우리 팀인지 모르겠는데	0	0	0	0	0	0	0	1
누가 우리집 와서 이것 좀 해줄 사람	0	0	0	0	0	0	0	1
누가 움직여	0	0	0	0	0	0	0	1
누가 움직일래	0	0	0	0	0	0	0	1
누가 웃은거야	0	0	0	0	0	0	0	1
누가 이 땅으로 게이지 관리하냐	0	0	0	0	0	0	0	1
누가 이걸 못 해	0	0	0	0	0	0	0	1
누가 이길 거야	0	0	0	0	0	0	0	1
누가 이길지 모릅니다	0	0	0	0	0	0	0	1
누가 이래 저 새끼가 저 S가 그랬어	1	0	0	0	0	0	0	0
누가 죽었냐	0	0	0	0	0	1	0	0
누가 죽었어	0	0	0	0	0	1	0	0
누가 죽었죠	0	0	0	0	0	1	0	0
누가 틀려	0	0	0	0	0	0	0	1
누가 틀렸냐	0	0	0	0	0	0	0	1
누가 파란색 움직일지 생각해야 돼	0	0	0	0	0	0	0	1
누가 한명이 커지는거야	0	0	0	0	0	0	0	1
누가 할 거야	0	0	0	0	0	0	0	1
누가야 누가 가짜인데	0	0	0	0	0	0	0	1
누구 강퇴할지 자 가자 통 통 통 비켜주고 그렇지	0	0	0	0	0	0	1	0
누구 누구 누구 이오소리	0	0	1	0	0	0	0	0
누구 대가리가 돌 대가리인가	0	0	0	0	0	0	0	1
누구 한 명이 안 보면 옆으로 간 다음에 옆으로 간 다음에 내려가게 하면 되잖아	0	0	0	0	0	0	0	1
누구부터 버텨줘야 되나	0	0	1	0	0	0	0	0
누군가는 처음부터 다시야 어 한 번에서부터 위에 있어야 된다	0	0	0	0	0	0	0	1
누군가의 방해가 처음부터 있었어	0	0	0	0	0	0	0	1
누군지 모르겠다	0	0	1	0	0	0	0	0
누군지 모르겠지만 [유저]	0	0	1	0	0	0	0	0
누굴 견제해야 되죠	0	0	0	0	0	0	0	1
누굴려고 하시냐	0	0	1	0	0	0	0	0
누나 가만히 있어도 될 것 같은데	0	0	0	0	0	0	0	1
누나 가자 가자	0	0	0	0	0	0	0	1
누나 가자 가자 가자 이대로 가 이대로 가 이대로 갈 수 있어서 이대로 갈 수 있으니 흔취가 이것이 최선인 것 같아 흔취 진짜 너무한다	0	0	0	0	0	0	0	1
누나 괜찮아요	0	0	1	0	0	0	0	0
누나 누나 거기 구멍에 뱉어봐요	0	0	0	0	0	0	0	1
누나 누나 누나 가요 도끼야 도망가 안녕 [유저] 야 우리 올라가자 열심히 올라가자 우리 살자 살자 형 그냥 일단 올라가자 우리 올라가자 기다려봐 올라가자 넌 못가	0	0	0	0	0	0	0	1
누나 누나 누나 걸어라 으악 걸어라	0	0	0	0	1	0	0	0
누나 마지막이라고 말하지 말고 그냥 딱 끝내고 나서 애들아 다음에 하자라고 말해줬을 것 같은데요	0	0	0	0	0	0	0	1
누나 망치 들어	0	0	1	0	0	0	0	0
누나 먼저 가실래요	0	0	0	0	0	0	0	1
누나 미안해	0	0	0	0	0	0	0	1
누나 보냈어	0	0	1	0	0	0	0	0
누나 비행기 마렵네	0	0	1	0	0	0	0	0
누나 생겨	0	0	1	0	0	0	0	0
누나 생겨 영원아	0	0	1	0	0	0	0	0
누나 아 왜 안 열려	0	0	1	0	0	0	0	0
누나 여기 빈 구멍 메꿀게요	0	0	1	0	0	0	0	0
누나 영환이가 칭찬해달래	0	0	0	0	0	0	0	1
누나 오늘 적목 가능	0	0	0	0	0	0	0	1
누나 올라갔음	0	0	1	0	0	0	0	0
누나 왼쪽 가셔야 돼요	0	0	0	0	0	0	0	1
누나 우리 [유저] 야	0	0	1	0	0	0	0	0
누나 이거 하루에 하나씩만 하죠	0	0	1	0	0	0	0	0
누나 저거 못 먹었어요	0	0	1	0	0	0	0	0
누나 저기 빈곤 막아주세요	0	0	1	0	0	0	0	0
누나 죽는다 누나 어떻게 구해줘야돼	0	0	0	0	0	1	0	0
누나 한번만 살려줄래	0	0	1	0	0	0	0	0
누나 화이팅 당근의 자존심이 이걸 허락하지 못한다	0	0	0	0	0	0	1	0
누나가 머리로 막아봐 그 길을 내가	0	0	0	0	0	0	0	1
누나는 AB7 누나는 패턴이 이상하네	0	0	1	0	0	0	0	0
누나는 어떻게 해야 되는 거야	0	0	0	0	0	1	0	0
누르고 방에 안 살게요	0	0	1	0	0	0	0	0
누르고 와가지고 먹는 거네	0	0	0	0	0	0	0	1
누르고 있어 봐	0	0	0	0	0	0	0	1
누르고 있어도 되네	0	0	1	0	0	0	0	0
누르고 있어봐	0	0	0	0	0	0	0	1
누르고 있어야 돼	0	0	1	0	0	0	0	0
누르고 있으면 돼요	0	0	1	0	0	0	0	0
누르면 트램펄링이 되는 거구나	0	0	1	0	0	0	0	0
누르지 마	0	0	1	0	0	0	0	0
누르지 말라고 적혀있는데	0	0	1	0	0	0	0	0
누르지 말래	0	0	1	0	0	0	0	0
눈 구라 히히히히히 아	0	0	1	0	0	0	0	0
눈 깔았으니까 봐준다	0	0	0	0	0	0	0	1
눈꽃님 죄송한데 전데요	0	0	1	0	0	0	0	0
눈꽃도 3층에 있어	0	0	1	0	0	0	0	0
눈꽃문 열어 열쇠를 오랜만에 집어서 문여는 법을 몰라 하하하하하 열쇠를 오랜만에 집어서 문여는 법을 몰라 왜 다 눈감고 있냐	0	0	0	0	0	0	0	1
눈꽃은 가만히 있어야 돼	0	0	0	0	0	0	0	1
눈꽃이 선행위를 하다봐	0	0	0	0	0	0	0	1
눈꽃이가 내려와야 되겠는데	0	0	0	0	0	0	0	1
눈꽃형 한 명만 커버해 줘 좋아	0	0	0	0	0	0	1	0
눈부시니까 후레쉬 준비 좀 해봐	0	0	0	0	0	0	0	1
눈에 보면 좀 짧아도 될 거 같은데	0	0	1	0	0	0	0	0
눈을 감는다 범인은 아니 혜빈아 점프하면 도원이가 눈 감는다 도원이	0	0	0	0	0	0	0	1
눌러야 되는 거 같은데	0	0	0	0	0	0	0	1
눌러주시면 좋아요	0	0	0	0	0	0	1	0
눌러줘야 돼	0	0	0	0	0	0	0	1
눌럴수가 없는데	0	0	0	0	0	0	0	1
느낌 없으면 한 번 돌아가고 그렇지	0	0	0	0	0	0	1	0
느낌 왔지	0	0	1	0	0	0	0	0
느낌대로 가	0	0	0	0	0	0	0	1
느낌이 3학년 1반 어 뭐야	0	0	0	0	1	0	0	0
느낌이 내 기분이 그래 1등 할 것 같네	0	0	0	0	0	0	1	0
느낌이 딱 이런거였어	0	0	1	0	0	0	0	0
느낌있다 멈춘것이 해야 돼	0	0	0	0	0	0	0	1
느낌표가 아까부터 있었는데 뚫을 수가 없네	0	0	0	0	0	0	0	1
는데 아 여기서 끝낼 수 없지	0	0	1	0	0	0	0	0
늘 따기 분들 왜 그러실까	0	0	0	1	0	0	0	0
늘리지 마요	0	0	1	0	0	0	0	0
늙은아 꺼져	1	0	0	0	0	0	0	0
능숙해졌어	0	0	0	0	0	0	0	1
늦게 가가지고 못 간 거구만	0	0	0	0	0	0	0	1
늦게도 쉬워 보인다	0	0	1	0	0	0	0	0
니 눈이 이렇게 사람을 칠생각을 안하니까 뭐지	0	0	1	0	0	0	0	0
니 연말에 솔로로 있으려 그래	0	0	0	0	0	0	1	0
니 화장실 가면은 오 다주언니 어 밀어 밀어 밀어 에 먹고 올 사람	0	0	0	0	0	0	0	1
니가 너보다 살짝 왼쪽 빼	0	0	0	0	0	0	0	1
니가 다 아는 계판이다 이거 그치	0	0	0	0	0	0	1	0
니가 다쳐야지 [유저] 씨 이자 고마워 고마워 살려줘 살려줘 깜짝이야 살려줘 살려줘 최선을 다했다	0	0	0	0	0	0	1	0
니가 때려도 소용없다	0	0	0	0	0	0	0	1
니가 먹어야지 다른 사람 움직이도 말고 나와봐	0	0	0	0	0	0	0	1
니가 먹으라고 니가 먹어야지	0	0	0	0	0	0	0	1
니가 몸이야	0	0	0	0	0	0	0	1
니가 뭐 나보다 더 화 안낼 수 있을 것 같아	0	0	0	0	0	0	0	1
니가 안 비키면 안 되잖아	0	0	0	0	0	0	0	1
니가 양띵하지	0	0	0	0	0	0	0	1
니가 왔어	0	0	0	0	0	0	0	1
니가 쳐줘야지 내게 바뀌어	0	0	0	0	0	0	0	1
니가 한다고하며 저것도	0	0	0	0	0	0	0	1
니가 해냈다	0	0	0	1	0	0	0	0
니네 야 니네 니네 이러면 너무 노잼이잖아	0	0	1	0	0	0	0	0
니네 어우 진짜 지하 성격 끝판왕 어우 진짜 답답해	0	0	0	0	0	0	0	1
니네가 먹고 와야돼	0	0	0	0	0	0	0	1
니네가 우리가 가운데서 막을것이 최대한 야 이거 방패가 하는 일이 다인거 같은데	0	0	0	0	0	0	0	1
니도 해봐 넘어갈 수 있다	0	0	0	0	0	0	0	1
니들 일로와	0	0	0	0	0	0	0	1
니들도 별로야	0	0	1	0	0	0	0	0
니들은 니들이 별로지	0	0	1	0	0	0	0	0
니들이 넘어와야지	0	0	0	0	0	0	0	1
니들이 제 거 이미 누를 거 아니까	0	0	1	0	0	0	0	0
니어니어니어니어니어니어니어니어니어	0	0	1	0	0	0	0	0
니은짜리로	0	0	1	0	0	0	0	0
닉으로 변하고 나 막 사운드 두 번 겹쳐서 들리고 막 이래	0	0	1	0	0	0	0	0
님 안녕하세요	0	0	0	0	0	0	0	1
님 죽으세요	0	0	1	0	0	0	0	0
님들 Md들 너 붕대 바로 감아야되거든요	0	0	1	0	0	0	0	0
님들 누구 다치면은 이거 붕대 챙겨야겠다	0	0	1	0	0	0	0	0
님들 로프를 해서 내려오든지 해봐요	0	0	0	0	0	0	0	1
님들 뭐하	0	0	1	0	0	0	0	0
님들 여기로 오세요	0	0	0	0	0	0	0	1
님들 예에 어 조심하고 갑자기 쭉 떨어지면 안 되고 오우 잘한다 잘한다 제가 왕년에 다람쥐였거든요	0	0	0	0	0	0	1	0
님들 이건데 내가 보기엔 이거는 정말 진짜 수치심 [유저] 이야	0	0	0	0	0	0	0	1
님들 이제 이쪽으로 한번 가보시죠	0	0	0	0	0	0	0	1
님들 저 만세하고 있어요	0	0	1	0	0	0	0	0
님들 저 성기에 찔려	0	0	1	0	0	0	0	0
님들 조심하세요	0	0	0	0	0	0	0	1
님들아 이리로 오세요	0	0	0	0	0	0	0	1
다 12345678 다 있는데	0	0	1	0	0	0	0	0
다 가만히 있는거 개 웃겨	0	0	0	0	0	0	0	1
다 가면 안 돼	0	0	0	0	0	1	0	0
다 가면 안 돼 고생해 많이 써주시고 아 이거 계속 밟아주고 올라가야 되는데 다 가면 안 돼	0	0	0	0	0	1	0	0
다 가면 안돼	0	0	0	0	0	1	0	0
다 가보니까	0	0	0	0	0	0	0	1
다 가진 다음에 내가 해	0	0	0	0	0	0	0	1
다 같이 앞으로 가서 떨어질 땐 좀 화났어	0	0	0	0	0	0	0	1
다 같이 점프해서 맞게 해야 돼	0	0	0	0	0	0	0	1
다 같이 탑 쌓는 거 아닌 거 같아	0	0	0	0	0	0	0	1
다 같이 하게 해놨냐	0	0	0	0	0	0	0	1
다 그리로 가는 거였어	0	0	0	0	0	0	0	1
다 깨야되나 봐 블록 그냥 자기 앞에 있는 거 쳐 야야 공 저거 진다	0	0	0	0	0	0	0	1
다 끝났다	0	0	0	0	0	1	0	0
다 끝으로 다 있는 거 못 당겨 붙이면 돼 붙이면 돼 붙이면 돼	0	0	0	0	0	0	0	1
다 끝으로 붙이면 돼	0	0	1	0	0	0	0	0
다 내려가야 돼	0	0	0	0	0	0	0	1
다 내려가야 돼 다 내려가야 돼	0	0	0	0	0	0	0	1
다 내려오세요	0	0	0	0	0	0	0	1
다 내려와 있다가 점프까지만	0	0	0	0	0	0	0	1
다 내려와야 돼	0	0	0	0	0	0	0	1
다 내려와요	0	0	0	0	0	0	0	1
다 내리면 딱	0	0	1	0	0	0	0	0
다 넘어가세요	0	0	0	0	0	0	0	1
다 넘어오고 다 넘어오고 여기 사이 들어가고 네 잠깐만 이제 여기가 문제야	0	0	0	0	0	0	0	1
다 넘어와	0	0	0	0	0	0	0	1
다 네 잘못이니까	0	0	0	1	0	0	0	0
다 눌러야 돼	0	0	0	0	0	0	0	1
다 눌러야 되는거 같은데	0	0	0	0	0	0	0	1
다 다 다	0	0	1	0	0	0	0	0
다 다리가 돼서 아 좋은 생각이다	0	0	0	0	0	0	0	1
다 던져 드릴게요	0	0	1	0	0	0	0	0
다 뒤보고 있으면 되잖아	0	0	1	0	0	0	0	0
다 뒤졌어	0	0	1	0	0	0	0	0
다 들려 다 들려	0	0	1	0	0	0	0	0
다 들은 Under 혹시 몇 개는 돌리지 말까	0	0	1	0	0	0	0	0
다 떨어져야 될 것 같아 7번까지 떨어져 7번 [유저] [유저] 됐어요	0	0	1	0	0	0	0	0
다 맞고 가면 어떡해	0	0	0	0	0	1	0	0
다 맞았다 안 돼	0	0	0	0	0	1	0	0
다 먹어야 되나봐	0	0	0	0	0	0	0	1
다 먹어야 되나봐 빨리빨리 야 이쪽으로 같이 와줘	0	0	0	0	0	0	0	1
다 먹었어요	0	0	1	0	0	0	0	0
다 민 사람은 옆으로 나와야 돼	0	0	0	0	0	0	0	1
다 밀고 가자	0	0	0	0	0	0	0	1
다 바꿔야 돼	0	0	1	0	0	0	0	0
다 바로 쏴 바로 쏴 나 다 다 부숴 야 위에 위에 위에 막 쏴	0	0	1	0	0	0	0	0
다 밟고 밟으면 초가 늘어나니까 다 밟고 찾아가야 돼	0	0	0	0	0	0	0	1
다 밟아 다 밟아 잘 봐요	0	0	0	0	0	0	0	1
다 밟아 하나씩	0	0	1	0	0	0	0	0
다 보고있죠	0	0	1	0	0	0	0	0
다 봐도 되죠	0	0	0	0	0	0	0	1
다 부수자 좀	0	0	1	0	0	0	0	0
다 부시자 좀	0	0	1	0	0	0	0	0
다 불렀다	0	0	1	0	0	0	0	0
다 붙어있자 우리 이야	0	0	1	0	0	0	0	0
다 붙이면 돼	0	0	1	0	0	0	0	0
다 붙지 말라고 바싹 붙지 말라고 아니 6번 새치기 하지 마세요	0	0	1	0	0	0	0	0
다 써버려	0	0	1	0	0	0	0	0
다 어디갔어	0	0	1	0	0	0	0	0
다 여기로	0	0	1	0	0	0	0	0
다 여기야	0	0	1	0	0	0	0	0
다 연결해줘야 되나 보다	0	0	0	0	0	0	0	1
다 오른쪽 봐	0	0	0	0	0	0	0	1
다 오른쪽 봐봐	0	0	0	0	0	0	0	1
다 올라가	0	0	0	0	0	0	0	1
다 올라가 빠르게 가자	0	0	0	0	0	0	0	1
다 올라가야 된다	0	0	0	0	0	0	0	1
다 올라와	0	0	0	0	0	0	0	1
다 와 일로 와	0	0	0	0	0	0	0	1
다 왔다 다 왔다	0	0	1	0	0	0	0	0
다 왔다 화내지마 화내지마 열쇠 열쇠 열쇠 비켜 비켜 비켜 1인생은 없지	0	0	0	0	0	0	0	1
다 왔어 진짜 다 왔어	0	0	1	0	0	0	0	0
다 왔어요	0	0	1	0	0	0	0	0
다 움직여 이거	0	0	1	0	0	0	0	0
다 이거 누가 다 처먹었어	0	0	0	0	0	0	0	1
다 이리로 와 유령을 끌고 와야 돼	0	0	0	0	0	0	0	1
다 이유가 있겠지	0	0	0	0	0	0	0	1
다 이쪽으로 왼쪽으로 붙어있어 다 붙어있어	0	0	1	0	0	0	0	0
다 잡았어 다 잡았어 다 잡았어 다 잡았어	0	0	1	0	0	0	0	0
다 죽는 거야	0	0	1	0	0	0	0	0
다 죽어 그냥	1	0	0	0	0	0	0	0
다 죽어 우리 갈게	1	0	0	0	0	0	0	0
다 죽었어	0	0	0	0	0	1	0	0
다 죽였다	0	0	1	0	0	0	0	0
다 죽였다고	0	0	1	0	0	0	0	0
다 죽였다고 이야	0	0	1	0	0	0	0	0
다 죽이고 싶지	0	0	1	0	0	0	0	0
다 준 거	0	0	1	0	0	0	0	0
다 준거야	0	0	1	0	0	0	0	0
다 준다니까	0	0	1	0	0	0	0	0
다 지금 뒤로 와	0	0	0	0	0	0	0	1
다 처음이구만	0	0	1	0	0	0	0	0
다 타는거 다 타는거 이자 우리 새로운것이 나올때는 지켜보자고 오케이	0	0	0	0	0	0	1	0
다 타야 돼	0	0	1	0	0	0	0	0
다 타야돼 역상각으로 가자 역상각 일단 역상각 [유저] [유저] 각 포메이션 [유저] 각 포메이션 방금 했던거래 어	0	0	0	0	0	0	0	1
다 탱크하기 똑같았구나	0	0	1	0	0	0	0	0
다 피 없어	0	0	1	0	0	0	0	0
다 피하지	0	0	1	0	0	0	0	0
다 필요 없고 온라인 플레이로 바로 가도록 하겠습니다	0	0	0	0	0	0	0	1
다 하면 안 될 것 같아서	0	0	1	0	0	0	0	0
다 할 수 있어	0	0	1	0	0	0	0	0
다 했습니다	0	0	1	0	0	0	0	0
다가가도 죽어	1	0	0	0	0	0	0	0
다각형 검은색이나 하얀색 누르면 색깔 바꾸는 것이 나옵니다	0	0	1	0	0	0	0	0
다같이 가야되네	0	0	0	0	0	0	0	1
다같이 다같이	0	0	0	0	0	0	0	1
다같이 다같이 한명 더 한명 더 하나 둘 셋 하면 밑에 사람이 움직여봐	0	0	0	0	0	0	0	1
다같이 점프 다같이 점프하면 떨어지는 거 아니야	0	0	0	0	0	0	0	1
다같이 타야돼	0	0	0	0	0	0	0	1
다들 꺼져주시라고요	1	0	0	0	0	0	0	0
다들 너무 잘한다	0	0	0	0	0	0	1	0
다들 들어왔구먼	0	0	1	0	0	0	0	0
다들 몸은 솔직하지않아 그치만 왠지 기적이 일어날 것 같은걸 오 뭐야	0	0	0	0	1	0	0	0
다들 뭐해 거기서	0	0	0	1	0	0	0	0
다들 실수를 알면서 이런 말 하는 것이 더	0	0	0	1	0	0	0	0
다들 어 어 어 미안 미안 미안 아 이거 막혀지고 떨어질거 같았어	0	0	1	0	0	0	0	0
다들 오늘 달 맵다 [유저] 얼큰하게 맵다 얼큰하게 매워 얼큰한 맛인데 이거 맵다 [유저] 하 송도하 [유저] 하가 목박을 해버리네	0	0	0	0	0	0	0	1
다들 왜 침과에요	0	0	1	0	0	0	0	0
다들 자기꺼 미리 피해 콩콩이도 존재 보인다	0	0	0	0	0	0	0	1
다른 건 알겠는데 뒤에 사람 여유롭게 좀 해줘	0	0	0	0	0	0	0	1
다른 부분으로 검사할 수도 있지	0	0	1	0	0	0	0	0
다른 사람 꺼 누르지 마요	0	0	1	0	0	0	0	0
다른 사람 밟은 거 아니야	0	0	1	0	0	0	0	0
다른 사람들이 만들어 놓은 거인가	0	0	0	0	0	0	0	1
다른 사람이 찍어주면 되겠다	0	0	1	0	0	0	0	0
다리 아니 다리 춤추고 있는 것이 아니라 저거 당기고 있는 것이 맞는 것 같아	0	0	1	0	0	0	0	0
다리 위에다가 진짜 해놨구나	0	0	0	0	0	0	0	1
다리 이거 떨어지는 다리일 수도 있으니까 내가 먼저 가볼게	0	0	0	0	0	0	0	1
다리 잡아줘	0	0	1	0	0	0	0	0
다리 저어	0	0	1	0	0	0	0	0
다리가 걸리네	0	0	0	0	0	0	0	1
다리가 꼈어	0	0	0	0	0	0	0	1
다리는 저거 미치겠어	0	0	0	0	1	0	0	0
다리로 이제 가면 돼요	0	0	0	0	0	0	0	1
다리를 위에다가 해놨구나	0	0	0	0	0	0	0	1
다리야 줄 좀 감아놔	0	0	1	0	0	0	0	0
다면 뭔 말인지 알아	0	0	1	0	0	0	0	0
다섯 명 더 와야 돼	0	0	0	0	0	0	0	1
다섯개 한꺼번에 맞았나보네	0	0	1	0	0	0	0	0
다섯명만 해봐	0	0	0	0	0	0	0	1
다시 1번부터 다시 1번부터 키보드 손때 다시 1번만 1번만 움직이면 되잖아	0	0	1	0	0	0	0	0
다시 가봐 노란색아	0	0	0	0	0	0	0	1
다시 가서 쳐	0	0	0	0	0	0	0	1
다시 가야돼	0	0	0	0	0	0	0	1
다시 가자	0	0	0	0	0	0	0	1
다시 같이 가자	0	0	0	0	0	0	0	1
다시 굴려	0	0	1	0	0	0	0	0
다시 다시	0	0	1	0	0	0	0	0
다시 다시 다시	0	0	1	0	0	0	0	0
다시 다시 보시기 전에 좋아요	0	0	0	0	0	0	1	0
다시 다시 빨리 빨리 빨리 못 뛰는 사람은 앞에다 배치하자 앞에다 아 좋아 좋아 좋아 오케이 이자 2번부터 천천히 자 이제 하나 둘 셋 고고고	0	0	0	0	0	0	1	0
다시 다시 아 먹었다	0	0	1	0	0	0	0	0
다시 다시 왼쪽으로 아니 그냥 한명 남	0	0	1	0	0	0	0	0
다시 돌아서 부메랑이야	0	0	1	0	0	0	0	0
다시 들어와	0	0	0	0	0	0	0	1
다시 들어와 다시 뒤로 와 야 이거 2단계야	0	0	0	0	0	0	0	1
다시 말해봐	0	0	0	0	0	0	0	1
다시 보시기 전에 구독과 좋아요	0	0	0	0	0	0	1	0
다시 생겼다 파	0	0	1	0	0	0	0	0
다시 스탑 스탑 여기 집중해야 된다	0	0	0	0	0	0	0	1
다시 앞으로 다시 앞으로 다시 앞으로 다시와 다시와 내려 내려 아래로 야 아래로 오래로 눌렀는데 [유저] 야 그냥 와 아니 형 그거 내려 이렇게 가는거라니까요	0	0	0	0	0	0	0	1
다시 얘기해봐	0	0	0	0	0	0	0	1
다시 오른쪽 자 1번님 좀 앞으로 안닿게 조심해서 위령 좀 오기해야돼	0	0	0	0	0	0	0	1
다시 오케이 [유저] [유저] 둘 다 죽여 둘 다 보내	0	0	0	0	0	0	1	0
다시 위로	0	0	1	0	0	0	0	0
다시 저기가 자신이 없어 세이브 체크포인트 먹었어야 됐어	0	0	0	0	0	0	0	1
다시 하나 둘 셋 간다 들어가 빨리빨리빨리 으아아아아아 아 내가 파괴하지마 내 손을 잡아 미안해	0	0	0	0	1	0	0	0
다시 하면 돼	0	0	1	0	0	0	0	0
다시 하자	0	0	1	0	0	0	0	0
다시 하자 오케이 한다	0	0	0	0	0	0	1	0
다시 하죠	0	0	1	0	0	0	0	0
다시 한 사람	0	0	1	0	0	0	0	0
다시 할 수 있네	0	0	1	0	0	0	0	0
다시 할게	0	0	1	0	0	0	0	0
다시 합니다	0	0	1	0	0	0	0	0
다시 해 다시	0	0	0	0	0	0	0	1
다시 해보자	0	0	0	0	0	0	0	1
다시 해보자 뛰어 호 보라색에 생각이 있겠지 기다려봐 그래 좋아 얼마나 좋아	0	0	0	0	0	0	1	0
다시 해봐	0	0	0	0	0	0	0	1
다시 해봐가 뭐 그냥 [유저] 이야	0	0	0	0	0	0	0	1
다시 해야겠다 다시 하기에는 시간이 너무 많은데	0	0	0	0	0	0	0	1
다시와 다시와 걸려 걸려	0	0	0	0	0	0	0	1
다신 안 타겠습니다	0	0	1	0	0	0	0	0
다아악 점프가 한 명씩 되거든	0	0	0	0	1	0	0	0
다왔다 이제 자 고	0	0	1	0	0	0	0	0
다왔다고하 자 앞장선다	0	0	1	0	0	0	0	0
다음 게임 준비해야 될 것 같아	0	0	0	0	0	0	0	1
다음 다음 빨강이랑 초록 앞으로 잘한다	0	0	0	0	0	0	1	0
다음 다음 윤효 제발 윤효야 제발 가	0	0	0	0	0	0	0	1
다음 또 패턴이 있을 거 아니야	0	0	1	0	0	0	0	0
다음 뭐야	0	0	0	0	1	0	0	0
다음 섬으로 가기 위해 두 개의 주사위로 굴리겠습니다	0	0	0	0	0	0	0	1
다음 스테이지 있는거 아니야	0	0	1	0	0	0	0	0
다음 아우인지 천천히 뒤로 살짝 갔다가 앞으로 앞으로 갈 때 점프 이렇게	0	0	0	0	0	0	0	1
다음 안전모 썼거든요	0	0	1	0	0	0	0	0
다음 영상에서 만나요	0	0	1	0	0	0	0	0
다음 올라갈 수 있게 밟아줘 그렇지 올라가줘	0	0	0	0	0	0	1	0
다음 이제 3단계 갈거에요	0	0	1	0	0	0	0	0
다음 촬영 때 여긴 안 돼 영광스러운 쓰레기 타이틀을 차지할 20 분은 누구실까요	1	0	0	0	0	0	0	0
다음 칸 보이면 뛰어 제발	0	0	0	0	0	0	0	1
다음 타자는 난가	0	0	0	0	0	0	0	1
다음 턴에 올라와	0	0	0	0	0	0	0	1
다음 회차 때 그 사람 말할 때는 빨간색 자막에다가 그냥 쓰레기 쓰레기 명찰 달고 아니 그 [유저] 의 옛날에 외국인 모자 기억나	1	0	0	0	0	0	0	0
다음에 뵐게요	0	0	1	0	0	0	0	0
다음에 안 돼 경활 확인 날아갈 듯 한 명씩 한 명씩 아 이거 어떻게 해요	0	0	0	0	0	1	0	0
다음에 피코파에서 시즌 3 나오면 내가 바로 가도 올 거야	0	0	0	0	0	0	0	1
다음에는 순서대로 싸웁시다	0	0	1	0	0	0	0	0
다음엔 죽네 다음엔 죽는데 가자 가자	0	0	0	0	0	0	0	1
다음엔 죽는다는 발견 콜롬버스인줄 알았어요	0	0	1	0	0	0	0	0
다음은 3플레이어가 아닐까	0	0	0	0	0	0	0	1
다음은 이거하면서 피해줄게요	0	0	0	0	0	0	0	1
다음주에 하시죠	0	0	1	0	0	0	0	0
다주 나와봐	0	0	0	0	0	0	0	1
다주 다주 왜 1층에 있어 다주도	0	0	1	0	0	0	0	0
다주 뭐해	0	0	0	1	0	0	0	0
다주 믿어 다주 믿어	0	0	1	0	0	0	0	0
다주 보고있어	0	0	1	0	0	0	0	0
다주는 하가 커지는 상태에서 가야 되네	0	0	0	0	0	0	0	1
다주부터 이다주부터	0	0	1	0	0	0	0	0
다춘 뭐해	0	0	0	1	0	0	0	0
다춘 버려 다춘 버려	0	0	1	0	0	0	0	0
다하지 움직여	0	0	1	0	0	0	0	0
닥치빈 거 되게	0	0	1	0	0	0	0	0
단무지 잡았어	0	0	1	0	0	0	0	0
단체대퇴 처음 해봐 잘 만들었다	0	0	0	0	0	0	0	1
단함에서 멀리 떨어져	0	0	1	0	0	0	0	0
닫았다 오케이 열쇠를 뺏을 수가 있네	0	0	0	0	0	0	1	0
닫에 닫에 닫에 닫아	0	0	1	0	0	0	0	0
닫지마 닫지마 닫지마 빨리 가 빨리 가	0	0	0	0	0	0	0	1
달려 아니 달려 왜 혼자 달리는 줄 알았지	0	0	1	0	0	0	0	0
달려가는거야	0	0	0	0	0	0	0	1
달리는 거 하나는 기가 막히네	0	0	0	0	0	0	0	1
닭 혼자 남았습니다	0	0	1	0	0	0	0	0
닭대가리야 밑에 있잖아	0	0	0	0	0	0	0	1
답 필요 없고 온라인 플레이로 바로 가도록 하겠습니다	0	0	0	0	0	0	0	1
답답아 그래 야 얘들아	0	0	0	0	0	0	1	0
답답하게 하세요	0	0	0	0	0	0	0	1
답은 이거다	0	0	1	0	0	0	0	0
당신은 베스트야 알 수 있어	0	0	1	0	0	0	0	0
당신을 응원합니다	0	0	0	0	0	0	1	0
당신이 [유저] 입니다	0	0	1	0	0	0	0	0
당연 큰일났다	0	0	0	0	0	1	0	0
당연한 브리핑 감사합니다	0	0	0	0	0	0	1	0
당연히 [유저] 오케이 올라가 올라가 올라가 잠깐만 못 올라간다	0	0	0	0	0	0	1	0
당연히 자유	0	0	1	0	0	0	0	0
당장 내려요	0	0	1	0	0	0	0	0
당황스럽다	0	0	1	0	0	0	0	0
당황하지마 당황하지마	0	0	1	0	0	0	0	0
닿으면 그거임	0	0	1	0	0	0	0	0
닿으면 안 되나 봐	0	0	0	0	0	0	0	1
대가리 다음 사람까지 올 수 있겠다	0	0	0	0	0	0	0	1
대각선 야 계단식으로 해야 돼	0	0	0	0	0	0	0	1
대갈찍기 오케이 꺼져 올라올라올라올라올라올라올 아 오빠 일어나 일어나 안돼	1	0	0	0	0	0	0	0
대기했다가 그렇지	0	0	0	0	0	0	1	0
대단합니다 대단합니다	0	0	0	0	0	0	1	0
대망의 단두대 매치	0	0	1	0	0	0	0	0
대망의 쓰레기 매치	1	0	0	0	0	0	0	0
대박 잡아 잡아 제발 [유저] 장발 니가 해냈어	0	0	0	1	0	0	0	0
대박 진짜 웃겼네	0	0	0	0	0	0	1	0
대박이에요	0	0	0	0	0	0	1	0
대인교씨 이거였나	0	0	1	0	0	0	0	0
대장 맨 아래 바로 위로 가 이거 선행이 바꿔 선행이 바꿔	0	0	0	0	0	0	0	1
대장 얼른 와주세요	0	0	0	0	0	0	0	1
대장 왜 안와	0	0	0	0	0	0	0	1
대장 왜 안와요	0	0	0	0	0	0	0	1
대질러 [유저] 똥다운 똥다운 야야 좋아 잠깐만 야야야 피해드려 얘 먼저 해볼게 해볼게	1	0	0	0	0	0	0	0
대체 6단신에서 얼마나 오래 하는 거야	0	0	1	0	0	0	0	0
대화가 안 되는 거야	0	0	0	0	0	0	0	1
대환장 파티 한번 가보도록 하겠습니다	0	0	0	0	1	0	0	0
댓글 안에 왜 땡겨	0	0	1	0	0	0	0	0
댕경씨 그래서 멋있는거에요	0	0	0	0	0	0	1	0
댕규씨 쳐다보지마	1	0	0	0	0	0	0	0
댕기 씨 이렇게 하면 되잖아	0	0	1	0	0	0	0	0
댕기지 좋았어요	0	0	0	0	0	0	1	0
더 가 나 따라가 초록색 이거 따라가 오른쪽 가 가 더 가 죽었어	0	0	0	0	0	1	0	0
더 가 더 가 더 가	0	0	0	0	0	0	0	1
더 가야돼	0	0	0	0	0	0	0	1
더 더 오른쪽 오른쪽 봐봐	0	0	0	0	0	0	0	1
더 많이 누르면 사람	0	0	1	0	0	0	0	0
더 빨라요	0	0	1	0	0	0	0	0
더 실어줘야 돼	0	0	1	0	0	0	0	0
더 올라가지 않을까	0	0	0	0	0	0	0	1
더 올라갈 거 같은데	0	0	1	0	0	0	0	0
더 위로 올라가야지	0	0	0	0	0	0	0	1
더 이동해야돼 상무야 좀	0	0	0	0	0	0	0	1
더 있어요	0	0	1	0	0	0	0	0
더 저기 가 앞장서 아 싫어	0	0	0	0	0	0	0	1
더 큰 거 밟고 가고 싶었는데	0	0	0	0	0	0	0	1
더 타고 싶어 재밌어	0	0	1	0	0	0	0	0
더 하면 좋지	0	0	1	0	0	0	0	0
더 해야 되나봐요	0	0	0	0	0	0	0	1
더럽게 못하네	0	0	1	0	0	0	0	0
더보니 [유저] 이니님 아이씨 에이 욕해요	0	0	0	0	1	0	0	0
더블 이만 개새끼 움직이라고 빨간	1	0	0	0	0	0	0	0
더블로 했었어	0	0	1	0	0	0	0	0
더블유킬을 모르나	0	0	1	0	0	0	0	0
더블이 더 붙어	0	0	1	0	0	0	0	0
더위도 했어	0	0	1	0	0	0	0	0
덕계 공룡 덕계 공룡	0	0	1	0	0	0	0	0
덕계가 눌러봐 두 번째는 괜찮을지도 근데 빨리 가야 돼	0	0	0	0	0	0	0	1
덕계잠들 경주야	0	0	1	0	0	0	0	0
덕에요 have a good day [유저] 폭탄조심 내꺼야	0	0	0	0	0	0	1	0
덕해 바로 아까 들어오자마자 누나니툼으로 갔어	0	0	0	0	0	0	0	1
덕해랑 나랑	0	0	0	0	0	0	0	1
덕혜야 이번엔 우리 적이 돼보자 아 덕혜 잠뜰 영원히 팀해야되는데 뭐야	0	0	0	0	1	0	0	0
던져 던져	0	0	1	0	0	0	0	0
던져 던져 [유저] 왼쪽 오른쪽 봐 손네만 왼쪽 오른쪽 봐 뒤돌아 뒤돌아 뒤돌아	0	0	0	0	0	0	0	1
던져 던져 던져	0	0	1	0	0	0	0	0
던져버려 던져버려 안돼 이 화살 뭐해요	0	0	0	1	0	0	0	0
던져서 확인하는 거인가 봐	0	0	0	0	0	0	0	1
던지지 마세요	0	0	1	0	0	0	0	0
던질까 말까 던질까 말까 이나	0	0	1	0	0	0	0	0
덤프 해봐 덤프 해봐	0	0	0	0	0	0	0	1
데려다주세요	0	0	1	0	0	0	0	0
데리고 와	0	0	0	0	0	0	0	1
데리고 하자	0	0	1	0	0	0	0	0
데스매치야	0	0	1	0	0	0	0	0
데이 원 올라가야 되는 거잖아	0	0	0	0	0	0	0	1
덴모야 가자	0	0	0	0	0	0	0	1
덴플 갖고 와 갖고 와 귀로	0	0	0	0	0	0	0	1
도깨야 도깨야 아니 점프를 추가로 밀면 안된다고 밀려고 하는것이 아니라 점프를 점프를 점프를 뭐 많은거다 오케이 [유저] 괜찮은데 가능성을 봤어	0	0	0	0	0	0	1	0
도깨잠들 영원히 힘해 도깨잠들 영원히 힘해 도깨야 우리 일루있다	0	0	0	0	0	0	0	1
도끼야 잘가	0	0	0	0	0	0	0	1
도끼야 죽여줄게	0	0	1	0	0	0	0	0
도끼와 거북이 같은 그런 느낌인가요	0	0	0	0	0	0	0	1
도끼의 문제가 아니었던 것 같은데	0	0	0	0	0	0	0	1
도로 올라가라고	0	0	0	0	0	0	0	1
도망가 [유저] [유저] 아 이라더형 진짜 왜그러니	0	0	0	0	0	0	0	1
도망다녀 무빙 무빙 무빙 뭘 들고가 뭘 뭘 들고가 하지마 하지마 하지마	0	0	0	0	0	0	0	1
도망달라 도망달라 도망달라 도망다녀 도망다녀 마마 뭘죽는거야	0	0	1	0	0	0	0	0
도미노로처럼 쓰러뜨려가지고 됐습니다	0	0	0	0	0	0	0	1
도미노처럼	0	0	1	0	0	0	0	0
도수형이야	0	0	1	0	0	0	0	0
도움 요청이건가 H 한번 눌러볼게요	0	0	0	0	0	0	0	1
도원님도 제가 서버 만지고 있을 때 가만히 기다리는 것이 아니라 테트리스도 하셨잖아요	0	0	0	0	0	0	0	1
도원씨 죄송한데 니가 다다닥 도원씨 어떡하는거야	0	0	0	0	0	0	0	1
도원아 빌어봐	0	0	0	0	0	0	0	1
도착했습니다	0	0	1	0	0	0	0	0
도티 두줄 두줄 도티 아 좀 불안한데 불안한데	0	0	1	0	0	0	0	0
도티 아니 입으로 부르는 거 아니야	0	0	1	0	0	0	0	0
도티 일로 일로 일로 열려있게 열려있게 2번이다 밟고 있어	0	0	1	0	0	0	0	0
도화씨 뒤에	0	0	1	0	0	0	0	0
독 걸린다	0	0	1	0	0	0	0	0
돈 걸리고 안걸리고 비교해야 된다	0	0	0	0	0	0	0	1
돈 걸리고 안걸리고 와 재밌다	0	0	0	0	0	0	0	1
돈 많이 돈 많이	0	0	1	0	0	0	0	0
돈 푸쉬 여러개 누르면 어떻게 되지	0	0	0	0	0	1	0	0
돈에 코가 왜 묻어	0	0	0	0	0	0	0	1
돌려 돌려줘	0	0	1	0	0	0	0	0
돌빡이 돌빡이에서 계속 돌빡이라고요	0	0	1	0	0	0	0	0
돌빡이라뇨	0	0	1	0	0	0	0	0
돌아 놓게	0	0	1	0	0	0	0	0
돌아 이 새끼야 나와라	1	0	0	0	0	0	0	0
돌아가 다시 돌아가야 돼	0	0	0	0	0	0	0	1
돌아서 가면 돼	0	0	0	0	0	0	0	1
돕고 돕는 상조상부	0	0	1	0	0	0	0	0
동굴 잠깐 갈까요	0	0	0	0	0	0	0	1
동그란 것만 생각하세요	0	0	0	0	0	0	0	1
동끼 형 우리 살아야 된다	0	0	1	0	0	0	0	0
동네 [유저]	0	0	1	0	0	0	0	0
동네 [유저] 이씨	0	0	1	0	0	0	0	0
동맹 동맹	0	0	1	0	0	0	0	0
동시에 내려갈 것 동시에 하나 둘 아이씨	0	0	0	0	1	0	0	0
동시에 눌러	0	0	0	0	0	0	0	1
동시에 눌러봐	0	0	0	0	0	0	0	1
동시에 동시에 할 때 동시에 스톱 너무 많이 움직였어	0	0	0	0	0	0	0	1
동시에 한번 해봐 동시에 딱 밟으라니까	0	0	0	0	0	0	0	1
동전 있잖아	0	0	1	0	0	0	0	0
동족상잔 야 나 뭐하냐	0	0	0	1	0	0	0	0
동체 실향	0	0	1	0	0	0	0	0
돼야 되잖아	0	0	1	0	0	0	0	0
됐는 것이 돼	0	0	1	0	0	0	0	0
됐다 001 대박 와 아싸	0	0	0	0	0	0	1	0
됐다 3번	0	0	1	0	0	0	0	0
됐다 6번 3번 내려오고 1번 7번 올라가고 1번 7번 올라가 6번 3번 내려오고 그렇지	0	0	0	0	0	0	1	0
됐다 [유저]	0	0	1	0	0	0	0	0
됐다 [유저] 재밌었다	0	0	1	0	0	0	0	0
됐다 가 지금이다 오케이 가자	0	0	0	0	0	0	1	0
됐다 가자	0	0	0	0	0	0	0	1
됐다 갑시다 천천히 내가 유혹해볼게	0	0	0	0	0	0	0	1
됐다 개쉽네	0	0	1	0	0	0	0	0
됐다 그 다음에 가이드북이 있어요	0	0	0	0	0	0	0	1
됐다 그 다음에 위에 올라타 올라타 루테 끌고있어	0	0	1	0	0	0	0	0
됐다 그렇지	0	0	0	0	0	0	1	0
됐다 그림 나온다	0	0	1	0	0	0	0	0
됐다 나 됐다	0	0	1	0	0	0	0	0
됐다 독신 받을라고 저거 말고 오라고 아 모기 잡았어요 [유저] 아 생일 축하해요 피 빨았나요	0	0	0	0	0	0	0	1
됐다 됐다	0	0	1	0	0	0	0	0
됐다 됐다 됐다	0	0	1	0	0	0	0	0
됐다 드디어	0	0	1	0	0	0	0	0
됐다 드디어 다 꽂았다	0	0	1	0	0	0	0	0
됐다 뭐야	0	0	0	0	1	0	0	0
됐다 살짝 올려주면은 이것이 편해지네	0	0	0	0	0	0	0	1
됐다 아 너무 좋았고 누나 아직도 [유저] ᆫ [유저] 가 하고 있으세요	0	0	0	0	0	0	0	1
됐다 아아악 야 이거 중요 계단식 계단식 계단식 1번인가 1번인가 1번 머리위에 올라가야 되는거 아니야	0	0	0	0	1	0	0	0
됐다 야야 빨리 화해폭탄 화해폭탄 위 아래 위 뒤 아래 이나 가만히 있을게	0	0	0	0	0	0	0	1
됐다 오옹 걍 버려 공 와 진짜 공 사라져서 바로 사라졌어	0	0	0	0	0	0	0	1
됐다 오케이 기다려 기다려 정비해야 돼	0	0	0	0	0	0	1	0
됐다 오케이 도망갑시다 호잇 세워 탑 세워	0	0	0	0	0	0	1	0
됐다 오케이 오케이 좋다 좋다 밉시다 밉시다 오케이 작아질 필요가 없나	0	0	0	0	0	0	1	0
됐다 요시 안 돼	0	0	0	0	0	1	0	0
됐다 우리 최고 폭탄 들어갔다	0	0	0	0	0	0	1	0
됐다 우리가 여기 있으면 안될 것 같긴 하거든	0	0	0	0	0	0	0	1
됐다 우리가 풀어주자 누나 아직 오지마 누나 오지마 잠깐만 나와봐	0	0	0	0	0	0	0	1
됐다 이거 이어	0	0	1	0	0	0	0	0
됐다 이렇게 하면 되나	0	0	1	0	0	0	0	0
됐다 이어 5 3 누구 아 나 전화 된다 했는데 설 계획으로 늘 그래 모든송이 같던 말아봐	0	0	0	0	0	0	1	0
됐다 잠깐만 이제 가야돼	0	0	0	0	0	0	0	1
됐다 하나 야 그만 다주 보고있어	0	0	0	0	0	1	0	0
됐다 하나 하나 하나 됐어	0	0	1	0	0	0	0	0
됐다됐다됐다	0	0	1	0	0	0	0	0
됐스 됐스 어 땡겸이 이제 그거 하면 돼	0	0	1	0	0	0	0	0
됐어 됐어	0	0	1	0	0	0	0	0
됐어 쟤 이상해 끼쳐서 보고 있을게	0	0	0	0	0	0	0	1
됐어 한 명 받으러 올라와 기다려 대기 대기 여기서 기다렸다가 침착하게 기다렸다가 여기 가면 돼	0	0	0	0	0	0	0	1
됐쨘 빡구 빡구 빡구 미세한 컨트롤 이것이 래피드 [유저] 킥보드를 사용중이기 때문에 4마리 베르그 메리에 위로 올라갔다 빨리들어 빨리들어 나와 이새끼야 짠 아오 쉬운데 마지막 스킬 레지언드 44 [유저] 야야 기다려 마이너스 줄이고 줄이고 야야 존나 커졌네	1	0	0	0	0	0	0	0
되게 뭐라 그러네 아아아아 뭐라고할만했어	0	0	0	0	1	0	0	0
되게 붕재를 하면 안 돼	0	0	0	0	0	1	0	0
되게 빨리 밀지 마세요	0	0	0	0	0	0	0	1
되게 쉬운데	0	0	1	0	0	0	0	0
되게 쉬운데요	0	0	1	0	0	0	0	0
되겠는데 [유저] 깨질것이 내가 깨질것이 뒷 [유저] 뒷 [유저] 거기서 스피드 걸어서 와 아깝다	0	0	0	0	0	1	0	0
되네 이라고	0	0	1	0	0	0	0	0
된 것 같은데	0	0	1	0	0	0	0	0
된근철 뒤에 뒤에	0	0	1	0	0	0	0	0
될 거 같아	0	0	1	0	0	0	0	0
될 거 같은데 이 정도면 될 거 같지 강아지 올라가 봐	0	0	0	0	0	0	0	1
될거 같거든	0	0	1	0	0	0	0	0
될거같긴 해	0	0	0	0	0	0	0	1
두 개 또 굴려	0	0	1	0	0	0	0	0
두 개 조작하는 것이 아니라 두 명이서 하는 협동 게임입니다	0	0	1	0	0	0	0	0
두 명 나왔네	0	0	1	0	0	0	0	0
두 명만 올라 아이 잠깐만 두 명만 올라가야 두 명씩 올라가는거인가	0	0	0	0	0	0	0	1
두 번 멈춰서 점프해야 될 것 같아 두 번 정도 뒤로 뒤로 뒤로 하나 둘 셋 멈춰	0	0	0	0	0	0	0	1
두 번이야	0	0	1	0	0	0	0	0
두 번째 마지막 기회야	0	0	1	0	0	0	0	0
두 손으로 으륵 으잉 으잉 어 참을 깼어	0	0	1	0	0	0	0	0
두 줄 두 줄 앞으로 앞으로 앞으로 잠깐 잠깐 열쇠 도티 그렇지 그렇지 그렇지 도티 1줄로 1줄로 1줄로 도티 너 입으로 부르는거야	0	0	0	0	0	0	1	0
두 줄 어디서 하냐	0	0	1	0	0	0	0	0
두 줄로 일자로 세우면 되겠다	0	0	1	0	0	0	0	0
두 칸만 해도 돼 바보야	1	0	0	0	0	0	0	0
두 탄을 쌓는거 아니야	0	0	1	0	0	0	0	0
두hot 뒤따라 저번에도 깨다가 뭐라 했어	0	0	0	0	0	0	0	1
두개다 하나씩 하나씩 나눠갈때가있는데 아	0	0	0	0	0	0	0	1
두둘로 두둘로 쌓아야지	0	0	1	0	0	0	0	0
두둘로 두둘로 우산처럼 해야된다구요	0	0	0	0	0	0	0	1
두명이서 먹어줘	0	0	1	0	0	0	0	0
두줄 두줄 밀어 밀어 밀어 빨리가 빨리가 열쇠 좋았다	0	0	0	0	0	0	0	1
두줄 두줄 앞에서부터 두줄씩 아 근데 이것이 다른 사람은 못 밀어가지고 한줄로 가야돼	0	0	0	0	0	0	0	1
두줄 두줄로 가자 내가 맨앞에 있을것이 오케이 뭘해	0	0	0	0	0	0	1	0
두칸씩 밟아 선행아 [유저] 지금 아	0	0	1	0	0	0	0	0
둔두라런 요체 전문이죠	0	0	1	0	0	0	0	0
둘 다 같이 죽어라 올라가	1	0	0	0	0	0	0	0
둘 다 꼈어	0	0	1	0	0	0	0	0
둘 중에 하나만 되나 봐	0	0	0	0	0	0	0	1
둘만 내려가보자 [유저] 님 올려줄게 민유님 너무 앞으로 가지 말고 [유저] 님 올라가줘 잠깐만 오 좋은데 이것이 두 명을 내려가게 해야 돼	0	0	0	0	0	0	0	1
둘의 책임감의 무게였다	0	0	1	0	0	0	0	0
둘이 가운데서 부딪혀야 되나보다	0	0	0	0	0	0	0	1
둘이 동시에 움직여봐 뒤로야 먼저 가 눈치다운 눈치다운 눈치다운 아아아아아아아아아아아아아아아아 아아아아아아 미안해 [유저] 가 느렸다	0	0	0	0	1	0	0	0
둘이 딱 좋다	0	0	0	0	0	0	1	0
둘이 먹어	0	0	1	0	0	0	0	0
둘이 먹어 상자 상자 상자 제발 에너지파 제발 일단 하마님 먹을 거 하나 드시고 어	0	0	1	0	0	0	0	0
둘이 뭐해	0	0	0	1	0	0	0	0
둘이 쌈단다	0	0	1	0	0	0	0	0
둘이 안타깝게 전기 안 통하게 조심 한 명씩 내려가 한 명씩 먼저 가기보다는 우리 서로의 발판이 돼주자 우리 서로의 발판이 돼주자 아니 나오세요	0	0	0	0	0	0	0	1
둘이 올라가고 거리 두자 올라가고 한명 또 올라가고 그렇지	0	0	0	0	0	0	1	0
둘이 주인공 하라면서 번갈아가면서 야 콩콩아 근데 여기 올라와서 둘 다 점프해서 넘어가는 거 아냐	0	0	0	0	0	0	0	1
둘이 죽이고 우리가 보물을 다 먹자	0	0	0	0	0	0	0	1
둘이 한 번씩 번갈아가면서 본수해 번갈아가면서 해	0	0	0	0	0	0	0	1
뒤 나 내가 봤어 꺾고 꺾고 다시 내려가고 대기 대기 대기 따라가 따라가 따라가 잠깐만 야 안되겠다 다시 올라가 다시 올라가 어디가 이것이 쟤를 따라갔다가 이렇게 해야돼	0	0	0	0	0	0	0	1
뒤 너무 잘했다	0	0	0	0	0	0	1	0
뒤돌아 그리고 엉덩이 내밀어 됐어	0	0	0	0	0	0	0	1
뒤로 가면 안되는데	0	0	0	0	0	0	0	1
뒤로 가야될거 아니야	0	0	0	0	0	0	0	1
뒤로 가요	0	0	0	0	0	0	0	1
뒤로 돌아 뒤로 돌아 코인이 없어서 안된다 보네	0	0	0	0	0	0	0	1
뒤로 뒤로 뒤로 와서 뒤로 와 뒤로 아 내 머리에서 나와 아 내 머리에서 나와 2번에 가야지	0	0	0	0	0	0	0	1
뒤로 땡겨 오 [유저] 뭐야	0	0	0	0	1	0	0	0
뒤로 빠져봐 뒤로 빠져봐 줄을 세우자 줄 줄 줄 나랑 삼식이가 위에 있어야 되네	0	0	0	0	0	0	0	1
뒤로 숙으려고 팔 내려 그래 너무 잘하잖아	0	0	0	0	0	0	1	0
뒤로 오고	0	0	1	0	0	0	0	0
뒤로 와 다 뒤로 와 8번맨 뒤로 가 1234 2번선배님 3번선배님 1번사세요	0	0	0	0	0	0	0	1
뒤로 와 뒤로 와 뒤로 와 더 뒤로 와 뒤로 와 뒤쪽으로 땡겨 땡겨 땡겨 보라색 땡겨 야 노란색 시	0	0	0	0	0	0	0	1
뒤로가 뒤로가 뒤로 아이고 아유 아유 아유 돈이 앞으로 가시오 아유 아유 아유 죄송해요	0	0	0	0	0	1	0	0
뒤로가 어 눈꽃 눈꽃 기다려 눈꽃 야	0	0	0	0	0	0	0	1
뒤로가면 안돼	0	0	0	0	0	1	0	0
뒤에 공 살려서 보낼것이 내가 앞에	0	0	0	0	0	0	0	1
뒤에 누구야	0	0	1	0	0	0	0	0
뒤에 도화씨	0	0	1	0	0	0	0	0
뒤에 사람 무섭거든	0	0	1	0	0	0	0	0
뒤에 세 번	0	0	1	0	0	0	0	0
뒤에 아무도 없잖아	0	0	1	0	0	0	0	0
뒤에 얌전히 있어라	0	0	1	0	0	0	0	0
뒤에 어디 갔어	0	0	1	0	0	0	0	0
뒤에가 못 움직여 아니야 앞에 움직여도 돼	0	0	0	0	0	0	0	1
뒤에가 힘들어	0	0	0	0	0	1	0	0
뒤에서 가만히 그렇지	0	0	0	0	0	0	1	0
뒤에서 밀었어요	0	0	1	0	0	0	0	0
뒤에서 봐	0	0	0	0	0	0	0	1
뒤엔딩하면 점프도 열쇠 먹고 와야지	0	0	0	0	0	0	0	1
뒤져라 그냥	1	0	0	0	0	0	0	0
뒤지기 싫으면 끌어올려요	1	0	0	0	0	0	0	0
뒤지기 싫으면 딱 잡으라고 노란색이	1	0	0	0	0	0	0	0
드디어 깼다 드디어	0	0	0	0	0	0	1	0
드디어 나왔습니다	0	0	1	0	0	0	0	0
드디어 도착했군 이리 와라	0	0	0	0	0	0	0	1
드디어 됐다	0	0	1	0	0	0	0	0
드디어 성공했습니다	0	0	0	0	0	0	1	0
드디어 완벽한 균형 자 제 친구의 모습을 한번 살펴보도록 하겠습니다	0	0	1	0	0	0	0	0
드디어 콩콩이가 지쳤어	0	0	0	0	0	0	0	1
드디어 특별한 [유저]	0	0	1	0	0	0	0	0
드래곤볼 따로 [유저]	0	0	1	0	0	0	0	0
드롭 퀴 개말이네	0	0	1	0	0	0	0	0
들고 떨어져 등으로 떨어져 바닥에 등으로 떨어지면 안되고 이 긴장감이 엄청나네 민트가	0	0	0	0	0	0	0	1
들어 들어오셔 들어 들어와 나 들어갈 때 원펀치야	0	0	0	0	0	0	0	1
들어가 들어가	0	0	0	0	0	0	0	1
들어가 들어가 들어가	0	0	0	0	0	0	0	1
들어가 만드가	0	0	0	0	0	0	0	1
들어가 있어	0	0	0	0	0	0	0	1
들어가게요	0	0	0	0	0	0	0	1
들어가나요	0	0	0	0	0	0	0	1
들어가는 것도 동시에 붙여야 되는데	0	0	0	0	0	0	0	1
들어가면 돼	0	0	0	0	0	0	0	1
들어가보면 바뀌었어	0	0	0	0	0	0	0	1
들어가세요	0	0	0	0	0	0	0	1
들어가야지	0	0	0	0	0	0	0	1
들어가자는 누구야	0	0	0	0	0	0	0	1
들어가지 마봐	0	0	0	0	0	0	0	1
들어간다 들어간다	0	0	1	0	0	0	0	0
들어갑니다	0	0	1	0	0	0	0	0
들어갔고요	0	0	1	0	0	0	0	0
들어오든가	0	0	0	0	0	0	0	1
들어오세요	0	0	0	0	0	0	0	1
들어와 가자	0	0	0	0	0	0	0	1
들어와 들어와 들어와 위에 키 위에 키 [유저] 이 [유저] 이 좋아요	0	0	0	0	0	0	1	0
들어와서 봤는데 아 뭐야 남자 목소리네	0	0	0	0	1	0	0	0
들이켜지 마	0	0	1	0	0	0	0	0
등거리 그 등거리 알지	0	0	1	0	0	0	0	0
등잔 밑이 어두운 법이야 얘들아	0	0	1	0	0	0	0	0
디럭스도 아니냐	0	0	1	0	0	0	0	0
디비 누워봐	0	0	0	0	0	0	0	1
딜을 조심해서 해야지	0	0	0	0	0	0	0	1
딜이 아마 내가 가줘야 되는 거 같아	0	0	0	0	0	0	0	1
딜하게 그러니까 안 보인다니까 그러면 알았어	0	0	1	0	0	0	0	0
따가다가 딴따란 딴 또또또또또또 띠기 띠기 이란 따란 딴 도고도고돈또론또 어 이것이 뭐야	0	0	0	0	1	0	0	0
따닥 한 번 하자	0	0	1	0	0	0	0	0
따닥 한 번 할 준비해	0	0	0	0	0	0	0	1
따닥 해야 될까 봐	0	0	0	0	0	0	0	1
따닥따닥 따라라라라 아하하하하하하 좋았어	0	0	0	0	0	0	1	0
따닥따닥 자 따닥따닥 아 elling 괜찮아	0	0	1	0	0	0	0	0
따닥따닥따	0	0	1	0	0	0	0	0
따닥따닥이야	0	0	1	0	0	0	0	0
따닥해야 돼	0	0	0	0	0	0	0	1
따딱 따딱 따딱	0	0	1	0	0	0	0	0
따뜻한 마음을 담아서 트름	0	0	1	0	0	0	0	0
따라 죽던가 하는데	0	0	0	0	0	0	0	1
따라가면 되고 자 따라가자 따라가자 가자 가자 가자 그렇지 [유저] 님이 먹어주고 그대로 쭉 갈게요	0	0	0	0	0	0	1	0
따라서 내려간 다음에 꺾으면 되겠다	0	0	0	0	0	0	0	1
따란 코요 먼저 갈래	0	0	1	0	0	0	0	0
딱 2장 뽑았지	0	0	1	0	0	0	0	0
딱 3번만 기회 준다	0	0	1	0	0	0	0	0
딱 그 정도에서	0	0	1	0	0	0	0	0
딱 그럴 때 어 뭐야	0	0	0	0	1	0	0	0
딱 그렇지	0	0	0	0	0	0	1	0
딱 뒷자리에 맞추는 것이 좋지	0	0	1	0	0	0	0	0
딱 들어갔는데	0	0	1	0	0	0	0	0
딱 보니까 저기 같은데	0	0	1	0	0	0	0	0
딱 봐도 개못하더라	0	0	0	0	0	0	0	1
딱 봐도 개빨라는데 날개 두 개 달려있는데 이 자식아 아니 덮개는 덮개는 똥인지 된장인지 먹어봐야 하나 봐	1	0	0	0	0	0	0	0
딱 봐도 당기시 오겠지	0	0	0	0	0	0	0	1
딱 봐도 저거였는데	0	0	0	0	0	0	0	1
딱 붙어야돼	0	0	1	0	0	0	0	0
딱 붙지 마	0	0	1	0	0	0	0	0
딱 붙지 마라	0	0	1	0	0	0	0	0
딱 쌓아주고 그냥 가기만 하면 될 거 같은데	0	0	0	0	0	0	0	1
딱 있어 여기	0	0	1	0	0	0	0	0
딱 잡기 하라고	0	0	1	0	0	0	0	0
딱 해야 되잖아	0	0	0	0	0	0	0	1
딱딱 딱딱 딱딱 한 다음에 딱딱 하면 되잖아요	0	0	1	0	0	0	0	0
딱딱 지금부터 벌리는 사람 반성합시다 오케이 2번님 깔끔하게 턱 넘어가지고 해주시고 좋아요	0	0	0	0	0	0	1	0
딱이야 눈꽃이 하나 맞지않아 눈꽃 눈꽃 간다 간다 간다 하나 둘 셋 아니 뭐 니가 셋하고 내가 먼저 가야지	0	0	0	0	0	0	0	1
딴 데가 못 왔지	0	0	0	0	0	0	0	1
딴 맵 없어	0	0	1	0	0	0	0	0
딸 애들 보낼게	0	0	1	0	0	0	0	0
땄다악 따 위 옆에 Mexican 위 옆에 Mexican 자 다닥다닥 위 위 위 좋아요	0	0	0	0	0	0	1	0
땅떠먹기 지금 [유저] 형 실망스러워	0	0	1	0	0	0	0	0
땡겨 땡겨	0	0	1	0	0	0	0	0
땡기면서 그렇지	0	0	0	0	0	0	1	0
땡기면서 이제 넌 일로 와야지	0	0	0	0	0	0	0	1
떡도 안 먹는다고 아니 근데 나 진짜 궁금한 것이 왜 자꾸 뒷모델들만 죽어	1	0	0	0	0	0	0	0
떨어져서 아하이 잠깐만 가방에 뭐 없는데	0	0	0	0	0	0	0	1
떨어져야돼	0	0	1	0	0	0	0	0
떨어졌네 심착하게 다 먹고 다 먹고 자 여기로 갈게요	0	0	1	0	0	0	0	0
떨어졌을때 우리가 필요하니까 어	0	0	0	0	0	0	0	1
떨어지는 거 하나 있고 떨어지는 거 하나 있어	0	0	1	0	0	0	0	0
떨어지는 것이 베스트긴 하죠	0	0	1	0	0	0	0	0
떨어지는 위치 위치만 비켜 비켜 비켜 내가 여기 있을래 비켜 더 비켜 더 멀리 가 점프해 점프 쳐줘야 돼	0	0	0	0	0	0	0	1
떨어지는거야	0	0	1	0	0	0	0	0
떨어지려고 하는 애들을 가만히 있어 당겨줄 때까지 괜히 자기가 당기다가 위에 있는 애가 당겨온단 말이야	0	0	0	0	0	0	0	1
떨어지면 기회 없다	0	0	1	0	0	0	0	0
떨어지면 되겠는데	0	0	1	0	0	0	0	0
떨어지면 죽는다 열쇠 열쇠 열쇠 누가있어	0	0	0	0	0	0	0	1
떨어지세요	0	0	1	0	0	0	0	0
떨어진 사람 없지 근데	0	0	1	0	0	0	0	0
떳떠라 내가 먼저 갈게 들고 쭉 가고 딱 붙지 마요 끝난다고 얘기해줘야 돼	0	0	0	0	0	0	0	1
떼 보라고	0	0	1	0	0	0	0	0
떼 볼까요	0	0	1	0	0	0	0	0
뗐 뗐 뗐 아 또 누가 엇나가네 뗐어	0	0	0	0	0	0	0	1
뗐 이라고 해주시면 됩니다	0	0	0	0	0	0	0	1
또 4팀 남았습니다	0	0	1	0	0	0	0	0
또 [유저] 프사야	0	0	1	0	0	0	0	0
또 그냥 갔네 [유저]	0	0	1	0	0	0	0	0
또 그렇게 알았어	0	0	1	0	0	0	0	0
또 나온다 또	0	0	1	0	0	0	0	0
또 내가 가지러 가야겠다	0	0	0	0	0	0	0	1
또 너무 빨리 너무 빨리 너무 빨라	0	0	0	0	0	0	0	1
또 누른 거야	0	0	1	0	0	0	0	0
또 눌렀어	0	0	1	0	0	0	0	0
또 달리시네	0	0	1	0	0	0	0	0
또 들어가기만 하면 이긴다	0	0	0	0	0	0	0	1
또 따닥이야 앞에 4번이 따닥한데	0	0	1	0	0	0	0	0
또 또 또 어 뭐야	0	0	0	0	1	0	0	0
또 또 또 아닌데요	0	0	1	0	0	0	0	0
또 또 또 아 오케이 오케이 저거 저거 좋지랄이야	1	0	0	0	0	0	0	0
또 또 또 이거 뭐야	0	0	0	0	1	0	0	0
또 많이 이거 가운데 다 같이 있 그래 어차피 중앙으로 떨어지자 대회 내려가 봐	0	0	0	0	0	0	1	0
또 먹으면 대탈 나서 병원에 가 주사 맞아 딩동댕동 자 이겁니다	0	0	0	0	0	0	1	0
또 빨리로 얘기야	0	0	0	0	0	0	0	1
또 삐져가지고	0	0	0	0	0	0	0	1
또 시간이야	0	0	1	0	0	0	0	0
또 시도하면 돼 될 때까지 하면 돼	0	0	1	0	0	0	0	0
또 시작됐어	0	0	1	0	0	0	0	0
또 시작이네	0	0	1	0	0	0	0	0
또 시작이지	0	0	1	0	0	0	0	0
또 앞서가지 말고 뭐 줄 꼬였지않아 고무중놀이 하는 거야	0	0	0	0	0	0	0	1
또 앞은 생각 안 하고 앞으로 막 가지 말고	0	0	0	0	0	0	0	1
또 어떤 난관이 기다리고 있을지 궁금하군요	0	0	1	0	0	0	0	0
또 이거네	0	0	1	0	0	0	0	0
또 이종 나랑 삼색이다	0	0	1	0	0	0	0	0
또 이종 아니야	0	0	1	0	0	0	0	0
또 정비해야 되는데 그럼 계속 해야 돼	0	0	0	0	0	0	0	1
또 죽었대요	0	0	0	0	0	1	0	0
또 중앙이야	0	0	1	0	0	0	0	0
또 쥐랄쇼 시작됐어	0	0	1	0	0	0	0	0
또 쪽으로 가	0	0	0	0	0	0	0	1
또 찾아간다	0	0	1	0	0	0	0	0
또 콩콩 콩콩 센터	0	0	1	0	0	0	0	0
또 콩콩이네 게이지 관리의 신이었다	0	0	1	0	0	0	0	0
또 하나 띄워버렸어	0	0	1	0	0	0	0	0
또 하는데	0	0	1	0	0	0	0	0
또 혼자야	0	0	1	0	0	0	0	0
또래에 비해 떨어지긴 한다	0	0	0	0	0	0	0	1
또롱 또롱	0	0	1	0	0	0	0	0
똑같아 버튼 누르고 해야 돼 버튼 누르고 [유저] 야 어떻게 하는지 알지	0	0	0	0	0	1	0	0
똑같은 거 아니야	0	0	1	0	0	0	0	0
똑같은 거임	0	0	1	0	0	0	0	0
똑같은 색깔이니까 그런 다음에 보라색 좀 빠져 계시고 아니면 빠지지 말던가 아니면 올라가서 그냥 점프를 하시던가	0	0	0	0	0	0	0	1
똑같이 자기 자리 지키면	0	0	0	0	0	0	0	1
똑바로 해요	0	0	0	1	0	0	0	0
똥 피하기	1	0	0	0	0	0	0	0
똥구렁내놔	1	0	0	0	0	0	0	0
똥색 [유저] 나 8번	1	0	0	0	0	0	0	0
똥으로 한다는데	1	0	0	0	0	0	0	0
뚫어 뚫어	0	0	1	0	0	0	0	0
뛰기는 어 뛰기 [유저]	0	0	1	0	0	0	0	0
뛰어 뛰어	0	0	0	0	0	0	0	1
뛰어봐 뛰어봐	0	0	0	0	0	0	0	1
뛰어서 건너봐	0	0	0	0	0	0	0	1
뛰어서 올라가야지 뛰어서 저쪽으로 넘어가쌤 뛰어서 넘어가요	0	0	0	0	0	0	0	1
뛰어야 돼	0	0	0	0	0	0	0	1
뜨거워 그만해 그만해	0	0	0	0	0	1	0	0
뜨거워 오케이 오케이 이거 해봤잖아	0	0	0	0	0	0	1	0
뜨리면 되지	0	0	1	0	0	0	0	0
띠리리리리리	0	0	1	0	0	0	0	0
띠용 띠용 띠용 오오오오오오 누가 못 올라왔어	0	0	0	0	0	0	0	1
띠용 띠용 띠용이라고 빨리 가야돼	0	0	0	0	0	0	0	1
띠용 띠용 한 명 더 필요해	0	0	0	0	0	0	0	1
띠용 있을 거야 띠용	0	0	1	0	0	0	0	0
띵 몽때리지 마	0	0	1	0	0	0	0	0
띵킹을 해야겠지	0	0	0	0	0	0	0	1
라고 해야 같이 달리지	0	0	0	0	0	0	0	1
라더야 이거 이렇게 야 쥐안이 비비비비비비비 이야	0	0	1	0	0	0	0	0
라더야 좀 잘해보자	0	0	0	0	0	0	1	0
라색이 화이팅 점프	0	0	0	0	0	0	1	0
라스트 [유저] 4개만 깨면 돼 4개만 [유저] 를 그동안 즐겼던 소감을 다들 한 번씩 말해볼까요	0	0	0	0	0	0	0	1
랜덤으로 결리는 거구나	0	0	1	0	0	0	0	0
랜덤으로 어 바뀌어 바뀌어	0	0	1	0	0	0	0	0
랜선이 있는데	0	0	1	0	0	0	0	0
러그 내 안전하게 위쪽을 올라가서 그 재산 쌓아 줄 수 있어	0	0	0	0	0	0	0	1
레게노 까불지 말구요	0	0	1	0	0	0	0	0
레게돈 긴장하는데	0	0	1	0	0	0	0	0
레게돈 죽었다	0	0	0	0	0	1	0	0
레베노가 2대 2개거든요	0	0	0	0	0	0	0	1
레벨 데빌이네 도원님 빨리 죽으면 안 될까요	0	0	0	0	0	0	0	1
레전드팩은 블루중력입니다	0	0	1	0	0	0	0	0
레츠꼬 레츠꼬 레츠꼬	0	0	1	0	0	0	0	0
렛쓰 딜잇	0	0	1	0	0	0	0	0
렛츠 이고	0	0	1	0	0	0	0	0
로그해 버려 미안해 [유저] 야 미안해 [유저] 야 그냥 같이 가 죽어 같이 간다	1	0	0	0	0	0	0	0
로봇 한 부대 만들어주는 발판이 될것이 발판이 될것이 발판이 될것이 오케이 오케이 아래 위에 해결하세요	0	0	0	0	0	0	1	0
로봇형 그래요 갑시다 하지만 체크포인트가 있었으니까 순수 난이도가 좀 있는데 그냥 그러게 이거는 진짜 난이도 싸움이다	0	0	0	0	0	0	1	0
로아 빨리 해 왜 삐졌어	0	0	0	0	0	0	0	1
로켓 로켓 로켓	0	0	1	0	0	0	0	0
로켓 추진체	0	0	1	0	0	0	0	0
로켓 타고 가야 된다	0	0	0	0	0	0	0	1
로켓을 내가 여기다 설치할것이	0	0	0	0	0	0	0	1
로켓트 로켓트 로켓트 개꿀입니다	0	0	1	0	0	0	0	0
로켓트 먹었지만 다 죽었습니다	0	0	0	0	0	1	0	0
로켓트 아 잠깐만 아 쉣 로켓트	0	0	0	0	0	0	0	1
로프 설치해봐봐	0	0	0	0	0	0	0	1
로프 챙겨요	0	0	1	0	0	0	0	0
로프다 어	0	0	1	0	0	0	0	0
루탈 차단해	0	0	0	0	0	0	0	1
루테 깔끔한 거 봐	0	0	0	0	0	0	0	1
루테 뭐야	0	0	0	0	1	0	0	0
루테 있는 사람 쳐다보자 선 펴 선 펴 선 펴	0	0	1	0	0	0	0	0
루테 형 점프해봐	0	0	0	0	0	0	0	1
루테가 너무 새줄이어가지고	0	0	0	0	0	0	0	1
루테가 먼저 올라야 되는데 야 이거 이거 방패가 점프해봐 방패가 점프해봐 방패가 점프하면 루테님 죽지 한 번만 점프해봐 한 번만 점프해봐 루테 형이 왜 죽어 루테 형이 왜 죽어	1	0	0	0	0	0	0	0
루테야 가만히 있어 루테 고파	0	0	0	0	0	0	0	1
루테야 안 좋은데 해봐 해봐 천천히 해	0	0	0	0	0	0	0	1
루테야 이거 뭔가 이상해	0	0	0	0	0	0	0	1
루테야 저 한 줄까지 너 써도 돼	0	0	1	0	0	0	0	0
루테움 움직인다 움직이지 마 아악 오 와르르 와르르가 아니라 와르르 와르르는 뭐야	0	0	0	0	1	0	0	0
룰루룰루룰룰루룰루루룰루루룰 막 confirmed 구 레 어어어 오옹어 종목 은 가 이 330 잘한다 잘한다 잘한다 앞에 1등 보인다	0	0	0	0	0	0	1	0
리더님 한 그릇이나 또 빌라 흥미로운 얘기 얘기하지 마요	0	0	1	0	0	0	0	0
리더의 자질을 보여주세요	0	0	1	0	0	0	0	0
리뷰거든요	0	0	1	0	0	0	0	0
리얼 리얼 리얼	0	0	1	0	0	0	0	0
리얼 리얼 쥐쥐쥔 WWW 징자	0	0	1	0	0	0	0	0
리얼 지금 챙겨와 그냥 잘했다 잘했다	0	0	0	0	0	0	1	0
리칼리언 개새끼벌린다	1	0	0	0	0	0	0	0
마 우리 이제 사투리 쓰자	0	0	1	0	0	0	0	0
마그넷 [유저] 엠	0	0	1	0	0	0	0	0
마라 제발	0	0	1	0	0	0	0	0
마마 살려	0	0	1	0	0	0	0	0
마마 잘하다	0	0	1	0	0	0	0	0
마마가 너 버렸어	0	0	0	0	0	0	0	1
마마님이 이렇게 잘해	0	0	0	0	0	0	1	0
마마방태 어떤데	0	0	1	0	0	0	0	0
마우스 아래로 가	0	0	0	0	0	0	0	1
마우스 쳐	0	0	1	0	0	0	0	0
마음에 안 드는 거야	0	0	1	0	0	0	0	0
마음이 급해 어허 뭐랄까 어	0	0	0	0	0	0	0	1
마음이 급했다	0	0	1	0	0	0	0	0
마음이 편안해졌어	0	0	0	0	0	0	0	1
마이크 꺼주시고 이거 빛에 닿으면 안 되는 거all 그런 거지 마치 우리가 미션 impossible를 그렇지 편집자님 노래 좋습니다	0	0	0	0	0	0	1	0
마이크 안 돼요	0	0	0	0	0	1	0	0
마이크 안되요	0	0	1	0	0	0	0	0
마이크 이야	0	0	1	0	0	0	0	0
마이크 있어야돼	0	0	1	0	0	0	0	0
마이크가 다들 마이크 안되면은 아쉽지만은 다음에 참여해주세요	0	0	0	0	0	0	0	1
마주 봐야지	0	0	0	0	0	0	0	1
마지막 8번	0	0	1	0	0	0	0	0
마지막 cultivated 블랙홀 해보고 싶다	0	0	0	0	0	0	0	1
마지막 게임인가	0	0	0	0	0	0	0	1
마지막 기회야	0	0	1	0	0	0	0	0
마지막 다 왔어요	0	0	1	0	0	0	0	0
마지막 라운드야	0	0	1	0	0	0	0	0
마지막 마지막	0	0	1	0	0	0	0	0
마지막 마지막이야	0	0	1	0	0	0	0	0
마지막 바보 개인 능력 개인 능력이요 개인 능력 알았어요 알았어요	1	0	0	0	0	0	0	0
마지막 사람 못 올라오니까 마지막 사람 못 올라가 파란색을 파란색이 미는 것이 아닌 거 같애	0	0	0	0	0	0	0	1
마지막 어렵네	0	0	1	0	0	0	0	0
마지막 우리 협동하고 마무리할까	0	0	1	0	0	0	0	0
마지막 이거 1등한 사람한테까지 치킨 드리도록 하겠습니다	0	0	1	0	0	0	0	0
마지막 힘이 딸려가지고 나좀 들어봐봐	0	0	0	0	0	0	0	1
마지막에 거기 착지하면 멈추자	0	0	1	0	0	0	0	0
마지막엔 우정 파괴네 루테가 이거 준비했으니까 루테 승낙 주자 가자 치워라 누르지 마라	0	0	0	0	0	0	0	1
마지막이야	0	0	1	0	0	0	0	0
마치 왼손 좋았어	0	0	0	0	0	0	1	0
마흔아 마흔처럼 재밌다	0	0	1	0	0	0	0	0
막 나를 이거 어깨에 유령 붙은 거예요	0	0	1	0	0	0	0	0
막 누르지 말고 제발	0	0	1	0	0	0	0	0
막 다 누워봐	0	0	0	0	0	0	0	1
막 뛰지말라고 막 뛰지마	0	0	1	0	0	0	0	0
막 밀겠어	0	0	1	0	0	0	0	0
막 밀었어	0	0	1	0	0	0	0	0
막 밀지 마	0	0	1	0	0	0	0	0
막 천천히 해라	0	0	0	0	0	0	0	1
막 타면 안돼	0	0	0	0	0	1	0	0
막 하지 말고 또 저거 나왔다고	0	0	1	0	0	0	0	0
막고 있어	0	0	1	0	0	0	0	0
막내야 막내는 그냥 가만히 있는 것이 도와주는 거인데 니들 치킨 먹으면 아니 니들 치킨 먹으면은 튼이에 끼잖아요	0	0	0	0	0	0	0	1
막다가 니가 만든다고	0	0	0	0	0	0	0	1
막상 하면 안 웃기다	0	0	1	0	0	0	0	0
막아 [유저] 막아줘 [유저]	0	0	1	0	0	0	0	0
막아 막아	0	0	1	0	0	0	0	0
막아버리겠어 막아버리겠어	0	0	1	0	0	0	0	0
막아야 돼	0	0	1	0	0	0	0	0
막체 [유저] 와 진짜 미쳤다 이걸 다 깰 줄은 몰랐다	1	0	0	0	0	0	0	0
막판 땅게임 야 개인전에 어디가 뒤까 이어 3대3이네	0	0	0	0	0	0	0	1
만두가 근데 넌 파악을 했으면서 왜 말 안 해	0	0	0	0	0	0	0	1
만두가 좀 올라가	0	0	0	0	0	0	0	1
만두야 빨리 올라가야지	0	0	0	0	0	0	0	1
만두이 진짜 개패급	0	0	1	0	0	0	0	0
만드기 개새끼야	1	0	0	0	0	0	0	0
만드기가 없는데	0	0	0	0	0	0	0	1
만드기가 없는데 왜	0	0	0	0	0	0	0	1
만들려면 여기 붙어서 해야될 것 같아	0	0	0	0	0	0	0	1
만들어 줄게	0	0	1	0	0	0	0	0
만들어드릴게요	0	0	1	0	0	0	0	0
만들었어 만들었어	0	0	1	0	0	0	0	0
만만계의 칼	0	0	1	0	0	0	0	0
만만하게 넘겨	0	0	1	0	0	0	0	0
만세 오른쪽 갑시다	0	0	0	0	0	0	0	1
많이 내려가야 해	0	0	0	0	0	0	0	1
많이 먹으니까 뭘 먹었는지 기억도 못 할 수도 있어 어디가	0	0	0	0	0	0	0	1
많이 사랑해	0	0	0	0	0	0	0	1
많이 쉬었다	0	0	1	0	0	0	0	0
많이 쉬었어	0	0	1	0	0	0	0	0
많이 해봤어	0	0	0	0	0	0	0	1
많이 했어	0	0	1	0	0	0	0	0
많이 했잖아	0	0	1	0	0	0	0	0
많이 했지	0	0	1	0	0	0	0	0
많이 힘들겠다	0	0	1	0	0	0	0	0
말 들어오나요	0	0	1	0	0	0	0	0
말 멈추는거 빨리 머리 떼주고 일로 가야지	0	0	0	0	0	0	0	1
말 못 해도 괜찮아	0	0	0	0	0	0	0	1
말 바로 뒤졌고	0	0	1	0	0	0	0	0
말 빡대가리야 스페이스를 길게 눌러	0	0	0	0	0	0	0	1
말 새끼 가만히 있는 것도 웃기네 그냥	1	0	0	0	0	0	0	0
말 소리지르면서 게임하고 있을 것 같아요	0	0	1	0	0	0	0	0
말 안 돼요	0	0	0	0	0	1	0	0
말 안 하는 두 명하고 말하는 두 명하고 붙여 나오니까 이거	0	0	1	0	0	0	0	0
말 없는 거 봐	0	0	0	0	0	0	0	1
말 자살했습니다	0	0	1	0	0	0	0	0
말 잘 듣고 있어	0	0	1	0	0	0	0	0
말 호들갑 이 새끼 이자 너구리가 춤추면서 농락 중 근데 스위치 당하는 말 떨어졌고요 어 말이 어 말	1	0	0	0	0	0	0	0
말 화이팅 어디 가시는거에요	0	0	0	0	0	0	1	0
말고 업어주세요	0	0	1	0	0	0	0	0
말도 안해	0	0	0	0	0	0	0	1
말린 [유저] [유저] 공간 중	0	0	1	0	0	0	0	0
말을 못하겠어	0	0	0	0	0	1	0	0
말을 왜 안해	0	0	0	0	0	0	0	1
말을 잘하고	0	0	1	0	0	0	0	0
말을 지그재그로 갈게 지그재그 고양이 하지마 하지마라	0	0	1	0	0	0	0	0
말을 하고 달릴	0	0	1	0	0	0	0	0
말을 하라고 하라고	0	0	1	0	0	0	0	0
말을 하라고요	0	0	1	0	0	0	0	0
말을 해줘야겠다	0	0	0	0	0	0	0	1
말이 1등 가나요	0	0	0	0	0	0	0	1
말이 너구리 이기나요	0	0	1	0	0	0	0	0
말이 너구리를 이기지 못했습니다	0	0	1	0	0	0	0	0
말이 너무 심했습니다	0	0	1	0	0	0	0	0
말이 되냐	0	0	0	0	1	0	0	0
말이 되는 사람이었네	0	0	1	0	0	0	0	0
말이 심하시네	0	0	1	0	0	0	0	0
말이 안 된다	0	0	1	0	0	0	0	0
말이 이거를	0	0	1	0	0	0	0	0
말이 지금 시작 부분에서 가지를 못하고 있습니다	0	0	0	0	0	0	0	1
말이 혼자 들어가나요	0	0	0	0	0	0	0	1
말하고 뭐가 딱딱하다고 아니 언제부터 그것이 가능했는데요	0	0	0	0	0	0	0	1
말하고 있었잖아	0	0	1	0	0	0	0	0
말하고 있을 때 시작하는것이 어딨어	0	0	1	0	0	0	0	0
말하는 길이 생각보다 [유저] 씨한테는 여기도 약간 [유저] 남이네	0	0	1	0	0	0	0	0
말하면 안 될 것 같아	0	0	1	0	0	0	0	0
말하지 마	0	0	1	0	0	0	0	0
말하지 말고 집중해	0	0	0	0	0	0	0	1
말한다 말한 거야	0	0	1	0	0	0	0	0
말해 말해	0	0	0	0	0	0	0	1
말해줘요 누르지 말라고 지은 갈것이요 말을 해도 아니 말을 nerede	0	0	0	0	0	0	0	1
맛보기였고 두 번째 거리	0	0	1	0	0	0	0	0
맛샘 맛샘	0	0	1	0	0	0	0	0
맛샘 살려줘요	0	0	1	0	0	0	0	0
맛있게 맵네	0	0	1	0	0	0	0	0
맛있게 먹자 냠냠냠 야 이거 한 명 더 오른쪽으로 올라와줘서 오케이 너 먹어 봐	0	0	0	0	0	0	1	0
맛있게 아 재밌네요	0	0	1	0	0	0	0	0
맛있으면 또 먹어	0	0	1	0	0	0	0	0
망고라도 따줄까요	0	0	1	0	0	0	0	0
망버리기 탓	0	0	1	0	0	0	0	0
망했다 지그시 좀 때리면 안 될까	0	0	0	0	0	1	0	0
맞긴 하지	0	0	1	0	0	0	0	0
맞는 말 이긴 해 [유저] 가 아니었어	0	0	0	0	0	0	0	1
맞는 말이야	0	0	1	0	0	0	0	0
맞는데 방금처럼 해볼까	0	0	0	0	0	0	0	1
맞다 맞아 맞아	0	0	0	0	0	0	1	0
맞습니다 맞습니다	0	0	1	0	0	0	0	0
맞아 난 사실 스쿼드에 강한 사람이었어	0	0	0	0	0	0	1	0
맞아 아직 나를 못 이기냐	0	0	0	0	0	0	1	0
맞아 이제 카드가 많이 나갔어	0	0	0	0	0	0	1	0
맞아 저 싸가지 없는 해바리	0	0	0	0	0	0	1	0
맞아야 정신을 짜리는데 이거 하지만 누가 뭐 실수했다 할 수 없어 각자의 속도가 다르기 때문에 뒤에서 좀 느린데 내가 먼저 앞장서서 가다가 떨어진 걸 수도 있어	0	0	0	1	0	0	0	0
맞을 확률이 급박하긴 하네	0	0	1	0	0	0	0	0
맞지 이긴 거지	0	0	1	0	0	0	0	0
맞추려고 노력 중이야	0	0	1	0	0	0	0	0
매 라운드마다 돌아가면서 한 번씩 오더를 합시다	0	0	0	0	0	0	0	1
매니저님이랑 슈퍼바님의 단가을마야 형 해 너구리 죽여버려	0	0	0	0	0	0	0	1
매력적인 여자 [유저] 입니다	0	0	1	0	0	0	0	0
맨 뒤로 오시고 빨간색 강은들로 오세요	0	0	0	0	0	0	0	1
맨 마지막에는 한 명만 남으면 되는 거예요	0	0	1	0	0	0	0	0
맨 맨 꼭대기 올라가는 거	0	0	0	0	0	0	0	1
맨 밑에 기우자죠 기우자 그냥 망설임 없이 쭉 가야돼	0	0	0	0	0	0	0	1
맨 밑에 밀어줘도 삼식이 그냥 떨어져라	0	0	0	0	0	0	0	1
맨 선생이 나랑 한 팀이야	0	0	1	0	0	0	0	0
맨 아래 있는 거	0	0	1	0	0	0	0	0
맨 앞에 앉는것이 맞는 판단인것이 없는데 안돼 호출을 맨 앞에 두긴 해야되는데 잠깐만 너무 어지러운데 이거 이야	0	0	0	0	0	1	0	0
맨 앞이 제일 어려울 것 같아요	0	0	1	0	0	0	0	0
맨 앞이 제일 어려워 보이는데	0	0	1	0	0	0	0	0
맨 위에 내꺼임	0	0	1	0	0	0	0	0
맨 위에 맨 위에 맨 위에 내꺼임	0	0	1	0	0	0	0	0
맨 위에 한 명	0	0	1	0	0	0	0	0
맨 위에 한 명 맨 위에 한 명	0	0	1	0	0	0	0	0
맨 위의 사람이 맨 위의 사람이 바로 내려와야 돼	0	0	0	0	0	0	0	1
맨파 반응	0	0	1	0	0	0	0	0
맨파 반응해야 돼	0	0	0	0	0	0	0	1
맨파 헤맨 헤맨 헤맨	0	0	1	0	0	0	0	0
맨파랑 연호가	0	0	0	0	0	0	0	1
맵 탐방 한번 가시죠	0	0	0	0	0	0	0	1
맵이 넓으니까 시시한데	0	0	1	0	0	0	0	0
맵이 맵이 안 왔어	0	0	1	0	0	0	0	0
맵파 맵파 맵파 아아아아아아 미안해 미안해	0	0	0	0	1	0	0	0
맹간하면 못 가 서로 못 믿기 때문에 일단 해보자	0	0	0	0	0	0	0	1
머리 그냥 앞으로 가지 않을까	0	0	0	0	0	0	0	1
머리 막혀서 안된다고	0	0	1	0	0	0	0	0
머리 박아 오 조심 현란하다 현란해	0	0	0	0	0	0	0	1
머리 밟아봐	0	0	0	0	0	0	0	1
머리 부딪힌 사람 누구야	0	0	1	0	0	0	0	0
머리 아니 아니 아니 머리내라고 아니 됐잖아	0	0	1	0	0	0	0	0
머리 아파	0	0	1	0	0	0	0	0
머리 올려놔 머리 올려놨어 제발	0	0	1	0	0	0	0	0
머리 위로 올라가봐	0	0	0	0	0	0	0	1
머리 위에	0	0	1	0	0	0	0	0
머리 위에 올라가지 마	0	0	0	0	0	0	0	1
머리 위에 올라서 하지말라고 스태미너 있어	0	0	1	0	0	0	0	0
머리 위에 올려	0	0	1	0	0	0	0	0
머리 위에 올리세요	0	0	1	0	0	0	0	0
머리 위에다 씌워야 되나 보다	0	0	1	0	0	0	0	0
머리 잠깐만 내가 깜짝 놀랬는데 어 안죽네 저래도 안돼	0	0	0	0	0	1	0	0
머리 지나가니까 못 가잖아	0	0	0	0	0	0	0	1
머리 찌르면 죽어요	1	0	0	0	0	0	0	0
머리 찍어 세줄로 세줄로 아니 아니 아니 세줄로 해야 돼	0	0	0	0	0	0	0	1
머리 찍을 것 같아 세줄로 세줄로 세줄 세줄 자 저는 꼭대기에 닿기 직전에 갈게요	0	0	1	0	0	0	0	0
머리 찐다	0	0	1	0	0	0	0	0
머리 치는 것도 어려워가지고	0	0	0	0	0	0	0	1
머리 타고 있다가 떨어지면서 점프 뛰어야돼	0	0	0	0	0	0	0	1
머리로 바꿔 있어	0	0	1	0	0	0	0	0
머리로 해	0	0	0	0	0	0	0	1
머리를 잡아야 돼	0	0	1	0	0	0	0	0
머리에 끼고 일자로 올라가 일자로 올라가 일자로 올라가 오케이 일자로 올라가 잠깐만 나 부담스러운데 맨 위에	0	0	0	0	0	0	1	0
머리에 뭐 냄비 쓴거야	0	0	1	0	0	0	0	0
머리에 있으면 넘어가도 돼	0	0	0	0	0	0	0	1
머리에 있지마 점프 못 뛰잖아	0	0	0	0	0	0	0	1
머리에 좀 올라가 회색 [유저]	0	0	0	0	0	0	0	1
머리에 타지 말라고 이지고 이지고 뛰어	0	0	0	0	0	0	0	1
머서 이나 떨굴라고 한다	0	0	1	0	0	0	0	0
머쌔 때문이야	0	0	1	0	0	0	0	0
머쌔가 자꾸 손님 치잖아	0	0	0	0	0	0	0	1
머쓱한 거 놔야 된다고 머쓱한 거 놔야 돼	0	0	1	0	0	0	0	0
먹고 가야지	0	0	0	0	0	0	0	1
먹고 뛰어	0	0	0	0	0	0	0	1
먹고 먹고 먹고 태우고 안돼 내려 비켜 비켜 점프 점프 점프	0	0	0	0	0	1	0	0
먹고 뱉어	0	0	1	0	0	0	0	0
먹는 사람이 걸리면 안 됨	0	0	1	0	0	0	0	0
먹어 먹어	0	0	1	0	0	0	0	0
먹어 먹어 [유저] 야 아니 조정이 안돼 조정이 안돼 저 바다로 야 존다고했다	0	0	0	0	0	1	0	0
먹어 먹어 먹어	0	0	1	0	0	0	0	0
먹어 먹어 일단 먹어	0	0	1	0	0	0	0	0
먹어 밀어 탈출 탈출 밀어라	0	0	0	0	0	0	0	1
먹어 찢어 찢어버려 사지를 찢는다는 느낌으로 찢어 그렇지 좋아	0	0	0	0	0	0	1	0
먹어야 돼	0	0	1	0	0	0	0	0
먹어야 된다	0	0	1	0	0	0	0	0
먹어주고 여기 한번 들어가보자	0	0	0	0	0	0	0	1
먹어지는지 안 먹어지는지 몰랐잖아요	0	0	1	0	0	0	0	0
먹었다 오케이 다다다다다다다다다다다다다다다다다다다다다다다다다다다다다다다다다다다다다다다다다다다다다다다다다다다다다다다다다다다다다다다다다다다다다다다다다다다다다다다다다다다다다다다다다다다다다다다다다다다다다다다다다다다다다다다다다다다다다다다다다다다다다다다다다다다다다다다다다다다다다다다다다다다다다다다다다다다다다다다다다다다다다다다다다다다다다다다다다다다다다다다다다다다다다다다다다다다다다다다다다다다다다다다다다다다다다다다다다다다다다다다 우리 것도 이렇게 빨리 와	0	0	0	0	0	0	1	0
먹었으면 됐음	0	0	1	0	0	0	0	0
먹으러 가 아니	0	0	0	0	0	0	0	1
먹으러 갔다 오라고	0	0	1	0	0	0	0	0
먹일 수 있네	0	0	1	0	0	0	0	0
먼저 [유저] 퍼스트 [유저] [유저] [유저] 퍼스트 아니 문 닫았네	0	0	1	0	0	0	0	0
먼저 가라고 그랬잖아	0	0	0	0	0	0	0	1
먼저 가봐 먼저 가봐 줄 쓴 거 봐	0	0	0	0	0	0	0	1
먼저 가자 먼저 가자	0	0	0	0	0	0	0	1
먼저 너로 가	0	0	0	0	0	0	0	1
먼저 들어간다고 뭐 떡이 떨어지는 거 아닙니다	0	0	1	0	0	0	0	0
먼저 들어갈게	0	0	1	0	0	0	0	0
먼저 보자	0	0	1	0	0	0	0	0
먼저 봐 일단 죽었어	0	0	0	0	0	1	0	0
먼저 안 돼 먼저 안 돼 먼저 안 돼	0	0	0	0	0	1	0	0
먼저 안먹어도 되요	0	0	1	0	0	0	0	0
먼저 안먹어도 되요 멈춰 멈춰 고고 고 오케이 멈춰 멈춰 멈춰 이시고 호	0	0	0	0	0	0	1	0
먼저 안먹어도 될거같애	0	0	1	0	0	0	0	0
먼저 앞서가지말고 좀 봐줘	0	0	0	0	0	0	0	1
먼저 좀 지킬린 살려주세요	0	0	1	0	0	0	0	0
먼저 하지마 계단 계단 계단 다 옮겨야 돼	0	0	1	0	0	0	0	0
멀리 초라하고 있네	0	0	1	0	0	0	0	0
멀티가 안 되네 우리 [유저] 파카가	0	0	0	0	0	0	0	1
멈추게 치게 자 바로 갑니다	0	0	1	0	0	0	0	0
멈추면 되죠	0	0	1	0	0	0	0	0
멈추지 말고 아 제발 오케이 뭐 어 괜찮아	0	0	0	0	0	0	1	0
멈춰 내가 애벌레 뚫고 갈터니까 자신있는 사람은 아래에서 애벌레 위에 타고 있으면 됨	0	0	0	0	0	0	0	1
멈춰 멈춰	0	0	0	0	0	0	0	1
멈춰 멈춰 됐다 멈춰 멈춰 아야 조심해	0	0	0	0	0	0	0	1
멈춰 멈춰 머리에 닿지 말라고 멈춰 멈춰 7번 올라가세요 잠깐만 4번 4번 가세요	0	0	0	0	0	0	0	1
멈춰 멈춰 멈춰	0	0	0	0	0	0	0	1
멈춰 멈춰 멈춰 고 어rt 저기 위에 1칸	0	0	0	0	0	0	0	1
멈춰 멈춰 멈춰 됐다 아하하하하하하하하하 하하하하하하하하하하 위로가고 싶었는데 자신 없으면 위로 가세요	0	0	0	0	0	0	0	1
멈춰 멈춰 멈춰 멈추됨 멈추됨	0	0	0	0	0	0	0	1
멈춰 멈춰 멈춰 [유저] 호스트님이 아래로 간다고	0	0	0	0	0	0	0	1
멈춰 멈춰 멈춰 여기 진짜 맘에 안드는데 와 나 살짝 멈출것이 나 우서워 우서워 살짝 멈출게 응 안전하게 한 명 가고 게이지 채우고 천천히 갈게 어 그럼 그럼 아 너무 잘해	0	0	0	0	0	0	1	0
멈춰 멈춰 멈춰 제발 멈춰 우리 말은 왜 멈추는거에요	0	0	0	0	0	0	0	1
멈춰 외쳤는데	0	0	0	0	0	0	0	1
멈춰 위 멈춰 놨어	0	0	0	0	0	0	0	1
멈춰봐 멈춰봐 멈춰봐 말을 왜 멈추는거야	0	0	0	0	0	0	0	1
멈춰야 돼 멈춰 멈춰	0	0	0	0	0	0	0	1
멈칠때 하나가 멈춰져 그거 왜 2번이 내려주세요	0	0	0	0	0	0	0	1
멋있다 [유저] 누나가 퍼스트야 안줄보 상식이 자존심있어서 아래가고싶어한다	0	0	0	0	0	0	1	0
멋쟁이 내가 리더 해야겠다	0	0	0	0	0	0	0	1
멍청이들아	1	0	0	0	0	0	0	0
멍청이들아 발이 안 난다고 보여주잖아	1	0	0	0	0	0	0	0
멍청해 멍청해가지고 미안해 미안해 내가 바로 그 말이야 밀지마	1	0	0	0	0	0	0	0
멍통 닥치기 애들아	0	0	1	0	0	0	0	0
메세지 셀렉트	0	0	1	0	0	0	0	0
메세지 셀렉트 1번 [유저] 이오 됐다	0	0	1	0	0	0	0	0
멜스피드 안 해	0	0	0	0	0	0	0	1
명예훼손이야	0	0	1	0	0	0	0	0
몇 개 좁아	0	0	1	0	0	0	0	0
몇 번을 쉬운데	0	0	1	0	0	0	0	0
몇 번을 했는데 이거를	0	0	1	0	0	0	0	0
몇 번이 없어 몇 번이 없어 4번 나 4번 나 [유저] [유저] 요	0	0	1	0	0	0	0	0
몇 이야기를 들었을까 웬악이의 힘 옥헤치 이빨봐	0	0	0	0	0	0	0	1
몇 장 있네	0	0	1	0	0	0	0	0
몇 장 있는데 손에 몇 장 있잖아	0	0	1	0	0	0	0	0
몇 점이야	0	0	1	0	0	0	0	0
몇년에 동룡 어부지라고했네	0	0	1	0	0	0	0	0
몇명 누르면 점프 되는지 보자	0	0	0	0	0	0	0	1
몇명이 한 번에 가는거야	0	0	0	0	0	0	0	1
모드가 있네요	0	0	0	0	0	0	0	1
모든 멤버들이 들어가는 가운데	0	0	0	0	0	0	0	1
모든 죽음을 다 경험해본 것 같은데 얼굴 막 져요	0	0	0	0	0	0	0	1
모든걸 자존에 맡기고 있어	0	0	1	0	0	0	0	0
모르겠어요	0	0	1	0	0	0	0	0
모르는 사람이다 저기다 저기다 아 아니구나	0	0	1	0	0	0	0	0
모르는구나	0	0	1	0	0	0	0	0
모르면 내가 형방 채팅방 가서 어그로 끌 거야	0	0	0	0	0	0	0	1
모르면 배워	0	0	1	0	0	0	0	0
모른 뼈를	0	0	1	0	0	0	0	0
목념 우주 [유저] 우주랑 [유저] 를 합치면 우주 하마 목돌이랑 도마뱀을 합치면 목돼도마뱀 스나	0	0	1	0	0	0	0	0
목념하겠습니다	0	0	1	0	0	0	0	0
목도리 도마뱀이야	0	0	1	0	0	0	0	0
목사님 카드 많으시네	0	0	1	0	0	0	0	0
목사님이 끝까지 막 어떻게 그래	0	0	0	0	0	1	0	0
목소리가 너무 무서워서 못 들어가겠어요	0	0	0	0	0	0	0	1
목욕 성공 공격 무조건 피해 일단 무조건 피해 시작하자마자 피해 시작하자마자 무조건 피해 어	0	0	0	0	0	0	1	0
목이 다 쉬었다는 말씀 드리면서 여러분들 재밌었습니다	0	0	1	0	0	0	0	0
목이 안되겠다 너무 늦었다	0	0	1	0	0	0	0	0
목진아씨 뭐해	0	0	0	1	0	0	0	0
목탄 보냈어	0	0	1	0	0	0	0	0
몰라요 이히 오호 어 움직이지마 움직이지마 움직이지마	0	0	1	0	0	0	0	0
몰래 나와 몰래 나와 몰래 아니야	0	0	0	0	0	0	0	1
몰래 아니야	0	0	1	0	0	0	0	0
몸을 얇게 만들어서 위로	0	0	0	0	0	0	0	1
못 내려오게 못 내려오게 못 내려오게 터져라 이긴거 아니야	0	0	0	0	0	0	1	0
못 닫았다니까 힘이 들 땐 하늘을 봐 눈물 나길 아픈 나를 크게 한 번 소리를 질러봐 내게 오르던 연약한 슬픔이 오 너무 무섭다	0	0	0	0	0	0	0	1
못 먹었어	0	0	1	0	0	0	0	0
못 사과해 사과를 안 했잖아	0	0	0	0	0	0	0	1
못 앉힌다	0	0	1	0	0	0	0	0
못 올라가는데 이거	0	0	0	0	0	0	0	1
못 올라간다 못 올라간다 못 올라간다	0	0	1	0	0	0	0	0
못 올라와 벽에 너무 붙으면 못 올라와요	0	0	0	0	0	0	0	1
못 지나가	0	0	0	0	0	0	0	1
못탈 정도는 아닌데	0	0	1	0	0	0	0	0
못하겠으면 구석에서 짜	0	0	0	0	0	1	0	0
못하는 사람 위로 올려둬	0	0	1	0	0	0	0	0
못할 수도 있지	0	0	1	0	0	0	0	0
무거우니까 가자	0	0	0	0	0	0	0	1
무거워 짐이 너무 많아	0	0	1	0	0	0	0	0
무게 줘서 떨어트려 가지고 야 이거 배치해 이렇게 하다가 다시 왼쪽으로 가고 다시 오른쪽으로 가고 자 지금 나와라	0	0	0	0	0	0	0	1
무게가 있어	0	0	0	0	0	0	0	1
무게를 여기다 실어줘야 돼	0	0	1	0	0	0	0	0
무기 버려 무기 버려	0	0	1	0	0	0	0	0
무릎 꿇어 이번엔 난 믿는 줄 알아 [유저] 가 어	0	0	0	0	0	0	0	1
무릎을 빨아보라고	0	0	1	0	0	0	0	0
무비무비 무비무비 이거 뭐야	0	0	0	0	1	0	0	0
무빙만 보고 시청자 맞추는 클라스	0	0	1	0	0	0	0	0
무빙이 딱 보니까 말이야	0	0	1	0	0	0	0	0
무서우니까	0	0	1	0	0	0	0	0
무섭게 생겼는데 천사셨어	0	0	1	0	0	0	0	0
무슨 말이야	0	0	1	0	0	0	0	0
무슨 메뉴로 주문하시겠어요	0	0	1	0	0	0	0	0
무슨 변화가 이러다는 거지	0	0	0	0	0	0	0	1
무슨 소리야	0	0	1	0	0	0	0	0
무슨 솔로는 솔로야	0	0	1	0	0	0	0	0
무슨 의미가 있죠	0	0	0	0	0	0	0	1
무슨 책을 들고 있습니다	0	0	1	0	0	0	0	0
무의식적으로 왔어	0	0	1	0	0	0	0	0
무임승차하러 가자 남은 인원은 24명 1대24 [유저] ᆫ더 보트 이건 뭐야	0	0	0	0	1	0	0	0
무조건 가 좋아 됐어	0	0	0	0	0	0	1	0
무조건 날아다니지	0	0	1	0	0	0	0	0
무조건 내려야 돼	0	0	1	0	0	0	0	0
무조건 아래로 갈거야	0	0	1	0	0	0	0	0
무조건 어느 정도로 믿어야 되는구나	0	0	1	0	0	0	0	0
무조건 죽는거야	0	0	1	0	0	0	0	0
무조건 죽어	1	0	0	0	0	0	0	0
문 내려왔을 때 넘어가	0	0	0	0	0	0	0	1
문 닫아 문 닫아	0	0	1	0	0	0	0	0
문 열것이 야	0	0	1	0	0	0	0	0
문 열게요 비켜주세요	0	0	0	0	0	0	0	1
문 열고 있다	0	0	1	0	0	0	0	0
문 열라고	0	0	1	0	0	0	0	0
문 열어 2번이 점프 1번 가고 2번 가고 순서대로 3번이 밑에	0	0	0	0	0	0	0	1
문 열어 문 열어 납담하다 납담해 채워라	0	0	0	0	0	0	0	1
문 열어 문 열어 문 열어 문 열어	0	0	1	0	0	0	0	0
문 열어 문 열어 문 열어 문 열어 문 열어 가자 가자 밀어줘야 돼	0	0	0	0	0	0	0	1
문 열어줍시다	0	0	1	0	0	0	0	0
문 열어줘 문 열어세요 그렇지 들어가세요	0	0	0	0	0	0	1	0
문 이미 크게 떠 있긴 한데 더 크게 뜨란 말이야	0	0	1	0	0	0	0	0
문은 왼쪽에 있었어	0	0	1	0	0	0	0	0
문을 크게 뜨란 말이야	0	0	1	0	0	0	0	0
문이 열리는 거 아닐까	0	0	1	0	0	0	0	0
문이 있건가	0	0	0	0	0	0	0	1
문이 저기 있냐	0	0	1	0	0	0	0	0
문자 하신거예요	0	0	1	0	0	0	0	0
문제는 여긴 열쇠가 6번한테 왔어	0	0	0	0	0	0	0	1
묻어 안 눌렀는데 아 이거 싶다	0	0	1	0	0	0	0	0
물 먹고 와 나만 믿어 오케이 이나 운전 고수야 나만 믿으라구	0	0	0	0	0	0	1	0
물 먹을 시간이 없네	0	0	1	0	0	0	0	0
물 없는 이야기인걸 점프할 수 없는데 점프할 때 어 마지막 사람 위에서 끊어줘야 될 거 같아	0	0	0	0	0	0	0	1
물 좀 먹자	0	0	1	0	0	0	0	0
물리적으로 좀 더 가야지	0	0	0	0	0	0	0	1
물에 물에 너무 많이 빠져가지고 기력이 없어 내가 [유저] 게임을 이해해버렸거든	0	0	0	0	0	0	0	1
물에 입수당하지 않게 잘들 가고 있다	0	0	0	0	0	0	0	1
물음표 손가락 부렀대 여기 서있어	0	0	0	0	0	0	0	1
뭐 가시죠	0	0	0	0	0	0	0	1
뭐 근데 뭐 오래 걸리지 않으니까 삼식오빠의 어깨가 무겁다	0	0	0	0	0	0	0	1
뭐 들고가	0	0	0	0	0	0	0	1
뭐 매달려있게	0	0	1	0	0	0	0	0
뭐 먹었어	0	0	1	0	0	0	0	0
뭐 뭐 74배 뭐 뭐 해봐	0	0	0	0	0	0	0	1
뭐 뭐 뭐	0	0	1	0	0	0	0	0
뭐 뭐 뭐 뭐니유	0	0	1	0	0	0	0	0
뭐 뭐 뭐 이야 후추 고기다 주지 말지 아니 나 노란색이야	0	0	1	0	0	0	0	0
뭐 별 바꼈는데 거 뭐야	0	0	0	0	1	0	0	0
뭐 빨리 야 진짜 아니 뒤에서 얘 앞에가 뚫려 와	0	0	0	0	1	0	0	0
뭐 쉽지 않다니 그것이 무슨 말이야	0	0	1	0	0	0	0	0
뭐 아닌데 오빠 했다거나 헐 까봐 너무 더 가봐 아주 왼쪽이 왼쪽 아름다워	0	0	0	0	0	0	0	1
뭐 아무도 못하는거야	0	0	1	0	0	0	0	0
뭐 앞으로 가면 될까	0	0	0	0	0	0	0	1
뭐 약간 힌트 같은 거 있는 거 아니야	0	0	1	0	0	0	0	0
뭐 어 좋아	0	0	0	0	0	0	1	0
뭐 어디야	0	0	1	0	0	0	0	0
뭐 어떻게 알아보지	1	0	0	0	0	0	0	0
뭐 어떻게 하는 거야	0	0	0	0	0	1	0	0
뭐 얼추 비슷한 것 같은데	0	0	1	0	0	0	0	0
뭐 이렇게	0	0	1	0	0	0	0	0
뭐 이렇게 해라 됐어	0	0	0	0	0	0	0	1
뭐 저기 돼	0	0	1	0	0	0	0	0
뭐 철권 게임해	0	0	0	0	0	0	0	1
뭐 하냐 지금	0	0	1	0	0	0	0	0
뭐 하는 거냐고 지금	0	0	1	0	0	0	0	0
뭐 하는 거냐고 지금 자 꿀로 올라갔고요	0	0	1	0	0	0	0	0
뭐 하는 거야	0	0	1	0	0	0	0	0
뭐 하는 거인데	0	0	1	0	0	0	0	0
뭐 한 번 더 쳤다	0	0	1	0	0	0	0	0
뭐 한 번만 해볼게 들어가봐	0	0	0	0	0	0	0	1
뭐 해애해애 열쇠 전달돼 열쇠 누나 전달돼 전달돼 걱정마	0	0	0	0	0	0	0	1
뭐가 나올지 몰라	0	0	0	0	0	0	0	1
뭐가 들리는데	0	0	0	0	0	0	0	1
뭐가 안 돼	0	0	0	0	0	1	0	0
뭐가 없어져요	0	0	0	0	0	0	0	1
뭐가 있는데	0	0	0	0	0	0	0	1
뭐가 제일 합리적입니까	0	0	0	0	0	0	0	1
뭐가 좋아	0	0	0	0	0	0	1	0
뭐가 좋은데요	0	0	0	0	0	0	0	1
뭐가 쳤어	0	0	0	0	0	0	0	1
뭐가 항몸이야 항몸 무슨 에스 이씨야 천천히 해 [유저] 천천히 [유저] 한테 좀 속도 맞춰 우리 [유저] 친구가 살짝 살짝 아프다	0	0	0	0	0	0	0	1
뭐고 뭐야	0	0	0	0	1	0	0	0
뭐냐 넌 또 어 미안해	0	0	0	0	0	0	0	1
뭐다 너 이거	0	0	1	0	0	0	0	0
뭐라 그랬냐고요	0	0	1	0	0	0	0	0
뭐라 하지마	0	0	1	0	0	0	0	0
뭐라 하지마 오해하지마 오해하지마 오해하지마	0	0	0	0	0	0	0	1
뭐라고 뭐라고 다시 말해봐	0	0	0	0	0	0	0	1
뭐라고 했을 때	0	0	1	0	0	0	0	0
뭐라고요 이렇게 점프를 점프를 하면 된다	0	0	0	0	0	0	0	1
뭐라고하는 거야	0	0	1	0	0	0	0	0
뭐라그런지 시끄러워서 나 들어가야지 올라가쌤 올라가 올라가 어떻게 저거 마지막사람 어떻게 올라오는거야	0	0	0	0	0	1	0	0
뭐로 게임하는 거야 저거	0	0	1	0	0	0	0	0
뭐로 하면 되지	0	0	1	0	0	0	0	0
뭐만하면 마마를 부르고 뭐만하면 놀러와	0	0	0	0	0	0	0	1
뭐서 구해 뭐서 구해 살려줘	0	0	0	0	0	0	0	1
뭐야 나구나	0	0	0	0	1	0	0	0
뭐야 뭐야	0	0	0	0	1	0	0	0
뭐야 뭐야 뭐야	0	0	0	0	1	0	0	0
뭐야 악어	0	0	0	0	1	0	0	0
뭐야 여기 빠지면 안 될 거 같은데	0	0	0	0	1	0	0	0
뭐야 이 새끼야	1	0	0	0	0	0	0	0
뭐야 이거	0	0	0	0	1	0	0	0
뭐야 팀전이야	0	0	0	0	1	0	0	0
뭐요 이걸로 처음 없을 때 이걸 외쳐	0	0	1	0	0	0	0	0
뭐하나고요	0	0	1	0	0	0	0	0
뭐하는 거야	0	0	1	0	0	0	0	0
뭐하는 사람이지	0	0	1	0	0	0	0	0
뭐하는것이 있나	0	0	1	0	0	0	0	0
뭐해 둘이	0	0	0	1	0	0	0	0
뭐해 뭐해	0	0	0	1	0	0	0	0
뭐해 뭐해 뭐해 스윙터 비켜줘 아니지	0	0	0	1	0	0	0	0
뭔 게임이야	0	0	1	0	0	0	0	0
뭔 놈의 긴장감이야 [유저] 많은데	0	0	1	0	0	0	0	0
뭔 돈시장이야 방금 들어왔는데	0	0	1	0	0	0	0	0
뭔 말인지 몰라	0	0	1	0	0	0	0	0
뭔 말인지 알겠지	0	0	1	0	0	0	0	0
뭔 말인지 알죠	0	0	1	0	0	0	0	0
뭔 말인지 알지	0	0	1	0	0	0	0	0
뭔 소리냐	0	0	1	0	0	0	0	0
뭔 소리야	0	0	1	0	0	0	0	0
뭔 소리야 나 지금 3칸만 하고 있잖아	0	0	1	0	0	0	0	0
뭔 소리야 이거	0	0	1	0	0	0	0	0
뭔가 누를 수 있는 것이 있잖아	0	0	0	0	0	0	0	1
뭔가 업종이 있나	0	0	0	0	0	0	0	1
뭔가 올라가시는 방법이 있겠죠	0	0	0	0	0	0	0	1
뭔가 이상해 일부러 누군가가 떨어트리는 거 같은데	0	0	0	0	0	0	0	1
뭔가 팀이 있으니까	0	0	0	0	0	0	0	1
뭔데 이거	0	0	1	0	0	0	0	0
뭔데 이것이 뭔데	0	0	1	0	0	0	0	0
뭔데 이것이 어떻게 하는 거야	0	0	0	0	0	1	0	0
뭔데 저걸 자꾸 줄을 아 줄을 잡아서 땡길 수가 있나	0	0	0	0	0	0	0	1
뭔소리에요	0	0	1	0	0	0	0	0
뭔일이야 등교수 백 백 등교수 백 백 백 왜 야 너 쓰레기야	1	0	0	0	0	0	0	0
뭔지 알았지	0	0	1	0	0	0	0	0
뭘 기억해	0	0	0	0	0	0	0	1
뭘 늘려요	0	0	1	0	0	0	0	0
뭘 보낼까요	0	0	1	0	0	0	0	0
뭘 빼고 가느냐는	0	0	0	0	0	0	0	1
뭘 선의 콩콩이야	0	0	1	0	0	0	0	0
뭘 쓸 거인데	0	0	1	0	0	0	0	0
뭘 얻 거야	0	0	1	0	0	0	0	0
뭘 우주하마 인성의 실체야	0	0	1	0	0	0	0	0
뭘 이렇게 갈고 나 어떡하냐	0	0	1	0	0	0	0	0
뭘 존중하라는 거야	0	0	1	0	0	0	0	0
뭘 쳐다봐	0	0	0	0	0	0	0	1
뭘까 이거는 전혀 위험한 거 안 보이는데	0	0	1	0	0	0	0	0
뭣도 모르고 방금 도착해	0	0	0	0	0	0	0	1
미끄러울 수 있으니 엎어보겠습니다	0	0	1	0	0	0	0	0
미끄러지지 않게 미끄러지면서 닿을 수 있어요	0	0	1	0	0	0	0	0
미끄러진다	0	0	1	0	0	0	0	0
미는 거 있다	0	0	1	0	0	0	0	0
미는거 아 일단 자기소개부터 하자	0	0	1	0	0	0	0	0
미래 꿈이 나비 넥타이 수공업사야	0	0	1	0	0	0	0	0
미래가 밀어	0	0	0	0	0	0	0	1
미리 미리 준비 이거 좋잖아	0	0	1	0	0	0	0	0
미리 이렇게	0	0	1	0	0	0	0	0
미만으로 그냥 0초에 밟는다고 생각했는데 1 21	0	0	1	0	0	0	0	0
미사일 미사일 나 뒤로 야 앞으로 좀 가	0	0	0	0	0	0	0	1
미수반 2기	0	0	1	0	0	0	0	0
미안 [유저] 가 아까부터 좀 급해 올라가고 저기서 가까이 가면 점프 디노 좀 움직여 시작 밟아 점프 이오 밟아 와 천천히 천천히 꼭 계속 넘어가 나 출발한다	0	0	0	0	0	0	0	1
미안 나 기억이 너무 없어 갈게요	0	0	1	0	0	0	0	0
미안 백팩에다가 넣어요 를 든 사람이 들어서 넣어도 되나봐요	0	0	0	0	0	0	0	1
미안 아저씨는 수영을 못해 누나	0	0	0	1	0	0	0	0
미안 야 죽지 마봐 나 들어올게	0	0	0	0	0	0	0	1
미안 이거 내가 해야겠다	0	0	0	0	0	0	0	1
미안 타이밍 될줄 알았는데 미안 선행아 너만 믿는다	0	0	1	0	0	0	0	0
미안하지 말고 가	0	0	0	0	0	0	0	1
미안한데 나 덩크숏 하고싶어 덩크숏 땅에다 내리고 싶던데 어떻게 생각해 굿 드라잉 이쪽으로 울면 안되는데	0	0	0	0	0	1	0	0
미안해 라더야 날려야 돼	0	0	0	0	0	0	0	1
미안해 미안해	0	0	0	0	0	0	0	1
미안해 미안해 당신 차례지 당신 차례 그렇지 쭉 가 쭉 가 내가 할게	0	0	0	0	0	0	1	0
미안해 미안해 도망가	0	0	0	0	0	0	0	1
미안해 미안해 미안해	0	0	0	0	0	0	0	1
미안해 방패야	0	0	0	0	0	0	0	1
미안해 안돼 1대1 1대1 오리고기 오리고기 다운 오리고기 다운 아	0	0	0	0	0	1	0	0
미안해 이번 승의 목적 못 봤다 뭐라고 했지	0	0	0	0	0	0	0	1
미안해 일로 와 일로 와	0	0	0	0	0	0	0	1
미쳐가지고 즐거울 일도 많이 많다	0	0	0	0	0	0	0	1
미쳤다 미친 거지	1	0	0	0	0	0	0	0
미쳤다 세줄인데 세줄인데 안죽음 안죽음 안죽음 안닿는거 같은데 안죽음 안닿는거 같은데 닿지는 않는데 닿지는 않는데 더 이상 안올라가니까 끝까지 올라가야 되거든요	1	0	0	0	0	0	0	0
미친 개 청남자 아악 가자 가자 [유저] 가자	0	0	0	0	1	0	0	0
미친 불허양 맨날 벗고 있는데	0	0	1	0	0	0	0	0
미친 새키가 안녕하세요	0	0	0	0	0	0	0	1
미친 어떻게 저걸 살수있지	0	0	0	0	0	1	0	0
미친 이거 뭐야	0	0	0	0	1	0	0	0
미친 잠수해야돼	0	0	0	0	0	0	0	1
미친 콩콩 새끼 나 이거 이거 천천히 가자	1	0	0	0	0	0	0	0
미친놈아 나 아니야	1	0	0	0	0	0	0	0
민간인 동물이랑 다른 거야	0	0	1	0	0	0	0	0
민다 맨살 맨살 사람이 좀 더 필요할 것 같은데 8번이 좀 뒤로 와봐 8번이 뒤로 8번 계단 8번 계단 아 잠깐만 1여로 서 있어야 되는 것 같은데 살짝 살짝 나 잠깐 꼈어	0	0	0	0	0	0	0	1
민망하니까 박수치는 거 봐라	0	0	0	0	0	0	0	1
민체도 민체도	0	0	1	0	0	0	0	0
민트 [유저] 어디야	0	0	1	0	0	0	0	0
민트가 문제네	0	0	0	0	0	0	0	1
믿을 수가 없어	0	0	0	0	0	0	0	1
밀고 먹어야지	0	0	1	0	0	0	0	0
밀고 밟고 올라가고 밟고 올라가고	0	0	0	0	0	0	0	1
밀고 자 저걸 내려야 될 거 같은데	0	0	1	0	0	0	0	0
밀린다 살짝 앞으로 살짝 살짝 앞으로 살짝 야 너 너무 빨라	0	0	1	0	0	0	0	0
밀면 돼 올라가 밀면 되는거 같은데	0	0	0	0	0	0	0	1
밀면 되잖아	0	0	1	0	0	0	0	0
밀면 안 돼	0	0	0	0	0	1	0	0
밀면은 [유저] 는 [유저] 가 유명하기 때문에 아 이거네	0	0	0	0	0	0	0	1
밀어 밀어	0	0	0	0	0	0	0	1
밀어 밀어 밀어	0	0	0	0	0	0	0	1
밀어 밀어 밀어 다 밀어 다 밀어 하고 와야돼	0	0	0	0	0	0	0	1
밀어 밀어 밀어 아냐 아냐 아냐 밑으로 밑으로 아 채 Dharmait 계단 계단 저거 내리는 거 맞을 걸	0	0	0	0	0	0	0	1
밀어 밀어 밀어 안에서 밀어야 돼	0	0	0	0	0	0	0	1
밀어 밀어 밀어 야 여드름이 밀어야 돼	0	0	0	0	0	0	0	1
밀어 밀어 밀어 안 들어서도 돼	0	0	0	0	0	0	0	1
밀어 밀어 밀어 여기로 밀어야 될 거 같긴 한데	0	0	0	0	0	0	0	1
밀어 어 밀고 미세요	0	0	0	0	0	0	0	1
밀어 이러면 넘어지잖아	0	0	0	0	0	0	0	1
밀어라 쓰레기새끼들아	1	0	0	0	0	0	0	0
밀어보세요 승훈아빠님 1번 5번이 돼 3번 민다	0	0	0	0	0	0	0	1
밀어서 세이브 미러 미러 미러 미라 미라 미라 미러 [유저] 미러 이야	0	0	0	0	0	0	0	1
밀어야 돼	0	0	0	0	0	0	0	1
밀어야 돼 4명이서 열심히 하시길 안 해	0	0	0	0	0	0	0	1
밀어야 돼 밀어 밀어	0	0	0	0	0	0	0	1
밀어주면 돼 밀어주면 돼 왼쪽 가야돼	0	0	0	0	0	0	0	1
밀어줘 밀어줘	0	0	0	0	0	0	0	1
밀어줘야 돼	0	0	0	0	0	0	0	1
밀어줘야 돼 5천원 5천원 저 새끼 5천원 5천원 빨리 빨리 빨리 5천원이라니까 오는 거 봐	1	0	0	0	0	0	0	0
밀지 마 밀지 마 오오오 우리 용감한 친구들 너무 많아서 좋다	0	0	0	0	0	0	1	0
밑에 1번부터 숫자대로 숫자대로 1번 2번 3번 싸우지말고 싸우지마 싸우지마	0	0	1	0	0	0	0	0
밑에 건드는 거네	0	0	1	0	0	0	0	0
밑에 그림자가 있잖아 자기 그림자가	0	0	0	0	0	0	0	1
밑에 내려간 친구를 회색이 내려 주황색이 내려가봐봐	0	0	0	0	0	0	0	1
밑에 사람이 오시면 되요	0	0	1	0	0	0	0	0
밑에 야 이걸 못해	0	0	0	1	0	0	0	0
밑에 있는 사람도 나 올려줘	0	0	1	0	0	0	0	0
밑에 있는 사람도 나 올려줘 3번 6번 만들어줘	0	0	1	0	0	0	0	0
밑에사람들 끌어올려 끌어올리기 하면은 내가 마지막에 할 누름게임 이걸 끌어올려 끌어올려 아 놔둬 한명만 해도 돼 한명만 해도 돼 한명만 해도 돼 좋다고 내리고 내리고 나 끌어주고 자 그럼 여기 아래서 선행이 한 명 끌어줘야 되잖아	0	0	0	0	0	0	1	0
밑으로 가 쟤네	0	0	0	0	0	0	0	1
밑으로 나를 툭툭 쳐다봐	0	0	0	0	0	0	0	1
밑으로 내려가 가만있어	0	0	0	0	0	0	0	1
밑으로 내려가도 되는데	0	0	0	0	0	0	0	1
밑으로 내려가서 날 여기서 다시 올려서 일로 보내야돼	0	0	0	0	0	0	0	1
밑으로 떨어트려야 돼요	0	0	1	0	0	0	0	0
밑으로 조금만 내리자 안 보이는데	0	0	1	0	0	0	0	0
밑으로 한번 꺾자	0	0	1	0	0	0	0	0
바깥에만 데려가	0	0	0	0	0	0	0	1
바꾸게 해줄게	0	0	0	0	0	0	0	1
바꿀 수 없다	0	0	1	0	0	0	0	0
바꿔야 할 준비 바꿔야 할 준비 이어 먹어야 돼	0	0	1	0	0	0	0	0
바나나 던져	0	0	1	0	0	0	0	0
바나나 왜이렇게 많아	0	0	1	0	0	0	0	0
바다 맵도 1등 하라고요	0	0	1	0	0	0	0	0
바다맵이다 젤리빈 언덕구역 구역 주변을 뛰어다니며 승리하는데 충분한 수혜링을 수집하세요	0	0	0	0	0	0	0	1
바닥 떨어져	0	0	1	0	0	0	0	0
바닥에 닿아도 되나	0	0	1	0	0	0	0	0
바닥에 발이 안 나는 점프가 아니잖아	0	0	0	0	0	0	0	1
바닥에 이거 미로야	0	0	1	0	0	0	0	0
바닥을 내가 뒤	0	0	0	0	0	0	0	1
바람 불 때 뒤에서 걸쳐서 타면은 안 밀려서 떨어지는 것 같아	0	0	1	0	0	0	0	0
바람쇠기 이기면 안 돼	0	0	0	0	0	1	0	0
바람이 불어서 밀리네 잠깐만 이거 내가 밑에 가줄게	0	0	0	0	0	0	0	1
바로 1등	0	0	1	0	0	0	0	0
바로 가 바로 가	0	0	0	0	0	0	0	1
바로 가 오른쪽이야	0	0	0	0	0	0	0	1
바로 가야 돼	0	0	0	0	0	0	0	1
바로 가야돼	0	0	0	0	0	0	0	1
바로 가자	0	0	0	0	0	0	0	1
바로 가줘야 돼	0	0	0	0	0	0	0	1
바로 가줘야 돼요	0	0	0	0	0	0	0	1
바로 갈게요	0	0	1	0	0	0	0	0
바로 갈까	0	0	1	0	0	0	0	0
바로 계단 쌓기 계단 안 쌓아버린거 아냐	0	0	1	0	0	0	0	0
바로 그 유명한 [유저] 입니다	0	0	1	0	0	0	0	0
바로 내려가고 있어	0	0	0	0	0	0	0	1
바로 내려갑니다	0	0	1	0	0	0	0	0
바로 내려와 계단으로 내가 점프하면 돼	0	0	0	0	0	0	0	1
바로 따 빠 빠 바로 들어가서 꺼냅	0	0	0	0	0	0	0	1
바로 떨어질까	0	0	1	0	0	0	0	0
바로 뛰어 바로 뛰어	0	0	0	0	0	0	0	1
바로 밟지 말고 해	0	0	0	0	0	0	0	1
바로 버튼 해주고 바로 내려가고 바로 점프 이자 바로 점프 가자	0	0	0	0	0	0	0	1
바로 뺏었어	0	0	1	0	0	0	0	0
바로 삭제할게요	0	0	1	0	0	0	0	0
바로 시작하는 거를 언제 시작하지	0	0	1	0	0	0	0	0
바로 시작해 보도록 하겠습니다	0	0	0	0	0	0	0	1
바로 쌍욕 박는다	0	0	1	0	0	0	0	0
바로 쏘바 갈게 어	0	0	1	0	0	0	0	0
바로 앞으로 해 열쇠가 어딨어	0	0	0	0	0	0	0	1
바로 여기다가 해놓고 여기다가 설치하고 바로 점프해서 내가 넘어가야겠다	0	0	0	0	0	0	0	1
바로 올라가	0	0	0	0	0	0	0	1
바로 이거야 실을 꽈가지고 땡겨가지고 야 이제 저기 줄 맞추자 아 별 만들지 말고 스톱 스톱 스톱 아니야 아니야 그냥 나 혼자 갈 거야	0	0	0	0	0	0	0	1
바로 잡았다	0	0	1	0	0	0	0	0
바로 점프해 좀 빨리 가줘	0	0	0	0	0	0	0	1
바로 하시던데	0	0	1	0	0	0	0	0
바로 할게	0	0	1	0	0	0	0	0
바로바로 [유저] [유저] 네 오늘 해안저스 여러분들을 데리고 [유저] 이라는 협동게임을 해보려고 합니다	0	0	0	0	0	0	0	1
바로바로 밟는다 와 바꿨다 거짓말을 좀 바로바로 밟는다 2개 밟는거 잘한다 난 언제하지	0	0	0	0	0	0	1	0
바로바로바로바로 안 돼	0	0	0	0	0	1	0	0
바보들아 도망치면 도망이야 안해	1	0	0	0	0	0	0	0
박수 드립니다	0	0	1	0	0	0	0	0
박수 박수	0	0	1	0	0	0	0	0
박수 박수 박수 와하 자 오늘 해볼 게임은 점프 [유저] 입니다	0	0	0	0	0	0	0	1
박수 어 박수 그치그치 야 [유저] 믿는다	0	0	0	0	0	0	1	0
박수 짝짝	0	0	1	0	0	0	0	0
박수 쳐주세요	0	0	1	0	0	0	0	0
박수 한번 칩시다	0	0	1	0	0	0	0	0
박수치면서 어디서 막아주시지 마세요	0	0	1	0	0	0	0	0
박스 박스 치워주시고 박스 치워주시고 야 5초 남았다	0	0	1	0	0	0	0	0
박스 쳐주고 있어	0	0	1	0	0	0	0	0
박아 박아	0	0	1	0	0	0	0	0
박자 안 좋아 내가 위로 갈게	0	0	0	0	0	0	1	0
박자를 맞춰야 돼	0	0	1	0	0	0	0	0
박탈식이야	0	0	1	0	0	0	0	0
밖으로 내보내면 점수야 도깨야 똑똑하다	0	0	1	0	0	0	0	0
반갑다 친구들아	0	0	1	0	0	0	0	0
반갑습니다	0	0	1	0	0	0	0	0
반대 반대 반대 왼쪽이요	0	0	1	0	0	0	0	0
반대로 와봐 이거 저거 같이 떨어지게 쌓자 얘는 왼쪽으로 쭉 밀고 아닌가	0	0	0	0	0	0	0	1
반려공이야	0	0	1	0	0	0	0	0
반복적인 행동이	0	0	1	0	0	0	0	0
반응 그렇지	0	0	0	0	0	0	1	0
반응 좀 하자	0	0	1	0	0	0	0	0
반응도 좋았다	0	0	1	0	0	0	0	0
반응할 준비	0	0	1	0	0	0	0	0
반응할것이	0	0	1	0	0	0	0	0
반응해 줄것이 반응해 줄것이 반응해 줄게	0	0	0	0	0	0	0	1
받아라 꼬리	0	0	1	0	0	0	0	0
받아주고 탄력 받아주면서 바깥쪽에 [유저] 차이 타두면서 바깥쪽에 또 [유저] 한번만 타주면서 바깥쪽에 또 [유저] 하나 더 있겠죠	0	0	1	0	0	0	0	0
받았어 내가 잡았어	0	0	0	0	0	0	0	1
발 밑 조심해	0	0	0	0	0	0	0	1
발 밑에 조심해	0	0	0	0	0	0	0	1
발 밑은 왜	0	0	1	0	0	0	0	0
발걸음 뭔지 알지 구독 구독 구독 감사합니다	0	0	0	0	0	0	1	0
발견했잖아요	0	0	1	0	0	0	0	0
발사 같은데	0	0	1	0	0	0	0	0
발사하게 돼	0	0	1	0	0	0	0	0
발음을 똑바로 해요	0	0	0	1	0	0	0	0
발지마 머리	0	0	1	0	0	0	0	0
발코 가 아니 오케이 자 준비되면 간다	0	0	0	0	0	0	1	0
발판 사라진다	0	0	1	0	0	0	0	0
발판 움직여줘야지 이제 그렇지 위에 서로 발판 해줘야 돼	0	0	0	0	0	0	1	0
발판 해드릴게요	0	0	0	0	0	0	0	1
발판이 돼줘	0	0	1	0	0	0	0	0
밟고 그럼 여기가 열릴 거 아니야	0	0	0	0	0	0	0	1
밟고 나서 올라가야 되네	0	0	0	0	0	0	0	1
밟고 올라가고	0	0	0	0	0	0	0	1
밟고 한번 넘어가	0	0	0	0	0	0	0	1
밟는 걸 네가 해	0	0	0	1	0	0	0	0
밟다가 막 뛰어	0	0	0	0	0	0	0	1
밟아 그렇지	0	0	0	0	0	0	1	0
밟아밟아 빨리 밟아 들어오세요	0	0	0	0	0	0	0	1
밟아보자 밟아보자	0	0	1	0	0	0	0	0
밟아주세요	0	0	1	0	0	0	0	0
밟아줘야 돼 걱정하지마	0	0	1	0	0	0	0	0
밟았어 머리를 박작박작 붙여줘요 올라갔으면 죽이자 힘드네 이것이 다시 다시 좋아 제가 밟았어요	0	0	0	0	0	0	1	0
밟으면 뭐가 될까	0	0	0	0	0	0	0	1
밟으면 밟는다고	0	0	1	0	0	0	0	0
밟으면 밟을수록 뭐가 늘어나네 올라가 올라가 그렇지 올라가 올라가 그렇지 밟아 계속 밟아 계속 밟아줘야 돼	0	0	0	0	0	0	1	0
밟으면 안 되고 내가 올라갔다 올게 밟으면은 4 3 2 1 가만히 있어야 돼요	0	0	0	0	0	0	0	1
밟으면 안 되지	0	0	1	0	0	0	0	0
밟으면 우리가 죽을 것 같아	0	0	0	0	0	0	0	1
밟으면 점프가 안되니까 침착하는것이 중요해 침착 자 이제 아 짬뽕들 못해요	0	0	0	1	0	0	0	0
밟으면 죽는 거 아니야	0	0	1	0	0	0	0	0
밟으면 죽는다	0	0	1	0	0	0	0	0
밟으면 죽지 않았어	0	0	1	0	0	0	0	0
밟을려고 생각도 안했는데 그냥 어	0	0	1	0	0	0	0	0
밤 되면 졸린가	0	0	0	0	0	0	0	1
밤이 추워 밤 되면	0	0	1	0	0	0	0	0
밥 [유저] 이니까 진짓밖에 맨 부활한다	0	0	1	0	0	0	0	0
밥 가지고 오자	0	0	0	0	0	0	0	1
밥 벌어먹기 힘들다 네 오랜만입니다	0	0	1	0	0	0	0	0
밥 안드신 분 있어요	0	0	1	0	0	0	0	0
밥 좀 알아서 챙겨 먹고	0	0	1	0	0	0	0	0
밥이나 시킬란다	0	0	1	0	0	0	0	0
밧줄만 잡으면 돼	0	0	1	0	0	0	0	0
방 다시 만들까	0	0	1	0	0	0	0	0
방구 치는거라고	0	0	1	0	0	0	0	0
방금 4번이 들어가서 비켜주라고요	0	0	0	0	0	0	0	1
방금 A 뭐하는 짓이야 거기서 뒤로 가서 뭐하려고	0	0	0	0	0	0	0	1
방금 개 잘했어	0	0	0	0	0	0	1	0
방금 개잘했어	0	0	0	0	0	0	1	0
방금 거처럼	0	0	1	0	0	0	0	0
방금 깜짝 놀랐어	0	0	1	0	0	0	0	0
방금 끝판 아니었어	0	0	1	0	0	0	0	0
방금 난 [유저] 가 밀었잖아	0	0	0	0	0	0	0	1
방금 두려웠던 중력이 개쭈	0	0	1	0	0	0	0	0
방금 레몬과 렉 걸렸는데	0	0	1	0	0	0	0	0
방금 맞힐게요	0	0	1	0	0	0	0	0
방금 뭐야	0	0	0	0	1	0	0	0
방금 뭐였냐	0	0	1	0	0	0	0	0
방금 밀렸어	0	0	1	0	0	0	0	0
방금 방금 잠뜰의 인기적인 행동 때문에	0	0	1	0	0	0	0	0
방금 야 야 야 저 저 저 잡아 쟤 잡아 오케이 스킬 [유저] 선생님 불러야 돼	0	0	0	0	0	0	1	0
방금 어떻게 된 거야	0	0	0	0	0	1	0	0
방금 왜 이렇게 잘했어	0	0	0	0	0	0	1	0
방금 재미있었다	0	0	1	0	0	0	0	0
방금 재미있었으니까 이제 그만 재미있게LA 제가	0	0	0	0	0	1	0	0
방금 찰나의 순간에 딱 잡으면 상대가 죽습니다	0	0	0	0	0	0	0	1
방금 협동력	0	0	1	0	0	0	0	0
방금 호흡 맞았네 이래	0	0	1	0	0	0	0	0
방금도 A가 눌렀어	0	0	0	0	0	0	0	1
방금은 내가 쐈어	0	0	0	0	0	0	0	1
방망이 방망이 아잉아잉아잉아잉아잉아잉아잉 아니 행돌이 갑자기 왜 각성했어 방망이 방망이 방망이 맴매 맴매 맴매 아하하하하하하하하하하 온다 온다 내 배야	0	0	1	0	0	0	0	0
방망이 쏟아질 것 같아요	0	0	1	0	0	0	0	0
방방이 타지 말라고 가 그대로 나 보라색 나 민트임	0	0	0	0	0	0	0	1
방법이 없어	0	0	1	0	0	0	0	0
방벽은 방벽 주변은 절대 움직이지 말고 올라가 올라가 올라가 우선 해보자 뭐든 해보자	0	0	0	0	0	0	0	1
방벽있는 사람이 2층에 있어야돼	0	0	1	0	0	0	0	0
방송 그냥 껐다 킨대	0	0	1	0	0	0	0	0
방송공덕바지	0	0	1	0	0	0	0	0
방송하는 사람 맞아	0	0	0	0	0	0	1	0
방심했네 남 욕할 시간에 빨리 입이나 자래	0	0	0	0	0	0	0	1
방으로 피해줘요	0	0	0	0	0	0	0	1
방지현 불안함에 무빙을 지는 거인가	0	0	0	0	0	0	0	1
방패 군대 오케이 쟤 앞에 이제 갈게요	0	0	0	0	0	0	1	0
방패 안 막아도 돼	0	0	1	0	0	0	0	0
방패 이야 방패 막아줘 으아 얘들아 지켜줄게	0	0	1	0	0	0	0	0
방패들 다 방패 앞에 있어	0	0	1	0	0	0	0	0
방패병 위에	0	0	1	0	0	0	0	0
방패병 이것이 뭐야	0	0	0	0	1	0	0	0
배 운전하는 그건가보다 핸들 이건 뭐야	0	0	0	0	1	0	0	0
배고파 죽겠어	0	0	1	0	0	0	0	0
배고파서 그래요	0	0	0	0	0	0	1	0
배고파서 차근차근 나 먼저 가 내지 콩콩아	0	0	0	0	0	0	0	1
배고프니까 아 이거 먹어야 된다	0	0	1	0	0	0	0	0
배고프면 밥을 먹어야 된다	0	0	1	0	0	0	0	0
배려 좋았어요	0	0	0	0	0	0	1	0
배신하는거 없다	0	0	1	0	0	0	0	0
배양 높게ane spot finish 이어허허허허허허허허허허허허허허허허허허허허허허허허허허허허허허허허허허허허허허허허허허허허허허허허허허허허허허허허허허허허허허허허허허허허허허허허허허허허허허허허허허허허허허허허허허허허허허허허허허허허허허허허허허허허허허허 죽어 죽어 죽어	1	0	0	0	0	0	0	0
배웠던 것처럼	0	0	1	0	0	0	0	0
백운 씨 빨아줄까요	0	0	1	0	0	0	0	0
밸런스가 맞아 그래 그것이 무슨 소리니	0	0	0	0	0	0	1	0
뱀머리 잘해	0	0	0	0	0	0	1	0
뱅뱅뱅뱅뱅뱅뱅뱅	0	0	1	0	0	0	0	0
버그넣어 버그넣어 야 얘 W 계속 눌러	0	0	0	0	0	0	0	1
버러지 새끼들	1	0	0	0	0	0	0	0
버려 버려	0	0	1	0	0	0	0	0
버려 버려 버려	0	0	1	0	0	0	0	0
버리면 안 된다	0	0	1	0	0	0	0	0
버리면 안 된다 안 버려	0	0	1	0	0	0	0	0
버버버버버버 버버 버버버버	0	0	1	0	0	0	0	0
버섯이라도 먹어야 될 것 같습니다	0	0	1	0	0	0	0	0
버튼 개수야 버튼 개수	0	0	1	0	0	0	0	0
버튼 누르니까 숫자가 줄어드네요	0	0	0	0	0	0	0	1
버튼 눌러보지	1	0	0	0	0	0	0	0
버튼 이거 버튼 이건가	0	0	0	0	0	0	0	1
버튼 저기다가 저걸 두는거인가봐	0	0	0	0	0	0	0	1
버튼을 면허 없어	0	0	1	0	0	0	0	0
버튼을 아예 뗐다가 이러고 들어가 아 근데 반벽 있는 사람이 같이 마지막에는 결국 올라와야 되는 거 같긴 한데 반대편으로 넘어가 봐 반벽에 올라와야 되는 거 같아	0	0	0	0	0	0	0	1
버튼을 해야 돼 버튼	0	0	0	0	0	0	0	1
버티기만 하는데 버티기만	0	0	1	0	0	0	0	0
번개 있어야지 믿고 가세요	0	0	0	0	0	0	0	1
번개 하나 있지 않을까	0	0	1	0	0	0	0	0
번개 하나 정도는 있겠지	0	0	1	0	0	0	0	0
번개 해적 그리고 구름까지 근데 우리가 선장을 믿지 못하면 내릴 수 있어요	0	0	0	0	0	0	0	1
번개가 없어	0	0	0	0	0	0	0	1
번개는 없고 [유저] 가 있어	0	0	0	0	0	0	0	1
번호 다 떠요	0	0	1	0	0	0	0	0
벌려 벌려	0	0	1	0	0	0	0	0
벌써 16번이나 죽었어	0	0	0	0	0	1	0	0
벌써 50만도 넘기고 막 그래가지고 이제 또 찍게 됐고요	0	0	0	0	0	0	1	0
벌써 내려오고 미친놈들 다니고	1	0	0	0	0	0	0	0
벌써 내일 룸 나왔어요	0	0	1	0	0	0	0	0
벌써 다 왔어	0	0	1	0	0	0	0	0
벌써 밟았어	0	0	1	0	0	0	0	0
벌써 벌써 마지막이야	0	0	1	0	0	0	0	0
벌써 헬이다	0	0	1	0	0	0	0	0
벌팅을 한 것 같아	0	0	1	0	0	0	0	0
범인 찾아내자 누가 원인이었는지 오케이 우리 원색적인 비난하자 이번엔 그러면 귀엽다 우우우우 xu 이자 [유저]	0	0	0	0	0	0	1	0
법방 시위	0	0	1	0	0	0	0	0
벗겨 왜 훔쳐	0	0	1	0	0	0	0	0
벙퍼롬벙퍼롬벙	0	0	1	0	0	0	0	0
벽구 형 헤어스타일 하고 있잖아	0	0	1	0	0	0	0	0
벽에 붙으면 안 쏴진다고	0	0	1	0	0	0	0	0
벽에다 해야 돼	0	0	0	0	0	0	0	1
별거 아니잖아	0	0	1	0	0	0	0	0
별거 없네	0	0	1	0	0	0	0	0
별과살이 [유저] 야	0	0	1	0	0	0	0	0
별로 안 무서워 그냥 달려 어 안락하구나	0	0	1	0	0	0	0	0
별로인 것 같아요	0	0	1	0	0	0	0	0
별모양 만들었어	0	0	1	0	0	0	0	0
별은 동물이 아닌데요	0	0	1	0	0	0	0	0
별일 안 일어나는데요	0	0	1	0	0	0	0	0
병신같은 진짜	1	0	0	0	0	0	0	0
병신들아 안 해 혼내줄게	1	0	0	0	0	0	0	0
병신은 아직도 모르겠어	1	0	0	0	0	0	0	0
병준아 좀 잘하라고	0	0	1	0	0	0	0	0
보고 있을것이 야	0	0	1	0	0	0	0	0
보고 해야겠다	0	0	0	0	0	0	0	1
보기 좋아 보기 좋아	0	0	0	0	0	0	1	0
보기네네 콩콩아 절대 뱉지마라 절대 배지마라	0	0	1	0	0	0	0	0
보라색 [유저] 입니다	0	0	1	0	0	0	0	0
보라색 나야 보라색이 연호고 아온이가 무슨 색이야	0	0	0	0	0	0	0	1
보라색 너블입니다	0	0	1	0	0	0	0	0
보라색 님은 어디 갔었지	0	0	1	0	0	0	0	0
보라색 미안	0	0	1	0	0	0	0	0
보라색 보라색으로 쉐이 그냥 띄워도 될듯 어 오케이 가볼게요	0	0	0	0	0	0	1	0
보라색 쏴 보라색 오케이 오케이 [유저] 가 오케이 [유저] 아하하하하 얘 잘 썼다	0	0	0	0	0	0	1	0
보라색 어떤 10세야	0	0	1	0	0	0	0	0
보라색 올려	0	0	1	0	0	0	0	0
보라색 왜 이렇게 많아 보라색 막아야 돼	0	0	1	0	0	0	0	0
보라색님 여기 이거 밧줄 잡으면 돼 밧줄 밧줄 밧줄 돈이 갔어	0	0	1	0	0	0	0	0
보라색만 움직이면 돼	0	0	1	0	0	0	0	0
보라색이 없어야지 이 점프를	0	0	0	0	0	0	0	1
보면서 올라오세요	0	0	0	0	0	0	0	1
보물이 없어요	0	0	1	0	0	0	0	0
보상은 막내가 받아갑니다	0	0	0	0	0	0	0	1
보여줘 보여줘 아니 비켜봐	0	0	0	0	0	0	0	1
보자 됐어	0	0	1	0	0	0	0	0
보지 말라고	1	0	0	0	0	0	0	0
보트에서 떨어지지 마세요	0	0	1	0	0	0	0	0
복도에서 뭐하는뎅 그냥 와 좀 하쪽으로 가자고 먹게 여기로 버질래	0	0	0	0	0	0	0	1
본 것 같은데	0	0	1	0	0	0	0	0
본게임 가요 이제	0	0	0	0	0	0	0	1
본게임 갈게요	0	0	1	0	0	0	0	0
본다 본다	0	0	1	0	0	0	0	0
본인 밥그릇이나 잘 합시다	0	0	1	0	0	0	0	0
본인 색깔로 밀 수 있는 거 같은데	0	0	1	0	0	0	0	0
본인에게 실수한 대가를 알아야 돼	0	0	0	1	0	0	0	0
본질에 부딪히면 안 된다고	0	0	1	0	0	0	0	0
볼 때가 여기서 이렇게 이렇게 이렇게 가야되네요	0	0	0	0	0	0	0	1
볼레 잘 봐 형이 어떻게 돈 버는지 두 눈 똑바로 봐	0	0	0	1	0	0	0	0
봄에 만나요	0	0	1	0	0	0	0	0
봉이네 봉이네	0	0	1	0	0	0	0	0
봐 양쪽 고기 막아버렸어	0	0	0	0	0	0	0	1
봐라 걸어라 뛰어라 점프해라 잡아라 크라우치 해라	0	0	0	0	0	0	0	1
봐봐 봤잖아	0	0	0	0	0	0	0	1
봐봐 앞에 있잖아	0	0	0	0	0	0	0	1
봐주니깐 한뚫끝도 몰라 난리 났다	0	0	0	0	0	0	0	1
봐줘 절대 안 봐	0	0	0	0	0	0	0	1
봤는데 눈앞에 이 새끼 뭐야	1	0	0	0	0	0	0	0
봤는데 오우 씨발 안녕	1	0	0	0	0	0	0	0
부끄럽거든요	0	0	1	0	0	0	0	0
부드러운 여자 윤휴입니다	0	0	0	0	0	1	0	0
부딪치면 안 돼	0	0	0	0	0	1	0	0
부딪치지 마	0	0	1	0	0	0	0	0
부딪치지 않아야 돼	0	0	1	0	0	0	0	0
부메랑이야	0	0	1	0	0	0	0	0
부스 문 여는 순간 나갈듯 뭐가 전시료도 깜빡거리는데 아 움직이면 안돼	0	0	0	0	0	1	0	0
부채꼴 모양으로 나오니까 도착해서 가장자리에 가만히 있읍시다 움직이지마 내려와봐	0	0	0	0	0	0	0	1
부추 올라와	0	0	0	0	0	0	0	1
부탁드립니다	0	0	1	0	0	0	0	0
부파르르릉	0	0	1	0	0	0	0	0
부활해가지고 진짓밖에 맨 머쓱 머쓱 잠시만요 머쓱 누나 뺏겨달래요	0	0	0	0	0	0	0	1
분석은 [유저] 를 알아	0	0	1	0	0	0	0	0
분위기가 달라 분위기가 달라	0	0	0	0	0	0	0	1
분홍색 [유저] 입니다	0	0	1	0	0	0	0	0
분홍색 꽂았고 저것이 문제인데 저걸 가져와야 되거든	0	0	0	0	0	0	0	1
분홍색 넘어가시라고 분홍색 넘어가시라고 더 가시라고 더 더 더 가시라고 분홍색 더 가시라고 왜 저래	0	0	0	0	0	0	0	1
분홍색 아 피가 없어졌어	0	0	0	0	0	0	0	1
분홍색 파이프는 저 위에 있는 거잖아	0	0	1	0	0	0	0	0
분홍색은 뭐야	0	0	0	0	1	0	0	0
분홍색이랑 파란색 하면 돼	0	0	1	0	0	0	0	0
분홍아 가자	0	0	0	0	0	0	0	1
분홍옵 할수있어	0	0	1	0	0	0	0	0
불 빤다 이야	0	0	1	0	0	0	0	0
불 켜져야만 점프를 할 수 있는데 한명당 한명 점프할 수 있으니까 4번 하는 거 아닐까	0	0	0	0	0	0	0	1
불빛에 있어야 되는데 불빛에 불 켜줬을 때 달릴	0	0	1	0	0	0	0	0
불안함으로 불안해도 우리 믿고 뛰었어	0	0	0	0	0	0	0	1
붕대 붕대라도 던져줄게요	0	0	1	0	0	0	0	0
붙어줘야 돼	0	0	1	0	0	0	0	0
붙이면 돼	0	0	1	0	0	0	0	0
브리핑 잘했는데 왜 뭐하는데	0	0	0	0	0	0	1	0
블라인드 이 댄 런 존나 무섭게 생김 귀신 개무섭게 생김	1	0	0	0	0	0	0	0
블랙홀 빠지면 뒤지는 거고	1	0	0	0	0	0	0	0
블랙홀 해보고 싶다	0	0	0	0	0	0	0	1
블럭 그거 잘 맞 이건 주인공병이 아니라 제가 한번 해볼게요	0	0	0	0	0	0	0	1
블럭 블럭 근데 의견을 두 명이 내서 그런데요	0	0	1	0	0	0	0	0
블럭이 왼쪽으로 왼쪽으로 가만히 있어야지 가만히 있어야지 가만히 있어야지 아 오른쪽 오른쪽 오른쪽 왼쪽인데	0	0	0	0	0	0	0	1
블럭이 이것이 어 뭐야	0	0	0	0	1	0	0	0
블록 부서지는 거야	0	0	1	0	0	0	0	0
비가 그쳤네	0	0	0	0	0	0	0	1
비경하러 왔습니다	0	0	1	0	0	0	0	0
비껴 비껴 비껴 앞에 있는 애들 3명이다 오케이 빨간가 빨간가 주황이 가	0	0	0	0	0	0	1	0
비꽃파크 때문에 비꽃파크 하나 때문에 내가 미안하다	0	0	0	0	0	0	0	1
비눗방울 같다 핸드 [유저] 이면 이것이 속내에서 뭐가 나아가나	0	0	0	0	0	0	0	1
비벼 비벼 비벼	0	0	1	0	0	0	0	0
비싼 곳에서	0	0	1	0	0	0	0	0
비오는데 동굴에서 못 올라가	0	0	0	0	0	0	0	1
비켜 좋았다 좋았다	0	0	0	0	0	0	0	1
비켜봐 비켜봐	0	0	0	0	0	0	0	1
비켜야 돼	0	0	0	0	0	0	0	1
비켜야 쏘지	0	0	0	0	0	0	0	1
비켜주세요	0	0	0	0	0	0	0	1
비켜줘 3초 2초 이야	0	0	0	0	0	0	0	1
비켜줘야 돼	0	0	0	0	0	0	0	1
비켜줘야 될터인데 약대 약간 후회해 줘	0	0	0	0	0	0	0	1
비켜줘야죠	0	0	0	0	0	0	0	1
비키라고 하냐고	0	0	1	0	0	0	0	0
비키지 마	0	0	1	0	0	0	0	0
비행기 타고 가다가 아 헐 착륙했어	0	0	0	0	0	0	0	1
비행기 타러 갈게요	0	0	1	0	0	0	0	0
빅 [유저] I see you 나 혼자 다녀야겠다	0	0	1	0	0	0	0	0
빈칸 빈거리게	0	0	1	0	0	0	0	0
빌어보세요	0	0	0	0	0	0	0	1
빌어주세요	0	0	1	0	0	0	0	0
빗겨줘 빗겨줘 들어와 3번 3번 아 뭐야	0	0	0	0	1	0	0	0
빙글빙글 돌 수 있는데	0	0	1	0	0	0	0	0
빛났나 빛났어	0	0	1	0	0	0	0	0
빠르게 마요	0	0	1	0	0	0	0	0
빠르게 빠르게	0	0	1	0	0	0	0	0
빠르게 빠르게 빠르게 그러다 한 명 떨어지고 한 번 빨리 빨리 빨리 한 번 2번 멈춰	0	0	0	0	0	0	0	1
빠르게 하고 있지 않아 되게	0	0	1	0	0	0	0	0
빠빠빰 빠빰빰	0	0	1	0	0	0	0	0
빠이빠이 빠이빠이 [유저] 영상에서 만나요	0	0	1	0	0	0	0	0
빠져 빠져 빠져	0	0	1	0	0	0	0	0
빠져도 돼 놔 놔 놔 [유저] 가 [유저] 가 이제 눈꽃 해주고 야 놔봐	0	0	0	0	0	0	0	1
빠졌다 빠졌다 빠졌다	0	0	1	0	0	0	0	0
빡대가리야	0	0	0	0	0	0	0	1
빡치대원아 빡치대원 한 방에 뚫어버렸어	1	0	0	0	0	0	0	0
빨간 [유저] 바 [유저] 방송보고 벗기고있어 주황 3 [유저] 아빠 노랑 4 100 네	0	0	1	0	0	0	0	0
빨간 거 있어요	0	0	1	0	0	0	0	0
빨간 불 잠깐 내기 빨간 불에는 기다려줍니다	0	0	0	0	0	0	0	1
빨간 황투	0	0	1	0	0	0	0	0
빨간물고기	0	0	1	0	0	0	0	0
빨간불이면 1층까지 빠르게 전진 오케이 아 잠깐만 일부러 그래 깜빡거릴때는 그냥 다 멈춰야되나보다	0	0	0	0	0	0	1	0
빨간불이면 가면 안돼	0	0	0	0	0	1	0	0
빨간색 깝치지 마	0	0	1	0	0	0	0	0
빨간색 내 뒤로 줄서 뒤로 가 정확히 날 따라합니다	0	0	0	0	0	0	0	1
빨간색 생선 두 개가 있고 파란색 착한 생선이 하나 있어요	0	0	0	0	0	0	0	1
빨간색 오른쪽으로 좀 붙여보세요	0	0	0	0	0	0	0	1
빨간색 저 도깨비는 존재하고 있네요	0	0	1	0	0	0	0	0
빨간색 출발 그렇지 그렇지 그렇지 자 다음 아 이거 끌어주자	0	0	0	0	0	0	1	0
빨간색 한 번 더 가요	0	0	0	0	0	0	0	1
빨간색부터 옮겨야 된다고	0	0	1	0	0	0	0	0
빨간색아 얘는 점프욕이 낮은거야	0	0	0	0	0	0	0	1
빨간색이 옮겨줘야 된다 여기로	0	0	1	0	0	0	0	0
빨강 [유저] 박	0	0	1	0	0	0	0	0
빨강 임포임	0	0	1	0	0	0	0	0
빨라지는 거 아니면 쉽지 않아 오케이 [유저] 쉬운데	0	0	0	0	0	0	1	0
빨라진 것 같아	0	0	1	0	0	0	0	0
빨라진 것 같은데	0	0	1	0	0	0	0	0
빨리 [유저] 뿌시면 빨라져	0	0	0	0	0	0	0	1
빨리 가서	0	0	0	0	0	0	0	1
빨리 가서 우리 생존해야 돼요	0	0	0	0	0	0	0	1
빨리 가야 돼	0	0	0	0	0	0	0	1
빨리 가야 되나	0	0	0	0	0	0	0	1
빨리 가야 됩니다	0	0	0	0	0	0	0	1
빨리 가야겠다	0	0	0	0	0	0	0	1
빨리 가야돼	0	0	0	0	0	0	0	1
빨리 가야한다고 뒤에서 빨리 올라와야돼	0	0	0	0	0	0	0	1
빨리 가요	0	0	0	0	0	0	0	1
빨리 가자 빨리 가자	0	0	0	0	0	0	0	1
빨리 겨울잠 자	0	0	0	0	0	0	0	1
빨리 그냥 아 이루는 오늘 하루 말없이 할까	0	0	0	0	0	0	0	1
빨리 그래서 여긴 지나가야돼	0	0	0	0	0	0	1	0
빨리 깨자	0	0	0	0	0	0	0	1
빨리 깨자 빨리 깨자 우리 이거 1스테이지야 [유저] 야 진정해	0	0	0	0	0	0	0	1
빨리 꾹꾹이 삼켜버리게	0	0	0	0	0	0	0	1
빨리 끝내버리자	0	0	0	0	0	0	0	1
빨리 나가 [유저] [유저] 좋아	0	0	0	0	0	0	1	0
빨리 나가 빨리 나가 가자 빙고 이야	0	0	0	0	0	0	0	1
빨리 나오세요	0	0	0	0	0	0	0	1
빨리 나와 빨리 들어와	0	0	0	0	0	0	0	1
빨리 넘어가 빨리 넘어가 시청할 담당 정해	0	0	0	0	0	0	0	1
빨리 넘어와	0	0	0	0	0	0	0	1
빨리 눌러	0	0	0	0	0	0	0	1
빨리 닿기만 해도 안되나봐	0	0	0	0	0	0	0	1
빨리 들어가 빨리 열쇠 누 열쇠 자꾸 뺏기는데 거기 붙어있는 거 됐다	0	0	0	0	0	0	0	1
빨리 들어와	0	0	0	0	0	0	0	1
빨리 뛰어	0	0	0	0	0	0	0	1
빨리 뛰어야지	0	0	0	0	0	0	0	1
빨리 루페가 가줘야돼	0	0	0	0	0	0	0	1
빨리 먹어	0	0	0	0	0	0	0	1
빨리 먹어 점프로 가야된다 잉까 점프로 내려가야 돼	0	0	0	0	0	0	0	1
빨리 뭐 했으면 뭘 해야 될 거 아냐	0	0	0	0	0	0	0	1
빨리 미안하다고 해	0	0	0	0	0	0	0	1
빨리 밟아봐	0	0	0	0	0	0	0	1
빨리 빨리	0	0	0	0	0	0	0	1
빨리 빨리 wiping ok [유저] [유저] J gster 이야 공룡아 올라 gesagt 공룡아	0	0	0	0	0	0	0	1
빨리 빨리 나온다	0	0	0	0	0	0	0	1
빨리 빨리 밀어 빨리 빨리 빨리	0	0	0	0	0	0	0	1
빨리 빨리 빨리	0	0	0	0	0	0	0	1
빨리 빨리 빨리 멈춰 멈춰 움직여있어 움직여있어 움직여있어 그 마음 저도 이해합니다	0	0	0	0	0	0	0	1
빨리 빨리 빨리 대가리 박아 자 [유저] [유저] 대가리 출발 쟤 세모 그렇지	0	0	0	0	0	0	1	0
빨리 빨리 빨리 야 included 여깄다	0	0	0	0	0	0	0	1
빨리 빨리 빨리 이렇게 이렇게 이렇게 상우 보는 중	0	0	0	0	0	0	0	1
빨리 빨리 빨리 아 벽 박지 말고 이거를 며칠을 한거야	0	0	0	0	0	0	0	1
빨리 빨리 아 일부러 그랬죠	0	0	0	0	0	0	0	1
빨리 빨리 오케이 각별이 먼저 타야 돼	0	0	0	0	0	0	1	0
빨리 빨리 자리 잡아봐	0	0	0	0	0	0	0	1
빨리 빨리 좀 앞으로 가라	0	0	0	0	0	0	0	1
빨리 빨리 지나가라니까	0	0	0	0	0	0	0	1
빨리 시작해	0	0	0	0	0	0	0	1
빨리 아니 이건 어쩔 수 없어	0	0	0	0	0	0	0	1
빨리 안 올라가	0	0	0	0	0	0	0	1
빨리 앞으로 가봐 앞으로 가	0	0	0	0	0	0	0	1
빨리 앞으로 누르고 아 이거 시간을 빨리 가야돼	0	0	0	0	0	0	0	1
빨리 얘기해	0	0	0	0	0	0	0	1
빨리 없애줘야지	0	0	0	0	0	0	0	1
빨리 열라고	0	0	0	0	0	0	0	1
빨리 열어	0	0	0	0	0	0	0	1
빨리 열어 빨리 열어	0	0	0	0	0	0	0	1
빨리 열어주세요	0	0	0	0	0	0	0	1
빨리 오세요	0	0	0	0	0	0	0	1
빨리 와 나도 마셔	0	0	0	0	0	0	0	1
빨리 와 빨리	0	0	0	0	0	0	0	1
빨리 와 빨리 와 내가 보기에는 2층으로 쌓는것이 나아	0	0	0	0	0	0	0	1
빨리 와 아니 초록아 니가 왼쪽으로 좀 가야지	0	0	0	0	0	0	0	1
빨리 와 으아아아아아아아악	0	0	0	0	1	0	0	0
빨리 와 진짜 인생이 쭉 해보고 밀어줘야 된다	0	0	0	0	0	0	0	1
빨리 와 화면 커지잖아	0	0	0	0	0	0	0	1
빨리 와라	0	0	0	0	0	0	0	1
빨리 왼쪽 가 왼쪽 가 왼쪽 가 으아아아아아 으아아아아아아 하나 둘 셋 아 진짜 한번에 하나 하나 둘 셋 너무 급해	0	0	0	0	1	0	0	0
빨리 왼쪽에서도 여기서 나가	0	0	0	0	0	0	0	1
빨리 움직여요	0	0	0	0	0	0	0	1
빨리 잡아라	0	0	0	0	0	0	0	1
빨리 저 올라가야 돼요	0	0	0	0	0	0	0	1
빨리 점프를 해야지 형이 도망가겠지	0	0	0	0	0	0	0	1
빨리 지나가 자 애기만 지나갈수 있습니다	0	0	0	0	0	0	0	1
빨리 처리해	0	0	0	0	0	0	0	1
빨리 출발해 그래 쳐 가 가자 고개 숙여	0	0	0	0	0	0	1	0
빨리 콩콩이 어딨어 콩콩이 어딨어	0	0	0	0	0	0	0	1
빨리 타 물어 물어 물어 가만있어	0	0	0	0	0	0	0	1
빨리 털 줘 가서 오케이 산적이야	0	0	0	0	0	0	1	0
빨리 피지컬 없는 분은 이리 가세요	0	0	0	0	0	0	0	1
빨리 하자	0	0	0	0	0	0	0	1
빨리 한명만 빌어봐요	0	0	0	0	0	0	0	1
빨리 해야 돼	0	0	0	0	0	0	0	1
빨리 했었어야 됐지	0	0	0	0	0	0	0	1
빨리가 빨리가 [유저] 가 벽기 올라가야돼	0	0	0	0	0	0	0	1
빨리가야돼	0	0	0	0	0	0	0	1
빨리가자 빨리가자 루테 괜찮아	0	0	0	0	0	0	0	1
빨리빨리 가줘야돼	0	0	0	0	0	0	0	1
빨리빨리 가줘야지 갈 거 아니야	0	0	0	0	0	0	0	1
빨리빨리 빨리	0	0	0	0	0	0	0	1
빨리빨리 빨리빨리	0	0	0	0	0	0	0	1
빨리빨리 쏴 빨리빨리 쏴	0	0	0	0	0	0	0	1
빨리빨리 왔어야지 그니까	0	0	0	0	0	0	0	1
빨리빨리 해라	0	0	0	0	0	0	0	1
빨리와 빨리	0	0	0	0	0	0	0	1
빨리와봐 으아아아아아 나 혼자 [유저] 랑 싸우다가 죽었는데 야 쟤 빨리 맞춰 더 깨워줘	0	0	0	0	1	0	0	0
빨빨 안와 떨어질까지 왔거든 조심하고 조심하고 야 천천히 천천히 뒤에를 보면서 뒤에 너무 늦는 친구도 좀 봐가면서 그렇지	0	0	0	0	0	0	1	0
빨파 빠노	0	0	1	0	0	0	0	0
빼기는 이거 내가 플러스를 눌릴터니까 너네가 뭔 소리야	0	0	0	0	0	0	0	1
빼내야 돼	0	0	1	0	0	0	0	0
뼈다귀 길 개 어려운데	0	0	1	0	0	0	0	0
뼈다귀 조심	0	0	0	0	0	0	0	1
뽀뽀의 D 보여줘	0	0	1	0	0	0	0	0
뽈롱 잡아서 들어갑니다	0	0	1	0	0	0	0	0
뿅 폭탄 발사 이야	0	0	1	0	0	0	0	0
뿝 야 책임은 너다 닥쳐 닥쳐 닥쳐 형 한번 발 봐봐 발 피기 전에 재밌었다	1	0	0	0	0	0	0	0
뿡 내꺼야 뿡 응 내꺼야	0	0	1	0	0	0	0	0
삐용 삐용	0	0	1	0	0	0	0	0
사고 났어	0	0	1	0	0	0	0	0
사고 붙지마 떨어졌어	0	0	1	0	0	0	0	0
사고 점점 사고 났어요	0	0	1	0	0	0	0	0
사과하면 다야	0	0	1	0	0	0	0	0
사과하지 마세요	0	0	1	0	0	0	0	0
사과해봐 5번 7번 새끼들아	1	0	0	0	0	0	0	0
사과했다고	0	0	1	0	0	0	0	0
사과했잖아	0	0	1	0	0	0	0	0
사기치지 말고	0	0	1	0	0	0	0	0
사대가 나와봐 발판 해줄게 알았어	0	0	0	0	0	0	0	1
사람 네가 우산인데 거기 있지 않겠지	0	0	0	0	0	0	0	1
사람 막는것이 왜이렇게 재밌니야	0	0	1	0	0	0	0	0
사람 죽여놓고 미안이면 다야	0	0	1	0	0	0	0	0
사람 한 명 더 와야 돼	0	0	0	0	0	0	0	1
사람들이 그러면 뭐라고 생각할까	0	0	1	0	0	0	0	0
사람들이 왜 이렇게 폭력적이야	0	0	1	0	0	0	0	0
사람들이 있는데 외로워 보인다 형	0	0	1	0	0	0	0	0
사람들이 지금 넘어와야 돼요	0	0	0	0	0	0	0	1
사람을 일일이 이렇게 하면 죽는구나	0	0	1	0	0	0	0	0
사람한테 빈털 툴이네	0	0	1	0	0	0	0	0
사랑 평화 믿음 행복 이야 어떻게 가슴이 따뜻해졌나요	0	0	0	0	0	1	0	0
사소해 사소해	0	0	0	0	0	0	0	1
사실 [유저] 이가 영하니까	0	0	0	0	0	0	0	1
사실 이거 이거 이제 789101112 남은거지	0	0	1	0	0	0	0	0
사실 이것이 동기부여 전략이라고 올라왔다	0	0	1	0	0	0	0	0
사실 제가 [유저] 자아로서 지금 게임을 하고 있었는데 [유저] 자원 나와야겠다	0	0	0	0	0	0	0	1
사야 되네	0	0	1	0	0	0	0	0
사이가 아 일단 [유저] 막아 야야 [유저] 막아 막아 막아 양띵 막아 야 내 차 가렸다	0	0	0	0	0	0	0	1
사이코패스인가	0	0	0	0	0	0	0	1
사장님 삐리리리리리리리 밀어 밀어 밀어 자 밀어 됐다	0	0	0	0	0	0	0	1
사주품을 벗겨진 거 봐	0	0	0	0	0	0	0	1
사탕 갖다주러 왔지	0	0	1	0	0	0	0	0
사탕 떨어지면서 아 이거 당 스파이크 있나 봐요	0	0	0	0	0	0	0	1
사탕이 어딨어	0	0	1	0	0	0	0	0
사탕이 있어	0	0	1	0	0	0	0	0
사투리를 쓰라고 했지	0	0	1	0	0	0	0	0
사형시키는 거야	0	0	1	0	0	0	0	0
산 노 카타	0	0	1	0	0	0	0	0
산다 그러면	0	0	1	0	0	0	0	0
살 좀 빼라고 그러니깐 뭐해	0	0	0	1	0	0	0	0
살금살금 그런가	0	0	0	0	0	0	0	1
살려 살려 살려 갇혀 갇혀 갇혀 구해 구해 구해 들어가져서 빨리 가야돼	0	0	0	0	0	0	0	1
살려 살려 살려	0	0	1	0	0	0	0	0
살려야 돼	0	0	1	0	0	0	0	0
살려주세요	0	0	1	0	0	0	0	0
살려주십쇼 으아아아	0	0	0	0	1	0	0	0
살려줘 살려줘	0	0	1	0	0	0	0	0
살려줘 알았어	0	0	1	0	0	0	0	0
살려줘 어떻게 살려줘	0	0	0	0	0	1	0	0
살렸습니다	0	0	1	0	0	0	0	0
살리는 건 모르겠다	0	0	1	0	0	0	0	0
살리는 건 없나요	0	0	1	0	0	0	0	0
살리는 건 없는 것 같아	0	0	1	0	0	0	0	0
살릴 수 있나 봐	0	0	0	0	0	0	0	1
살릴 수 있다	0	0	1	0	0	0	0	0
살릴 수 있어	0	0	1	0	0	0	0	0
살만 살지 마	0	0	1	0	0	0	0	0
살살 됐어	0	0	0	0	0	0	0	1
살살 말해요	0	0	0	0	0	0	0	1
살살 천천히 천천히	0	0	0	0	0	0	0	1
살살해주면서 자기 자리 위치에 서자 깔딱깔딱 거리지 말고 가만히 있어 보자 윤료 깔딱깔딱 거리지 말고 가만히 있어 보자 자 올라가 봐	0	0	0	0	0	0	0	1
살아 살아 이겼다 지려고했죠	0	0	0	0	0	0	1	0
살아나야 돼	0	0	1	0	0	0	0	0
살아났는데	0	0	1	0	0	0	0	0
살아있는 거 못 해	0	0	0	0	0	0	0	1
살아있었네 형님 야 우리 여기서 쏘자 오케이 됐다 저 살려줘요 베인 아 잠시만 [유저] 야 나말고 쟤 졌어	0	0	0	0	0	0	1	0
살았다 살았다 살았다	0	0	0	0	0	0	1	0
살았다 오케이	0	0	0	0	0	0	1	0
살았다 올라오겠다	0	0	0	0	0	0	1	0
살았어 엔드스톱이야	0	0	0	0	0	0	0	1
살짝 3번이도	0	0	1	0	0	0	0	0
살짝 내려갈게 오케이 내려가 왜왜왜왜왜왜왜왜왜왜왜왜왜왜왜왜왜왜왜왜왜왜왜왜왜왜왜왜왜왜왜왜왜왜왜왜왜왜왜왜왜왜왜왜왜왜왜왜왜왜왜왜왜왜왜왜 오케 우리 딱 2시간까지 해보고 안되면 그냥 삭제하자	0	0	0	0	0	0	1	0
살짝 눌렀어	0	0	1	0	0	0	0	0
살짝 닿기만 해도 안되나봐	0	0	0	0	0	0	0	1
살짝 떨어져서 점프 살짝 떨어져서 점프 아 제발 아 호호호호호 살았다	0	0	0	0	0	0	1	0
살짝 살짝 이렇게 양보하겠습니다	0	0	1	0	0	0	0	0
살짝 올라와 딱딱딱딱딱딱 아 나 진짜 열받네 미우치게 해 줘	1	0	0	0	0	0	0	0
살짝 움직이면서 일자로 가니까 위아래만 움직여 아 못먹었다 아니 겹치지 말라니까 [유저] 야 겹치지 말라니까	0	0	0	0	0	0	0	1
살짝 이쪽으로 그렇지	0	0	0	0	0	0	1	0
살짝 저기가 있네	0	0	0	0	0	0	0	1
살짝만 더 오른쪽	0	0	1	0	0	0	0	0
삼시가 너까지 온다 이제	0	0	0	0	0	0	0	1
삼시가 오른쪽으로 좀 가봐	0	0	0	0	0	0	0	1
삼식 둘 후추 둘 선행 둘 다주일 눈꽃하나 기억력 좋으시네 열쇠 먹는거 까먹지 말고 [유저] 이오 [유저] 와 너무 잘했고 허영이 잘하는데 너무 잘했고 오 이고 웬일이야 쇠니까 잘하네 쇠니까 얘들아 마지막 라운드에요	0	0	0	0	0	0	1	0
삼식아 네가 내 머리 밟고 있었어	0	0	0	0	0	0	0	1
삼식아 눈꽃 좀 평소 실탑에 버리고 가자 위로 올라가야 돼	0	0	0	0	0	0	0	1
삼식오빠 내가 볼것이 내가 볼것이 땅이 좋아졌어	0	0	0	0	0	0	1	0
삼식이 그냥 떨어져라	0	0	1	0	0	0	0	0
삼식이 아냐아냐 루테야 우아아아아아아아아아아아 바람이 말았어	0	0	0	0	1	0	0	0
삼식이 이제 잡아 이제 잡아 이제 잡아 이제 잡고 있어 왼쪽을 빨아 올리지 않을까	0	0	1	0	0	0	0	0
삼식이가 양투대로 눌렀어	0	0	0	0	0	0	0	1
삼식이였어	0	0	1	0	0	0	0	0
삼총아 발판해줘 가면 어떻게 열쇠를 가지고 가야지	0	0	0	0	0	1	0	0
상관없게 누르지 마	0	0	1	0	0	0	0	0
상대 올라가요	0	0	0	0	0	0	0	1
상상을 좀 하라고	0	0	1	0	0	0	0	0
상식 믿어	0	0	1	0	0	0	0	0
상식이도 은근 많이 슬프지 않아	0	0	1	0	0	0	0	0
상자 이니 버섯 안돼요	0	0	0	0	0	1	0	0
상자를 아니야 한 명이 낙오대지않아 누가	0	0	0	0	0	0	0	1
상황 봐라 공 봐	0	0	0	0	0	0	0	1
새노 여보세요	0	0	0	0	0	0	0	1
새로운 삶 로프타는거 연습좀 하고 오케이 로프타고 여기 올라올 수 있는 사람들만 데리고 간다	0	0	0	0	0	0	1	0
색깔 다 똑같은데	0	0	1	0	0	0	0	0
색깔 다봉아 뭐라고	0	0	1	0	0	0	0	0
색깔 별로 밑에 깔아 3번 깔아줘 6번 깔아줘 7번 깔아줘 1번 깔아줘 1번 화이팅	0	0	0	0	0	0	1	0
색깔 별로 색깔 별로	0	0	1	0	0	0	0	0
색깔 별로 오케이 오케이 오케이	0	0	0	0	0	0	1	0
색깔 설정은 제가 했는데 구별이 안갈거라 상상을 못했네	0	0	0	0	0	0	0	1
색깔 외워야 된다고요	0	0	1	0	0	0	0	0
색깔로 외우면 되잖아	0	0	1	0	0	0	0	0
색깔만 보였어	0	0	1	0	0	0	0	0
색깔만 쉽네	0	0	1	0	0	0	0	0
색깔만 알면 우리 이겼다	0	0	0	0	0	0	1	0
색깔소개부터 안녕하세요	0	0	0	0	0	0	0	1
색깔을 봐야돼	0	0	0	0	0	0	0	1
색깔이 그러네	0	0	1	0	0	0	0	0
색깔이 이제 서로 구분이 안 되는 거 아닐까	0	0	1	0	0	0	0	0
색으로 써야 된다고 왜	0	0	1	0	0	0	0	0
생각 안 하냐	0	0	1	0	0	0	0	0
생각보다 시간이 많은데	0	0	1	0	0	0	0	0
생각보다 이것이 좀 그래	0	0	0	0	0	0	1	0
생각을 하는 거고 딸랑 말랑 딸랑 말랑 비켜봐	0	0	0	0	0	0	0	1
생각이 드는데 어떠신가요	0	0	0	0	0	0	0	1
생각하고 행동하셨습니까	0	0	1	0	0	0	0	0
생각하면 앞에서 아니 그 스폰지맨 특유의 웃음이 진짜 개짜증나요	1	0	0	0	0	0	0	0
생각할 시간 생각할 시간 이거 사이에 끼면 혹시 이거 막아줄 수 있나	0	0	1	0	0	0	0	0
생긴 거는 좀 [유저] 같이 생기긴 했는데 착한 사람이에요 미간에 보톡스 맞으러 가는 거 예약해놨으니까 너무 지금 이렇게 다들 그렇게 하지 마시고 같이 가는 걸로 우리가 지금 비행기에서 떨어져가지고 살아야 되는데 얼른 가볼까요	0	0	0	0	0	0	0	1
생선 던지기	0	0	1	0	0	0	0	0
생선 던지지 마라	0	0	1	0	0	0	0	0
생성하려고하니까	0	0	1	0	0	0	0	0
생일이라고 봐주는 것도 없는데 이야	0	0	0	0	0	0	0	1
서로 그냥 서로 얘기하는 거예요	0	0	1	0	0	0	0	0
서로 못 믿기 때문에 서로 못 믿으니까 그냥 헷갈리니까 나부터 한번 해볼게	0	0	0	0	0	0	0	1
서로 아니 송준하 와이어딘다 괜찮아	0	0	0	0	0	0	0	1
서로 안건드리는것이 세상에 제일 어려워	0	0	1	0	0	0	0	0
서로 우리 붙지말자	0	0	1	0	0	0	0	0
서로 칭찬하면서 합시다	0	0	1	0	0	0	0	0
서로 텔레파시 제가 저번에 [유저] 님께 텔레파시를 받았던 것처럼 서로 텔레파시를 통해서 해보도록 하겠습니다	0	0	0	0	0	0	0	1
서로의 발꼬임 발꼬임 올라가고 해서 이제 다 끌고 올라가주면 돼요	0	0	0	0	0	0	0	1
서로잡다가 우리 둘이 잡는다 잡아버려	0	0	0	0	0	0	0	1
서로잡을까	0	0	1	0	0	0	0	0
서커서가 되지 않나	0	0	0	0	0	0	0	1
서피드런이네 서피드런 서피드런이라고	0	0	1	0	0	0	0	0
석고서가 모두 선택을 하라고하네	0	0	0	0	0	0	0	1
석탄이요 석탄	0	0	1	0	0	0	0	0
선 그어두시는 거죠	0	0	1	0	0	0	0	0
선배님들 2번 나와라 2번 끝내 셔야 집에 갈 수 있습니다	0	0	0	0	0	0	0	1
선생님 저 우둠이 급합니다	0	0	1	0	0	0	0	0
선생님 타임 달랐어	0	0	1	0	0	0	0	0
선을 따라가라고	0	0	0	0	0	0	0	1
선의 콩콩	0	0	1	0	0	0	0	0
선장은 하정원	0	0	1	0	0	0	0	0
선풍기 바람에 뒤로 밀려요	0	0	1	0	0	0	0	0
선풍기 할 때 움직이지마	0	0	1	0	0	0	0	0
선풍기를 위로 올려야겠다	0	0	1	0	0	0	0	0
선행 나와줘	0	0	0	0	0	0	0	1
선행리가 어떻게 오는데	0	0	0	0	0	1	0	0
선행아 아래꺼 밀어봐	0	0	0	0	0	0	0	1
선행아 오른쪽으로 뭔 소리야	0	0	1	0	0	0	0	0
선행아 저기 뱉어봐	0	0	0	0	0	0	0	1
선행아 제일 잘하네	0	0	0	0	0	0	1	0
선행이 내가 끌어주고	0	0	0	0	0	0	0	1
선행이 열쇠 들고 오는 거 봐	0	0	0	0	0	0	0	1
선행이 하나도 못 해	0	0	0	0	0	0	0	1
선행이 형 그냥 날 밟을래	0	0	1	0	0	0	0	0
선행이 후추 먹고 됐다 [유저] 야 이거 두명 살아남아야 되는거 아니야	0	0	1	0	0	0	0	0
선행이가 저거 밀고 아니 콩콩이가 내려가야 돼	0	0	0	0	0	0	0	1
선행이만 잘하면 돼	0	0	1	0	0	0	0	0
설마 삼식이 이걸 망치나	0	0	1	0	0	0	0	0
설정 바꾼	0	0	1	0	0	0	0	0
섬식 올드보이 만들기	0	0	1	0	0	0	0	0
섬식 올드보이 만들기 대성공	0	0	0	0	0	0	1	0
성공 1등	0	0	0	0	0	0	1	0
세 가지만 얘기해봐요 어서 말해라 저 붙을 수	0	0	0	0	0	0	0	1
세 명 밀고	0	0	1	0	0	0	0	0
세 명 쌓을 생각해	0	0	0	0	0	0	0	1
세 칸은 하면 좋다	0	0	0	0	0	0	1	0
세 하나 오케이 가고 와	0	0	0	0	0	0	1	0
세게 세게 굴러가 세게 [유저] [유저] [유저] 줄였고	0	0	0	0	0	0	0	1
세레모니 그만해	0	0	0	0	0	1	0	0
세명 두명 해도 되겠다	0	0	0	0	0	0	0	1
세봐 위로 가야돼요	0	0	0	0	0	0	0	1
세상이 너무 아름다워 거의 진짜 바로 뛰어야 되는데 이거 내가 좀만 더 빨리 말해줄것이 하나 둘 아직 아니야	0	0	0	0	0	0	0	1
세탁하지 마요	0	0	1	0	0	0	0	0
세트 [유저] 아 [유저] 가다 피스톤이 아니라 생각보다 우리 많이 올라왔는데	0	0	0	0	0	0	0	1
섹시한 남자 해안입니다	0	0	0	0	0	0	0	1
센스 있게 해야 돼	0	0	0	0	0	0	0	1
센터놀이 하네	0	0	1	0	0	0	0	0
셋중에 아 싫어	0	0	1	0	0	0	0	0
소공에 소공	0	0	1	0	0	0	0	0
소름키 뭐야	0	0	0	0	1	0	0	0
소리 좀 마셔 올려줘	0	0	1	0	0	0	0	0
소리 지를 이유도 없어	0	0	1	0	0	0	0	0
소리샘으로 연결됩니다	0	0	1	0	0	0	0	0
소왕님 저 업어줘요	0	0	1	0	0	0	0	0
소요가 없는데	0	0	0	0	0	0	0	1
소화좀 가봐 과감하게 가봐	0	0	0	0	0	0	0	1
속 터져 속 터져 5번만 움직이면 돼요	0	0	1	0	0	0	0	0
속도 붙어야 돼	0	0	1	0	0	0	0	0
속도가 너무 빨랐나보다	0	0	0	0	0	0	0	1
속만 안 터지면 돼	0	0	1	0	0	0	0	0
속으로 생각하고 해봐	0	0	0	0	0	0	0	1
손 내밀고 있거든요	0	0	1	0	0	0	0	0
손 든 거 개 귀엽네	0	0	1	0	0	0	0	0
손가락 아파	0	0	0	0	0	0	0	1
손가락 통증이 재밌네	0	0	0	0	0	0	0	1
손발에 땀나	0	0	1	0	0	0	0	0
손에 땀을 주게 만드는군요	0	0	1	0	0	0	0	0
손에 아무것도 없을 때 오른쪽 마우스로 누르면 친구를 도와준다	0	0	0	0	0	0	0	1
손을 가렸네 부끄러움나봐 손을 가렸네 부끄러움나봐	0	0	0	0	0	0	0	1
손이 너무 아팠어 파이팅 자 이제 뒤돌아 뒤돌아	0	0	0	0	0	0	1	0
손절 날 이러니까 뭐야	0	0	0	0	1	0	0	0
손절 날이 뭐지 하고 생각하다가 W 못 눌렀잖아요	0	0	0	0	0	0	0	1
손해박 dont fk 말해 앞에야	0	0	0	0	0	0	0	1
솔로 1등이어서 점수 오지게 받았거든요	0	0	0	0	0	0	0	1
솔로밖에 없네	0	0	1	0	0	0	0	0
솔직하게 말해서 뭘 그렇게 좋아하라는 거야	0	0	0	0	0	0	1	0
솔직히 그런 거 귀속말로 해요 아아	0	0	0	0	0	0	0	1
솔직히 너무 억울하네	0	0	0	0	0	1	0	0
솔직히 우리 너무 똑똑해서 그랬다	0	0	0	0	0	0	0	1
솔직히 조금만 갈 수 있게 하자	0	0	1	0	0	0	0	0
수고하셨습니다	0	0	1	0	0	0	0	0
수고하십쇼	0	0	1	0	0	0	0	0
수윤아 잘하잖아	0	0	1	0	0	0	0	0
수파 [유저] 월드 클리어 월드 클리어 이것이 제일 재밌었어	0	0	0	0	0	0	1	0
순간이 되겠는데	0	0	1	0	0	0	0	0
순벌력 이런 놈아	0	0	1	0	0	0	0	0
순삭 안 돼 3개 괜찮	0	0	0	0	0	1	0	0
순서 맞춰서	0	0	1	0	0	0	0	0
순서 맞춰서 가	0	0	0	0	0	0	0	1
순서 맞춰서 가자	0	0	0	0	0	0	0	1
순서 맞춰서 갑시다	0	0	0	0	0	0	0	1
순서 정해야 될 것 같은데 선정하자 선정하자 루테부터 야 나이 순으로 해 나이 순으로 아니면 [유저] 데이 순서 자기 번호로 불러줄것이 루테 1번 타린 2번 콩콩 3번 [유저] 4번 타린 5번 그리고 룬콩 6번 [유저] 7번 [유저] 8번 1번 루테 간다 준비 시작 1 2 3 4 뭐하냐	1	0	0	0	0	0	0	0
순서대로 875643 아이 그런거 하지말고 그냥 갑시다 편하게 갑시다	0	0	0	0	0	0	0	1
순서대로 가	0	0	0	0	0	0	0	1
순서대로 순서대로 5번이 비틀어 5번 올라가고 열쇠전달 어떻게 하지	0	0	0	0	0	1	0	0
순서대로 해 순서대로 이거 재수 후승줄 아니냐	0	0	0	0	0	0	0	1
순서대로 핵 쌓았으면 그냥 한방에 깨는데	0	0	1	0	0	0	0	0
순이 계속 쏘이지않아 순이 더블 존나 쐈어	1	0	0	0	0	0	0	0
술 먹었나보다	0	0	1	0	0	0	0	0
숨쉬지 마	0	0	1	0	0	0	0	0
숨어 숨어	0	0	1	0	0	0	0	0
숨어 숨어 숨어 아래로 가버리기 아 이 미친새끼 이거 위로 가버리기	1	0	0	0	0	0	0	0
숫자 3개 앞에	0	0	1	0	0	0	0	0
숫자 3개 확인해	0	0	0	0	0	0	0	1
쉬는 동안	0	0	1	0	0	0	0	0
쉬라고 하는 거 같이 하고 있는데 머리 어지러운데 이거 어	0	0	0	0	0	0	0	1
쉬라고하라	0	0	1	0	0	0	0	0
쉬었다가 좀 쉬는 거 봐	0	0	0	0	0	0	0	1
쉬었다가 좀 씨발	1	0	0	0	0	0	0	0
쉴드가 뭔지 보여주겠다	0	0	0	0	0	0	0	1
쉽네 쉽네요	0	0	1	0	0	0	0	0
쉽다 쉬워 되게 쉬운데	0	0	1	0	0	0	0	0
쉽지 않네	0	0	1	0	0	0	0	0
쉽지 않아 그거	0	0	1	0	0	0	0	0
쉽지 않아 일단 난 여기 일단 오오오오 올라가볼까	0	0	0	0	0	0	0	1
쉽지 않은 것 같은데	0	0	1	0	0	0	0	0
쉽지 않은데 그거	0	0	1	0	0	0	0	0
쉽지않아요	0	0	1	0	0	0	0	0
슛 슛 [유저] 너무 좋다	0	0	0	0	0	0	1	0
스 자 다시 바뀌었어 얘들아	0	0	1	0	0	0	0	0
스케이트보드 위에 올라가면 안 되는구나	0	0	0	0	0	0	0	1
스코어 말씀해주세요	0	0	0	0	0	0	0	1
스쿠시 이리와서 나 머리를 밟아	0	0	0	0	0	0	0	1
스크롤이 오는데	0	0	1	0	0	0	0	0
스타트 게임	0	0	1	0	0	0	0	0
스타트 게임 해 빨리	0	0	0	0	0	0	0	1
스탑 스탑 스탑	0	0	1	0	0	0	0	0
스테미너가 뭘 먹어	0	0	0	0	0	0	0	1
스테이지 끝나네	0	0	1	0	0	0	0	0
스토리얼도 안하고 와서 그래 다시 새로운 삶을 살자 이번 생은 망했어	0	0	0	0	0	1	0	0
스톱 스톱 지금 고 고 고 갈 때 다같이 다같이 빨리 빨리 모아봐	0	0	0	0	0	0	0	1
스톱스톱 움직이고 싶어 움직이고 싶어 움직이고 싶어 움직이고 싶어 움직이고 싶어 움직이고 싶어	0	0	0	0	0	0	0	1
스파이드 박혔어	0	0	1	0	0	0	0	0
스펀지 거기 왔다	0	0	1	0	0	0	0	0
스펀지 말기	0	0	1	0	0	0	0	0
스펀지 뭐 여기 있다	0	0	1	0	0	0	0	0
스펀지 뭐 찾아라	0	0	1	0	0	0	0	0
스펀지 받기 아 이 새끼들 진짜 지랄한다고하 어 놓으라고 좀	1	0	0	0	0	0	0	0
스펀지 받으러 왔다	0	0	1	0	0	0	0	0
스펀지 여기 있다	0	0	1	0	0	0	0	0
스펀지마 없다	0	0	1	0	0	0	0	0
스펀지마는 없잖아	0	0	1	0	0	0	0	0
스펀지만 쳐야 돼	0	0	1	0	0	0	0	0
스펀지밥 진짜 죽여버리고 싶네	0	0	1	0	0	0	0	0
스펀지밥은 없습니다 1등 할 수 있어 그냥 몰래 돌리자 그것이 맞다	0	0	1	0	0	0	0	0
스펀지번 내가 더 빠르쥬	0	0	0	0	0	0	0	1
스펀지번 뒤 뒤 뒤	0	0	1	0	0	0	0	0
스페이스 누르고 있었나	0	0	1	0	0	0	0	0
스페이스 마 스페이스 스페이스	0	0	1	0	0	0	0	0
스페이스 막 누르니까	0	0	1	0	0	0	0	0
스페이스랑 WASD	0	0	1	0	0	0	0	0
스페이스를 눌러서 스킬 사용	0	0	0	0	0	0	0	1
스페이스를 점프 점프해봐	0	0	0	0	0	0	0	1
스페이스만 눌렀어요	0	0	1	0	0	0	0	0
스페이스바 누르면 안 돼 얘들아	0	0	0	0	0	1	0	0
스페이스볼 아까 안 나갔어	0	0	1	0	0	0	0	0
스포타 한 번	0	0	1	0	0	0	0	0
스포트라이트 어디있어	0	0	1	0	0	0	0	0
스폰지ated 하하하하 다이어	0	0	1	0	0	0	0	0
스폰지맨 개새끼야	1	0	0	0	0	0	0	0
스폰지업 어디있어	0	0	1	0	0	0	0	0
스푸키 슬링거 와우 [유저] 닷 이거 신맵인가봐	0	0	0	0	0	0	0	1
스피드 슬라이더 미끄러지면서 결승선까지 경주하세요	0	0	0	0	0	0	0	1
스피드런이네	0	0	1	0	0	0	0	0
스피드런이야	0	0	1	0	0	0	0	0
스피드런이야 스피드런	0	0	1	0	0	0	0	0
스피드로 하자 우리 협동 짬바 하루 이틀이냐	0	0	1	0	0	0	0	0
스피커로 다 들린다고 뭔 소리야	0	0	1	0	0	0	0	0
슬 [유저] 밟으면 안 되는 건 맞지 않아 그치	0	0	0	0	0	0	1	0
슬링드린 찾기인가	0	0	0	0	0	0	0	1
슬슬 여캠이랑 단번 살 때가 됐네 대신 이어폰으로 전화주시오	0	0	0	0	0	0	0	1
승리 업기는 어떻게 하는거야	0	0	0	0	0	1	0	0
승리를 처지해버립니다	0	0	0	0	0	0	0	1
승리해도 돼	0	0	0	0	0	0	0	1
승자가 가장 적은 사람이 승자가 됩니다	0	0	0	0	0	0	0	1
승철아 보여줘	0	0	1	0	0	0	0	0
시X야 미안	0	0	1	0	0	0	0	0
시간 걸린거 이런거 잘해	0	0	0	0	0	0	1	0
시간 넉넉하다 진짜	0	0	1	0	0	0	0	0
시간 넘겄어	0	0	1	0	0	0	0	0
시간 되겠다	0	0	1	0	0	0	0	0
시간 될 거 같아	0	0	1	0	0	0	0	0
시간 많아	0	0	1	0	0	0	0	0
시간 없는데	0	0	1	0	0	0	0	0
시간 없이 앉아	0	0	1	0	0	0	0	0
시간 있어 시간 있어	0	0	1	0	0	0	0	0
시간 초과 아니 [유저] 와 욕할뻔 했다	0	0	0	0	0	0	0	1
시간 충분	0	0	1	0	0	0	0	0
시간 충분할 거 같아 그냥 내려와봐	0	0	0	0	0	0	0	1
시간이 넉넉해서 그래	0	0	0	0	0	0	1	0
시간이 안돼 괜찮아	0	0	0	0	0	1	0	0
시간이 없어요	0	0	1	0	0	0	0	0
시간제한은 없으니깐 루테 좀 뗄게	0	0	1	0	0	0	0	0
시간초가 조금 더 촉박해졌을 뿐이야	0	0	0	0	0	0	0	1
시계 저 책 안좋아해요	0	0	0	0	0	0	1	0
시나미나 여기 버린다고 이리 와	0	0	0	0	0	0	0	1
시발 밀었다고	1	0	0	0	0	0	0	0
시야가 아 시야가 안보여	0	0	0	0	0	0	0	1
시원하게 처음부터 가자	0	0	0	0	0	0	0	1
시원해 존나 잘하네	1	0	0	0	0	0	0	0
시위 강도가 좀 빡센데	0	0	0	0	0	0	0	1
시작 자 시작 아 이거 저 알았어요	0	0	1	0	0	0	0	0
시작부터 재밌네	0	0	1	0	0	0	0	0
시작이 좋아 오오오오어오우 못재머어	0	0	0	0	0	0	1	0
시작이 좋지 좋아	0	0	0	0	0	0	1	0
시작하기 전에 이거 정하고 갈게 우리 다음 라운드까지 하는데 만약에 진짜 고이트롤 한다 5천원씩 벌금 걷자 이거 이거 진짜로 어 저거 노란색 누구예요	0	0	0	0	1	0	0	0
시작하라고 하는거는 기다려 아 또 시작이네	0	0	0	0	0	0	0	1
시작하자마자 화장실 가는 폐급이 어딨어	0	0	0	0	0	0	0	1
시작한 거지	0	0	1	0	0	0	0	0
시청자 3명쯤은 잃어도 괜찮다	0	0	1	0	0	0	0	0
시청자 여러분 반갑습니다	0	0	1	0	0	0	0	0
시청자 여러분들 반갑습니다	0	0	1	0	0	0	0	0
시청자니까 괜찮죠	0	0	1	0	0	0	0	0
시청자님 음식 추천 majesty 어 진짜 우리 둘 밖에 없어 내가 눈빛 많이 해줄터니까 나도 나도 손잔똥 있어	1	0	0	0	0	0	0	0
시청자분들 인사 [유저] 미안하게 다 냄새 맡아봐봐	0	0	0	0	0	0	0	1
시키는 대로 해	0	0	0	0	0	0	0	1
시키는 대로 해야 돼	0	0	0	0	0	0	0	1
시행착오 시행착오	0	0	1	0	0	0	0	0
시행착오 시행착오 시행착오	0	0	1	0	0	0	0	0
식사 안하신 분 이거 기내식 좀 드시고 아유 맛있다	0	0	1	0	0	0	0	0
신맵 바다맵 여러분 좋아요도 받아볼 수 있을까요	0	0	0	0	0	0	1	0
신중 신중 신중	0	0	1	0	0	0	0	0
신호등이라고	0	0	1	0	0	0	0	0
실강도 존나 세	1	0	0	0	0	0	0	0
실뜨기 하지 마	0	0	1	0	0	0	0	0
실수 아니였는데 방금 아니 아닌데 방금 봤는데 내가 아 실수했어요	0	0	0	1	0	0	0	0
실수로 누르지 마라 누나가 떨어트려줘요	0	0	0	1	0	0	0	0
실수만 안하면 되 이거 거의 다 됐어요	0	0	0	1	0	0	0	0
실수했어요	0	0	0	1	0	0	0	0
싫어 굿게임	0	0	0	0	0	0	1	0
싫어 싫어 안 보고 싶은데	0	0	1	0	0	0	0	0
싫어요 안쪽은 옆으로 가도 되지 않냐	0	0	0	0	0	0	0	1
심의 강도 빡세네 말랑 말랑 말랑 아 빡세 빡세	0	0	1	0	0	0	0	0
심장이 아니라 위예요	0	0	1	0	0	0	0	0
심판이 끝인줄 알았는데	0	0	1	0	0	0	0	0
싸 [유저] 야 엘레베이터 타면 되네	0	0	1	0	0	0	0	0
싸대기 싸대기 이나 한대만 더 칠 용기 있는 사람 연기있는사람 이것이 두대 연속이야	0	0	1	0	0	0	0	0
싸려봐 싸려봐 싸려봐	0	0	0	0	0	0	0	1
싸우지 말자	0	0	1	0	0	0	0	0
싸운거 아니야	0	0	1	0	0	0	0	0
싸운거 아니죠	0	0	1	0	0	0	0	0
싹하니 2개 괜찮아	0	0	1	0	0	0	0	0
쌈실입니다	0	0	1	0	0	0	0	0
쌉 고수 쌉 고수	0	0	1	0	0	0	0	0
쌓아서 일단 쌓아 일단 쌓아 일단 쌓아봐	0	0	0	0	0	0	0	1
쌓아서 잡나 보다	0	0	1	0	0	0	0	0
썩을 썩을 썩을	0	0	1	0	0	0	0	0
쏘고 있어 쏘고 있어	0	0	1	0	0	0	0	0
쏘지 말라고 김이	0	0	1	0	0	0	0	0
쏴 우리도 쏴 뒤에 씨	0	0	1	0	0	0	0	0
쏴가지고 이렇게 쭈욱 해서 딱 꽂는 거네 체인 같은 거 이어	0	0	0	0	0	0	0	1
쏴야지 쏴야지 어어어어어어어어 이거 [유저] [유저] 훼이	0	0	1	0	0	0	0	0
쑤 드디어 드디어 박수 병신각이 오다가 죽는 거 아니겠지	1	0	0	0	0	0	0	0
쒸어리쒸어 어어	0	0	1	0	0	0	0	0
쓰기 그냥 하는 말이야	0	0	1	0	0	0	0	0
쓰러뜨려서	0	0	1	0	0	0	0	0
쓰러지니까 됐다	0	0	1	0	0	0	0	0
쓰레기 수준 터빡질 나왔어	1	0	0	0	0	0	0	0
쓰레기 쓰레기	1	0	0	0	0	0	0	0
쓰레기는 안 돼 쓰레기를 청소하겠다는 두 번째 게임의 꼴찌가 쓰레기 다음 촬영 때 쓰레기 모자 쓰고 쓰레기 매치야	1	0	0	0	0	0	0	0
쓰레기처럼 하네	1	0	0	0	0	0	0	0
쓰읍 후우우 에너지가 한 3분의 1밖에 없어요	0	0	0	0	0	0	0	1
쓸게 쓸것이 모궁화꽃이 꼈습니다 씨발 이거 약간 무섭게 보여 캐릭터가 멀리 있으면 웃는 것 같아 뒤에 [유저] 씨 [유저] 씨 백 백 백 왜 왜 왜 하하하하하하하하 어휴 개운하다	1	0	0	0	0	0	0	0
쓸모없는 거 싸 잠깐만 조언이가 앞장서 왜	0	0	0	0	0	0	0	1
씁쓸 그것이 어떻게 그런 뜻이 아니에요	0	0	0	0	0	1	0	0
씨 받아야돼	0	0	1	0	0	0	0	0
씨 어디 씨 미션 아이씨 아니 둘이 아 디씨 근데 이것이 진짜로 방심한다고하니까 자기가 할 거 없으면 어 뭐야	0	0	0	0	1	0	0	0
씨 오케이 아니 나 나 태어나자마자 어퍼컵 받았어	0	0	0	0	0	0	1	0
씨 하하하하하하하 뭐 패브리지 있어	0	0	1	0	0	0	0	0
씨발 고 고 고 흔들리지 마 흔들리지 마	1	0	0	0	0	0	0	0
씨발 그냥	1	0	0	0	0	0	0	0
씨발 야 진짜로 소리도 안나온다	1	0	0	0	0	0	0	0
씨발 쟤네들 뭐야	1	0	0	0	0	0	0	0
씨발X 진짜 말 존나 안듭니다	1	0	0	0	0	0	0	0
씩 해가지고 좀 이따가 투표해가지고 강퇴할 거야	0	0	0	0	0	0	0	1
아 01초	0	0	1	0	0	0	0	0
아 1열로가 4번 비켜줘야돼	0	0	0	0	0	0	0	1
아 2로 공격한다	0	0	1	0	0	0	0	0
아 2버튼	0	0	1	0	0	0	0	0
아 2번 느렸다 다시해야돼	0	0	0	0	0	0	0	1
아 2번부터야 2번부터 빨강 [유저] 박	0	0	1	0	0	0	0	0
아 3개 먹자	0	0	1	0	0	0	0	0
아 3조합 모양이다 와 2조합 모양 [유저] 뗘도 돼	0	0	0	0	0	0	0	1
아 4명만 와야 되는구나	0	0	0	0	0	0	0	1
아 4명이구나 오케이	0	0	0	0	0	0	1	0
아 5번 6번 사과해	0	0	0	0	0	0	0	1
아 5번하고 8번하고 같이 간다 [유저] 이것이 되나	0	0	0	0	0	0	0	1
아 5초 후에 저것이 멋있게 된다고	0	0	0	0	0	0	1	0
아 6번 아이언 [유저] 어 저 색깔 바꾸는 거 모르겠어요	0	0	1	0	0	0	0	0
아 D는 장점이 뭐임	0	0	1	0	0	0	0	0
아 Q E를 누르면 회전할 수 있구나	0	0	1	0	0	0	0	0
아 [유저]	0	0	1	0	0	0	0	0
아 [유저] [유저] [유저]	0	0	1	0	0	0	0	0
아 [유저] [유저] 넉넉해 넉넉해 가자 다시 다시 도와야 돼	0	0	0	0	0	0	0	1
아 [유저] 남이라고	0	0	1	0	0	0	0	0
아 [유저] 너 키보드 처음 만지지	0	0	1	0	0	0	0	0
아 [유저] 누구야	0	0	1	0	0	0	0	0
아 [유저] 말고요	0	0	1	0	0	0	0	0
아 [유저] 모드 하고 싶은데 아 [유저] 여깄네	0	0	1	0	0	0	0	0
아 [유저] 세잎	0	0	1	0	0	0	0	0
아 [유저] 셔스님 고생하셨습니다	0	0	1	0	0	0	0	0
아 [유저] 아 잡아줘	0	0	1	0	0	0	0	0
아 [유저] 아 좋다 좋네	0	0	0	0	0	0	1	0
아 [유저] 안돼	0	0	0	0	0	1	0	0
아 [유저] 와 드디어 와 테트리스 한 번 더 있었으면 좋겠다 와 테트리스 진짜 맛있는데 와 여기서 여기서 뭐 어떻게 못 죽 나 테트리스 한 번 더 하고 싶은데 하하하하하 아 이 [유저] 들 아잉여 시원하긴 하네	0	0	0	0	0	1	0	0
아 [유저] 잡으면 1등이야	0	0	1	0	0	0	0	0
아 [유저] 좋아하는 킹박넴	0	0	0	0	0	0	1	0
아 [유저] 가 갖고 왔다 들어와 위험한 [유저] 갑시다	0	0	0	0	0	0	0	1
아 [유저] 가 싫어	0	0	0	0	0	0	0	1
아 [유저] 가 없나 봐요	0	0	0	0	0	0	0	1
아 [유저] 는 [유저] 이다	0	0	1	0	0	0	0	0
아 [유저] 는 왜 박는 거야	0	0	1	0	0	0	0	0
아 [유저] 님 제발	0	0	1	0	0	0	0	0
아 [유저] 야 너는	0	0	1	0	0	0	0	0
아 [유저] 야 봐봐	0	0	0	0	0	0	0	1
아 [유저] 야 좀 빨리 좀 더 가면 돼	0	0	0	0	0	0	0	1
아 [유저] 야 출발 날 왜 쏴	0	0	1	0	0	0	0	0
아 [유저] 이라야 양하라야 진짜 지랄하러 가자	1	0	0	0	0	0	0	0
아 [유저] 인데 뭐여	0	0	1	0	0	0	0	0
아 가 가 가 이야	0	0	0	0	0	0	0	1
아 가만히 있었다고 뭐라 했지	0	0	0	0	0	0	0	1
아 가만히 있으면 가만히 있으면 에너지가 차요	0	0	0	0	0	0	0	1
아 가자 아아아아아 아 이거 계속 밟아주고 올라가야 돼	0	0	0	0	1	0	0	0
아 갈 수 있다	0	0	1	0	0	0	0	0
아 감사합니다	0	0	0	0	0	0	1	0
아 갑자기 쏘지 말라고 그냥	0	0	1	0	0	0	0	0
아 같은거 할때 올라가는거 아니야	0	0	0	0	0	0	0	1
아 개 같은 거 저거 뭐야	0	0	0	0	1	0	0	0
아 개쉽네	0	0	1	0	0	0	0	0
아 개웃겨 띵 누나한테 단 한 숟가락의 웃음도 주지마 절대 알았지	0	0	0	0	0	0	0	1
아 개지려고했다	0	0	1	0	0	0	0	0
아 거기가 너무 아니 거기가 너무 가까우면 힘들어	0	0	0	0	0	1	0	0
아 거꾸로 탔다 거꾸로 탔다	0	0	1	0	0	0	0	0
아 걸려 걸려	0	0	1	0	0	0	0	0
아 겁나 패기네	0	0	1	0	0	0	0	0
아 게es 뭐 아래 이다	0	0	1	0	0	0	0	0
아 게임 시작	0	0	1	0	0	0	0	0
아 계속 내려와	0	0	0	0	0	0	0	1
아 계속 도는거구나	0	0	1	0	0	0	0	0
아 고마워	0	0	0	0	0	0	1	0
아 고마워 고마워	0	0	0	0	0	0	1	0
아 고마워 오늘도 힘들게 시청해주셔서 감사합니다	0	0	0	0	0	0	1	0
아 공돈 야 양틴 공 주지마 아니요 야 양틴 공 주지마 양틴 머리에 올라가 야 가둬 양틴 가둬 안가인거 아니야	0	0	0	0	0	0	0	1
아 공을 자기 색깔로 만드는 거다	0	0	1	0	0	0	0	0
아 괜찮네	0	0	1	0	0	0	0	0
아 괜찮아	0	0	1	0	0	0	0	0
아 괜히 까불었네	0	0	1	0	0	0	0	0
아 괴물 너지	0	0	1	0	0	0	0	0
아 궁금하다	0	0	1	0	0	0	0	0
아 궁금해	0	0	0	0	0	0	0	1
아 귀걸이	0	0	1	0	0	0	0	0
아 그 새 애들의 습격을 받은 거야	0	0	1	0	0	0	0	0
아 그거 대가리로 막는 거네 만두기 막는 거야	0	0	0	0	0	0	0	1
아 그거네	0	0	1	0	0	0	0	0
아 그거다 뭐예요	0	0	1	0	0	0	0	0
아 그거다 이새끼야 여기서 여기서 좀 야야포 Jashtax 아 보고 있어	1	0	0	0	0	0	0	0
아 그걸 또 거길 막아버리네	0	0	1	0	0	0	0	0
아 그걸 왜 데리고 가요	0	0	0	0	0	0	0	1
아 그것이 안되구나	0	0	1	0	0	0	0	0
아 그냥 [유저] 이가 먼저 자 잘 보세요	0	0	0	0	0	0	0	1
아 그냥 너네들 기다릴거같아가지고 그냥 내가 죽었어	0	0	0	0	0	1	0	0
아 그냥 씨 이종이처럼 밀어 버릴 거야	0	0	0	0	0	0	0	1
아 그냥 일부러가 아니라 아니 순서대로는 안가요	0	0	0	0	0	0	0	1
아 그냥 지금이라도 한 번 해	0	0	0	0	0	0	0	1
아 그니까 너 판단 안 하고 그냥 살리러 갈 줄 알았지	0	0	1	0	0	0	0	0
아 그니까 제 시선이 없어지면 내가 저거 열쇠를 가져올게	0	0	0	0	0	0	0	1
아 그래 그래 신중해야지	0	0	0	0	0	0	1	0
아 그래 나 별로라고 해	0	0	0	0	0	0	1	0
아 그래 내리는 것이 맞아	0	0	0	0	0	0	1	0
아 그래 사람 새끼면 세 번 안에 대야지	1	0	0	0	0	0	0	0
아 그래그래 그렇게 하면 되겠다	0	0	0	0	0	0	1	0
아 그래도 좋았어요	0	0	0	0	0	0	1	0
아 그래서 여기	0	0	0	0	0	0	1	0
아 그래야 고생했다	0	0	0	0	0	0	1	0
아 그래요	0	0	0	0	0	0	1	0
아 그러네	0	0	1	0	0	0	0	0
아 그러니깐 단합용 후퇴를 틀리는 순간이니까 우리 안그러기로 했잖아	0	0	1	0	0	0	0	0
아 그러면 비행기를 타고 간다 와아 오케이 어 물음표 뭐야	0	0	0	0	1	0	0	0
아 그러면 열쇠를 먹지 말고 저거를 먼저 해야 되네	0	0	0	0	0	0	0	1
아 그러면 제가 노랑으로 가야죠	0	0	0	0	0	0	0	1
아 그러면 한 명씩 점프 뛰면서 자기 이름 얘기하면 되잖아	0	0	0	0	0	0	0	1
아 그러면은 올라가 내 위로 올라가봐	0	0	0	0	0	0	0	1
아 그런가 보다	0	0	0	0	0	0	0	1
아 그런거 같다	0	0	1	0	0	0	0	0
아 그럴 수 있어요 도원님	0	0	1	0	0	0	0	0
아 그럼 [유저] 선택 다시해야되는거같은데	0	0	0	0	0	0	0	1
아 그럼 누구 한 명 모두 자노 너 알파 게임을 시작하지 아냐 아냐 좀 발판을 해놓고 점프가 아마 될 거에요	0	0	0	0	0	0	0	1
아 그럼 왜 내가 관전을 왜 이런걸 개웃기네	0	0	0	0	0	0	0	1
아 그럼 이거 또 바뀌는 거 아니야	0	0	1	0	0	0	0	0
아 그럼 이렇게 점프 점프하면서 빠져나가야돼	0	0	0	0	0	0	0	1
아 그럼 좀 더 이해를 합시다	0	0	0	0	0	0	0	1
아 그렇게 하자	0	0	1	0	0	0	0	0
아 그렇구나	0	0	1	0	0	0	0	0
아 그렇지	0	0	0	0	0	0	1	0
아 그린 [유저] 피 [유저] 먹으면 독걸려	0	0	1	0	0	0	0	0
아 그립다	0	0	1	0	0	0	0	0
아 그만 그만 아 그만 미친녀야 내가 그럼 이겨봐	0	0	0	0	0	1	0	0
아 그만가부다	0	0	0	0	0	1	0	0
아 그만해	0	0	0	0	0	1	0	0
아 그지 같네	0	0	1	0	0	0	0	0
아 그치 그 밀고	0	0	0	0	0	0	1	0
아 그치 그치 완성 완성 아 이렇게 하면 합리가 되네	0	0	0	0	0	0	1	0
아 근데 AD가 게임을 너무 말아먹네	0	0	0	0	0	0	0	1
아 근데 A가 방금은 더 큰 잘못이었잖아요	0	0	0	1	0	0	0	0
아 근데 [유저] 막기 실패	0	0	1	0	0	0	0	0
아 근데 [유저] 모드가 왜 안되지	0	0	0	0	0	0	0	1
아 근데 [유저] 가 재밌다 안 해야지 까비 와 깼다	0	0	0	0	0	0	1	0
아 근데 궁금한데	0	0	1	0	0	0	0	0
아 근데 나는 오늘 [유저] 에서 후추오빡을 로켓 운전하는것이 진짜 레전드였어	0	0	1	0	0	0	0	0
아 근데 내가 이걸 놓는 순간 바로	0	0	0	0	0	0	0	1
아 근데 독 걸렸다	0	0	1	0	0	0	0	0
아 근데 모기도 잡아야돼	0	0	1	0	0	0	0	0
아 근데 배고파서 이제 올라가기 힘이 없네	0	0	0	0	0	0	0	1
아 근데 블락 차이즈랑	0	0	1	0	0	0	0	0
아 근데 야 어떻게 한번 밟아보고 다시 하면 안되냐	0	0	0	0	0	1	0	0
아 근데 여기 버섯 하나 더 있는데	0	0	1	0	0	0	0	0
아 근데 우리가 합쳐서 저것이 안 돼야 돼	0	0	0	0	0	1	0	0
아 근데 이 사람도 좀 있으면 죽겠는데	0	0	1	0	0	0	0	0
아 근데 이거 너무 도박인데 이거	0	0	1	0	0	0	0	0
아 근데 이거 어떻게 해야되는데 일단 존다고했어	0	0	0	0	0	1	0	0
아 근데 저거 깨다 보면 열려 깨다 보면 열려 괜찮아	0	0	1	0	0	0	0	0
아 근데 저거 점프 뛰면서 먹어야 돼	0	0	0	0	0	0	0	1
아 근데 진짜 번개가 없네	0	0	0	0	0	0	0	1
아 근데 진짜 안 할게요	0	0	1	0	0	0	0	0
아 근데 진짜 잘한다	0	0	0	0	0	0	1	0
아 근데 쫓아오는데	0	0	0	0	1	0	0	0
아 근데 첫 게임이라서 그래	0	0	0	0	0	0	1	0
아 근데 최대였네	0	0	1	0	0	0	0	0
아 기다려달래요	0	0	0	0	0	0	0	1
아 기둥 뒤에 공판 있다구요	0	0	1	0	0	0	0	0
아 까비 나 발톱 안 잘라가지고 발톱 걸렸어	0	0	0	0	0	0	0	1
아 깜짝이야	0	0	1	0	0	0	0	0
아 깜짝해	0	0	0	0	0	0	0	1
아 깨졌어요	0	0	1	0	0	0	0	0
아 깼다 깼다	0	0	0	0	0	0	1	0
아 꺼져 미친놈아 야 왜 내장 뺏어 저 미X봐 누나 이야	1	0	0	0	0	0	0	0
아 꺼져라는 척 아 잘못 왔잖아	1	0	0	0	0	0	0	0
아 꺼지세	0	0	1	0	0	0	0	0
아 끝까지 끝까지 오케이	0	0	0	0	0	0	1	0
아 나 4명 잡고있었는데 나 4대1 했는데 나 아 우리 팀 [유저] 우리 팀 [유저] 아니 나 방해 많이 했는데	0	0	0	0	0	0	0	1
아 나 계산이 안 되냐	0	0	1	0	0	0	0	0
아 나 관전이야	0	0	1	0	0	0	0	0
아 나 근데 나 진짜 나 진짜 하기 싫어	0	0	1	0	0	0	0	0
아 나 너같이 안 뒤져 와	1	0	0	0	0	0	0	0
아 나 너무 웃기네	0	0	1	0	0	0	0	0
아 나 다리해줄게	0	0	0	0	0	0	0	1
아 나 대가리 대 봐 어 그래 아니	0	0	0	0	0	0	1	0
아 나 더 갔어야 됐는데 이거 안 되기만 해 맞지않아	0	0	0	0	0	0	0	1
아 나 디럭스 아님	0	0	1	0	0	0	0	0
아 나 뛰어야 돼	0	0	0	0	0	0	0	1
아 나 맵 흔들려가지고 지금 멀미와 알았어	0	0	0	0	0	0	0	1
아 나 무서워 무서워 밀어 밀어 밀어 데리고 와 데리고 와	0	0	0	0	0	0	0	1
아 나 물 너무 많이 먹었어	0	0	1	0	0	0	0	0
아 나 뭐하는 거야	0	0	1	0	0	0	0	0
아 나 뭔지 알거같아	0	0	1	0	0	0	0	0
아 나 빠른 거구나	0	0	1	0	0	0	0	0
아 나 뺨치기 뺨치기 쏘리 쏘리 아니 본인이잖아	0	0	1	0	0	0	0	0
아 나 속전하다	0	0	1	0	0	0	0	0
아 나 수리 몸속에 있어	0	0	1	0	0	0	0	0
아 나 스트레스 받아	0	0	1	0	0	0	0	0
아 나 쏘지마	0	0	1	0	0	0	0	0
아 나 쏠려 버렸는데	0	0	1	0	0	0	0	0
아 나 없어	0	0	1	0	0	0	0	0
아 나 열받네	1	0	0	0	0	0	0	0
아 나 운 없는데	0	0	1	0	0	0	0	0
아 나 운 좋아	0	0	0	0	0	0	1	0
아 나 이거 뭐 감이 안 와	0	0	0	0	0	0	0	1
아 나 이거 뭔지 알았다	0	0	1	0	0	0	0	0
아 나 이거 생각만 졌다	0	0	1	0	0	0	0	0
아 나 이거 안 됐다 후추 긴 거 나와야 되는데 어 긴 거 거짓말하지마 거짓말하지마 거짓말하지마	0	0	0	0	0	0	0	1
아 나 이거 잘 못하는데 아니 이거 못한다고 하니까 못하는거야	0	0	1	0	0	0	0	0
아 나 이거 진짜 못 버티겠는데	0	0	1	0	0	0	0	0
아 나 이쁘다고 지금 만져주는 중 어	0	0	1	0	0	0	0	0
아 나 자꾸 저 콩콩의 시선이 가	0	0	0	0	0	0	0	1
아 나 저 새끼 진짜	1	0	0	0	0	0	0	0
아 나 정말 나 멀리네	0	0	1	0	0	0	0	0
아 나 지금 뭔가 아찔하네	0	0	0	0	0	0	0	1
아 나 진짜	0	0	1	0	0	0	0	0
아 나 진짜 미치겠네	0	0	0	0	1	0	0	0
아 나 진짜 스트레스 받아 타야지 이것이 누른다 어 진짜 세 수없는데 어 콩쿵 버렸다	0	0	1	0	0	0	0	0
아 나 진짜 열심히	0	0	1	0	0	0	0	0
아 나 진짜 이거 못 버티겠는데	0	0	1	0	0	0	0	0
아 나 진짜 졌다	0	0	1	0	0	0	0	0
아 나 진짜 폐초마을이야 쉬프트 눌러 달려 달려 그렇지 한번 해봤던 길이잖아	0	0	0	0	0	0	1	0
아 나 펀카코 안하고싶어	0	0	1	0	0	0	0	0
아 나 혼자 지나갈것이 됐다 아 30 아 모기 잡는다 아 모기잡아	0	0	1	0	0	0	0	0
아 나 혼자였어	0	0	1	0	0	0	0	0
아 나는 못 가네	0	0	0	0	0	0	0	1
아 나도 용종 너무 아파	0	0	1	0	0	0	0	0
아 나오라고	0	0	1	0	0	0	0	0
아 나와 나와	0	0	0	0	0	0	0	1
아 나와 나와 씨	0	0	0	0	0	0	0	1
아 나와 나와봐	0	0	0	0	0	0	0	1
아 나와 하나 하나	0	0	0	0	0	0	0	1
아 나와봐	0	0	0	0	0	0	0	1
아 나와봐 빨리 나와봐	0	0	0	0	0	0	0	1
아 나와요	0	0	0	0	0	0	0	1
아 난 몰랐어	0	0	1	0	0	0	0	0
아 난 버튼 누르지 말라는 줄 알았어	0	0	1	0	0	0	0	0
아 남으면 안 돼	0	0	0	0	0	1	0	0
아 내 캐릭터 너무 행복해	0	0	0	0	0	0	0	1
아 내 탓은 아닌 거 같은데 [유저] 게임은 문제없어	0	0	1	0	0	0	0	0
아 내가 가서 올려주면 되는구나	0	0	0	0	0	0	0	1
아 내가 갈것이 이리로 아 얘가 이리로 한 명이 갇혀야 되나봐	0	0	0	0	0	0	0	1
아 내가 그럼 주인공이 돼볼게	0	0	0	0	0	0	0	1
아 내가 나도 갈게 나도 갈게 아 유령을 왼쪽으로 다시 돌려야 되는거 아니야	0	0	0	0	0	0	0	1
아 내가 들어갈게요	0	0	0	0	0	0	0	1
아 내가 맞췄다	0	0	0	0	0	0	0	1
아 내가 먹었네	0	0	0	0	0	0	0	1
아 내가 밟아서 그래	0	0	0	0	0	0	1	0
아 내가 보기엔 후쿵이 업으로 끌려가서 저기만 봤어	0	0	0	0	0	0	0	1
아 내가 시냅스로	0	0	0	0	0	0	0	1
아 내가 왼발이구나	0	0	0	0	0	0	0	1
아 내가 이거 놔줄 수 있어	0	0	0	0	0	0	0	1
아 내가 이거 눌러주면 돼	0	0	0	0	0	0	0	1
아 내가 이거 초록색이네	0	0	0	0	0	0	0	1
아 내가 이라더 죽였는디	0	0	0	0	0	0	0	1
아 내려와 여기 패턴 있을 거 같은데	0	0	0	0	0	0	0	1
아 내리려 badass 니들이	0	0	1	0	0	0	0	0
아 내보내	0	0	1	0	0	0	0	0
아 내일도 뭐해	0	0	0	1	0	0	0	0
아 너 시발 두 마리인데	1	0	0	0	0	0	0	0
아 너무 귀엽다	0	0	1	0	0	0	0	0
아 너무 깔끔해요	0	0	0	0	0	0	0	1
아 너무 다 들어가면 포인트가 없구나	0	0	0	0	0	0	0	1
아 너무 뜨거워	0	0	1	0	0	0	0	0
아 너무 쉽고	0	0	1	0	0	0	0	0
아 너무 쉽네	0	0	1	0	0	0	0	0
아 너무 아까워	0	0	1	0	0	0	0	0
아 너무 아깝다	0	0	0	0	0	1	0	0
아 너무 아쉽다	0	0	0	0	0	1	0	0
아 너무 어이가 없어	0	0	0	0	0	0	0	1
아 너무 웃겨서 못 하겠다	0	0	1	0	0	0	0	0
아 너무 웃기다	0	0	1	0	0	0	0	0
아 너무 잘했는데 저 새끼가	1	0	0	0	0	0	0	0
아 너무 재밌을 것 같아	0	0	1	0	0	0	0	0
아 너무 재밌을 것 같아 그치	0	0	0	0	0	0	1	0
아 너무 졸려	0	0	1	0	0	0	0	0
아 너무 좋다	0	0	0	0	0	0	1	0
아 너무 힘들어	0	0	0	0	0	1	0	0
아 너무야 봐줘 봐줘 봐줘	0	0	0	0	0	0	0	1
아 너부라 좀 하라고	0	0	1	0	0	0	0	0
아 너블이 철갑다	0	0	1	0	0	0	0	0
아 네 사람들아	0	0	1	0	0	0	0	0
아 네 아아 제일 끝으로 잡혔다가 하면 저 저 저 삼식님 저 그쪽 아 처음자리 해야겠다	0	0	0	0	0	0	0	1
아 네가 더 와야 된다고 이 미친놈아	1	0	0	0	0	0	0	0
아 네가 밀어도 돼	0	0	0	0	0	0	0	1
아 노란색 나와 죄송합니다	0	0	0	0	0	0	0	1
아 노란색 띄워줘 노란색 손가락 어떻게 된 거 아니야	0	0	0	0	0	1	0	0
아 노란색 아 노란색 자꾸 나한테 멈추라고해 이 새끼 불안한가봐	1	0	0	0	0	0	0	0
아 노란색이 지금 올라가면은 내가 봤을 땐 좀 위험해	0	0	0	0	0	0	0	1
아 노랑아 너만 뭐 키보드 뭐 개큰걸로 하니	0	0	1	0	0	0	0	0
아 노잼이네	0	0	1	0	0	0	0	0
아 놀아고 개새끼	1	0	0	0	0	0	0	0
아 높은 데 가야겠구나	0	0	0	0	0	0	0	1
아 놔 이야 놔라 했다	0	0	1	0	0	0	0	0
아 놔봐 연호	0	0	0	0	0	0	0	1
아 누가 밀렸어	0	0	0	0	0	0	0	1
아 누구야	0	0	1	0	0	0	0	0
아 누구야 조금씩 한명씩 가야되나보다	0	0	0	0	0	0	0	1
아 누군가는 한번 했었어야돼	0	0	0	0	0	0	0	1
아 누나 뭐 먹었어	0	0	1	0	0	0	0	0
아 누나 이야	0	0	1	0	0	0	0	0
아 누나 팀 아닌데	0	0	1	0	0	0	0	0
아 누를 거면 눌러	0	0	0	0	0	0	0	1
아 누워라고 이 새끼야 어떻게 나가요	1	0	0	0	0	0	0	0
아 눈 감네	0	0	1	0	0	0	0	0
아 눌러줘	0	0	0	0	0	0	0	1
아 눌렀어	0	0	1	0	0	0	0	0
아 니새끼 문어대결 뭐야	1	0	0	0	0	0	0	0
아 님들 다음 생에 만나요	0	0	1	0	0	0	0	0
아 님들 아이큐 테스트 몇 나왔어	0	0	1	0	0	0	0	0
아 님들 화이팅	0	0	0	0	0	0	1	0
아 다 들어갔어	0	0	1	0	0	0	0	0
아 다 말하고 있을 때 그	0	0	1	0	0	0	0	0
아 다 왔다	0	0	1	0	0	0	0	0
아 다 움직이다 야 이거 너무 어려운데	0	0	1	0	0	0	0	0
아 다 타야돼	0	0	1	0	0	0	0	0
아 다 했네	0	0	1	0	0	0	0	0
아 다같이 가자 다같이 가자	0	0	0	0	0	0	0	1
아 다두 이거 암살 이거 암살할것이 없잖아	0	0	1	0	0	0	0	0
아 다시 생겼다	0	0	1	0	0	0	0	0
아 다행이다	0	0	1	0	0	0	0	0
아 단무지야	0	0	1	0	0	0	0	0
아 당연하죠	0	0	1	0	0	0	0	0
아 대가리에 올려서	0	0	0	0	0	0	0	1
아 더 오랜만에 하긴 한다	0	0	1	0	0	0	0	0
아 덕개 버튼을 누르지 야 덕개야	0	0	1	0	0	0	0	0
아 도망가 야야 저 얼음 도망가 얼음 맞추기 으아아아아아악 저 얼음 맞추기는 승리해버렸따 야야 저 얼음 도망가 오케이 지금 뒤에 뒤에 왔다	0	0	0	0	1	0	0	0
아 도저기부터 그래 가보자	0	0	0	0	0	0	1	0
아 도쪽아	0	0	1	0	0	0	0	0
아 독가스 때문에 승리 이제 이제 이제 알았다	0	0	0	0	0	0	0	1
아 독해 때문에 졌어	0	0	0	0	0	0	0	1
아 돌아갔다 돌아갔다	0	0	1	0	0	0	0	0
아 돌아버려	0	0	1	0	0	0	0	0
아 동굴이라 시끄러워요	0	0	1	0	0	0	0	0
아 동시에 W를 둘이 같이 누르면 죽는다	0	0	0	0	0	0	0	1
아 됐다 나 잡힐 거 같아	0	0	1	0	0	0	0	0
아 됐다 내가 가서 열쇠 꽂아놓을게	0	0	0	0	0	0	0	1
아 됐다 아 그래 이거 그거 가야지	0	0	0	0	0	0	1	0
아 됐다 아 이제 작겠다	0	0	1	0	0	0	0	0
아 된다니까 이거 진짜 리얼 됨	0	0	1	0	0	0	0	0
아 될 것 같아	0	0	1	0	0	0	0	0
아 될 줄 알았다	0	0	1	0	0	0	0	0
아 두 발을 다 뛰면 넘어지니까	0	0	1	0	0	0	0	0
아 둘다 헷갈려 뒤죽었네 정말 아 원포치님 제발요 헷갈려 죽겠어	0	0	0	0	0	1	0	0
아 뒤로 내려갈 수 있네	0	0	1	0	0	0	0	0
아 뒤에서 떨어지는 거다	0	0	1	0	0	0	0	0
아 드디어 꺼내간다	0	0	1	0	0	0	0	0
아 들려요	0	0	1	0	0	0	0	0
아 들리는구나	0	0	1	0	0	0	0	0
아 들어가 들어가 들어가 수고했다	0	0	0	0	0	0	0	1
아 들어올 수 있지	0	0	1	0	0	0	0	0
아 땡겨주기가 너무 좋은데	0	0	0	0	0	0	0	1
아 떨어졌어요	0	0	1	0	0	0	0	0
아 떨어지면 안 된다	0	0	1	0	0	0	0	0
아 떨어지면 피다는구나	0	0	1	0	0	0	0	0
아 또 나 이거네 리얼 싸	0	0	1	0	0	0	0	0
아 또 내가 해야 돼	0	0	0	0	0	0	0	1
아 또 떨어진다	0	0	1	0	0	0	0	0
아 또 또 시작이야	0	0	1	0	0	0	0	0
아 또 시작이네	0	0	1	0	0	0	0	0
아 또 시작이지	0	0	1	0	0	0	0	0
아 또 죽였다	0	0	1	0	0	0	0	0
아 또 하필 또 색깔이 이상해	0	0	0	0	0	0	0	1
아 또하러 아 죽어 퍼프q psicor 그만 뽀뽀해 싶구만	1	0	0	0	0	0	0	0
아 똑똑해서 그런가	0	0	0	0	0	0	0	1
아 뜨거워	0	0	1	0	0	0	0	0
아 렉게노님	0	0	1	0	0	0	0	0
아 렉아 놔	0	0	1	0	0	0	0	0
아 리얼 리얼 [유저] [유저] 씨	0	0	1	0	0	0	0	0
아 마지막 하나까지 해야되네	0	0	0	0	0	0	0	1
아 마지막에	0	0	1	0	0	0	0	0
아 마지막에 내려줘야 돼 마지막에	0	0	1	0	0	0	0	0
아 마지막으로 가자	0	0	0	0	0	0	0	1
아 막 자꾸 안와	0	0	0	0	0	0	0	1
아 만드가 저기 올라가서 먹고 밀어 밀어 밀어 나 머리로 받을것이 나도 오케이 악어가 머리로 박돈이 [유저]	0	0	0	0	0	0	1	0
아 많이 눈에 띄는거지	0	0	1	0	0	0	0	0
아 많이 찢으면 죽어 앞으로 가자 앞으로 가자 아 몸을 어 아 어 아 왼쪽 야 잠깐만 아유 잠깐만 이것이 되나	1	0	0	0	0	0	0	0
아 맛있게 맵네요	0	0	1	0	0	0	0	0
아 맛있다	0	0	1	0	0	0	0	0
아 맞다 우리 다 [유저] 사람들 아이가	0	0	0	0	0	0	0	1
아 맞습니다	0	0	1	0	0	0	0	0
아 맞아요	0	0	0	0	0	0	1	0
아 머리 쳐야되나봐	0	0	0	0	0	0	0	1
아 먹어봐요	0	0	0	0	0	0	0	1
아 먼저 먼저 들어가야죠	0	0	0	0	0	0	0	1
아 멈추고	0	0	1	0	0	0	0	0
아 멈추라고	0	0	1	0	0	0	0	0
아 모르겠어요	0	0	1	0	0	0	0	0
아 목 아파	0	0	1	0	0	0	0	0
아 목격을 쳐먹었나 아 우리도 아 우리도 멤버 수능 최저 맞춰야 뽑아요	0	0	1	0	0	0	0	0
아 목소리 들림	0	0	1	0	0	0	0	0
아 목탄이야	0	0	1	0	0	0	0	0
아 못 밀어 8번이 넘어가야지 밀어 8번이 밀어 넘어가서 밀어 어 밀어 밀어 밀어 넘어가서 1번 받고 밀어 그렇지 그렇지 어 좋다 좋다	0	0	0	0	0	0	1	0
아 못 지나가 너 어차피 우리 지금 둘이 다 길막하고 있어	0	0	0	0	0	0	0	1
아 무거워	0	0	1	0	0	0	0	0
아 무서워	0	0	1	0	0	0	0	0
아 무슨 말인지 알았어	0	0	1	0	0	0	0	0
아 무슨 초록색 사과 먹어서 독 걸렸나	0	0	0	0	0	0	0	1
아 문열은 영춘해 맵이 사람 먼저 사람 먼저 자 가	0	0	0	0	0	0	0	1
아 문이 맞네	0	0	1	0	0	0	0	0
아 물 뿜었어	0	0	1	0	0	0	0	0
아 물을 채우는 거네 야	0	0	1	0	0	0	0	0
아 뭐 닥타를 이겼네	0	0	0	0	0	0	1	0
아 뭐 아 아 아 위에 꺼 보는 것이 아니었구나	0	0	1	0	0	0	0	0
아 뭐 축집도 없어	0	0	1	0	0	0	0	0
아 뭐라고 했어	0	0	1	0	0	0	0	0
아 뭐하냐	0	0	0	1	0	0	0	0
아 뭐하는 거야	0	0	1	0	0	0	0	0
아 뭐하지	0	0	1	0	0	0	0	0
아 뭔지 알거같애	0	0	1	0	0	0	0	0
아 미X 선행 밑에 자주 뛰면은 그거 해	0	0	0	0	0	0	0	1
아 미끄러졌어	0	0	1	0	0	0	0	0
아 미는 거네	0	0	1	0	0	0	0	0
아 미스터 빅 이투스 가	0	0	0	0	0	0	0	1
아 미안 기다려봐	0	0	0	0	0	0	0	1
아 미안 아 뭐야	0	0	0	0	1	0	0	0
아 미안 아 좋아하나 좋아하나 4명까지는 안된다	0	0	0	0	0	0	1	0
아 미안 어 아 뭐 아니 왜왜 아 이거 꺼인데 왜죽이는데 패턴이 제멋대로라서 패턴 문제	0	0	1	0	0	0	0	0
아 미안 집중력 흐트러졌다	0	0	1	0	0	0	0	0
아 미안한데	0	0	1	0	0	0	0	0
아 미안해	0	0	0	0	0	0	0	1
아 미안해 다조나 데리고 가죠	0	0	0	0	0	0	0	1
아 미안해 미안해	0	0	0	0	0	0	0	1
아 미안해요	0	0	0	0	0	0	0	1
아 미친놈이네	1	0	0	0	0	0	0	0
아 미트오프 때문에 다시 하네	0	0	1	0	0	0	0	0
아 밀려면 후추가 안 돼 내려오게 이해함 앞에 자리 만들어줘	0	0	0	0	0	1	0	0
아 밀리자로 타이밍	0	0	1	0	0	0	0	0
아 바뀌어요	0	0	1	0	0	0	0	0
아 바뀌었다	0	0	1	0	0	0	0	0
아 바로 끝에서 해야 되네	0	0	0	0	0	0	0	1
아 바로 독 걸렸다	0	0	1	0	0	0	0	0
아 반 바뀌네요	0	0	1	0	0	0	0	0
아 반대로 갔다	0	0	1	0	0	0	0	0
아 반칙이 반칙이 아 이거 반칙이 이거 안 돼	0	0	0	0	0	1	0	0
아 받으라고해요	0	0	0	0	0	0	0	1
아 발판 사라진거구나 영차	0	0	1	0	0	0	0	0
아 밟은 상태로 지나가야 되나	0	0	0	0	0	0	0	1
아 밤새겠다 이거지	0	0	1	0	0	0	0	0
아 방패 개편하고요	0	0	1	0	0	0	0	0
아 방패 노답이네	0	0	1	0	0	0	0	0
아 배고파 배고파서 지금 뛰는 스테미너가 많이 없네 살려보자 동상 같은 데서 살릴 수 있다고해 님 파랑님 네	0	0	0	0	0	0	0	1
아 배아파	0	0	1	0	0	0	0	0
아 배아파했다	0	0	1	0	0	0	0	0
아 백수 오케이 그것까지 물어보지는 gw	1	0	0	0	0	0	0	0
아 뱉어줘 나도 그래 봐	0	0	0	0	0	0	1	0
아 번개가 없다	0	0	0	0	0	0	0	1
아 번개가 없어	0	0	0	0	0	0	0	1
아 벌레 아 나 오염됐어	0	0	1	0	0	0	0	0
아 보라색 개불쌍하네	0	0	1	0	0	0	0	0
아 보라색 점프하지 마	0	0	0	0	0	0	0	1
아 보여주고 싶네	0	0	1	0	0	0	0	0
아 보지 말라고	1	0	0	0	0	0	0	0
아 봐 봐	0	0	0	0	0	0	0	1
아 부담스러워 내가 해줄게	0	0	0	0	0	0	0	1
아 블랙홀	0	0	1	0	0	0	0	0
아 비 또 와 아 여기서 그 체인을 쓸 거구나	0	0	0	0	0	0	0	1
아 비즈깡 봤다	0	0	1	0	0	0	0	0
아 비행기가 반조각이 났군요	0	0	0	0	0	0	0	1
아 비행기네	0	0	1	0	0	0	0	0
아 빠는 거네	0	0	1	0	0	0	0	0
아 빠르게 빠르게	0	0	1	0	0	0	0	0
아 빡대가니 새끼 진짜 와 [유저] 가 입술이 고장났나봐	1	0	0	0	0	0	0	0
아 빨간색 2번 어	0	0	1	0	0	0	0	0
아 빨라지는 거야	0	0	1	0	0	0	0	0
아 빨리 가	0	0	0	0	0	0	0	1
아 빨리 넣어	0	0	0	0	0	0	0	1
아 빨리 넣어 아이씨 아 진짜 콩콩간다는 뭐야	0	0	0	0	1	0	0	0
아 빨리 얼른 오세요	0	0	0	0	0	0	0	1
아 빨리 일로 와	0	0	0	0	0	0	0	1
아 빨리 진행해 다 지니시켜	0	0	0	0	0	0	0	1
아 빨리빨리빨리	0	0	0	0	0	0	0	1
아 사과해	0	0	0	0	0	0	0	1
아 살아났어요	0	0	1	0	0	0	0	0
아 삼식아 미안한데 그 정도 아니었어	0	0	1	0	0	0	0	0
아 서로 먹여주고 막 그래	0	0	0	0	0	0	1	0
아 서한솔 개 못한다	0	0	1	0	0	0	0	0
아 선생님이 가만히 있어도 우리가 눈 감아주고 하면 될지	0	0	0	0	0	0	0	1
아 선행 뭐해	0	0	0	1	0	0	0	0
아 속 터져	0	0	1	0	0	0	0	0
아 손이 나오잖아	0	0	1	0	0	0	0	0
아 순간 헷갈려가지고 스페이스만 누르 아 저 왜 그래요	0	0	0	1	0	0	0	0
아 쉽다 쉽다	0	0	1	0	0	0	0	0
아 쉽지 않네	0	0	1	0	0	0	0	0
아 스페이스가 떼고 싶다	0	0	0	0	0	0	0	1
아 스페이스바구나 스페이스바 어	0	0	1	0	0	0	0	0
아 슬 [유저] 등반	0	0	1	0	0	0	0	0
아 시X이야	0	0	1	0	0	0	0	0
아 시간 되겠다	0	0	1	0	0	0	0	0
아 시간 추가네 3명 3명 3명 아니 올라가라고 아이씨 미친 자 한명 더 만드 이거라고 가라고 이제 오른쪽으로 가라고 아니 병아리 실천하면 던지지	0	0	0	0	1	0	0	0
아 시발 좀	1	0	0	0	0	0	0	0
아 시발 토할뻔했어	1	0	0	0	0	0	0	0
아 시작한 거지	0	0	1	0	0	0	0	0
아 시키 왜 안 던져 너	0	0	1	0	0	0	0	0
아 신중하게	0	0	1	0	0	0	0	0
아 신호를 내야지 선행아 선행아 두칸씩 밟으라는 말 안들려	0	0	1	0	0	0	0	0
아 실수했다	0	0	0	1	0	0	0	0
아 싸발 개 빡치네 어디로 떨어지는 거야	1	0	0	0	0	0	0	0
아 싸발 개 웃기네	0	0	1	0	0	0	0	0
아 쌓고 올라간다고 야 나와	0	0	0	0	0	0	0	1
아 쓰레기 근데 만약에 목사님이 지면 이것이 좀 저기 있을 터인데 타격이 얘만 왜 챙겨	1	0	0	0	0	0	0	0
아 씨발 3번째만	1	0	0	0	0	0	0	0
아 씨발 맞았어	1	0	0	0	0	0	0	0
아 씨발 머쌈한테 맡기면 안 됐어	1	0	0	0	0	0	0	0
아 씨발 뭐야	1	0	0	0	0	0	0	0
아 씨발 수딩은 뭐 하루 쟁일 달아	1	0	0	0	0	0	0	0
아 씨발 이거는 차 봐 위에 [유저] 빨나무 폭수다	1	0	0	0	0	0	0	0
아 씨발 일로와	1	0	0	0	0	0	0	0
아 씹어 어떻게 참아	0	0	0	0	0	1	0	0
아 아 나 이거 난 맞았다	0	0	1	0	0	0	0	0
아 아 뭐야	0	0	0	0	1	0	0	0
아 아 뭐해	0	0	0	1	0	0	0	0
아 아 뭔데	0	0	1	0	0	0	0	0
아 아 바람 아니지 마라	0	0	1	0	0	0	0	0
아 아 아 네 말한다	0	0	1	0	0	0	0	0
아 아 아 뭐야	0	0	0	0	1	0	0	0
아 아 아 살려줘요 님들 해파리 조심하세요	0	0	0	0	0	0	0	1
아 아 아 와 네 그래서 근데 실패하면 이 통해서요 이렇게 어 이렇게 해줘야 돼	0	0	0	0	0	0	1	0
아 아 아 여기서 바로 아 여기서 아 이렇게 분홍아 형 따라해	0	0	0	0	0	0	0	1
아 아 아 음 경험이 너무 어렵다 인정한다	0	0	1	0	0	0	0	0
아 아 아 입술이 고장났나봐	0	0	0	0	0	0	0	1
아 아 아 아깝다	0	0	0	0	0	1	0	0
아 아 아 오케이 오케이 오케이 하하핳하핳하핳하핳핳 그치 그치 그치 하하하하핳하하하하하 아 뭐야	0	0	0	0	1	0	0	0
아 아 아 저렇게 저렇게 자꾸 툭툭 쳤다니까 저 [유저] 이가 댕근이 툭툭 치면 어떡해요	0	0	0	0	0	1	0	0
아 아 아 진짜 아 아 안 먹어지는구나 저 새끼 어떻게 먹었어	1	0	0	0	0	0	0	0
아 아 아 초거인가 보다	0	0	0	0	0	0	0	1
아 아 아니 누가 들어왔니	0	0	0	0	0	0	0	1
아 아 아이씨 여기다 여기다 황금이다	0	0	0	0	1	0	0	0
아 아 안돼	0	0	0	0	0	1	0	0
아 아 얘들아 우리 협동을 한번 해볼까	0	0	0	0	0	0	0	1
아 아 이거 보나네 똑같은거인데 허어어어 허어어어 여기네 외나무다리에서 이야	0	0	1	0	0	0	0	0
아 아 이거 어떻게	0	0	0	0	0	1	0	0
아 아 이새끼 왜 또 파란색 됐어	1	0	0	0	0	0	0	0
아 아 저기 없다	0	0	1	0	0	0	0	0
아 아 제가 죽었거든요	0	0	0	0	0	1	0	0
아 아 좀 소화되는 거야	0	0	1	0	0	0	0	0
아 아 죄송합니다	0	0	1	0	0	0	0	0
아 아 진짜 어디 갔다 왔어	0	0	0	0	1	0	0	0
아 아냐 아냐 아냐 5천원 대장 하자 5천 내자 아 오이 털어라 멍청한 이거 구입해 어 인생의 낙이 사라진 기분이야	1	0	0	0	0	0	0	0
아 아니 아니 이러면 어떡해 연호 나오라고 연호 나와	0	0	0	0	0	1	0	0
아 아니구나 아니구나	0	0	1	0	0	0	0	0
아 아니면 설엠이가 넘어가야 돼	0	0	0	0	0	0	0	1
아 아니야	0	0	1	0	0	0	0	0
아 아니야 깨 화날려고 멈춰야돼	0	0	0	0	0	0	0	1
아 아래로 내려가 자 잠깐만 이제 머리 쓰자	0	0	0	0	0	0	0	1
아 아래에 있어서 그 마이크가 됐구나	0	0	0	0	0	0	0	1
아 아무나 열 수 있네 백팩을 아 좋다	0	0	0	0	0	0	1	0
아 아빠야	0	0	1	0	0	0	0	0
아 아쉬워 아쉬워	0	0	0	0	0	1	0	0
아 아쉽네요 마라	0	0	1	0	0	0	0	0
아 아아아아아아아 더 내려와봐요 빨간 [유저] 마님까지 내려갑니다 기우자님 좀 이쪽으로 와봐요	0	0	0	0	1	0	0	0
아 아우 뒷목	0	0	1	0	0	0	0	0
아 아주 사이좋은 여정이 되고 있구요오 이거 뭔데	0	0	1	0	0	0	0	0
아 악어 진짜 하지 말라고 악어 하지 말라고 진짜 아니 악어 왜 그러냐고 진짜 둘이 싸워 둘이 싸워	0	0	0	0	1	0	0	0
아 안 돌아갔었잖아	0	0	1	0	0	0	0	0
아 안 맞네	0	0	1	0	0	0	0	0
아 안 잡아줘도 돼	0	0	1	0	0	0	0	0
아 안 피해도 됐다	0	0	0	0	0	0	0	1
아 안 해	0	0	0	0	0	0	0	1
아 안됐어	0	0	1	0	0	0	0	0
아 안되나	0	0	1	0	0	0	0	0
아 안되다 지금 그러고 되요 아 아 아 누가 누가 움직였을 앞으로 소리요 이건 뭐 이야	0	0	0	0	0	0	0	1
아 알겠다	0	0	1	0	0	0	0	0
아 알았다	0	0	1	0	0	0	0	0
아 알았다 양띵누란가	0	0	0	0	0	0	0	1
아 알았다 전등 타고 가는 거네	0	0	0	0	0	0	0	1
아 야 괜찮아	0	0	1	0	0	0	0	0
아 야 기다려 기다려 기다려 [유저] 야 기다려 기다려야 저기 내려가고 쟤가 쟤가 지나가야 내가 도와줄게	0	0	0	0	0	0	0	1
아 야 나 왜 나왔어	0	0	1	0	0	0	0	0
아 야 너 목 쉴 거 같아	0	0	1	0	0	0	0	0
아 야 너무 빨라	0	0	1	0	0	0	0	0
아 야 야 야	0	0	1	0	0	0	0	0
아 야 야 잠깐만 잠깐만 아니 이 야 잠깐만 야 이 야 근데 나겸이가 확실한 거 봐라 야 이런 거 해도 돼	0	0	0	0	0	0	0	1
아 야 와	0	0	0	0	0	0	0	1
아 야 이거 안돼	0	0	0	0	0	1	0	0
아 야 홈트부터 보내줘 [유저] 야 양보해	0	0	0	0	0	0	0	1
아 얘 바보이	1	0	0	0	0	0	0	0
아 얘 빵데기 개 귀엽다	0	0	1	0	0	0	0	0
아 얘기가 이걸 해낸다고	0	0	0	0	0	0	0	1
아 얘들아 여기야	0	0	1	0	0	0	0	0
아 어 네가 해 우리들이 여기잖아	0	0	0	1	0	0	0	0
아 어 비행기 추락했는데 괜찮으세요	0	0	1	0	0	0	0	0
아 어 이거 뭐야	0	0	0	0	1	0	0	0
아 어깨 어깨 끌어질 때 이자 우리 서로서로 빨아줘야 돼요	0	0	1	0	0	0	0	0
아 어디가	0	0	0	0	0	0	0	1
아 어떡하지	0	0	1	0	0	0	0	0
아 어떡해	0	0	0	0	0	1	0	0
아 어떻게 들어간 거야	0	0	0	0	0	1	0	0
아 어떻게 하면 되냐면은 이걸 쳐먹어	0	0	0	0	0	1	0	0
아 어려운 거 걸렸어	0	0	1	0	0	0	0	0
아 어려워	0	0	1	0	0	0	0	0
아 어어 아아 뭐야	0	0	0	0	1	0	0	0
아 어차피 먹어야 되는 거 아니야 이거	0	0	1	0	0	0	0	0
아 업어줘요	0	0	1	0	0	0	0	0
아 에이 [유저] [유저]	0	0	1	0	0	0	0	0
아 여기 말고 딴 데로 가자	0	0	0	0	0	0	0	1
아 여기 서야 돼	0	0	1	0	0	0	0	0
아 여기 어어	0	0	1	0	0	0	0	0
아 여기 올라가는 거 있다	0	0	0	0	0	0	0	1
아 여기 움직이네	0	0	1	0	0	0	0	0
아 여기 있어야 돼	0	0	1	0	0	0	0	0
아 여기 타야 돼	0	0	1	0	0	0	0	0
아 여기 필요 없네	0	0	1	0	0	0	0	0
아 여기가 통과하는 데가 있네	0	0	0	0	0	0	0	1
아 여기는 어려워 미끄럽네 좋아 힘내 화이팅 화이팅 화이팅 능숙하다	0	0	0	0	0	0	1	0
아 여기다 내가 일빠로 갈것이 오케이 내가 일빠로	0	0	0	0	0	0	1	0
아 여기도	0	0	1	0	0	0	0	0
아 여기라고	0	0	1	0	0	0	0	0
아 여기로 가서 저기로 올라가는 거네	0	0	0	0	0	0	0	1
아 여기서	0	0	1	0	0	0	0	0
아 여기서 1등 해야 되잖아	0	0	0	0	0	0	0	1
아 여기서 네모가 여기서 [유저] 랑 너무 많이 하면 얘가 이 넘어가서 얘기한 것만 또 말하는 거야	0	0	0	0	0	0	0	1
아 여기서 바로 뛰면 되잖아	0	0	1	0	0	0	0	0
아 여기서 시작이고 여기가 꼬리 지점이야	0	0	0	0	0	0	0	1
아 여기서는 못삼을꺼야	0	0	1	0	0	0	0	0
아 여기야	0	0	1	0	0	0	0	0
아 여기에요	0	0	1	0	0	0	0	0
아 여러분	0	0	1	0	0	0	0	0
아 여러분 이렇게 오늘 즐겁게 피코파쿠 두 번째 해봤는데요	0	0	0	0	0	0	0	1
아 여러분들 2단계부터 굉장히 힘들었습니다	0	0	1	0	0	0	0	0
아 여러분들 제가 지금 피가 없어가지고 못 올라가요	0	0	0	0	0	0	0	1
아 역시 눈꽃이면 착해	0	0	0	0	0	0	0	1
아 역전 가야 됩니다	0	0	0	0	0	0	0	1
아 연속으로 따다다다다 밀어야 된다 이거	0	0	0	0	0	0	0	1
아 연요래 연	0	0	1	0	0	0	0	0
아 연호 먼저 연호 먼저 연호 먼저	0	0	1	0	0	0	0	0
아 열려있는 체인	0	0	1	0	0	0	0	0
아 열렸다	0	0	1	0	0	0	0	0
아 열받게 하면 안 되는구나	1	0	0	0	0	0	0	0
아 염산에 잠수	0	0	1	0	0	0	0	0
아 염질하네	0	0	1	0	0	0	0	0
아 영식이 나아	0	0	1	0	0	0	0	0
아 영초에서 3초 사이	0	0	1	0	0	0	0	0
아 옆에 너무 좋은 사람들이 있어	0	0	1	0	0	0	0	0
아 예 굿 그만 매겨 그만 매겨 아무래도 왼쪽으로 가는것이 맞지 않을까요	0	0	0	0	0	1	0	0
아 예 좋았습니다	0	0	1	0	0	0	0	0
아 예예예 괜찮습니다	0	0	1	0	0	0	0	0
아 예예예 내가 하나 줘 배고파 먹여줘 굿 다 왔어 다 왔어 다 왔어	0	0	0	0	0	0	1	0
아 오 [유저]	0	0	1	0	0	0	0	0
아 오늘 너무 재밌었습니다	0	0	1	0	0	0	0	0
아 오늘 돈 많이 쓰네	0	0	1	0	0	0	0	0
아 오른쪽	0	0	1	0	0	0	0	0
아 오른쪽도 오른쪽도 미래보지 말고 어 [유저] [유저] 아니야	1	0	0	0	0	0	0	0
아 오빠 너무 빨리 안돼	0	0	0	0	0	1	0	0
아 오빠 키가 너무 크당 [유저] 당 [유저] 야 빨리빨리 어이 잠깐만 야 너 이렇게 과감하냐	0	0	0	0	0	0	0	1
아 오케오케 알겠어	0	0	1	0	0	0	0	0
아 오케이	0	0	0	0	0	0	1	0
아 오케이 그냥 가면 돼	0	0	0	0	0	0	1	0
아 오케이 그러니까 10초 전에 우리가 다 올라와서 타야 돼	0	0	0	0	0	0	1	0
아 오케이 내가 파랑 해야 되겠다	0	0	0	0	0	0	1	0
아 오케이 로프	0	0	0	0	0	0	1	0
아 오케이 뭐라 하지마	0	0	0	0	0	0	1	0
아 오케이 선풍기 바람 끝나면 한 번 틀 잡자 응 응 이해해 아아 무슨 말인지 이해했어	0	0	0	0	0	0	1	0
아 오케이 아 이거 존나 쉬운데	1	0	0	0	0	0	0	0
아 오케이 어 낯설어	0	0	0	0	0	0	1	0
아 오케이 어 오케이 오케이 어 오케이 오케이 오케이 말 걸어서 그냥 어 내가 좀 가까이 가서 지금 충분해 충분해 충분해	0	0	0	0	0	0	1	0
아 오케이 어디에요	0	0	0	0	0	0	1	0
아 오케이 오케이	0	0	0	0	0	0	1	0
아 오케이 오케이 내가 구할것이 내가 이거 와 나 개잘했어	0	0	0	0	0	0	1	0
아 오케이 오케이 달려주세요	0	0	0	0	0	0	1	0
아 오케이 오케이 빨리 다시가 다시가 다시가 올라가 올라가 올라가 나 열쇠야	0	0	0	0	0	0	1	0
아 오케이 오케이 아 이것이 05초에서 지금 05초에서 누르는 걸로 [유저] [유저] [유저] 벌써 밟은 사람들은 뭐예요	0	0	0	0	0	0	1	0
아 오케이 오케이 안돼	0	0	0	0	0	1	0	0
아 오케이 오케이 오케이	0	0	0	0	0	0	1	0
아 오케이 오케이 오케이 쌓아 쌓아 잠깐만 잠깐만 나부터 나부터 저거 올라가야 아니 우리가 갈 수 없어 갈 수 있어	0	0	0	0	0	0	1	0
아 오케이 오케이 이야	0	0	0	0	0	0	1	0
아 오케이 오케이 한 번 다시 해보자 적당히 무임승차하다가 내려야 되나 봐요	0	0	0	0	0	0	1	0
아 오케이 오케이 할수있다 할수있다	0	0	0	0	0	0	1	0
아 오케이 오케이 해보는 거야	0	0	0	0	0	0	1	0
아 오케이 왼쪽 위 에이 바로 그렇지 그렇지 수만 기다려 애들아 그렇지 [유저] 야 좋았어	0	0	0	0	0	0	1	0
아 오케이 우와 영환아 아 진짜 나 왜 나 너무 빨리 막 그거 한다고 뭐하는 거야	0	0	0	0	1	0	0	0
아 오케이 자 내가 점프 누를게	0	0	0	0	0	0	1	0
아 오케이 자 이거 바꿉니다	0	0	0	0	0	0	1	0
아 오케이 잡아줘요 오케이 에	0	0	0	0	0	0	1	0
아 오케이 한번에 두칸씩 밟아 두칸씩 어 잘하네	0	0	0	0	0	0	1	0
아 옥사 개졌다	0	0	1	0	0	0	0	0
아 올라갔더니 뭐라고요	0	0	1	0	0	0	0	0
아 완벽했잖아	0	0	1	0	0	0	0	0
아 완전 운이야 그냥	0	0	1	0	0	0	0	0
아 왕년에	0	0	1	0	0	0	0	0
아 왜 과장하네	0	0	1	0	0	0	0	0
아 왜 그래요	0	0	0	1	0	0	0	0
아 왜 내려	0	0	1	0	0	0	0	0
아 왜 네가 보이는걸 [유저] 야 어디가	0	0	0	0	0	0	0	1
아 왜 뒤로 와	0	0	0	0	0	0	0	1
아 왜 발을	0	0	1	0	0	0	0	0
아 왜 안 가냐고	0	0	0	0	0	0	0	1
아 왜 여자만 잡아주냐고 하시는데 그것이 국룰이에요	0	0	1	0	0	0	0	0
아 왜 옆에 맨파 하이 일단 반응한다	0	0	1	0	0	0	0	0
아 왜 이렇게 느려	0	0	1	0	0	0	0	0
아 왜 이렇게 더 시련을 주는거야	0	0	1	0	0	0	0	0
아 왜 이렇게 더 없어	0	0	1	0	0	0	0	0
아 왜 이렇게 어렵냐	0	0	1	0	0	0	0	0
아 왜 자꾸 돌려	0	0	1	0	0	0	0	0
아 왜 저 조합이냐	0	0	1	0	0	0	0	0
아 왜 저새끼 왜 나만 공격해 새끼가	1	0	0	0	0	0	0	0
아 왜 지금 가	0	0	0	0	0	0	0	1
아 왜 하필 콩콩이가 자꾸 저기 서있냐고	0	0	0	0	0	0	0	1
아 왜 화를 내	0	0	1	0	0	0	0	0
아 왜그래	0	0	0	0	0	0	1	0
아 외국인 그 모자 천만 원 만들자	0	0	1	0	0	0	0	0
아 외워야 되나 보다	0	0	1	0	0	0	0	0
아 왼쪽 보고 가만히 있어	0	0	0	0	0	0	0	1
아 요건 안전하고 자 이거 어떻게 처리하겠어요	0	0	0	0	0	1	0	0
아 욕심만 욕심만 으음 아 미안 아 헷갈려	0	0	1	0	0	0	0	0
아 용암맵이네	0	0	1	0	0	0	0	0
아 우리 같은 팀이잖아요	0	0	1	0	0	0	0	0
아 우리 구독자 분들이다 안녕하세요	0	0	0	0	0	0	0	1
아 우리 비행기 추락했잖아요	0	0	1	0	0	0	0	0
아 우리 터이테니스 경력이 얼마나 많냐 5개월째가 넣을게요	0	0	0	0	0	0	0	1
아 운빨 게임이야	0	0	1	0	0	0	0	0
아 운이다	0	0	1	0	0	0	0	0
아 운전자 왜 이렇게 흔들어 꺄	0	0	1	0	0	0	0	0
아 움직이면 안돼	0	0	0	0	0	1	0	0
아 웃기지 마	0	0	1	0	0	0	0	0
아 웃길만 해	0	0	0	0	0	0	0	1
아 원래 [유저] 사람은 급하다	0	0	1	0	0	0	0	0
아 위에 가야 된다고	0	0	0	0	0	0	0	1
아 위에서부터	0	0	1	0	0	0	0	0
아 유령이 먹어야 된다	0	0	1	0	0	0	0	0
아 유령이 먹어줘야 돼	0	0	1	0	0	0	0	0
아 으악 아 개지	0	0	0	0	1	0	0	0
아 이 [유저] 들 진짜 혼자 하는 게임이네	0	0	1	0	0	0	0	0
아 이 다리가 출발시켰다	0	0	0	0	0	0	0	1
아 이 답게 가야되는거구나	0	0	0	0	0	0	0	1
아 이 또 있네	0	0	1	0	0	0	0	0
아 이 마우스가 손이네요	0	0	0	0	0	0	0	1
아 이 맵을 몰라서 그래	0	0	0	0	0	0	1	0
아 이 모른	0	0	1	0	0	0	0	0
아 이 사람 말이 되는 사람이었어	0	0	1	0	0	0	0	0
아 이 새끼 닭새끼가 나 이거 죽이려고	1	0	0	0	0	0	0	0
아 이 새끼 뭐하는 새끼인데 저거	1	0	0	0	0	0	0	0
아 이 새끼 적용러 새끼 아니 나오라고 총 아 진짜 아 진짜 하지마봐 하지마봐 하지마봐 하지마라	1	0	0	0	0	0	0	0
아 이 새끼는	1	0	0	0	0	0	0	0
아 이 시린이 존나 세네	1	0	0	0	0	0	0	0
아 이 시발 아니 야 들어가	1	0	0	0	0	0	0	0
아 이 자X 스펀지 뭐 오는데 다 떨궈	0	0	1	0	0	0	0	0
아 이 자XX이야	0	0	1	0	0	0	0	0
아 이 자식이 밀어	0	0	0	0	0	0	0	1
아 이거 10초 뒤에 저것이 출발한다	0	0	1	0	0	0	0	0
아 이거 1등 남을 때까지야	0	0	1	0	0	0	0	0
아 이거 3명 미는거다	0	0	1	0	0	0	0	0
아 이거 [유저] 다음에 화살표 아니다	0	0	1	0	0	0	0	0
아 이거 [유저] 마님 알고 있었다	0	0	1	0	0	0	0	0
아 이거 갈 수 있을 것 같은데	0	0	1	0	0	0	0	0
아 이거 감는 거고 감았고 어디로 날려야 돼	0	0	1	0	0	0	0	0
아 이거 개 스트레스네	0	0	1	0	0	0	0	0
아 이거 계속 올라가는 거구나	0	0	0	0	0	0	0	1
아 이거 굳이 안하고 같이 밀기만 해도 되네	0	0	0	0	0	0	0	1
아 이거 그거 그거 왜 무궁화꺼 조금만 조금만 아 깨어났을때는 가만히 있어야되나보다	0	0	0	0	0	0	0	1
아 이거 그거다	0	0	1	0	0	0	0	0
아 이거 그거다 저 유령이 뭐냐면 [유저] 에서 쟤를 보고 있으면은 움직이고 쟤를 안 보고 있으면은 아 안 보고 있어야 움직인다	0	0	1	0	0	0	0	0
아 이거 그거다 후추가 점프하면 루테가 그 밑으로 들어가 어 이해함 이해함	0	0	0	0	0	0	0	1
아 이거 길 쌓아야 되나보나 이것이 아까 그거야	0	0	1	0	0	0	0	0
아 이거 깔짝깔짝 해야지	0	0	0	0	0	0	0	1
아 이거 끝이야	0	0	1	0	0	0	0	0
아 이거 나와지네	0	0	0	0	0	0	0	1
아 이거 내가 너무 빨리 눌렀어	0	0	0	0	0	0	0	1
아 이거 내가 올라가줘야 되는 거구나	0	0	0	0	0	0	0	1
아 이거 누구야	0	0	1	0	0	0	0	0
아 이거 눌렀는데 이것이 눌렀으면 올라가지	0	0	0	0	0	0	0	1
아 이거 느낌 있잖아	0	0	1	0	0	0	0	0
아 이거 다음에	0	0	1	0	0	0	0	0
아 이거 되게 어렵다	0	0	1	0	0	0	0	0
아 이거 들어가서 다섯 번 이기면은 이기는 거구나	0	0	0	0	0	0	0	1
아 이거 떨어지면서 점프 뛰어야돼	0	0	0	0	0	0	0	1
아 이거 또 닭이 들어가겠다	0	0	0	0	0	0	0	1
아 이거 똑같네 이것도 똑같이	0	0	0	0	0	0	0	1
아 이거 루테형 막았어	0	0	1	0	0	0	0	0
아 이거 막는거인가봐	0	0	0	0	0	0	0	1
아 이거 막아야 하는 거인가 봐	0	0	0	0	0	0	0	1
아 이거 많이 안 해봤는데 그래도 해야지	0	0	0	0	0	0	1	0
아 이거 말 많이 하면 안 되겠다	0	0	1	0	0	0	0	0
아 이거 맞았던 거 같긴 하다 2225 33 맞아	0	0	0	0	0	0	1	0
아 이거 먹고 먹고 더 밀면 돼	0	0	1	0	0	0	0	0
아 이거 먹으면 없어져	0	0	1	0	0	0	0	0
아 이거 먹이는 기능이 있어요	0	0	1	0	0	0	0	0
아 이거 모두가	0	0	0	0	0	0	0	1
아 이거 뭐 D뻐빙이 갔으면 됐다 제기 아 나 이거 심한 글 나올 거 같은데요	0	0	1	0	0	0	0	0
아 이거 뭐야	0	0	0	0	1	0	0	0
아 이거 뭐야 이거	0	0	0	0	1	0	0	0
아 이거 뭐예요	0	0	1	0	0	0	0	0
아 이거 밀어야 되는구나	0	0	0	0	0	0	0	1
아 이거 버튼 7개를 밟아야되나봐 숨겨져있는 근데 이거 처음 하는거니까 처음엔 욕하지 마요	0	0	0	0	0	0	0	1
아 이거 보낸다 오케이 위에 거 굳이 뚫을 필요 없어	0	0	0	0	0	0	1	0
아 이거 본인 찾는 거 아니야	0	0	1	0	0	0	0	0
아 이거 봐봐	0	0	0	0	0	0	0	1
아 이거 비행기 타고 가는거인가봐	0	0	0	0	0	0	0	1
아 이거 빠른 시간 안에 여러 명이 박아야 돼	0	0	1	0	0	0	0	0
아 이거 빨간색이 뭐야	0	0	0	0	1	0	0	0
아 이거 쉽네	0	0	1	0	0	0	0	0
아 이거 슬 [유저] 밟으면 안돼 머리만 밟을 수 있어 이것이 줄이 꼬일 수 있기 때문에 서로 좀 가까이 붙어서 점프를 할 수 있게 해줘야 돼요	0	0	0	0	0	1	0	0
아 이거 아 W다 오케이 이어	0	0	0	0	0	0	1	0
아 이거 아 그 생각을 못했다고하 각이 1등을 차지해서 와 코인까지 들고 들어오는 바람에 1등으로 들어가버렸네요	0	0	0	0	0	0	0	1
아 이거 아 커요	0	0	1	0	0	0	0	0
아 이거 아까 똑같아	0	0	1	0	0	0	0	0
아 이거 아까 한 거구나	0	0	1	0	0	0	0	0
아 이거 아니면은 잠깐만 여기 봐봐	0	0	0	0	0	0	0	1
아 이거 아니야	0	0	1	0	0	0	0	0
아 이거 아오니가 초록색이 아니었어	0	0	0	0	1	0	0	0
아 이거 아웃님 내려가면 될 거 같은데 어 내려와서 나 갈게 나 갈게 하나 둘 셋 [유저] 가 잘 안 올라갑니다	0	0	0	0	0	0	0	1
아 이거 악어 너무하다	0	0	1	0	0	0	0	0
아 이거 안 돼	0	0	0	0	0	1	0	0
아 이거 안 떠들어가도 된다	0	0	0	0	0	0	0	1
아 이거 안됩니다	0	0	1	0	0	0	0	0
아 이거 양띠언니 올려서 이거 올려줘야 블럭 쌓아야 된다	0	0	1	0	0	0	0	0
아 이거 어깨에서 이거 쟤 왜 울어	0	0	1	0	0	0	0	0
아 이거 어떡해	0	0	0	0	0	1	0	0
아 이거 어떻게 해	0	0	0	0	0	1	0	0
아 이거 어렵긴 하다	0	0	1	0	0	0	0	0
아 이거 어렵다	0	0	1	0	0	0	0	0
아 이거 어쩔 수 없어서 솔로 해야겠네	0	0	0	0	0	0	0	1
아 이거 얼마나 더 밀어야 돼요	0	0	0	0	0	0	0	1
아 이거 여기 2번	0	0	1	0	0	0	0	0
아 이거 왜 이렇게 와그리 이거 안 놔	0	0	0	0	0	0	0	1
아 이거 왼쪽에 밀어야 되네	0	0	0	0	0	0	0	1
아 이거 왼쪽으로 밀면 바로 틀어진 거지	0	0	1	0	0	0	0	0
아 이거 우유음식 좀만 먹었으면 이겼다	0	0	0	0	0	0	1	0
아 이거 의리없다	0	0	1	0	0	0	0	0
아 이거 이거 올까	0	0	1	0	0	0	0	0
아 이거 이거네	0	0	1	0	0	0	0	0
아 이거 이렇게 이렇게 쉬운 거를 이렇게 쉬운 거를 시발	1	0	0	0	0	0	0	0
아 이거 이야	0	0	1	0	0	0	0	0
아 이거 재밌다	0	0	1	0	0	0	0	0
아 이거 재밌어	0	0	1	0	0	0	0	0
아 이거 쟨 거인데 아 그런 거야	0	0	1	0	0	0	0	0
아 이거 점프했어야 돼	0	0	0	0	0	0	0	1
아 이거 접니다	0	0	1	0	0	0	0	0
아 이거 존경이 아닌데 어 이거 폭탄 뭐야	0	0	0	0	1	0	0	0
아 이거 좋아 머리 찐다	0	0	0	0	0	0	1	0
아 이거 킨거야	0	0	1	0	0	0	0	0
아 이거 한명이라도 죽으면 다시 해야되나봐	0	0	0	0	0	0	0	1
아 이거 해볼게	0	0	0	0	0	0	0	1
아 이거는 두줄로 가야돼	0	0	0	0	0	0	0	1
아 이거를	0	0	1	0	0	0	0	0
아 이거를 누나가 머리 막아줘	0	0	0	0	0	0	0	1
아 이거를 설치해서 우리가 가야 되는 거인가 보다 함께 절로 넘어가야 되는 거인가 봐	0	0	0	0	0	0	0	1
아 이거밖에 안되네	0	0	1	0	0	0	0	0
아 이건 S가 잘못한 거 맞음	0	0	0	1	0	0	0	0
아 이건 아깝다 인정 아 이건 아깝다	0	0	0	0	0	1	0	0
아 이건 올려준거잖아	0	0	1	0	0	0	0	0
아 이건 팍 [유저] 야 살아있어 죽었어	0	0	0	0	0	1	0	0
아 이걸 로켓트 때문에 세 명이 다 같이 뒤졌습니다	0	0	0	0	0	0	0	1
아 이걸 이렇게 해야되네	0	0	0	0	0	0	0	1
아 이걸 죽고 있네	0	0	1	0	0	0	0	0
아 이것도 드러운 문제 나왔는데 또	0	0	1	0	0	0	0	0
아 이것이 내 탓이야	0	0	0	1	0	0	0	0
아 이것이 누르고 있어도 되네	0	0	1	0	0	0	0	0
아 이것이 다 저기 우물 안으로 들어가면 되는거인가봐	0	0	0	0	0	0	0	1
아 이것이 되네	0	0	1	0	0	0	0	0
아 이것이 랩이 살짝 움직이는 것도 있어갖고 처음부터 마음에 안들었어	0	0	1	0	0	0	0	0
아 이것이 리	0	0	1	0	0	0	0	0
아 이것이 뭐야	0	0	0	0	1	0	0	0
아 이것이 봐봐	0	0	0	0	0	0	0	1
아 이것이 부는 거인가	0	0	0	0	0	0	0	1
아 이것이 사람마다 다르게 보이는구나	0	0	1	0	0	0	0	0
아 이것이 어렵네	0	0	1	0	0	0	0	0
아 이것이 왜 내가 맞아 하하하하하 개새루아 하하하하하 아니 왜 그래 근데 악녀가 어떻게 오냐고 하얀색 풀고 위에 버튼이 있지 않을까	0	0	0	1	0	0	0	0
아 이것이 최대인거 같아 잠시가	0	0	0	0	0	0	0	1
아 이것이 터치할 수가 있네	0	0	0	0	0	0	0	1
아 이것이 한명만 되는 사람이 있어	0	0	1	0	0	0	0	0
아 이것이 후추인 것이	0	0	1	0	0	0	0	0
아 이겼다	0	0	0	0	0	0	1	0
아 이기지 못하면 더점수를 못먹는구나	0	0	1	0	0	0	0	0
아 이기지 못하면 덧점스를 못 먹는구나	0	0	1	0	0	0	0	0
아 이라고	0	0	1	0	0	0	0	0
아 이러면 안 되는데	0	0	1	0	0	0	0	0
아 이런 기분이었구나	0	0	1	0	0	0	0	0
아 이런 느낌	0	0	1	0	0	0	0	0
아 이런 첫째 오늘 합격한 건 나였잖아요	0	0	1	0	0	0	0	0
아 이런식으로	0	0	1	0	0	0	0	0
아 이렇게	0	0	1	0	0	0	0	0
아 이렇게 가듯 하다 뭐 와 천재다	0	0	0	0	0	0	0	1
아 이렇게 결과가 나오고	0	0	0	0	0	0	0	1
아 이렇게 다 내릴 수도 있구나	0	0	1	0	0	0	0	0
아 이렇게 밀고	0	0	1	0	0	0	0	0
아 이렇게 밟을 수가 있네요	0	0	0	0	0	0	0	1
아 이렇게 이렇게	0	0	1	0	0	0	0	0
아 이렇게 하면 죽는구나	0	0	1	0	0	0	0	0
아 이렇게 한 명씩 다 끌어다녀 맨 끝에 있는 사람이 6명 다 끌어있는 거네	0	0	1	0	0	0	0	0
아 이렇게요	0	0	1	0	0	0	0	0
아 이리로 들어가면 이리로 나온다	0	0	0	0	0	0	0	1
아 이리로 들어가면 이리로 나온다 오케이	0	0	0	0	0	0	1	0
아 이만 내가 [유저] 했다	0	0	0	0	0	0	0	1
아 이번에 말이 들어가나요	0	0	0	0	0	0	0	1
아 이번에는	0	0	1	0	0	0	0	0
아 이번엔 내가 누구를 업어주고 싶은데 어 업어줄게 업어줄게 일로와	0	0	0	0	0	0	0	1
아 이번엔 오래 살아남자 야야 [유저] 야 저기 [유저] 이건 또 달려있어	0	0	1	0	0	0	0	0
아 이번엔 외우 지 말자	0	0	1	0	0	0	0	0
아 이빨 찌개 언니 찌개 언니	0	0	1	0	0	0	0	0
아 이새끼 여기가	1	0	0	0	0	0	0	0
아 이었어	0	0	1	0	0	0	0	0
아 이재미에 방해하는구나	0	0	0	0	0	0	0	1
아 이정도면 돼	0	0	1	0	0	0	0	0
아 이제 감 좀 잡았어	0	0	1	0	0	0	0	0
아 이제 뭔가 서로 2인 3만 느낌 나게 묶이는 느낌 나 이제 시작이라고 아 뭐야	0	0	0	0	1	0	0	0
아 이제 안돼	0	0	0	0	0	1	0	0
아 이제 좀 말하는 사람 들어왔네	0	0	1	0	0	0	0	0
아 이제 천천히	0	0	0	0	0	0	0	1
아 이제 하는 법을 좀 알았다	0	0	1	0	0	0	0	0
아 이제 한대	0	0	1	0	0	0	0	0
아 인생 힘들다	0	0	1	0	0	0	0	0
아 일로 와 인준아	0	0	0	0	0	0	0	1
아 일로 와봐	0	0	0	0	0	0	0	1
아 임마 누나 이러고 나 피하는 거 없어	0	0	1	0	0	0	0	0
아 입술이 고장났나봐	0	0	0	0	0	0	0	1
아 입을 항상 벌리고 있네	0	0	1	0	0	0	0	0
아 자기 위치 외우는 거인가	0	0	0	0	0	0	0	1
아 자꾸 왜 누르세요	0	0	0	0	0	0	0	1
아 자꾸 왜 누르시냐고요	0	0	1	0	0	0	0	0
아 자러 간다고요	0	0	1	0	0	0	0	0
아 자르지 마요	0	0	1	0	0	0	0	0
아 작아지는 버튼 있네	0	0	1	0	0	0	0	0
아 잘못된 거야	0	0	0	1	0	0	0	0
아 잘한다	0	0	0	0	0	0	1	0
아 잘한다며	0	0	0	0	0	0	1	0
아 잘했는데	0	0	0	0	0	0	1	0
아 잘했다	0	0	0	0	0	0	1	0
아 잘했어요	0	0	0	0	0	0	1	0
아 잠깐 아 네가 오른발이구나	0	0	0	0	0	0	0	1
아 잠깐 잠깐	0	0	0	0	0	0	0	1
아 잠깐 잠깐 잠깐	0	0	0	0	0	0	0	1
아 잠깐만	0	0	0	0	0	0	0	1
아 잠깐만 [유저] 반응 했었어야 돼	0	0	0	0	0	0	0	1
아 잠깐만 나 웃는거에 박자마자 웃지 마줄래	0	0	0	0	0	0	0	1
아 잠깐만 나 이해했어	0	0	0	0	0	0	0	1
아 잠깐만 나 진짜 몰랐어	0	0	0	0	0	0	0	1
아 잠깐만 내가 고를수있어	0	0	0	0	0	0	0	1
아 잠깐만 내가 보고 있을것이 가봐봐	0	0	0	0	0	0	0	1
아 잠깐만 뒤에 있는 새끼 어디 많이 봤네 잠깐만 점프 두 번 멀리 나간다	1	0	0	0	0	0	0	0
아 잠깐만 뭐 어떻게 해야 돼	0	0	0	0	0	1	0	0
아 잠깐만 밟으면 점프가 안되요 그만해	0	0	0	0	0	1	0	0
아 잠깐만 보고하면 늦어 보고하면 늦어 보고하면 늦는다고 내 차례는 언제오지	0	0	0	0	0	0	0	1
아 잠깐만 빨리 가야돼	0	0	0	0	0	0	0	1
아 잠깐만 아 나 웃겨	0	0	0	0	0	0	0	1
아 잠깐만 아 잠깐만 아이씨 잠깐만 큰일 났다	0	0	0	0	1	0	0	0
아 잠깐만 아 지금 정신없다 정신없어	0	0	0	0	0	0	0	1
아 잠깐만 아아 잠깐만 끝났는데	0	0	0	0	0	1	0	0
아 잠깐만 알았어	0	0	0	0	0	0	0	1
아 잠깐만 왜 너무 웃으면 우리 따라온다	0	0	0	0	0	0	0	1
아 잠깐만 이거 빼야돼	0	0	0	0	0	0	0	1
아 잠깐만 이거만 보고 할게 잠깐 이거 뭐하는 거인데 여기서 답변 타일 어딨어	0	0	0	0	0	0	0	1
아 잠드는 거인가 봐 체력이 없어서 약간 기절하는 거인가 보네	0	0	0	0	0	0	0	1
아 잠수해야돼	0	0	0	0	0	0	0	1
아 잠시만 잠시만 올라가봐	0	0	0	0	0	0	0	1
아 잠시만서	0	0	1	0	0	0	0	0
아 잠시만요 아	0	0	1	0	0	0	0	0
아 잡자 보냈다	0	0	1	0	0	0	0	0
아 재밌네	0	0	1	0	0	0	0	0
아 재밌네요	0	0	1	0	0	0	0	0
아 재밌다	0	0	1	0	0	0	0	0
아 재밌었다	0	0	1	0	0	0	0	0
아 쟤 뭐야	0	0	0	0	1	0	0	0
아 쟤도 좀 와야돼	0	0	0	0	0	0	0	1
아 쟤들은 왜 못뛰치는 거야	0	0	1	0	0	0	0	0
아 저 8번이 저걸 또 밀어줘야 될 것 같아	0	0	0	0	0	0	0	1
아 저 궁금해서 그래요	0	0	0	0	0	0	1	0
아 저 새끼	1	0	0	0	0	0	0	0
아 저 새끼 [유저] 이거 한번 해봤다고 깝치네	1	0	0	0	0	0	0	0
아 저 새끼 또 지나가네	1	0	0	0	0	0	0	0
아 저 새끼 빼	1	0	0	0	0	0	0	0
아 저 새끼 아이언이기 때문에 이유가 있다니까	1	0	0	0	0	0	0	0
아 저 색깔 좀 바꿀게요	0	0	1	0	0	0	0	0
아 저 야 저 새끼 빼	1	0	0	0	0	0	0	0
아 저 위에 저 안에 다 맞춰야 되나봐	0	0	0	0	0	0	0	1
아 저 이거 내려가 볼게요	0	0	0	0	0	0	0	1
아 저 이기적인 것	0	0	1	0	0	0	0	0
아 저 자석이 있는 기계에 빨려지면 안 되는 거야	0	0	1	0	0	0	0	0
아 저 진짜 [유저] 상에서 [유저] 가 치킨 안 받	0	0	0	0	0	0	0	1
아 저 파란색인데 가고 저 피야 될 듯	0	0	0	0	0	0	0	1
아 저거 그거네 신호등 신호등이네	0	0	1	0	0	0	0	0
아 저거 그냥 바꿔	0	0	1	0	0	0	0	0
아 저거 머리 위에 올리는 거인가보다 올려가지고 저거 막아 2단으로 박자 2단으로 괜찮아	0	0	0	0	0	0	0	1
아 저거 머쓱한 스페이스가 뗐네	0	0	0	0	0	0	0	1
아 저거 뭐야	0	0	0	0	1	0	0	0
아 저거 뭐야 잡고 붙잡고 갈 수 있는 거 아니었어	0	0	0	0	1	0	0	0
아 저거 선행이가 밟은 거임	0	0	0	0	0	0	0	1
아 저거 열쇠 먹어야 돼	0	0	1	0	0	0	0	0
아 저거네 여섯명이 아래로 내려가고 가고 이 동안 올라가서 다시 이런 식으로 한 것 같은데 여기 있다 한 명 더 한 명 더 한 명 더 한 명 더 한 명 더 한 명 점프하면서 올리는 거야	0	0	0	0	0	0	0	1
아 저것이 오는 거였구나 아까 전에 그러면	0	0	1	0	0	0	0	0
아 저격 들어왔다 조졌다	0	0	1	0	0	0	0	0
아 저기 굴뚝에 들어가	0	0	0	0	0	0	0	1
아 저기 뚫렸다	0	0	1	0	0	0	0	0
아 저기 무슨 빨간 거 뭐 있다	0	0	1	0	0	0	0	0
아 저기 밧줄을 달아서 할 수 있을 것 같긴 하거든	0	0	1	0	0	0	0	0
아 저기 있네	0	0	1	0	0	0	0	0
아 저기까지 가야 되네요	0	0	0	0	0	0	0	1
아 저기로 가야 되네	0	0	0	0	0	0	0	1
아 저기로 올라갈 수가 있어	0	0	0	0	0	0	0	1
아 저기서 그럼 위아래로 조금 하고 보내야될거같은데 어 여기서 왔다갔다 해야겠다 좌우로 저거 따라서 내려가야겠네	0	0	0	0	0	0	0	1
아 저기서 이제 저거 타고 가는 거 같다	0	0	0	0	0	0	0	1
아 저는 염선혜입니다	0	0	1	0	0	0	0	0
아 저런식으로 자 한명씩 넘어가 넘어가 강아지 넘어가 강아지 뭐해	0	0	0	1	0	0	0	0
아 저렇게 하는거구나	0	0	1	0	0	0	0	0
아 저부터 할게요	0	0	1	0	0	0	0	0
아 저쒸 아 저 아 진짜 아 아하하하하하 아 씨 야 이 가지가지한 한의회복 아 진짜 너무 무서워	0	0	0	0	1	0	0	0
아 저쪽으로 건너가야 되거든	0	0	0	0	0	0	0	1
아 저희였어요	0	0	1	0	0	0	0	0
아 전혀 전혀 아니야	0	0	1	0	0	0	0	0
아 점프 오케잉 이런 건 짧게 점프해줘야 돼	0	0	0	0	0	0	0	1
아 점프 점프하면서 가야되네 턱에 걸려 턱에 걸려 위부터 재빠르게 점프 위부터 위부터 내려가는 속도가 느리기 때문에 점프 연타 점프 연타 6번 8번 4번 이렇게 하는거에요	0	0	0	0	0	0	0	1
아 점프를 몰라	0	0	0	0	0	0	0	1
아 점프하지말래	0	0	0	0	0	0	0	1
아 정말 같이 같이 뭐야	0	0	0	0	1	0	0	0
아 정말 개꺼비 빨간색 견제해	0	0	0	0	0	0	0	1
아 정말 야 이거 원 코에 가야 된다	0	0	0	0	0	0	0	1
아 정말 제가 좀만 몇만원 더 하고싶은데 아까보다 한 30분전부터 눈 감고하고 있었어요	0	0	0	0	0	0	0	1
아 정자가 생긴 했어	0	0	0	0	0	0	0	1
아 정지당하지 차라리 나였으면 AV 여자배우 말고 남자배우 했어	0	0	1	0	0	0	0	0
아 제가 초록색입니다	0	0	0	0	0	0	0	1
아 제발 아 제발 가만히	0	0	0	0	0	0	0	1
아 제발 오케이	0	0	0	0	0	0	1	0
아 제발 잘라주세요	0	0	1	0	0	0	0	0
아 제발 제발 제발	0	0	1	0	0	0	0	0
아 조건을 모르겠네	0	0	1	0	0	0	0	0
아 조금만 안 돼	0	0	0	0	0	1	0	0
아 조작감 미쳤다 그냥 왜 이렇게 때리기 힘드냐	1	0	0	0	0	0	0	0
아 존중해요	0	0	0	0	0	0	0	1
아 좀 꺼요	0	0	1	0	0	0	0	0
아 좀 꺼져봐	1	0	0	0	0	0	0	0
아 좀 나와	0	0	0	0	0	0	0	1
아 좀 늦었나	0	0	1	0	0	0	0	0
아 좀 뒤로 가봐	0	0	0	0	0	0	0	1
아 좀 뒤쪽에 있으면 되잖아	0	0	1	0	0	0	0	0
아 좀 쉬자 보라색 같은 친구 있으면 좋겠다	0	0	1	0	0	0	0	0
아 좀 쏘고 가 형 야 밀어 밀어 밀어 가자 가자 오케이 야야야야야 탕탕탕탕탕탕 [유저] 야	0	0	0	0	0	0	1	0
아 좀 있다가 가면 되지	0	0	0	0	0	0	0	1
아 좀 재밌는 거 좀 해보자	0	0	0	0	0	0	0	1
아 좆됐다	1	0	0	0	0	0	0	0
아 좋네요	0	0	0	0	0	0	1	0
아 좋다 간단하네	0	0	0	0	0	0	1	0
아 좋다 드디어 이제 말평 웃겨봐	0	0	0	0	0	0	1	0
아 좋다 좋다	0	0	0	0	0	0	1	0
아 좋습니다	0	0	1	0	0	0	0	0
아 좋아 다시 와 일로 화내지 말고 예쁘게 말해요	0	0	0	0	0	0	1	0
아 좋아요	0	0	0	0	0	0	1	0
아 좋았다	0	0	1	0	0	0	0	0
아 좋았습니다 아 그거였어	0	0	1	0	0	0	0	0
아 죄송합니다	0	0	1	0	0	0	0	0
아 죄송해요	0	0	0	0	0	0	0	1
아 주학년때 진짜 아니 주학년때 기다려	0	0	0	0	1	0	0	0
아 죽는대	0	0	1	0	0	0	0	0
아 죽어야 업을 수 있어요	1	0	0	0	0	0	0	0
아 죽었다	0	0	0	0	0	1	0	0
아 줄넘기	0	0	1	0	0	0	0	0
아 줄이 됐어	0	0	1	0	0	0	0	0
아 중력이	0	0	1	0	0	0	0	0
아 지금 8번 [유저] 8번 아냐아냐 어 번호는 똑같은가 본데	0	0	0	0	0	0	0	1
아 지금 가	0	0	0	0	0	0	0	1
아 지금 공기 안 풀고 누가 안민고 이인가봐 열쇠 열쇠 열쇠 가지고 있는 사람 내려와 나 가자 콩콩아 같은 마음이냐	0	0	0	0	0	0	0	1
아 지금 아니야	0	0	1	0	0	0	0	0
아 지금 이동하는데 공격 진짜 눈치 손들 같애요	0	0	1	0	0	0	0	0
아 지금까지 장난친 거는 시발 놈들아 개같은 년들 [유저] 링 대놓고 하는 거 보이잖아	1	0	0	0	0	0	0	0
아 지금이네	0	0	1	0	0	0	0	0
아 지나갔어	0	0	1	0	0	0	0	0
아 지려고했다 지려고했다	0	0	1	0	0	0	0	0
아 직박이 형 아우 좋아요	0	0	0	0	0	0	1	0
아 진짜 0초 진짜 재밌다 1초에 맞추고 싶어하는 아이야	0	0	0	0	1	0	0	0
아 진짜 1등 할 뻔 했는데	0	0	0	0	1	0	0	0
아 진짜 4절 존나 하네 뇌에 문제 있다고하니까 맞아	1	0	0	0	0	0	0	0
아 진짜 [유저] 료 우와	0	0	0	0	1	0	0	0
아 진짜 [유저] 야 이거 어떻게 나와 다시 아 진짜 이쁘다	0	0	0	0	1	0	0	0
아 진짜 coaster로 이러면은	0	0	0	0	1	0	0	0
아 진짜 가능성이 보여 이거는 가능성이 보여 이거는 가능성이 그냥 보여	0	0	0	0	1	0	0	0
아 진짜 개새끼리다	1	0	0	0	0	0	0	0
아 진짜 개웃기네	0	0	0	0	1	0	0	0
아 진짜 개할러져 야 이거 예전에는 한 명이 티로라도 할 수 있게 했는데 왜 이거 게임 이상하게 해놨어	0	0	0	0	1	0	0	0
아 진짜 경고해요	0	0	0	0	1	0	0	0
아 진짜 고생 많으셨다	0	0	0	0	1	0	0	0
아 진짜 괴롭히네	0	0	0	0	1	0	0	0
아 진짜 그것이 문제가 아니라 3명이 들어가야 된다고	0	0	0	0	1	0	0	0
아 진짜 그래 진짜 그래	0	0	0	0	1	0	0	0
아 진짜 깨자 깨고 가자	0	0	0	0	1	0	0	0
아 진짜 꺼지라고 김우추 새끼 그쵸 원망 나 내가 어떻게든 맞출게	1	0	0	0	0	0	0	0
아 진짜 끔찍하다	0	0	0	0	1	0	0	0
아 진짜 나 3개만 줘	0	0	0	0	1	0	0	0
아 진짜 나 너무 화가나	0	0	0	0	1	0	0	0
아 진짜 나 많이	0	0	0	0	1	0	0	0
아 진짜 나 장은 짜증나	1	0	0	0	0	0	0	0
아 진짜 나와봐	0	0	0	0	1	0	0	0
아 진짜 내가 뭘 버려	0	0	0	0	1	0	0	0
아 진짜 너 왜 이래	0	0	0	0	1	0	0	0
아 진짜 너구리야 제발 하지 마	0	0	0	0	1	0	0	0
아 진짜 너무 아쉽다	0	0	0	0	1	0	0	0
아 진짜 너무 웃겨	0	0	0	0	1	0	0	0
아 진짜 노잼	0	0	0	0	1	0	0	0
아 진짜 놓고 가더니	0	0	0	0	1	0	0	0
아 진짜 다시는 이렇게 안 나왔으면 좋겠다	0	0	0	0	1	0	0	0
아 진짜 대단하다	0	0	0	0	1	0	0	0
아 진짜 돌멩이만 전화해줘 언제 오나	0	0	0	0	1	0	0	0
아 진짜 딜빡딜하고 같이 게임 못하겠네	0	0	0	0	1	0	0	0
아 진짜 레전드네	0	0	0	0	1	0	0	0
아 진짜 망했다	0	0	0	0	1	0	0	0
아 진짜 머리필이 벗어졌다고 저 [유저] ᆯ이 아 죽었네 생각해보니까 드디어 드디어 한밤 지하를 연결한 연서 아 짜증나	1	0	0	0	0	0	0	0
아 진짜 멀리 깔고 봐라	0	0	0	0	1	0	0	0
아 진짜 면허 있는데 얼마나 운전을 잘하나 봐야지	0	0	0	0	1	0	0	0
아 진짜 못해	0	0	0	0	1	0	0	0
아 진짜 무조건 가	0	0	0	0	1	0	0	0
아 진짜 미안해	0	0	0	0	1	0	0	0
아 진짜 밑에 저거 블럭 있는거 됐다 역시 역시 게임은 질병이야 굿 게임은 질병이야 게임은 질병이야	0	0	0	0	1	0	0	0
아 진짜 보여주고 싶네	0	0	0	0	1	0	0	0
아 진짜 생일이 생일빵 받고 싶어	0	0	0	0	1	0	0	0
아 진짜 생일이라고 막 하네	0	0	0	0	1	0	0	0
아 진짜 서로 양보 안 하는 거 봐	0	0	0	0	1	0	0	0
아 진짜 수딩은 그냥 게임을 못해	0	0	0	0	1	0	0	0
아 진짜 스트레스 받아	0	0	0	0	1	0	0	0
아 진짜 신박하다	0	0	0	0	1	0	0	0
아 진짜 아	0	0	0	0	1	0	0	0
아 진짜 아 [유저] 이가 마지막에 잘했다	0	0	0	0	1	0	0	0
아 진짜 아 나 모르는 게임 나왔어	0	0	0	0	1	0	0	0
아 진짜 아 나와 아아 아아아 아아아 아아아 아아	0	0	0	0	1	0	0	0
아 진짜 아 아프겠다	0	0	0	0	1	0	0	0
아 진짜 아 어쩜 줬냐	0	0	0	0	1	0	0	0
아 진짜 아 왜 쳐다보고 있어	0	0	0	0	1	0	0	0
아 진짜 아 저렇게 뒤로 와	0	0	0	0	1	0	0	0
아 진짜 아 정기 아 정기파리채를 사 정기파리채를 사 아 근데 이긴한데 부스에 없어요	0	0	0	0	1	0	0	0
아 진짜 아 진짜 아 미안 아 미안 이거는 야 피 회복 되는 거 아니었어	0	0	0	0	1	0	0	0
아 진짜 아니 진짜 못하는걸 뭐라고도 못하겠다	0	0	0	0	1	0	0	0
아 진짜 아니라고 아니 괜찮아	0	0	0	0	1	0	0	0
아 진짜 아쉽다	0	0	0	0	1	0	0	0
아 진짜 안 해	0	0	0	0	1	0	0	0
아 진짜 야 [유저] 를 왜 마지막 게임에 안 물어봤어	0	0	0	0	1	0	0	0
아 진짜 얘기해 주세요	0	0	0	0	1	0	0	0
아 진짜 없어	0	0	0	0	1	0	0	0
아 진짜 역하다	0	0	0	0	1	0	0	0
아 진짜 예전	0	0	0	0	1	0	0	0
아 진짜 와 진짜 아니 게이지	0	0	0	0	1	0	0	0
아 진짜 왜 그래	0	0	0	0	1	0	0	0
아 진짜 왜 또 파란데기야 이새끼 아 이새끼 뭐야	1	0	0	0	0	0	0	0
아 진짜 운없다	0	0	0	0	1	0	0	0
아 진짜 웃기다	0	0	0	0	1	0	0	0
아 진짜 이 새끼들 나오라고 진짜 놔봐 놔라고 몇 등이야	1	0	0	0	0	0	0	0
아 진짜 이거 하나만 제발	0	0	0	0	1	0	0	0
아 진짜 이거 협동게임 야 후추 [유저] 가 빨리 후후 내려가게 아니 누가 발판서 [유저] 님을 [유저] 로 올려 가자 올라가 올라가 좋아 최고의 자리가 아니 왜 안왔어	0	0	0	0	1	0	0	0
아 진짜 이거를	0	0	0	0	1	0	0	0
아 진짜 이빨 다 뺍니다	0	0	0	0	1	0	0	0
아 진짜 일부러 그러네	0	0	0	0	1	0	0	0
아 진짜 잘한다	0	0	0	0	1	0	0	0
아 진짜 잠깐만 기다려주세요	0	0	0	0	1	0	0	0
아 진짜 저 형님 3번 [유저] 3번 [유저] 3번 4번 반군 아니지	0	0	0	0	1	0	0	0
아 진짜 저는 인형입니다	0	0	0	0	1	0	0	0
아 진짜 조심하다 진짜로 아 진짜 조심하다 멍청하다	1	0	0	0	0	0	0	0
아 진짜 좀 해보자	0	0	0	0	1	0	0	0
아 진짜 지금	0	0	0	0	1	0	0	0
아 진짜 지금 아 진짜 아 진짜 나봐 제발 제발 아니 나와봐	0	0	0	0	1	0	0	0
아 진짜 진짜 속도가 일부러 오르네	0	0	0	0	1	0	0	0
아 진짜 진짜 잘못	0	0	0	0	1	0	0	0
아 진짜 진짜 하지 말라고 야 악어도 내가 지켜본다 와 악어 저 싸가 좀 줘 에이 꼬시다 이 자식아 나가라	0	0	0	0	1	0	0	0
아 진짜 처음 하는 거야	0	0	0	0	1	0	0	0
아 진짜 친해	0	0	0	0	1	0	0	0
아 진짜 콩콩 개	0	0	0	0	1	0	0	0
아 진짜 콩콩 걔	0	0	0	0	1	0	0	0
아 진짜 하나도 안 맞네	0	0	0	0	1	0	0	0
아 진짜 하지마	0	0	0	0	1	0	0	0
아 진짜 해보자	0	0	0	0	1	0	0	0
아 진짜 햄버거 한번 더 해	0	0	0	0	1	0	0	0
아 진짜 형 좀 하자	0	0	0	0	1	0	0	0
아 진짜 후추 뭐해	0	0	0	0	1	0	0	0
아 진짜로	0	0	0	0	1	0	0	0
아 진짜야	0	0	0	0	1	0	0	0
아 진짜야 막아버리겠어 하지마	0	0	0	0	1	0	0	0
아 진짜요	0	0	0	0	1	0	0	0
아 짜증나	1	0	0	0	0	0	0	0
아 짱 웃겨	0	0	0	0	0	0	1	0
아 쩔어 쩔어	0	0	0	0	0	0	1	0
아 쭉 가요 눌러줘야 돼 다음 사람이 꾹 안 눌러도 돼 꾹 안 눌러도 돼 아 오케이 오케이 오케이 이제 알았어 알았어 위에 보니까 동전을 먹고 가야 되네 자 그럼 가보겠습니다 출발 그냥 뭐 내려가고 우회전 자 위로 왼쪽 아래 어 나 너무 편한데 아 너 쉬운데 할 것이 없는데 그냥	0	0	0	0	0	0	1	0
아 차 봐	0	0	0	0	0	0	0	1
아 착륙이 아니라 적어도 됐어	0	0	1	0	0	0	0	0
아 참 공룡 방패 공룡방	0	0	1	0	0	0	0	0
아 찾았다 찾았다	0	0	1	0	0	0	0	0
아 처음으로 중간에 안 끄고 끝까지 했구나 죽을 때까지 자 임종하는 것까지 모두를 죽음으로 이끈 리더 하지만 아무것도 이끌지 않았어도 죽음밖에 없었을 거야	0	0	1	0	0	0	0	0
아 천천히 천천히 스톱 아 뭐지	0	0	0	0	0	0	0	1
아 천천히 할거야	0	0	0	0	0	0	0	1
아 청첩질개	0	0	1	0	0	0	0	0
아 체인 없으면 못 가나 혹시	0	0	0	0	0	0	0	1
아 최근 월드 클리어 안녕 피커마크트 체인 [유저] 에 저기요 맹콩이 롱보역을 주겠다	0	0	0	0	0	0	1	0
아 출발하면 여기로 떨어지는구나	0	0	1	0	0	0	0	0
아 출입증 바꾸고	0	0	1	0	0	0	0	0
아 치지 말라고	0	0	1	0	0	0	0	0
아 치킨 치켜야 돼	0	0	1	0	0	0	0	0
아 컷신 피하기 컷신 피하기 점프하지마 점프하지마 점프 절대 하지마 쭉 가면 돼	0	0	0	0	0	0	0	1
아 콩콩아 콩콩아 올라와 콩콩아 괜찮아	0	0	0	0	0	0	0	1
아 큰일 났다 망했다	0	0	0	0	0	1	0	0
아 키 좀 크지 그랬냐	0	0	1	0	0	0	0	0
아 타볼까	0	0	1	0	0	0	0	0
아 탑 쌓아서 가야 돼	0	0	0	0	0	0	0	1
아 턱뚱아	0	0	1	0	0	0	0	0
아 튜토리얼을 해야 되는구나	0	0	0	0	0	0	0	1
아 틀린 새끼 진짜 진짜	1	0	0	0	0	0	0	0
아 팀플을 찢은 것이 아니라	0	0	1	0	0	0	0	0
아 파이프를 주워다가 연결을 해야 되나 보다 파이프 색깔 맞는 거를 주워다가 그렇지 파이프 색깔 맞는 거를 연결을 해야 되네	0	0	0	0	0	0	1	0
아 파이프에 넣어야 돼	0	0	1	0	0	0	0	0
아 평소 친구 있는 건 아니지	0	0	1	0	0	0	0	0
아 포기해야 돼	0	0	0	0	0	1	0	0
아 피곤하시구나	0	0	0	0	0	1	0	0
아 피차네요	0	0	1	0	0	0	0	0
아 하지 마세요	0	0	1	0	0	0	0	0
아 하지 말라	0	0	1	0	0	0	0	0
아 하지마	0	0	1	0	0	0	0	0
아 하키채에 쳐맞아서 뒤졌네요	0	0	0	0	0	0	1	0
아 하키체에 쳐맞아서 뒤졌네요	0	0	0	0	0	0	1	0
아 하하하하 세트 메뉴고요 잠깐만 나 진짜 좋은 생각났어	0	0	0	0	0	0	0	1
아 하함빈 콩이야	0	0	1	0	0	0	0	0
아 학습이 안되나 가방패도 짧으신가보다	0	0	0	0	0	0	0	1
아 한 번 더 그렇지	0	0	0	0	0	0	1	0
아 할 배가 아니로 저 WL 아니로 할 배가 아니로 [유저] [유저] [유저] 할 배가 아니로 야 집중하라고 [유저] [유저] [유저] 너 퇴근 안 할 거야	0	0	0	0	0	0	0	1
아 할머니 저기요	0	0	1	0	0	0	0	0
아 했다 했다 했다	0	0	1	0	0	0	0	0
아 혈당 스파이크 있나 보다	0	0	1	0	0	0	0	0
아 협동이 잘 된다	0	0	1	0	0	0	0	0
아 형 살아있다	0	0	1	0	0	0	0	0
아 형 제발 형님	0	0	1	0	0	0	0	0
아 형사 미안하다 바로 놓을 터니까 꺼져	1	0	0	0	0	0	0	0
아 형이 위에 올라가는거네	0	0	0	0	0	0	0	1
아 형이랑 비슷하게 가야 되는구나	0	0	0	0	0	0	0	1
아 혜안이 진짜 치킨 안 주려고 진짜	0	0	1	0	0	0	0	0
아 혼자 닿았어	0	0	1	0	0	0	0	0
아 화내지 말아야지 벌써 화내면 큰일나는데 이거 안되는데 이거 이야	0	0	0	0	0	1	0	0
아 화면 흔들려	0	0	1	0	0	0	0	0
아 후스폰져 이 새끼 뭐야	1	0	0	0	0	0	0	0
아 후추 나와	0	0	0	0	0	0	0	1
아 흑장미 흑장미 아니 이 사람한테 게임 안 해봤어	0	0	0	0	0	0	0	1
아 힘들다	0	0	1	0	0	0	0	0
아 힘들어	0	0	0	0	0	1	0	0
아 힘들어 1라운드부터 이렇게 힘들어	0	0	0	0	0	1	0	0
아가라고하세요	0	0	0	0	0	0	0	1
아그로까그로 버티세요	0	0	1	0	0	0	0	0
아까 [유저] 가 그 가운데 무대 위에 선 것처럼 그때 [유저] 가 섰을 때 겁나 욕했잖아	0	0	0	0	0	0	0	1
아까 [유저] 님 다시 내려와 줄래요	0	0	0	0	0	0	0	1
아까 거기 그거 앞에 자리 비워 줘야지 올라가 그래 삼식이가 내가 봐줬구나	0	0	0	0	0	0	1	0
아까 그대로 해	0	0	0	0	0	0	0	1
아까 그러니까 처음에 보내줄 때 갔어야 되는데	0	0	1	0	0	0	0	0
아까 더위도 했잖아	0	0	1	0	0	0	0	0
아까 딜 개 잘 나왔는데	0	0	1	0	0	0	0	0
아까 별명도 만들어졌어	0	0	1	0	0	0	0	0
아까 소리 지르면서 못하겠다고 하시지 않았어요	0	0	0	0	0	1	0	0
아까 순서 아까 자기 1번 써 나 1번 점프 누르고 있을게	0	0	0	0	0	0	0	1
아까 왜 그랬어	0	0	1	0	0	0	0	0
아까 왼쪽 위도 밭이었단 말이야	0	0	1	0	0	0	0	0
아까 위 magic 하는 사람 맞아	0	0	0	0	0	0	1	0
아까 한번 박으니깐 못되지 않았어요	0	0	1	0	0	0	0	0
아까도 두 칸도 잘 갔다고	0	0	1	0	0	0	0	0
아까도 우리 밥 먹을 때 얘기했잖아	0	0	1	0	0	0	0	0
아까들 했던 거 말고 다른 데 가보자	0	0	0	0	0	0	0	1
아까랑 난이도랑 너무 다른데	0	0	1	0	0	0	0	0
아까만 찍었지	0	0	1	0	0	0	0	0
아까부터 움직였는데	0	0	1	0	0	0	0	0
아까부터 하는 거	0	0	1	0	0	0	0	0
아깝지만 이제 어떻게 하는지 알았잖아	0	0	0	0	0	1	0	0
아냐 1자로 만들어서 눈꽃이가 걸으면 다 걸어지잖아	0	0	0	0	0	0	0	1
아냐 [유저] 가봐	0	0	0	0	0	0	0	1
아냐 그냥 들어갈거야	0	0	1	0	0	0	0	0
아냐 아냐	0	0	1	0	0	0	0	0
아냐 아냐 근데 옛날 맵보다 간격이 아아 진짜 하지마	0	0	0	0	1	0	0	0
아냐 아냐 더 봐야지 오른쪽 볼 때 하자 난이도 2 안되네	0	0	0	0	0	0	0	1
아냐 아냐 아 아 너무 좋네	0	0	0	0	0	0	1	0
아냐 아냐 아냐 그렇지 인코스 그렇지 [유저] 이자니	0	0	0	0	0	0	1	0
아냐 아냐 아냐 오케이 지금	0	0	0	0	0	0	1	0
아냐 아냐 호수 호수	0	0	1	0	0	0	0	0
아냐 이거 아 빠른거 오네	0	0	1	0	0	0	0	0
아냐아냐 모를 수 있어 박대가리면 아니 더밀어 더밀어 알았어	0	0	0	0	0	0	0	1
아냐아냐 미리 빼야돼	0	0	1	0	0	0	0	0
아냐아냐아냐 그렇지 그렇지 그렇지 나 올려 나를 올려야지 그렇지 네가 밑으로 내려가 그렇지 그렇지 그렇지 아이고 잘한다	0	0	0	0	0	1	0	0
아뇨 아뇨 아뇨 미친 개새 이어	0	0	1	0	0	0	0	0
아뇨아뇨아뇨 저 사과하세요	0	0	0	0	0	0	0	1
아는데 알아라 저기까지 가야되거든	0	0	0	0	0	0	0	1
아니 10번	0	0	1	0	0	0	0	0
아니 2명 왜 내려가	0	0	0	0	0	0	0	1
아니 3번이 게이지가 좀 해서 자 5858 같이 움직일 땐 게이지 더 많이 빠지지 않지 않나	0	0	0	0	0	0	0	1
아니 3번이 봐주고 8번 오셈 어 3번이 봐주면 돼 3번이 마지막에 들어오면 돼	0	0	0	0	0	0	0	1
아니 3승자를 태워봐야 되지	0	0	0	0	0	0	0	1
아니 6번 누구야	0	0	1	0	0	0	0	0
아니 6번이 맨 위로 올라가게 해보세요	0	0	0	0	0	0	0	1
아니 6번이 있어서 못감	0	0	0	0	0	0	0	1
아니 7번 5번 또 지랄 죽이네	1	0	0	0	0	0	0	0
아니 8번	0	0	1	0	0	0	0	0
아니 A 좀 판단 좀 해요	0	0	0	0	0	0	0	1
아니 A가 왜 눌러	0	0	0	0	0	0	0	1
아니 A를 누르는 사람이 잘못	0	0	0	1	0	0	0	0
아니 A씨 뭐해요	0	0	0	1	0	0	0	0
아니 A인데	0	0	1	0	0	0	0	0
아니 D가 왜 뭐 D가 와공지 너 지하 지하 왜 움직이지	0	0	0	0	0	0	0	1
아니 D를 또 눌렀다고 저 새끼가 그럼 한 번 더 눌렀어야지	1	0	0	0	0	0	0	0
아니 W W랑 S는 존나 잘하고 있는데	1	0	0	0	0	0	0	0
아니 W가 실수를 너무 빨리 하잖아	0	0	0	1	0	0	0	0
아니 W님 그 순간에 W를 누르는 건 좀 아니죠	0	0	1	0	0	0	0	0
아니 [유저]	0	0	1	0	0	0	0	0
아니 [유저] [유저] 선행위 위에 올라가라	0	0	0	0	0	0	0	1
아니 [유저] 그랬어	0	0	1	0	0	0	0	0
아니 [유저] 농 오바 여기 봐봐	0	0	0	0	0	0	0	1
아니 [유저] 님 아니 [유저] 님 뭐야	0	0	0	0	1	0	0	0
아니 [유저] 선행위에 올려	0	0	1	0	0	0	0	0
아니 [유저] 식 늙어가지고 못하네	0	0	0	0	0	0	0	1
아니 [유저] 씨가 잡아당겼어	0	0	0	0	0	0	0	1
아니 [유저] 씨는 잘못이 없어	0	0	0	1	0	0	0	0
아니 [유저] 정신 차리라고 해	0	0	0	0	0	0	0	1
아니 [유저] 형이 안 가	0	0	0	0	0	0	0	1
아니 [유저] 형이 좀 빙글빙글 하다 아니 일반은 왜 뒤로 가는데 아 아깝네	0	0	0	0	0	1	0	0
아니 [유저] 가 저는	0	0	0	0	0	0	0	1
아니 [유저] 가 택산 치웠는데	0	0	0	0	0	0	0	1
아니 [유저] 이 넌 가만히 있어도 돼	0	0	0	0	0	0	0	1
아니 [유저] 이 형 우린 잘하지 않았나	0	0	1	0	0	0	0	0
아니 [유저] 이가 버리고 갔어	0	0	0	0	0	0	0	1
아니 [유저] 이야	0	0	1	0	0	0	0	0
아니 [유저] 지	0	0	1	0	0	0	0	0
아니 가 오른	0	0	0	0	0	0	0	1
아니 가만히 있어도 움직여	0	0	0	0	0	0	0	1
아니 가만히 있었는데	0	0	0	0	0	0	0	1
아니 가면 안 되지	0	0	0	0	0	0	0	1
아니 가봐	0	0	0	0	0	0	0	1
아니 각별히 뒤로 오지마	0	0	1	0	0	0	0	0
아니 감탄하지마	0	0	1	0	0	0	0	0
아니 강아지 같이 들어야 된다니까 무겁다니까 같이 들어야 된다고	0	0	0	0	0	0	0	1
아니 개 잘하네	0	0	0	0	0	0	1	0
아니 거 laughs 난 괜찮을까	0	0	1	0	0	0	0	0
아니 거기 왜 내려가	0	0	0	0	0	0	0	1
아니 거기서 움직일수가 없어 1 2 3번 딱 한꺼번에 있대요	0	0	0	0	0	0	0	1
아니 거긴 1층이에요	0	0	1	0	0	0	0	0
아니 거대가 트림은 되는 거야	0	0	0	0	0	0	0	1
아니 거의 [유저] 님이랑 [유저] 언니랑 콩콩이는 그 대륙 땅 가지고 지금 싸운거인데 지금	0	0	0	0	0	0	0	1
아니 거의 다 왔네	0	0	1	0	0	0	0	0
아니 거지 말이 되네	0	0	1	0	0	0	0	0
아니 거지라고	0	0	1	0	0	0	0	0
아니 게임을 많이 이거 안해봐서 맵도 몰라요	0	0	0	0	0	0	0	1
아니 게임을 왜 이렇게 못해 얘들아	0	0	0	1	0	0	0	0
아니 계단을 쌓자 그냥	0	0	1	0	0	0	0	0
아니 계단하자고 계단	0	0	1	0	0	0	0	0
아니 고의적으로 네가 잡는거 아니라고 야 야 야 얘 끌고 갈게 내가 공룡이 내가 끌고 [유저] 당해서 죽어 염두다	1	0	0	0	0	0	0	0
아니 공룡아 네가 늦다고 자꾸 오케이 클리어 031 뭐야	0	0	0	0	1	0	0	0
아니 괜찮아	0	0	1	0	0	0	0	0
아니 괜찮아요	0	0	1	0	0	0	0	0
아니 귀에 비킬 사람이	0	0	1	0	0	0	0	0
아니 그 그 아니 그렇지 내 조카가 너보다 잘했다 올려줄게 가 올려줄게	0	0	0	0	0	0	1	0
아니 그 뭐였지	0	0	1	0	0	0	0	0
아니 그 블럭은 안 뿌셔도 돼	0	0	1	0	0	0	0	0
아니 그 착각했어	0	0	1	0	0	0	0	0
아니 그거 빨리 말하라니까	0	0	0	0	0	0	0	1
아니 그거 전재판인 거여	0	0	1	0	0	0	0	0
아니 그거 차는 거잖아	0	0	1	0	0	0	0	0
아니 그거는 올라가지 말고 잡고 있지	0	0	0	0	0	0	0	1
아니 그건 [유저] 씨	0	0	1	0	0	0	0	0
아니 그건 아니었는데	0	0	1	0	0	0	0	0
아니 그걸 연못을 흘리고 호수를 얘기한 거야	0	0	1	0	0	0	0	0
아니 그것이 아니고	0	0	1	0	0	0	0	0
아니 그것이 하하하 그니까 문을 와있지	0	0	0	0	0	0	0	1
아니 그냥 가면 돼 그냥 가면 돼	0	0	0	0	0	0	0	1
아니 그냥 위에 아니 좀만 가면 되잖아	0	0	0	0	0	0	0	1
아니 그냥 점프해서 닿으면 어떻게 돼	0	0	0	0	0	1	0	0
아니 그냥 팩트만 팩트만 얘기하는 것이 없을 것 같더만	0	0	1	0	0	0	0	0
아니 그냥 형은 위에서 안 움직이면 돼	0	0	1	0	0	0	0	0
아니 그니까 번호가 같이 보인다	0	0	0	0	0	0	0	1
아니 그니까 이것이 체력이 있는 이유가 그거야	0	0	0	0	0	0	0	1
아니 그니까 일렬로 있으면 이것이 다시 올라가면서 밑에 있는 사람도 들어갈 수 있잖아	0	0	0	0	0	0	0	1
아니 그러니까	0	0	1	0	0	0	0	0
아니 그러니까 건드리면 어떻게 될지 상상을 좀 하라고	0	0	0	0	0	1	0	0
아니 그러니까 뛰지마봐	0	0	0	0	0	0	0	1
아니 그러니까 차례대로 가면 돼	0	0	0	0	0	0	0	1
아니 그러니까 피해도 돼	0	0	0	0	0	0	0	1
아니 그러면 안 되고	0	0	1	0	0	0	0	0
아니 그러면 의미 없어요	0	0	1	0	0	0	0	0
아니 그런거 같았어	0	0	1	0	0	0	0	0
아니 그럴수있어 [유저] 됐지	0	0	1	0	0	0	0	0
아니 그럼 5 60만 안 하면 미수반 접을 거예요 여기서	0	0	1	0	0	0	0	0
아니 그리고 3번 오고 마지막에 보는 사람이 있어야 돼	0	0	1	0	0	0	0	0
아니 근데 [유저] 똥 게임 개 잘 해	1	0	0	0	0	0	0	0
아니 근데 귀신 진짜 귀신 진짜 개족하게 생겼어	0	0	1	0	0	0	0	0
아니 근데 그거 더 붙는 걸 못하네	0	0	1	0	0	0	0	0
아니 근데 그냥 밀면 되는 거 아니야	0	0	1	0	0	0	0	0
아니 근데 끝났으면 기폭 장치가 멈춰야 되는 거 아니야	0	0	0	0	0	1	0	0
아니 근데 내가 볼 때 표지는 하면 안 돼	0	0	0	0	0	1	0	0
아니 근데 방금 희망을 봤어	0	0	1	0	0	0	0	0
아니 근데 방패가 안 막아주는데	0	0	0	0	0	0	0	1
아니 근데 쓸모있는 사람이 있으면 없는 사람도 있어야 돼	0	0	1	0	0	0	0	0
아니 근데 여기서 뭐 눌러야 돼	0	0	0	0	0	0	0	1
아니 근데 열쇠가 없잖아	0	0	0	0	0	0	0	1
아니 근데 왜 또 왜 아니 왜 아니 왜 돌려	0	0	1	0	0	0	0	0
아니 근데 왜 이렇게 한숨을 쉬세요	0	0	1	0	0	0	0	0
아니 근데 우리 우리 굳이 위로 올라갈 이유가 있을까 전부 다 아래로 가보자	0	0	0	0	0	0	0	1
아니 근데 이거 이것이 제일 어려워	0	0	1	0	0	0	0	0
아니 근데 저것이 중요한 것이 아니야 지금은	0	0	1	0	0	0	0	0
아니 근데 점프 점프해서 막 계단 안 해도 돼	0	0	0	0	0	0	0	1
아니 근데 조그만 놈이까	0	0	0	0	0	1	0	0
아니 근데 첫 번째는 다른 사람이 날 맞췄어	0	0	1	0	0	0	0	0
아니 근데 총알은 피해야 돼	0	0	0	0	0	0	0	1
아니 기우 님 너무 빨리 떨어지던데 아까	0	0	0	0	0	0	0	1
아니 길 막았어	0	0	1	0	0	0	0	0
아니 길먹고있어	0	0	1	0	0	0	0	0
아니 깔짝깔짝 하는 사람이 일단 브리핑을 해줘야 되지 않나 깔깔깔 깔깔깔깔깔 오오오오오 깔깔깔깔깔깔 저 웃은 거인데요	0	0	0	0	0	0	0	1
아니 깜빡거리면 안돼 깜빡거릴때 멈춰야돼	0	0	0	0	0	1	0	0
아니 깨야지	0	0	1	0	0	0	0	0
아니 깨야지 제가 열쇠 들고 있지않아 고마워 첫번째 겨 안열려	0	0	0	0	0	0	1	0
아니 꽁꽁아 니가 훨씬 먼데 꺼내따 꺼내따 이거 완전 침식했다	0	0	0	0	0	0	0	1
아니 나 그때 게임 구매 아 뭐야	0	0	0	0	1	0	0	0
아니 나 나함	0	0	1	0	0	0	0	0
아니 나 되게 쏘고 있어	0	0	1	0	0	0	0	0
아니 나 못 가	0	0	0	0	0	0	0	1
아니 나 믿지	0	0	1	0	0	0	0	0
아니 나 방해 아니 나 방해 많이 했어	0	0	0	0	0	0	0	1
아니 나 아직 있어	0	0	1	0	0	0	0	0
아니 나 여기 재밌어	0	0	1	0	0	0	0	0
아니 나 올려주고 여기 올려줘	0	0	1	0	0	0	0	0
아니 나 이런 버러지들이랑 게임 더 하겠네	0	0	1	0	0	0	0	0
아니 나 자기야	0	0	1	0	0	0	0	0
아니 나는 갑자기 지치기 당했어	0	0	1	0	0	0	0	0
아니 나는 그냥 장난을 해놓은 거인데	0	0	0	0	0	0	0	1
아니 나는 데이트에 모셔놓고 우리가 이기면 안 된다고 나는 항상 생각을 했기 때문에 경준은 아직도 저 방에서 누가 나올 줄 알고 있어	0	0	0	0	0	0	0	1
아니 나는 보라색이 없어야 점프할 수 있어	0	0	0	0	0	0	0	1
아니 나도 잠깐 망설여져서 그랬어요	0	0	0	0	0	0	0	1
아니 나를 죽였어	0	0	1	0	0	0	0	0
아니 나와	0	0	0	0	0	0	0	1
아니 나와보라고	0	0	0	0	0	0	0	1
아니 나와봐	0	0	0	0	0	0	0	1
아니 나와봐 봐	0	0	0	0	0	0	0	1
아니 난 사탕을 석탄으로 버려	0	0	1	0	0	0	0	0
아니 난 상처 안 받아	0	0	1	0	0	0	0	0
아니 난 안 넣어	0	0	1	0	0	0	0	0
아니 난 안내려갔어	0	0	1	0	0	0	0	0
아니 날 올리고 그 사이에 니가 올라	0	0	0	0	0	0	0	1
아니 내 맨 위에 올라갈 수 있다니까 형 제가 한 번 들어보실래요	0	0	0	0	0	0	0	1
아니 내가	0	0	0	0	0	0	0	1
아니 내가 세탁하고 싶지 않았는데 잘한다 잘한다	0	0	0	0	0	0	1	0
아니 내가 쐈는데 왜 탈 수 없어	0	0	0	0	0	0	0	1
아니 내가 인정했는데 참	0	0	0	0	0	0	0	1
아니 내가 책을	0	0	0	0	0	0	0	1
아니 내가 피하자고 했으면 누가 피하자고 했겠어	0	0	0	0	0	0	0	1
아니 내일도 뭐 해야돼	0	0	0	0	0	0	0	1
아니 너 부리잖아	0	0	1	0	0	0	0	0
아니 너 이렇게 하면 되지	0	0	1	0	0	0	0	0
아니 너네 붙었잖아	0	0	1	0	0	0	0	0
아니 너무 바람빠진 풍선에 그 까만 입술이 무슨 풍선이야	0	0	1	0	0	0	0	0
아니 너무 쉬운데	0	0	1	0	0	0	0	0
아니 너무 잘해	0	0	0	0	0	0	1	0
아니 너무 좁아	0	0	1	0	0	0	0	0
아니 너희 내 마이크 좀 켜	0	0	1	0	0	0	0	0
아니 네가 잡고 있잖아	0	0	0	0	0	0	0	1
아니 노인 공경하세요	0	0	0	0	0	0	0	1
아니 놔봐	0	0	0	0	0	0	0	1
아니 누가 밀었으니까	0	0	0	0	0	0	0	1
아니 누가 오자	0	0	0	0	0	0	0	1
아니 누구야	0	0	1	0	0	0	0	0
아니 누나	0	0	1	0	0	0	0	0
아니 누나 오른쪽으로 가면 왼쪽으로 가면 독에 중독돼 오른쪽에 있어야돼	0	0	0	0	0	0	0	1
아니 누나가 크기가 커서 그런지 더 잘 맞으면 노키야 올라와 [유저] 는 기상어 컷	0	0	0	0	0	0	0	1
아니 누르지 말라면서 바로 뒤로 간 거야	0	0	1	0	0	0	0	0
아니 눈꽃이가 내려오면 더 올라가지 않을까	0	0	0	0	0	0	0	1
아니 눌러봤자 우리 금방 깰 것 같거든	0	0	0	0	0	0	0	1
아니 눌렀는데 D를 또 눌렀어	0	0	1	0	0	0	0	0
아니 늦었어	0	0	1	0	0	0	0	0
아니 니 말고는 못 옮긴다고	0	0	1	0	0	0	0	0
아니 니 지랭이 지금 뭐야	0	0	0	0	1	0	0	0
아니 니가 먹어	0	0	0	0	0	0	0	1
아니 니가 이상하게 말했다니까	0	0	0	0	0	0	0	1
아니 니한테 쏴	0	0	1	0	0	0	0	0
아니 님 그거 성게 조심하라니까요 자 먹어봐	0	0	0	0	0	0	0	1
아니 다 뒤로 가봐	0	0	0	0	0	0	0	1
아니 다 움직이는거 같긴 한데 좀 비켜주실래요	0	0	0	0	0	0	0	1
아니 다영아 바꿔봐	0	0	0	0	0	0	0	1
아니 닫으면 안 되지	0	0	1	0	0	0	0	0
아니 담비님이 엄청 하고 싶어 하셨다고 이거 재밌어요	0	0	1	0	0	0	0	0
아니 대기라는 말 혹시 모르나	0	0	1	0	0	0	0	0
아니 댕근아	0	0	1	0	0	0	0	0
아니 댕근아 아 그거 왜 넘어가요	0	0	0	0	0	0	0	1
아니 더 가	0	0	0	0	0	0	0	1
아니 더워	0	0	1	0	0	0	0	0
아니 더위가 잘 막은 거 예상하고 그 말은 그 말은 악녀 개못막음	0	0	0	0	0	0	0	1
아니 도깨는	0	0	1	0	0	0	0	0
아니 도깨야	0	0	1	0	0	0	0	0
아니 도깨야 방패는 중앙에 있어야 된다니까 위로 올라가지 말고	0	0	0	0	0	0	0	1
아니 도넛 저 미안 가만두지 않겠어요	0	0	0	0	0	0	0	1
아니 도대체 뭔데 자꾸 하라는 거야	0	0	1	0	0	0	0	0
아니 도와줘요	0	0	0	0	0	0	0	1
아니 도원이	0	0	1	0	0	0	0	0
아니 독사는 힘이에요	0	0	1	0	0	0	0	0
아니 두 칸만 하면 안 돼	0	0	0	0	0	1	0	0
아니 둘이 뭐하냐고	0	0	0	1	0	0	0	0
아니 뒤로 가야지 저거는 씨발 내 얘기는 왜 대답 안 해줘	1	0	0	0	0	0	0	0
아니 뒤로 갔다고하니까요 드디어 아니 뒤로 가졌다니까요	0	0	0	0	0	0	0	1
아니 뒤에 다 맞췄네	0	0	1	0	0	0	0	0
아니 디가 가줬어요	0	0	0	0	0	0	0	1
아니 딱 치고 해	0	0	0	0	0	0	0	1
아니 딴 걸 빨리빨리 해줘야지	0	0	0	0	0	0	0	1
아니 라고하더야 덕혜야	0	0	1	0	0	0	0	0
아니 레게는 앞에 눌러야 돼	0	0	0	0	0	0	0	1
아니 레게는 진짜 말 두근두근 안 들어	0	0	1	0	0	0	0	0
아니 루테님이 저 새끼 나보고 웃고있어	1	0	0	0	0	0	0	0
아니 마마	0	0	1	0	0	0	0	0
아니 마마 맛샘 너무 잘해	0	0	0	0	0	0	1	0
아니 마마님	0	0	1	0	0	0	0	0
아니 마마님 왜 이렇게 잘해	0	0	0	0	0	0	1	0
아니 마마님이 진짜 잘해	0	0	0	0	0	0	1	0
아니 마주 봐야지	0	0	0	0	0	0	0	1
아니 막 너네가 옴	0	0	0	0	0	0	0	1
아니 막다가 니가 만든다고 나오라고	0	0	0	0	0	0	0	1
아니 만두야 뭐 말을 해줘야지 알아	0	0	0	0	0	0	0	1
아니 말하고 있는데	0	0	1	0	0	0	0	0
아니 말하고 있잖아	0	0	1	0	0	0	0	0
아니 말한다고	0	0	1	0	0	0	0	0
아니 맨 밑은 괜찮은데 위에가 문제야 [유저] 야	0	0	0	0	0	0	0	1
아니 맵으로 콩콩이 거의 3개 일주했어	0	0	1	0	0	0	0	0
아니 머리 위에 올라서 하지마	0	0	1	0	0	0	0	0
아니 머리를 한번 달고 열쇠를 무조건 먹어야 돼	0	0	1	0	0	0	0	0
아니 머리에 끼고 가야돼	0	0	0	0	0	0	0	1
아니 먹고 가짜면 안 돼	0	0	0	0	0	1	0	0
아니 먼저 하게 해 주려고	0	0	0	0	0	0	0	1
아니 몰라	0	0	1	0	0	0	0	0
아니 몰링핀이야 나	0	0	1	0	0	0	0	0
아니 못 잡아	0	0	1	0	0	0	0	0
아니 무기 드니까 형이라 그러네	0	0	1	0	0	0	0	0
아니 무슨 [유저] 같은 게임을 하라 해	0	0	0	0	0	0	0	1
아니 무슨 게임에 혈당 스파이크가 있어 미쳐버리네	0	0	0	0	0	0	0	1
아니 무슨 스폰지 바든 다 모였어 나와	0	0	0	0	0	0	0	1
아니 무슨 이상한 [유저] 먹었다가 이렇게 됐어요	0	0	0	0	0	0	0	1
아니 문 닫아가면 되잖아	0	0	0	0	0	0	0	1
아니 문 닫았어요	0	0	1	0	0	0	0	0
아니 뭐 하는 거야	0	0	1	0	0	0	0	0
아니 뭐 하다 죽었어	0	0	0	0	0	1	0	0
아니 뭐가	0	0	0	0	0	0	0	1
아니 뭐가 나올지 모른다니까 진짜 뭐가 나올지 모르네	0	0	0	0	0	0	0	1
아니 뭐가 어떻게 되는 거야	0	0	0	0	0	1	0	0
아니 뭐라 하면 안 됐었네	0	0	1	0	0	0	0	0
아니 뭐래	0	0	1	0	0	0	0	0
아니 뭐야	0	0	0	0	1	0	0	0
아니 뭐하냐고	0	0	0	1	0	0	0	0
아니 뭐하세요	0	0	0	0	0	0	0	1
아니 뭐하시는거에요	0	0	1	0	0	0	0	0
아니 뭐해	0	0	0	1	0	0	0	0
아니 뭐해 뭐해	0	0	0	1	0	0	0	0
아니 뭐해 윤호	0	0	0	1	0	0	0	0
아니 뭔 소리야	0	0	1	0	0	0	0	0
아니 뭘 leads 장범아	0	0	1	0	0	0	0	0
아니 뭘 나한테만 그래	0	0	0	0	0	0	1	0
아니 미리 해오시는 거 약간 킹받네요	0	0	0	0	0	0	0	1
아니 미친	0	0	1	0	0	0	0	0
아니 미친 아 제발 미친 사람들아 끌어댕겨 끌어댕기가 있네 좋네요	0	0	0	0	0	0	1	0
아니 미친 이거 몇 라운드까지 있지	0	0	1	0	0	0	0	0
아니 미친 타이머팅 뭐야	0	0	0	0	1	0	0	0
아니 미친새끼야 다른 누군가가 이 버튼을 누르면 시범을 받습니다	1	0	0	0	0	0	0	0
아니 밀지 마	0	0	1	0	0	0	0	0
아니 밑에 한 명 더 있어야 되는 거 아니야	0	0	1	0	0	0	0	0
아니 밑으로 해서 가면 되잖아	0	0	0	0	0	0	0	1
아니 바싹 붙지않아 바싹 붙지 말라니까 1번님 새치기 한 번씩 아니 이거 아니 들어보세요	0	0	0	0	0	0	0	1
아니 밖에서 이제 밖에서 계단을 만들어줘야지 밖에서 열쇠 열쇠 열쇠 가자 열쇠 가자 넘어가자 넘어가자 여덟명 여덟명 여기 여덟명 빨리가라 [유저] 야 여덟명 여덟명 72번 72번 다른사람 하나도 안들려	0	0	0	0	0	0	0	1
아니 발 한 솟으면 살았겠네	0	0	1	0	0	0	0	0
아니 방설지말고 출발 구	0	0	1	0	0	0	0	0
아니 방패가 약간 뜰림이 3번 했는데 진 거면 방패 잘못 아닌가	0	0	0	1	0	0	0	0
아니 배열 본거인가	0	0	0	0	0	0	0	1
아니 버리고 올라가봐 버리고 올라가봐 끝까지 날 버리지 않는군	0	0	0	0	0	0	0	1
아니 벽에 붙어있으면 안 쏴져요	0	0	1	0	0	0	0	0
아니 봐봐	0	0	0	0	0	0	0	1
아니 분홍	0	0	1	0	0	0	0	0
아니 비켜	0	0	0	0	0	0	0	1
아니 비켜봐	0	0	0	0	0	0	0	1
아니 비켜봐 비켜봐 사봐봐 사봐봐 사봐봐	0	0	0	0	0	0	0	1
아니 비켜야 쏘지	0	0	0	0	0	0	0	1
아니 빠른데	0	0	1	0	0	0	0	0
아니 빨리 뛰라고	0	0	0	0	0	0	0	1
아니 빨리 안 가네 움직임 게이지 같은데 뭔가	0	0	0	0	0	0	0	1
아니 빨파 빠노	0	0	1	0	0	0	0	0
아니 사람들이 헷갈릴 수 있어서 형제를 위한 마음이지	0	0	0	0	0	0	0	1
아니 상관 없으니까 확실히 가면 내려와 내려와 천천히 천천히 천천히 슛 [유저] 땡겨 땡겨 땡겨 parkscynier 마음의 성격 자 Uganda Deutsch 잠깐만 잠깐만 이루야 just 마이크 끄고	0	0	0	0	0	0	0	1
아니 생각해 닿으면 안 된다고	0	0	0	0	0	0	0	1
아니 샤워 안했는데 가야돼	0	0	0	0	0	0	0	1
아니 설마	0	0	1	0	0	0	0	0
아니 속도 맞춰야지	0	0	1	0	0	0	0	0
아니 순이	0	0	1	0	0	0	0	0
아니 순이 꼬인다고 [유저]	0	0	1	0	0	0	0	0
아니 스폰지맨 저 새끼가 뭐라 그랬지	1	0	0	0	0	0	0	0
아니 시X가 잘못이야	0	0	0	1	0	0	0	0
아니 시간	0	0	1	0	0	0	0	0
아니 시발	1	0	0	0	0	0	0	0
아니 시작부터 좀 지랄 좀 하지 마 빨리 와	1	0	0	0	0	0	0	0
아니 실뜨기 하지 마	0	0	1	0	0	0	0	0
아니 씨발	1	0	0	0	0	0	0	0
아니 씨발 벽에다가 한 번도 못 쏜 거야 저거	1	0	0	0	0	0	0	0
아니 씨발 아래있는 새끼들 아 모르겠다	1	0	0	0	0	0	0	0
아니 씨발 움직이지 말라니까	1	0	0	0	0	0	0	0
아니 씨앗 기다려준다며 여태까지 나 환상이였나	0	0	0	0	0	0	0	1
아니 아 가야지	0	0	0	0	0	0	0	1
아니 아 나중에 알았어	0	0	1	0	0	0	0	0
아니 아 왜 다니는 [유저] 박을 게이지가 끝나면 어떻게 되는지 봐야죠	0	0	0	0	0	1	0	0
아니 아 좋아	0	0	0	0	0	0	1	0
아니 아까 우리 어떻게 통과한 거야	0	0	0	0	0	1	0	0
아니 아니	0	0	1	0	0	0	0	0
아니 아니 가만히	0	0	0	0	0	0	0	1
아니 아니 그냥 그렇다는 거지 일반적으로	0	0	1	0	0	0	0	0
아니 아니 눈곱 올라와봐	0	0	0	0	0	0	0	1
아니 아니 니네들 한 번만 해줘 내려와 내려와 내려와 차로도 죽는다	0	0	0	0	0	0	0	1
아니 아니 니킹도 맞았어	0	0	1	0	0	0	0	0
아니 아니 못 올리자니까 아 그래 나 저 세상도 그러면 서있자 머리 위에 한명씩 이거 다주언니 저거 못올라와 그냥 위에 있는 사람들이 먼저 뛰어주면 돼	0	0	0	0	0	0	1	0
아니 아니 무의식적으로 왔어	0	0	1	0	0	0	0	0
아니 아니 밀면 돼	0	0	1	0	0	0	0	0
아니 아니 방법이 여기는 없는 것 같으니까 딴 데로 가야 될 것 같아요	0	0	0	0	0	0	0	1
아니 아니 봐봐	0	0	0	0	0	0	0	1
아니 아니 아니	0	0	1	0	0	0	0	0
아니 아니 아니 2번 2번 6번 6번 아니지	0	0	1	0	0	0	0	0
아니 아니 아니 말해도 돼	0	0	0	0	0	0	0	1
아니 아니 아니 서로가 발판이 되는 거지	0	0	0	0	0	0	0	1
아니 아니 아니 [유저] 야 나만 믿고 넘어가	0	0	0	0	0	0	0	1
아니 아니 아니 뭐야	0	0	0	0	1	0	0	0
아니 아니 아니 야 그러네	0	0	1	0	0	0	0	0
아니 아니 아니 점프가 된다는 뜻이여 댕겨 놔	0	0	0	0	0	0	0	1
아니 아니 아니 죽어	1	0	0	0	0	0	0	0
아니 아니 안 눌리지않아 누가 자꾸 도망가잖아	0	0	0	0	0	0	0	1
아니 아니 없어	0	0	1	0	0	0	0	0
아니 아니 여기서 점프하라고 이렇게 뭐야	0	0	0	0	1	0	0	0
아니 아니 우리 아까	0	0	1	0	0	0	0	0
아니 아니 우리 위로 막아줘야지	0	0	1	0	0	0	0	0
아니 아니 이거 [유저] 이가 쭉 가고 형은 나만 점프를 해야돼	0	0	0	0	0	0	0	1
아니 아니 이러면 안 되지 않을까	0	0	1	0	0	0	0	0
아니 아니 저것이 그 찡그리면 죽을 거야	0	0	1	0	0	0	0	0
아니 아니 점프하면서 내려가야 된다	0	0	0	0	0	0	0	1
아니 아니 쭉 올리다가 그럼 풍콩님이 쭉 올리면 네가 머리로 막아 아니 아냐 봐봐 봐봐	0	0	0	0	0	0	0	1
아니 아니구나	0	0	1	0	0	0	0	0
아니 아니야 [유저] 를 삼식 빨아 [유저] 를 삼식 빨아 선행위 선행위가 다 줄게	0	0	0	0	0	0	0	1
아니 아니야 아니야	0	0	1	0	0	0	0	0
아니 아니야콩이가 밟고 있다가 또 올라간 다음에 오나 봐	0	0	0	0	0	0	0	1
아니 아닌데 이거야	0	0	1	0	0	0	0	0
아니 아무것도 안 날렸어 진짜로 어떻게 날렸는데	0	0	0	0	1	0	0	0
아니 아무도 안 하냐고	0	0	1	0	0	0	0	0
아니 아무리 봐도 가운데 서있고 싶지않아	0	0	0	0	0	0	0	1
아니 아무리 제가 여러분들이랑 재밌게 해도 형들이랑 누나 보는 데서 이것이 건방지게 해	0	0	0	0	0	0	0	1
아니 아온이 방귀 냄새	0	0	1	0	0	0	0	0
아니 아직 영상 시작한 지 16분도 안 됐어	0	0	1	0	0	0	0	0
아니 악녀씨 당신은 최고야	0	0	0	0	0	0	1	0
아니 안 끝났어	0	0	0	0	0	1	0	0
아니 안 밀려 아니 진짜 밀렸어	0	0	1	0	0	0	0	0
아니 안 봐도 아니 위에 꼈다	0	0	0	0	0	0	0	1
아니 안 쏘져요	0	0	1	0	0	0	0	0
아니 애들 빨리 깨자매 왜 이렇게 장난 아니야	0	0	0	0	0	0	0	1
아니 야 가봐	0	0	0	0	0	0	0	1
아니 야 물고기 누구야	0	0	1	0	0	0	0	0
아니 야 야 어딨어	0	0	1	0	0	0	0	0
아니 야 우와 그냥 야 이것이 줬잖아	0	0	0	0	0	0	0	1
아니 야 일단 계단을 야 아니 비켜봐	0	0	0	0	0	0	0	1
아니 야 저거 개사기야	0	0	1	0	0	0	0	0
아니 야 저거 무조건 해야 돼	0	0	0	0	0	0	0	1
아니 야 좀 옆으로 붙어야 될 거 아니야	0	0	1	0	0	0	0	0
아니 야야 야 중간에 앞에 누워 중간에 [유저] 가 안 밀어	0	0	0	0	0	0	0	1
아니 얘 뭐야	0	0	0	0	1	0	0	0
아니 얘 죽었어 같이 가야 돼	0	0	0	0	0	1	0	0
아니 얘가 이리로 오게 만들어서 가둬야 되는 거 아닐까	0	0	0	0	0	0	1	0
아니 얘들아	0	0	1	0	0	0	0	0
아니 얘들아 여기서부터 계단을 만들어야지	0	0	1	0	0	0	0	0
아니 얘한테 왜 그래요	0	0	0	1	0	0	0	0
아니 어디 길 아세요	0	0	1	0	0	0	0	0
아니 어디 아니 어디 가	0	0	0	0	0	0	0	1
아니 어디가는거야	0	0	0	0	0	0	0	1
아니 어디갔어	0	0	1	0	0	0	0	0
아니 어디로 가야 될지를 아빠님 뭐라 그랬냐고요	0	0	0	0	0	0	0	1
아니 어디야	0	0	1	0	0	0	0	0
아니 어떻게	0	0	0	0	0	1	0	0
아니 어떻게 나가	0	0	0	0	0	1	0	0
아니 어떻게 내려간 거야	0	0	0	0	0	1	0	0
아니 어떻게 실제로 죽나 해서 아 그것도야 나는 궁금하긴 하다	0	0	0	0	0	1	0	0
아니 어떻게 저렇게 못하냐	0	0	0	1	0	0	0	0
아니 어떻게 하는거야	0	0	0	0	0	1	0	0
아니 어떻게 하면 그렇게 못할 수가 있어	0	0	0	0	0	1	0	0
아니 어이가 없네	0	0	0	0	0	0	0	1
아니 어차피 가기 애매했어	0	0	0	0	0	0	0	1
아니 언니 그냥 떨어져	0	0	1	0	0	0	0	0
아니 언니 담당자 정의해 담당자 정의해 담당자 어떤 새끼가 죽어줄까	1	0	0	0	0	0	0	0
아니 언니랑 만나다가 못 만났다	0	0	0	0	0	0	0	1
아니 업어달라고 이 자식아 어 제 친구 잘하는데요	0	0	1	0	0	0	0	0
아니 여기	0	0	1	0	0	0	0	0
아니 여기 갈 길 없잖아	0	0	1	0	0	0	0	0
아니 여기 또 하나 있네	0	0	1	0	0	0	0	0
아니 여기 밑에 있어야 된다고 아 여기 이렇게	0	0	1	0	0	0	0	0
아니 여기 어떻게 나가	0	0	0	0	0	1	0	0
아니 여기 어떻게 올라가	0	0	0	0	0	1	0	0
아니 여기 위에 올라갔다가 점프해봐 여기	0	0	0	0	0	0	0	1
아니 여기 중앙을 오른쪽에 세 명 쌓을 생각해야 돼	0	0	0	0	0	0	0	1
아니 여기서 너네가 팍 떨어지는것도 중요하겠다	0	0	0	0	0	0	0	1
아니 여러분도 [유저] 나와봐 8번 좀 줄인다 8번 좀 살을 뺄 필요성이 있어요	0	0	0	0	0	0	0	1
아니 여러분들 얘 저격이 많으니까 지금 내 플레이가 안 나오는 거지	0	0	0	0	0	0	0	1
아니 여러분들 제가 그 반대로 해야 돼 반대로 아니 3번님이 좀 이렇게 하셔야지 제가 갈 수 있지 않을까요	0	0	0	0	0	0	0	1
아니 오 야 잠깐만 닭한테 욕 좀 당했는데 이거 이오 이거 아닌데 잠깐만 이거 이거 이거 나가야 되는데 이거 한번 나가야 되는데 꽃한테 싸대기 맞게 생겼네	0	0	0	0	0	0	0	1
아니 오른쪽이 작아지는거 누나 아니야	0	0	1	0	0	0	0	0
아니 오바 여기 오바야	0	0	1	0	0	0	0	0
아니 오바 일로와야지	0	0	0	0	0	0	0	1
아니 오빠 기다려 레디 고 천장이 옆에 좀 가있어	0	0	0	0	0	0	0	1
아니 오줌이 나온다고	0	0	1	0	0	0	0	0
아니 올라가	0	0	0	0	0	0	0	1
아니 왜 A키만 누르라고 A키 아니 아니 반복 노동이 안 돼	0	0	0	0	0	1	0	0
아니 왜 귀엽게 [유저] 식	0	0	1	0	0	0	0	0
아니 왜 그래	0	0	0	1	0	0	0	0
아니 왜 나야	0	0	1	0	0	0	0	0
아니 왜 날 잡고 가 이 각변아 [유저] 뭔가	0	0	0	0	0	0	0	1
아니 왜 멋대로 공략을 저 [유저] 의 의사나 물어보고 그러는 거라고한 말이 그거야	0	0	1	0	0	0	0	0
아니 왜 밀어 내 말이 바로 그 말이야 멍청 멍청 멍청 나 따라와	1	0	0	0	0	0	0	0
아니 왜 상생각을 안 하면서 게임하냐고	0	0	1	0	0	0	0	0
아니 왜 안 나와요	0	0	0	0	0	0	0	1
아니 왜 안 눌러요	0	0	0	0	0	0	0	1
아니 왜 안 쏴 [유저] 현	0	0	1	0	0	0	0	0
아니 왜 안 올라	0	0	1	0	0	0	0	0
아니 왜 여기 있는거야	0	0	1	0	0	0	0	0
아니 왜 왜 왜 뭐 하는 거야	0	0	1	0	0	0	0	0
아니 왜 우리가 고통 받았는데 제가 치료하는데	0	0	0	0	0	0	0	1
아니 왜 이렇게 빨간불이 길어 여기 봐야돼	0	0	0	0	0	0	0	1
아니 왜 이렇게 아시작을 안해	0	0	0	0	0	0	0	1
아니 왜 이렇게 앞으로 바짝 붙이냐	0	0	1	0	0	0	0	0
아니 왜 이렇게 잘 나오냐	0	0	1	0	0	0	0	0
아니 왜 자꾸 따닥 눌러 간다	0	0	0	0	0	0	0	1
아니 왜 자꾸 아니 이렇게 이렇게 가면 된다니까 이렇게 가는 거잖아	0	0	0	0	0	0	0	1
아니 왜 혼자 막 출발해 누구야 미친 사람아 아 다 괜찮아요	0	0	0	0	0	0	0	1
아니 왜 화를 내서	0	0	1	0	0	0	0	0
아니 왜냐면 하얀 바탕에 하얀 글쓰니까 안 보여	0	0	1	0	0	0	0	0
아니 왼쪽부터 해야 될 거 같은데	0	0	0	0	0	0	0	1
아니 우리 잘하네	0	0	0	0	0	0	1	0
아니 우리 진짜 믿자	0	0	1	0	0	0	0	0
아니 우리가 다 먹고 먹고 먹고 해서 선행이가 먹으면 되는거 아니야	0	0	0	0	0	0	0	1
아니 우리도 데려가야 될 거 아니야	0	0	0	0	0	0	0	1
아니 움직여야지	0	0	1	0	0	0	0	0
아니 움직이면 죽는다니까	0	0	1	0	0	0	0	0
아니 원숭이 춤춘다니	0	0	1	0	0	0	0	0
아니 위에가 떨어져 맨 위에부터 그냥 줄 정리해 오케이 오케이 됐어	0	0	0	0	0	0	1	0
아니 위에서 받아주면 돼	0	0	1	0	0	0	0	0
아니 유녀님	0	0	1	0	0	0	0	0
아니 유현님 왜 뒤로 가세요	0	0	0	0	0	0	0	1
아니 응원하게 되네	0	0	0	0	0	0	1	0
아니 의문 갖지 말고 일단 깨	0	0	1	0	0	0	0	0
아니 이 꺄	0	0	1	0	0	0	0	0
아니 이 녀석 좀 봐	0	0	0	0	0	0	0	1
아니 이 새끼 내가 어딜 가든 따돌렸다	1	0	0	0	0	0	0	0
아니 이 아래 깔짝 아니였어요	0	0	1	0	0	0	0	0
아니 이 파란색 블럭 뭐냐고 도대체	0	0	1	0	0	0	0	0
아니 이거	0	0	1	0	0	0	0	0
아니 이거 AD 깔짝깔짝하고 왔어요	0	0	1	0	0	0	0	0
아니 이거 [유저] 님 마이크 끄고 자 마이크 꺼주세요	0	0	1	0	0	0	0	0
아니 이거 그냥 압축하면 안 돼	0	0	0	0	0	1	0	0
아니 이거 그러면 루트가 어디야	0	0	0	0	0	0	0	1
아니 이거 나 진짜 애매해서 그래 나 진짜 애매해서 그래	0	0	0	0	0	0	1	0
아니 이거 너무했어요 진짜로	0	0	0	0	1	0	0	0
아니 이거 다 밟아야되요	0	0	1	0	0	0	0	0
아니 이거 다 밟아야되요 열쇠 주세요	0	0	1	0	0	0	0	0
아니 이거 단순 누르고 있어봐	0	0	0	0	0	0	0	1
아니 이거 들어가면 에잇	0	0	0	0	0	0	0	1
아니 이거 레이드 버스	0	0	1	0	0	0	0	0
아니 이거 말고	0	0	1	0	0	0	0	0
아니 이거 먹는 거야	0	0	1	0	0	0	0	0
아니 이거 먹을 생각 하지 말라고 [유저] 가	0	0	0	0	0	0	0	1
아니 이거 뭐야	0	0	0	0	1	0	0	0
아니 이거 밀고 가 재밌게 해줄까	0	0	0	0	0	0	0	1
아니 이거 방패 저거 빨간 거 나올 때는 뒤에 있어 그냥	0	0	1	0	0	0	0	0
아니 이거 봐야지	0	0	0	0	0	0	0	1
아니 이거 아야 스톱 스톱 스톱 아 무빙으로 한 번 빼 스톱 스톱 스톱 코드라 킬을 발랐어	0	0	0	0	0	0	0	1
아니 이거 어떻게 하는 거야	0	0	0	0	0	1	0	0
아니 이거 어떻게 하는 거에요	0	0	0	0	0	1	0	0
아니 이거 언니까지 내려와야 돼	0	0	0	0	0	0	0	1
아니 이거 왜 뒤로 가는 거야	0	0	0	0	0	0	0	1
아니 이거 왜 안 떨어져	0	0	1	0	0	0	0	0
아니 이거 왜 이러면 점프	0	0	0	0	1	0	0	0
아니 이거 웃을 일이 아니야 어른들아	0	0	1	0	0	0	0	0
아니 이거 이거 아니 아니 선행이가 벽이 되는거야	0	0	0	0	0	0	0	1
아니 이거 점프하면 돼	0	0	0	0	0	0	0	1
아니 이거 좀 준비되면 안 될까	0	0	1	0	0	0	0	0
아니 이거 하는데 5분 넘게 걸린 거 같은데	0	0	1	0	0	0	0	0
아니 이거 한번 해야 돼요	0	0	0	0	0	0	0	1
아니 이거 해야지	0	0	0	0	0	0	0	1
아니 이거는 지금 알아서 피해야 된다	0	0	0	0	0	0	0	1
아니 이거는 진짜 억가야 순서를 지켜 내가 먼저 지나가는 사람이었는데 인정	0	0	0	0	0	0	0	1
아니 이거를 아래에다 내리면 되잖아	0	0	1	0	0	0	0	0
아니 이거만 한편 나오겠어	0	0	1	0	0	0	0	0
아니 이건 가능성이 보인다	0	0	0	0	0	0	0	1
아니 이건 안된걸로 돌아간다고 내 [유저] 1만 여도나 봐 놔봐 안 돼지구 더 봐 부터 밤 아래의 부터 봐	0	1	0	0	0	0	0	0
아니 이걸 어떻게 알았냐고 전광판에 숫자가 1개인 과일을 물으면 개수가 1개인 과일을 고르면 된다고 형	0	0	0	0	0	1	0	0
아니 이걸 왜 맞냐	0	0	1	0	0	0	0	0
아니 이걸 왜 진짜 발견하지 못해서 저희의 세계선을 낭비하신 거예요	0	0	0	1	0	0	0	0
아니 이것도 못 넘으면 어떡해	0	0	0	0	0	1	0	0
아니 이것이 [유저] 님이 끌어줄 때까지 기다려줘서 아 뭐야	0	0	0	0	1	0	0	0
아니 이것이 [유저] 의 모험이지 아 [유저] 의 모험 아아 늦었다	0	0	1	0	0	0	0	0
아니 이것이 공이 안 오다가 갑자기 와버리니까 이것이	0	0	0	0	0	0	0	1
아니 이것이 뭐야	0	0	0	0	1	0	0	0
아니 이것이 뭐야 병철이 [유저] 는 빠져있어 형들 얘기니까 우와 저거 더럽다 조금 더 확대해야 되는 거 아니야 저거	0	0	0	0	1	0	0	0
아니 이것이 바로 반응하기가 힘들어	0	0	0	0	0	1	0	0
아니 이것이 아 왜 두대만지면 죽네	0	0	1	0	0	0	0	0
아니 이것이 약간 애매한 것이 내가 봤을 때 이거 한방에 저기 반대편 철로 못넘어 갈 것 같거든	0	0	0	0	0	0	0	1
아니 이것이 어디서 이 어린 놈의 새끼가 얘는	1	0	0	0	0	0	0	0
아니 이것이 왜 바다가 낑겨서 막 내려가냐	0	0	0	0	0	0	0	1
아니 이것이 자꾸 총알끼리 만나서 내가 못 가져간다고 난 어딨는데 난 내 몸을 본 적이 없어	0	0	0	0	0	0	0	1
아니 이것이 합동은 너무 좀	0	0	1	0	0	0	0	0
아니 이러면 어떡하지	0	0	1	0	0	0	0	0
아니 이런 거 봐	0	0	0	0	0	0	0	1
아니 이렇게 들어가면 되는구나	0	0	0	0	0	0	0	1
아니 이정도는 괜찮지않아	0	0	1	0	0	0	0	0
아니 이지	0	0	1	0	0	0	0	0
아니 일단 모두 올라가자 어 에 올라가기	0	0	0	0	0	0	0	1
아니 일로 오라고	0	0	1	0	0	0	0	0
아니 일부러 그래 맞아	0	0	0	0	0	0	1	0
아니 자동으로 왔다 넘어갔는데 더 하면 좋지	0	0	1	0	0	0	0	0
아니 잘하는 사람들이 하니까 재밌다 이거	0	0	1	0	0	0	0	0
아니 잘했는데 왜 잘했	0	0	0	0	0	0	1	0
아니 잠깐	0	0	0	0	0	0	0	1
아니 잠깐 열어봐	0	0	0	0	0	0	0	1
아니 잠깐만 W왕 아니 자꾸 지금 누가 지금을 왜 브리핑을 왜 하는 거예요	0	0	0	0	0	0	0	1
아니 잠깐만 어차피 욕이 한 번 먹고 끝나면 되는 거 아니야	0	0	0	0	0	0	0	1
아니 잠깐만 우리 갇혔다	0	0	0	0	0	0	0	1
아니 잠깐만요	0	0	0	0	0	0	0	1
아니 잠깐잠깐잠깐 이루가 아닌거 같은데	0	0	0	0	0	0	0	1
아니 잡댄 형사하고 무서워서 쫄았어	0	0	1	0	0	0	0	0
아니 쟤는 왜 죽은거야	0	0	1	0	0	0	0	0
아니 저 게임은 못 따랐어	0	0	1	0	0	0	0	0
아니 저 새끼는 저거 아 나 미치겠네	1	0	0	0	0	0	0	0
아니 저 운전자 [유저] 이야	0	0	1	0	0	0	0	0
아니 저거	0	0	1	0	0	0	0	0
아니 저거 내 아 이거 혼내야 되는 거 아니야	0	0	1	0	0	0	0	0
아니 저거 눌러야지	0	0	0	0	0	0	0	1
아니 저거 먹어야 나갈 수 있는 거 아니야	0	0	1	0	0	0	0	0
아니 저거 아래로 아아래 아래로 아니	0	0	1	0	0	0	0	0
아니 저거 저거 맞으면 안돼	0	0	0	0	0	1	0	0
아니 저거 저거 진짜 네가 밀어도 돼	0	0	0	0	0	0	0	1
아니 저거랑 고릴라 분말이 들어가있어 아아아아아아 야 죽여 다 죽여	0	0	0	0	1	0	0	0
아니 저기 온라인 그렇지 아니 나 진짜 방송 안 하고 혼자 게임 했으면 모니터 부셨어	0	0	0	0	0	0	1	0
아니 저는 1위분 했어요	0	0	1	0	0	0	0	0
아니 적는 사람이 있어서 기다려 기다려 침착해 침착해 기다려 재촉하지마	0	0	0	0	0	0	0	1
아니 전 그냥 가요	0	0	0	0	0	0	0	1
아니 전 지금 되게 차분하잖아요	0	0	1	0	0	0	0	0
아니 전 하라는 대로 했어요	0	0	1	0	0	0	0	0
아니 점프 보고 말만 해도 돼	0	0	0	0	0	0	0	1
아니 점프 점프 뛸 때 맞춰서 점프 뛰어주라고 점프 뛸 때 위에서 점프 뛰어야 돼	0	0	0	0	0	0	0	1
아니 점프가 안되잖아	0	0	0	0	0	0	0	1
아니 점프를 제자리에서 해야 되지 않을까	0	0	0	0	0	0	0	1
아니 정답을 말했잖아요	0	0	1	0	0	0	0	0
아니 정말로	0	0	1	0	0	0	0	0
아니 제가 [유저] 를 어릴 때부터 하긴 했어요	0	0	0	0	0	0	0	1
아니 좀 그만해봐	0	0	0	0	0	1	0	0
아니 좀 빠딱빠딱 준비해봐 아래 3명 하고 아래 한 명 [유저] 가 받쳐줘 받쳐주고 위에 3명 해주고 우리 나가자	0	0	0	0	0	0	0	1
아니 좀비같은 녀석	0	0	1	0	0	0	0	0
아니 죄송해요	0	0	0	0	0	0	0	1
아니 주쌤 주쌤 이거	0	0	1	0	0	0	0	0
아니 중량아 니 왼쪽으로 가 [유저] 가 왼쪽으로 가	0	0	0	0	0	0	0	1
아니 지가 왜	0	0	0	0	0	0	0	1
아니 지금 가자매	0	0	0	0	0	0	0	1
아니 지금 개에프네 죽었다	0	0	0	0	0	1	0	0
아니 지금 씨 쟤는 체력이 너무 없어가지구	0	0	0	0	0	0	0	1
아니 지금 일반형 비명이 떨어지니까 7번 얘기해줄꺼야	0	0	0	0	0	0	0	1
아니 진짜	0	0	1	0	0	0	0	0
아니 진짜 밀린 거라고 저거는	0	0	1	0	0	0	0	0
아니 진짜 진짜 몰랐어	0	0	1	0	0	0	0	0
아니 진짜로 죄송합니다	0	0	0	0	1	0	0	0
아니 진짜로 진지하게 묻는 거인데 이거 오래 할 거야	0	0	0	0	1	0	0	0
아니 짐꾼 지금 밑에 있는데 로프가 175m 밖에 안되는데	0	0	0	0	0	0	0	1
아니 채색 안 눈대	0	0	1	0	0	0	0	0
아니 케찹 마요네즈 [유저] 이오 됐다 하나 고쳐 하나 고쳐 편안해 반대로	0	0	0	0	0	0	0	1
아니 코인 세계 몸몸에 안 나가죠	0	0	0	0	0	0	0	1
아니 크게 하고 와	0	0	0	0	0	0	0	1
아니 키보드에 손이 안되는데 뒤로 갔다고하니까요	0	0	1	0	0	0	0	0
아니 파란색 블럭이 왜 여기 와 있냐고 파란색 블럭 옮겨줘야 돼	0	0	0	0	0	0	0	1
아니 폭탄을	0	0	1	0	0	0	0	0
아니 폭탄이 뭐야	0	0	0	0	1	0	0	0
아니 피지컬로 해 피지컬 아니 저 새끼는 점프 왜 하는거야	1	0	0	0	0	0	0	0
아니 하하하하하하하하 아이씨 아 뭐야	0	0	0	0	1	0	0	0
아니 한 개라 보여줘	0	0	1	0	0	0	0	0
아니 한 번에 안 움직이는것이 아니라 빨리 가면 그러는거 같은데	0	0	0	0	0	0	0	1
아니 한 줄로 가야돼	0	0	0	0	0	0	0	1
아니 한마디만 해도 돼요	0	0	0	0	0	0	0	1
아니 해봤다면서요	0	0	0	0	0	0	0	1
아니 핵폭탄은 막아줘야 되잖아	0	0	1	0	0	0	0	0
아니 협동을 해보자 제발 방금 시작했는데 끄고 싶다	0	0	0	0	0	0	0	1
아니 형 꼭대기에 있으면 조금 더 올라가 조금 아주 조금 삼시오빠 땡겨야 되는 거 아니야	0	0	0	0	0	0	0	1
아니 형 형 근데 진짜 한 번 눌러보는 것도 아 그니까 [유저] 수분 위가해	0	0	0	0	0	0	0	1
아니 호나	0	0	1	0	0	0	0	0
아니 화낸거 아니야	0	0	1	0	0	0	0	0
아니 회색 자리로 들어가 빨간색이 그다음에 아니 회색	0	0	0	0	0	0	0	1
아니다 아니다 아니다	0	0	1	0	0	0	0	0
아니다 하나 안 해	0	0	0	0	0	0	0	1
아니면 고양이 8마리 키우면 이런 느낌	0	0	1	0	0	0	0	0
아니면 그 앞에서 멈추던가 빨리 잠깐만 지금부터 죽으면 저 꿈틀이 다 모여서 한번에 가야돼	0	0	0	0	0	0	0	1
아니면 그냥 그 별을 아래로 올라가 봐 일단 아래에 왔다 갔다 해줘야 뛰어줘	0	0	0	0	0	0	0	1
아니면 그냥 살아남은 상태 이쪽 해볼래	0	0	0	0	0	0	0	1
아니면 그러니까 뭔 개소리야	0	0	1	0	0	0	0	0
아니면 네가 올라갈래	0	0	0	0	0	0	0	1
아니면 마마가 한번 살려주던 거 한 번 흑기녀 흑기녀	0	0	0	0	0	0	0	1
아니면 여기서 그 그거	0	0	1	0	0	0	0	0
아니면 이거 5개로 나온거 같은데요	0	0	1	0	0	0	0	0
아니면 이거 진짜 약간 이거 꼼수인데 오른쪽으로 그냥 확 기울어 가지고 그냥 바로 떨어지게 하는 거 어때	0	0	0	0	0	0	0	1
아니아니 계단하자고 계단 이렇게	0	0	1	0	0	0	0	0
아니아니 들어 말 들어주세요	0	0	1	0	0	0	0	0
아니아니아니 저 이렇게 막 그렇게 만들었을리가 없어 야야야 왼쪽으로 가 왼쪽으로 가	0	0	0	0	0	0	0	1
아니야 3명 가서 먹고 와 먹혔네	0	0	0	0	0	0	0	1
아니야 4명만 들어왔어	0	0	1	0	0	0	0	0
아니야 가보자 할것이 게이지 가 게이지 가 어 [유저] 오케이 좋아	0	0	0	0	0	0	1	0
아니야 갈 수 있어	0	0	1	0	0	0	0	0
아니야 괜찮아	0	0	1	0	0	0	0	0
아니야 그건 그러면 안돼	0	0	0	0	0	1	0	0
아니야 나	0	0	1	0	0	0	0	0
아니야 나 매일 단 출소 너무 재밌을 것 같잖아	0	0	1	0	0	0	0	0
아니야 더 돌려야지 되는 거 아니야	0	0	1	0	0	0	0	0
아니야 될 거 같아	0	0	1	0	0	0	0	0
아니야 머리 사람 될거 같은데	0	0	1	0	0	0	0	0
아니야 방금 내 앞에서 하나가 터졌는데 살아있어 오케이 다 깨는거인가	0	0	0	0	0	0	1	0
아니야 보이지 않아	0	0	1	0	0	0	0	0
아니야 빨라 빨라 빨라	0	0	1	0	0	0	0	0
아니야 싸운거 아니야	0	0	1	0	0	0	0	0
아니야 아	0	0	1	0	0	0	0	0
아니야 아니야	0	0	1	0	0	0	0	0
아니야 아니야 [유저] 가 훔쳐 이거 훔쳐	0	0	0	0	0	0	0	1
아니야 아니야 그거	0	0	1	0	0	0	0	0
아니야 아니야 그거 가자	0	0	0	0	0	0	0	1
아니야 아니야 그냥 가면 되는 거 아니야	0	0	0	0	0	0	0	1
아니야 아니야 그렇긴 해	0	0	0	0	0	0	0	1
아니야 아니야 기억을 해요 할	0	0	0	0	0	0	0	1
아니야 아니야 될거같아	0	0	1	0	0	0	0	0
아니야 아니야 빨리 가는 것이 아니라 이렇게 간 다음에 멈춰있어야 게이지 채우고 다 같이 움직이고 이렇게 해야 돼	0	0	0	0	0	0	0	1
아니야 아니야 세 명이 가야 돼	0	0	0	0	0	0	0	1
아니야 아니야 아니야 3인 아니야 아니야 아니야	0	0	1	0	0	0	0	0
아니야 아니야 아니야	0	0	1	0	0	0	0	0
아니야 아니야 아니야 잠깐만 먼저 가셈 와아 아아 빠딱빠딱 이것이 어렵나	0	0	0	0	0	0	0	1
아니야 아니야 아니야 안 큰일 났어	0	0	0	0	0	1	0	0
아니야 아니야 어	0	0	1	0	0	0	0	0
아니야 아니야 이거 가운데 칸에 있으면 딱 열쇠만 걸쳐지지 않을까	0	0	0	0	0	0	0	1
아니야 아니야 이거 밟아줘야돼	0	0	1	0	0	0	0	0
아니야 아니야 이제 알겠어	0	0	1	0	0	0	0	0
아니야 아니야 저 상자있다	0	0	1	0	0	0	0	0
아니야 아니야 저거 내려오면 안돼	0	0	0	0	0	1	0	0
아니야 왼쪽입니다	0	0	1	0	0	0	0	0
아니야 이거	0	0	1	0	0	0	0	0
아니야 이거 이거 잠깐만 이거 색깔별로 다 와봐	0	0	0	0	0	0	0	1
아니야 이걸로 감는 거야	0	0	1	0	0	0	0	0
아니야 이렇게 없애줘야 돼	0	0	1	0	0	0	0	0
아니야 이제 알았어	0	0	1	0	0	0	0	0
아니야 잘했어	0	0	0	0	0	0	1	0
아니야 잠깐만 선행이 넘어가야지 선행이 내가 넘어갈것이 [유저] 비켜 됐다	0	0	0	0	0	0	0	1
아니야 좋아	0	0	0	0	0	0	1	0
아니야 죽으면 안 돼	0	0	0	0	0	1	0	0
아니야 할 수 있어	0	0	1	0	0	0	0	0
아니야 확연히 누가 움직여야 돼	0	0	0	0	0	0	0	1
아니요 아래로 너무 내려가면 안 돼	0	0	0	0	0	1	0	0
아니요 없어가지고 지금 저를 공격하시는 거죠	0	0	0	0	0	0	0	1
아니요 왜 안가	0	0	0	0	0	0	0	1
아니요 자 우리 컷 2개도 해야돼	0	0	0	0	0	0	0	1
아니요 최대한 이거 모자라야 되요	0	0	1	0	0	0	0	0
아니요 화가왜 나요	0	0	0	0	0	0	0	1
아니이이이이이이이이이이이이이이이이이이이이	0	0	1	0	0	0	0	0
아니지 둘러싸여야될거같은데 둘러싸여야될거같은데 막아야되나봐	0	0	0	0	0	0	0	1
아니지 아니지	0	0	1	0	0	0	0	0
아니지 이걸 못하나	0	0	1	0	0	0	0	0
아닌 거 같은데 여기 난이도 쓰읍 오케이 일단 가보자고 에고 좀 쉬었다가 아 중간중간 쉬는 데가 있네 은근 지름길일 수도 있어	0	0	0	0	0	0	1	0
아닌 맞는 거 같은데	0	0	1	0	0	0	0	0
아닌데 나 6번인데	0	0	1	0	0	0	0	0
아닌데 안 나갔는데	0	0	1	0	0	0	0	0
아닐 수도 됐다 좋아 좋아 좋아 똑똑하다 [유저] 이다	0	0	0	0	0	0	1	0
아님 죽어라 한명 더인가	1	0	0	0	0	0	0	0
아닙니다 아닙니다	0	0	1	0	0	0	0	0
아라야 아라야 아라야 또 또 또 50킬	0	0	1	0	0	0	0	0
아래 1층에도 등락이 있어야 돼	0	0	1	0	0	0	0	0
아래 맨파 여기 있네	0	0	1	0	0	0	0	0
아래 봐봐	0	0	0	0	0	0	0	1
아래 사람들 차례 아래 사람들	0	0	1	0	0	0	0	0
아래 키구나	0	0	1	0	0	0	0	0
아래로 내가 여기 있을것이 아래로 여기 있을게	0	0	0	0	0	0	0	1
아래로 내려가는 거겠죠	0	0	0	0	0	0	0	1
아래로 두 명만 가야 될 거 같은데	0	0	0	0	0	0	0	1
아래로 아래로 가 여기 여기 나 간다	0	0	0	0	0	0	0	1
아래를 눌러야돼	0	0	0	0	0	0	0	1
아래를 아니 왜 내려놔 흔들린다고해 내려갈때 올라가서 가는거구나	0	0	0	0	0	0	0	1
아래만 움직이면 돼	0	0	1	0	0	0	0	0
아래에 여 여여여 오른쪽 오른쪽 그렇지 밑에 알갱이 있다	0	0	0	0	0	0	1	0
아래쪽이 한 칸짜리로 떨어져줄게	0	0	1	0	0	0	0	0
아래키 아래키가 질레가 없어 내가 아래키 안 만들어줬어	0	0	0	0	0	0	0	1
아래킬을 만들어줄 걸 그랬네	0	0	1	0	0	0	0	0
아루 끼놔 버려	0	0	1	0	0	0	0	0
아름다운 [유저] 랑 [유저] 유머 [유저] 유머 이어	0	0	1	0	0	0	0	0
아름다운 [유저] 입니다	0	0	1	0	0	0	0	0
아마도 방금 나쁘지 않았잖아	0	0	1	0	0	0	0	0
아무것도 들어오지마	0	0	1	0	0	0	0	0
아무것도 못 하쥬	0	0	1	0	0	0	0	0
아무것도 안 돼	0	0	0	0	0	1	0	0
아무나 이겨 망치 들었다 망치 들었다	0	0	1	0	0	0	0	0
아무도 나다 싶으면 체크해 번호 체크해 나다 싶으면 순서대로 가죠	0	0	0	0	0	0	0	1
아무도 내 끈 채우지 마	0	0	1	0	0	0	0	0
아무도 뒤에 후반 경기 안 해줘가지고	0	0	0	0	0	0	0	1
아무도 말하지 마	0	0	1	0	0	0	0	0
아무도 못 먹어 아무도 못 먹어	0	0	1	0	0	0	0	0
아무도 안 건들지	0	0	1	0	0	0	0	0
아무도 안 막았는데요	0	0	1	0	0	0	0	0
아무도 안 보내 나를	0	0	1	0	0	0	0	0
아무도 통과 못해	0	0	0	1	0	0	0	0
아무튼 3번은 위로 가세요	0	0	0	0	0	0	0	1
아무튼 가자고 이것이 게임이 버그가 있대요	0	0	0	0	0	0	0	1
아무튼 너무 좋아 평가가 25년도 최고의 협동게임 해보자 해보자 들어와 들어와 This game is use voice chat 아 보이스챗 한다고	0	0	0	0	0	0	1	0
아무튼 렛츠고	0	0	1	0	0	0	0	0
아무튼 여러분	0	0	1	0	0	0	0	0
아무튼 오늘 여기서 꼴찌한 사람은 최악이라고 봐야지	0	0	0	0	0	0	0	1
아무튼 이거 공룡 때문인 거잖아	0	0	1	0	0	0	0	0
아버지 일로와 일로와 일로와	0	0	0	0	0	0	0	1
아빠한테 오렴	0	0	1	0	0	0	0	0
아빠한테 와 펭귄아 아빠한테 와	0	0	0	0	0	0	0	1
아빠한테 펭귄아 아빠한테 어디갔어	0	0	1	0	0	0	0	0
아쉬발로브 아니었죠	0	0	1	0	0	0	0	0
아쉬웠어요	0	0	1	0	0	0	0	0
아쉬웠어요가 아니라 약간 아쉬발로브 아니었죠	0	0	0	0	0	0	0	1
아쉽게 해 갑자기 3시가 여기쯤 나 아이씨 여기쯤 가 내 캐릭터였네	0	0	0	0	1	0	0	0
아시발 좀	1	0	0	0	0	0	0	0
아싸 꼴찌가 커피 사기죠	0	0	0	0	0	0	0	1
아싸 나다	0	0	1	0	0	0	0	0
아싸 드디어 드디어 콩콩이가 지쳤다	0	0	0	0	0	0	0	1
아아 [유저] 봬 주시고 통보나 가만히 올라가며 올라갑니다	0	0	0	0	0	0	0	1
아아 너무 재밌어서 또 해보고 싶었구나	0	0	0	0	0	0	0	1
아아 넘어가네 넘어가네	0	0	0	0	0	0	0	1
아아 딱딱띠락똑 따라딱똑 무릎 딱딱띠락똑 따라딱똑 이거 알잖아	0	0	0	0	0	0	0	1
아아 먹지 마 먹지 마	0	0	1	0	0	0	0	0
아아 바코리아다 바 [유저] 이다	0	0	1	0	0	0	0	0
아아 배가 점점 꺼지네	0	0	0	0	0	0	0	1
아아 빨리 이동하자	0	0	0	0	0	0	0	1
아아 아 너 밀지마 왼쪽으로 가야돼	0	0	0	0	0	0	0	1
아아 아 너무 좋네	0	0	0	0	0	0	1	0
아아 아 미안 미안 미안 아냐아냐 이거 삼식이야	0	0	1	0	0	0	0	0
아아 아 서로 건네면 안돼	0	0	0	0	0	1	0	0
아아 아 설마 아아 설마 아 나 살짝 어 됐다 맞네	0	0	1	0	0	0	0	0
아아 아 에스님	0	0	1	0	0	0	0	0
아아 아 왜저래 죽었어	0	0	0	0	0	1	0	0
아아 아아 엄냠냠 어 어 야 여기 상당히 높은데 여기 아닌가	0	0	0	0	0	0	0	1
아아 아아 없는데 없는데요	0	0	1	0	0	0	0	0
아아 아아 오오오 아 아 아 방패병이 앞을 8번 8번 방패병 나다 나다 8번 8번 빗겨 빗겨 앞방패 오케이 오케이 앞방패 다가 다가 다가 오케이 윗방패 윗방패 윗방패 두둘로 쌓아서 위로가야지 쌓아야지 쌓아야지	0	0	0	0	0	0	1	0
아아 어 이제 저기 위로 올라가는 거인가 봐	0	0	0	0	0	0	0	1
아아 오른쪽 먼저 뭐야	0	0	0	0	1	0	0	0
아아 오케이 높이 맞춰 나도 걸어줘	0	0	0	0	0	0	1	0
아아 이거 그거 아니여	0	0	1	0	0	0	0	0
아아 이거 선물 선물방 하자고	0	0	1	0	0	0	0	0
아아 이거 착하네	0	0	1	0	0	0	0	0
아아 이렇게 아 됐다	0	0	1	0	0	0	0	0
아아 잠깐만 야 업어줄게 일로와봐	0	0	0	0	0	0	0	1
아아 주다 미안해	0	0	0	0	0	0	0	1
아아 죽으면 아 죽으면 이렇게 됩니다	0	0	1	0	0	0	0	0
아아 찌기 이나 고릴라야	0	0	1	0	0	0	0	0
아아 천천히 조심히 조심히 예스 예스 winding 예스 overturn 난 좆 될 뻔	1	0	0	0	0	0	0	0
아아 초록색 좀 와봐	0	0	0	0	0	0	0	1
아아아 그러네	0	0	0	0	1	0	0	0
아아아 근데 [유저] 가 처음 여기 꺾을 때 조금만 빨리 꺾어주면 좋을 것 같아	0	0	0	0	1	0	0	0
아아아 아 이거 밟고 올라가는 거야	0	0	0	0	1	0	0	0
아아아아 뭐야	0	0	0	0	1	0	0	0
아아아아 오케이 계단처럼 하고 선풍기 바람 끝나면은 그 하고 어 이거 한 명이 밀어줘도 된다	0	0	0	0	1	0	0	0
아아아아아	0	0	0	0	1	0	0	0
아아아아아 다같이 [유저] 이고 연호야 뭐해 질망이야	0	0	0	0	1	0	0	0
아아아아아 아쉽다	0	0	0	0	1	0	0	0
아아아아아 안 돼	0	0	0	0	1	0	0	0
아아아아아 점프 비켜 비켜 오케이 자 먹어 먹어 개빨라 한번 더 빨라 한숨 자고 와도 돼	0	0	0	0	1	0	0	0
아아아아아아	0	0	0	0	1	0	0	0
아아아아아아 벽기야	0	0	0	0	1	0	0	0
아아아아아아 아 아아아아아아 어때 이모	0	0	0	0	1	0	0	0
아아아아아아 아 잠깐만 아 우주같이 아아아아아아아아 아아아아아아 아아아아아아 어허 하아 아 진짜 안들어	0	0	0	0	1	0	0	0
아아아아아아 아아아아아아 와봐요	0	0	0	0	1	0	0	0
아아아아아아 아아아아아아아아아아아아 아 이렇게 자 오케이 자 다음 점프 [유저] 점프 하나만 더 봅니다	0	0	0	0	1	0	0	0
아아아아아아 점프해버렸어	0	0	0	0	1	0	0	0
아아아아아아 제일 높이 올라가는 사람이 이기는 거구나	0	0	0	0	1	0	0	0
아아아아아아 죽었다 [유저] 이것이 뭐야	0	0	0	0	1	0	0	0
아아아아아아 진짜 코코아 아프지 아아아아아아아 아악 아아아아아아 와 진짜 다행이다	0	0	0	0	1	0	0	0
아아아아아아아아	0	0	0	0	1	0	0	0
아아아아아아아아 살짝 살짝 여기가 있었네	0	0	0	0	1	0	0	0
아아아아아아아아 아 고고고 눈 아쉬웠어요	0	0	0	0	1	0	0	0
아아아아아아아아 아하하하하 제가 아까 그렇게 해서 죽었어요	0	0	0	0	1	0	0	0
아아아아아아아아 해아아 도원씨 아쉬웠어요	0	0	0	0	1	0	0	0
아아아아아아아아아 아 근데 누가 오자	0	0	0	0	1	0	0	0
아아아아아아아아아아아아아아아아아아아아아아아아 아니 비키라고 아니 처주가 비키라고 이거 좀 내줘	0	0	0	0	1	0	0	0
아아아아아아아아악	0	0	0	0	1	0	0	0
아아아아아아아아악 댕기지 좋았어요	0	0	0	0	1	0	0	0
아아아아악	0	0	0	0	1	0	0	0
아아아아악 아	0	0	0	0	1	0	0	0
아아아아악 아아아아아으으우우우우우 아아아아아아우 아이씨 [유저] 비	0	0	0	0	1	0	0	0
아아잇 얘들아 잠깐만 기다려봐 한번에 우리 세워지고 빠바바박 여섯 명이 들이박자 [유저] 대가리부터 출발 박고 킹키대가리 그리고 아 잠깐만 잠깐만 아아 들이박아 넘어가 다음 아웃이 차례	0	0	0	0	0	0	0	1
아안에에에에에에에에 야 잠깐만 잠깐만 야 폭탄 엄청 많대	0	0	0	0	0	0	0	1
아야 아야 아야 아 두 번 맞았다 마맛	0	0	1	0	0	0	0	0
아야 어떻게 하는 거야	0	0	0	0	0	1	0	0
아야 이거 머리 밟고 잊지 마 오케이 좋아	0	0	0	0	0	0	1	0
아야야 [유저] 죽게 빨리 와 빨리 와	0	0	0	0	0	0	0	1
아어두울 때 어 그러네	0	0	1	0	0	0	0	0
아예 보세요 에피타이저 넣어드렸어요	0	0	0	0	0	0	0	1
아예 없을 것 같아서 그래	0	0	0	0	0	0	1	0
아오니님이 아래쪽으로 가고	0	0	0	0	1	0	0	0
아오시라고요	0	0	0	0	1	0	0	0
아오오 이것이 내 공인데	0	0	0	0	1	0	0	0
아온이 올라가고 윤료 올라가고 [유저] 가 올라가고 [유저] 이 괜찮아 [유저] 가 괜찮아 그럴 수 있어 [유저] 가 그런 거 한두 번 아니니까 괜찮아요	0	0	0	0	0	0	0	1
아요 됐다 됐다	0	0	1	0	0	0	0	0
아우 그만 움직여 삼식이	0	0	0	0	0	1	0	0
아우 긴장감 쩔어	0	0	0	0	0	0	1	0
아우 답답해	0	0	0	0	0	0	0	1
아우 답답해 잠깐만 이렇게 가면 된다니까 아온이 당나귀야	0	0	0	0	0	0	0	1
아우 맛있겠다	0	0	1	0	0	0	0	0
아우 분홍	0	0	1	0	0	0	0	0
아우 빨리 들어가 임마 아아 아 제발 제발 제발 아니 저거 아까 맞으면 어떻게 하려고 쏜 거야	0	0	0	0	0	1	0	0
아우 쒸 공잡아 공잡아 공잡아 공을 넣고 오와아 이야	0	0	0	0	0	0	0	1
아우 씨 말 말 예능신이 왔나 죽어서도 어떻게 웃길 수 있지	1	0	0	0	0	0	0	0
아우 씨발 야야야야	1	0	0	0	0	0	0	0
아우 애기새끼 저거 신나기만 하고 그냥 그치	1	0	0	0	0	0	0	0
아우 잠깐만 아니 나는 잘 하고 있어	0	0	0	0	0	0	0	1
아우 재밌어	0	0	1	0	0	0	0	0
아우 죽어도 쏴	1	0	0	0	0	0	0	0
아우 했다	0	0	1	0	0	0	0	0
아우를 위해서 좀 양보해주시죠	0	0	0	0	0	0	0	1
아유 D님 너무 잘하신다	0	0	1	0	0	0	0	0
아유 갈게요	0	0	1	0	0	0	0	0
아유 꽉잡아	0	0	1	0	0	0	0	0
아유 내가 먹어버렸다	0	0	0	0	0	0	0	1
아유 내꺼야	0	0	1	0	0	0	0	0
아유 또 연결 끊기 와 게임이 끝났어	0	0	0	0	0	1	0	0
아유 비켜	0	0	0	0	0	0	0	1
아유 아 어디가 너 사실 간첩이지	0	0	0	0	0	0	0	1
아유 아유 그것도 맛있니	0	0	1	0	0	0	0	0
아유 아유 됐다	0	0	1	0	0	0	0	0
아유 아유 아유	0	0	1	0	0	0	0	0
아유 아유 오케이 굿 이것이 그것이 중요한것이 아니야	0	0	0	0	0	0	1	0
아유 저러니까 진짜 와 와 진짜 왜 이래	0	0	0	0	1	0	0	0
아유 좋아요	0	0	0	0	0	0	1	0
아유 죄송합니다	0	0	1	0	0	0	0	0
아유 폭탄 뭐야	0	0	0	0	1	0	0	0
아유씨 으 안가	0	0	0	0	0	0	0	1
아이 같이 가자고	0	0	0	0	0	0	0	1
아이 개같은거 저기다가 누가 저거 설치했어	1	0	0	0	0	0	0	0
아이 공룡아	0	0	1	0	0	0	0	0
아이 괜찮아	0	0	1	0	0	0	0	0
아이 구라야	0	0	1	0	0	0	0	0
아이 귀찮게 하시네	0	0	1	0	0	0	0	0
아이 그거는 누군지도 모르잖아	0	0	1	0	0	0	0	0
아이 그럼 어	0	0	1	0	0	0	0	0
아이 나 나 나 존나 나 나 아무도 없어	1	0	0	0	0	0	0	0
아이 나와봐봐	0	0	0	0	0	0	0	1
아이 눈 껐는데 아니 저 [유저] 님한테 가는 줄 알았어요	0	0	0	0	0	0	0	1
아이 늦었어요 병디님 좋았어요	0	0	0	0	0	0	1	0
아이 문 좀 그만 닫아	0	0	0	0	0	1	0	0
아이 뭐 해	0	0	0	0	0	0	0	1
아이 미친놈아 열어라	1	0	0	0	0	0	0	0
아이 바보들아	1	0	0	0	0	0	0	0
아이 올라 오라고 이새끼들아 올라왔어	1	0	0	0	0	0	0	0
아이 잘했다 네 그래도 재밌으시요	0	0	0	0	0	0	1	0
아이 잠깐만	0	0	0	0	0	0	0	1
아이 제가 먼저 나와요	0	0	0	0	0	0	0	1
아이 제가 선장입니다	0	0	0	0	0	0	0	1
아이 좋네	0	0	0	0	0	0	1	0
아이 진짜	0	0	1	0	0	0	0	0
아이 파티 탈퇴	0	0	1	0	0	0	0	0
아이 편하다	0	0	1	0	0	0	0	0
아이C 하하하하하하하 아잠깐 탱키스 좀 빨아요	0	0	0	0	0	0	0	1
아이가 아이가	0	0	0	0	0	0	0	1
아이고 개 무서워	0	0	0	0	0	1	0	0
아이고 개 보내자 이 자식 야 같이 가자	0	0	0	0	0	1	0	0
아이고 고 간다 밀어 밀어 야 밀어 영찬 영찬 영찬 이거 어떻게 하는 거야	0	0	0	0	0	1	0	0
아이고 나	0	0	0	0	0	1	0	0
아이고 나 뭐 맞았니	0	0	0	0	0	1	0	0
아이고 내 손주들 한 명 한 명이 소중해 그냥 일로와 올라와 저 새끼가 문제야	1	0	0	0	0	0	0	0
아이고 됐다	0	0	0	0	0	1	0	0
아이고 문 안 열리나	0	0	0	0	0	1	0	0
아이고 아니 할배 아아 아 이거 치매 이슈 아 오케이 치매 이슈 오케이 오케이 이슈잖아	0	0	0	0	0	1	0	0
아이고 아이고	0	0	0	0	0	1	0	0
아이고 아이고 아이고 그냥 나 혼자 잘하는 거라 꺼져	1	0	0	0	0	0	0	0
아이고 아이고 어어 어디로 떨어졌어	0	0	0	0	0	1	0	0
아이고 아이고 여기	0	0	0	0	0	1	0	0
아이고 야 이런 거 클링하나	0	0	0	0	0	1	0	0
아이고 야야	0	0	0	0	0	1	0	0
아이고 어이구 더위가 잘 막는다 야	0	0	0	0	0	1	0	0
아이고 우리 악녀야	0	0	0	0	0	1	0	0
아이고 웃기다	0	0	0	0	0	1	0	0
아이고 이거 따뜻했다	0	0	0	0	0	1	0	0
아이고 잘한다	0	0	0	0	0	1	0	0
아이고 잘한다 드디어 머리를 쓰기 시작했구나	0	0	0	0	0	1	0	0
아이고 재밌었습니다	0	0	0	0	0	1	0	0
아이고 죄송합니다	0	0	0	0	0	1	0	0
아이고 집중 [유저] 하필 내가 고주였을지도 모르겠네	0	0	0	0	0	1	0	0
아이고야 정말 화가나서 못하겠거든 자기 위치에 공이 사라졌어	0	0	0	0	0	1	0	0
아이구 시존나 뭐야	1	0	0	0	0	0	0	0
아이그 누구니 큰일났다	0	0	0	0	0	1	0	0
아이비비랑 오비비가 협동을 해서 하는 게임입니다	0	0	0	0	0	0	0	1
아이스 [유저] 이야 대질러 죽여 대질러 죽여 죽여 대질러 대질러 먼저 패야돼	0	0	1	0	0	0	0	0
아이쒸 이야 살릴 수 있어	0	0	1	0	0	0	0	0
아이씨 [유저] 비	0	0	0	0	1	0	0	0
아이씨 가자 가자 밀어요	0	0	0	0	1	0	0	0
아이씨 개 무거워	0	0	0	0	1	0	0	0
아이씨 개병신이	1	0	0	0	0	0	0	0
아이씨 괜찮아	0	0	0	0	1	0	0	0
아이씨 근데 이것이 조금만 멍 때리면 이렇게 된다니까	0	0	0	0	1	0	0	0
아이씨 무의식적으로 왔어	0	0	0	0	1	0	0	0
아이씨 아 귀찮아	0	0	0	0	1	0	0	0
아이씨 아 뭐야	0	0	0	0	1	0	0	0
아이씨 아 이 새끼 아니 이 새끼 아 좀 꺼져봐	1	0	0	0	0	0	0	0
아이씨 아니 근데 A랑 D는 [유저] 가 하나씩 빠져온다	0	0	0	0	1	0	0	0
아이씨 아이스 [유저] 아이스 [유저] 죽었어	0	0	0	0	1	0	0	0
아이씨 아이씨 아 진짜	0	0	0	0	1	0	0	0
아이씨 안녕하세요	0	0	0	0	1	0	0	0
아이씨 앞으로 가면 뒤에서 4명 앞에 움직이면 안돼	0	0	0	0	1	0	0	0
아이씨 야 빨리빨리 빨리 여기 올라가 올라가 오른쪽이 여기 한명 나가 올라가 한명 나가	0	0	0	0	1	0	0	0
아이씨 야 한 줄 한 줄 한 줄 한 줄 한 줄 한 줄 지나가요	0	0	0	0	1	0	0	0
아이씨 에잇 갔었어야지 에잇	0	0	0	0	1	0	0	0
아이씨 여기 자리가 좋아 일단은 두 개 기준이 있으면은 걔가 잘 맞음	0	0	0	0	1	0	0	0
아이씨 여러분들아 한 번만 타보자 아 진짜 한 번만 오케이	0	0	0	0	1	0	0	0
아이씨 이제는 위험한 시기야	0	0	0	0	1	0	0	0
아이씨 저 붙을 수	0	0	0	0	1	0	0	0
아이씨 저 새끼 진짜	1	0	0	0	0	0	0	0
아이언 7번 [유저] 7번 [유저] 누가 한 번 쭉 불러주시겠어요	0	0	0	0	0	0	0	1
아이자 아이자 살짝 올면 되 살짝 올면 되 잠깐만 밀면 돼	0	0	0	0	0	0	0	1
아이템 받아요	0	0	1	0	0	0	0	0
아잇 보라색	0	0	1	0	0	0	0	0
아잇 잠깐 위	0	0	0	0	0	0	0	1
아잇 잠깐만	0	0	0	0	0	0	0	1
아잇 크크크	0	0	1	0	0	0	0	0
아잇잠깐잠깐 간다	0	0	0	0	0	0	0	1
아자니 저 다리 잡아 뭐 이야 이거 잡아	0	0	1	0	0	0	0	0
아저씨는 수영을 못해	0	0	0	1	0	0	0	0
아저씨는 수영을 못해 누나	0	0	0	1	0	0	0	0
아주 그냥 광대가 내려오지 않습니다	0	0	0	0	0	0	0	1
아주 아 여기다가 하는거인가봐 게이트 키오스크 딱 하고 스타트를 해	0	0	0	0	0	0	0	1
아주 야 근데 이거 잠깐만 대화가 되는 거야	0	0	0	0	0	0	0	1
아주 잘했어요	0	0	0	0	0	0	1	0
아주 좋았어	0	0	0	0	0	0	1	0
아주 하나 오케이 저거 봐라 콩콩이 앞으로 오지 마주세요	0	0	0	0	0	0	1	0
아주 헝그리 금쪽씨 오 체력 찼다	0	0	1	0	0	0	0	0
아직 13234 있는데	0	0	1	0	0	0	0	0
아직 1단계도 못긴 상황입니다	0	0	1	0	0	0	0	0
아직 나는 한 통 다 놀러 했어야 됐다	0	0	1	0	0	0	0	0
아직 남은거지	0	0	1	0	0	0	0	0
아직 뭘 잡을 필요가 없어	0	0	0	0	0	0	0	1
아직 살아있어	0	0	1	0	0	0	0	0
아직 아 그래	0	0	0	0	0	0	1	0
아직 아니고 됐고 좋아	0	0	0	0	0	0	1	0
아직 아직	0	0	1	0	0	0	0	0
아직 안 끝났어요	0	0	0	0	0	1	0	0
아직 안 보셨어	0	0	1	0	0	0	0	0
아직 저기 내가 코코넛 따줄게 일로와봐 코코넛 먹자	0	0	0	0	0	0	0	1
아직 출발	0	0	1	0	0	0	0	0
아직까진 저희 사이 좋다는 거	0	0	0	0	0	0	1	0
아직도 몰라	0	0	1	0	0	0	0	0
아직은 모르겠네	0	0	1	0	0	0	0	0
아칼로이드 [유저] 이렇게 응 그래서 까는거 이야	0	0	0	0	0	0	1	0
아프지 마	0	0	1	0	0	0	0	0
아프지않아요	0	0	1	0	0	0	0	0
아하 판정	0	0	1	0	0	0	0	0
아하하하 아아 님들 고마웠어요	0	0	1	0	0	0	0	0
아하하하하	0	0	1	0	0	0	0	0
아하하하하 어	0	0	1	0	0	0	0	0
아하하하하 해보자 해보자 해보자	0	0	0	0	0	0	0	1
아하하하하하하하하 아니 이걸 먹고 바로 뒤집을까	0	0	1	0	0	0	0	0
아하하하하하하하하하 아 빨리 가라	0	0	0	0	0	0	0	1
아하핳핳핳 점퍼 다이빙 [유저] ᆯ 통과 아 [유저]	0	0	1	0	0	0	0	0
아홀라 불편하다	0	0	1	0	0	0	0	0
아흐흫 보라색님이 말이 안 통하니까 얘 잠깐만 얘 좀 잠깐만 엎고 있어봐봐	0	0	0	0	0	0	0	1
아흫흫흫 투표 들어가 나만큼 집중 안하지	0	0	0	0	0	0	0	1
악녀 그냥 갖다 버려 갖다 버려 악녀 혼자 다니게 하세요	0	0	0	0	0	0	0	1
악녀 너무 좋았습니다	0	0	1	0	0	0	0	0
악녀랑 나랑만 바뀌었네	0	0	1	0	0	0	0	0
악쌍 아유 아유 아유 야 본다 이제 걸리기만 해봐	0	0	0	0	0	0	0	1
악어 봐봐 진짜	0	0	0	0	0	0	0	1
악어 해야지	0	0	0	0	0	0	0	1
악어가 쐈어	0	0	0	0	0	0	0	1
악어가 앞으로 한 칸 가	0	0	0	0	0	0	0	1
악으로 꽝으로 버텨	0	0	1	0	0	0	0	0
악으로 꽝으로 버텨 봐	0	0	0	0	0	0	0	1
안 가려고	0	0	0	0	0	0	0	1
안 가져오	0	0	0	0	0	0	0	1
안 겹치고	0	0	1	0	0	0	0	0
안 끝난다 안 끝난다 이 게임	0	0	1	0	0	0	0	0
안 끝났어	0	0	0	0	0	1	0	0
안 나가지 않나	0	0	0	0	0	0	0	1
안 내려요	0	0	1	0	0	0	0	0
안 내리지	0	0	1	0	0	0	0	0
안 내릴게요	0	0	1	0	0	0	0	0
안 내립니다	0	0	1	0	0	0	0	0
안 내립니다 뿌 9칼 내겠습니다	0	0	1	0	0	0	0	0
안 넣어 안 넣어 안 넣어	0	0	1	0	0	0	0	0
안 누르면 안 돼	0	0	0	0	0	1	0	0
안 눌렀다고 했겠다 이사랑 무슨 얘기를 해	0	0	0	0	0	0	0	1
안 눌렀어	0	0	1	0	0	0	0	0
안 닿았던거야	0	0	1	0	0	0	0	0
안 닿았어	0	0	1	0	0	0	0	0
안 돼 나 뭐라 했어	0	0	0	0	0	1	0	0
안 돼 독 조심 독 조심 독 조심 살려주세요	0	0	0	0	0	1	0	0
안 돼 안 돼	0	0	0	0	0	1	0	0
안 돼 안 된다고	0	0	0	0	0	1	0	0
안 돼 얘들아	0	0	0	0	0	1	0	0
안 돼 콩콩아 2명 동생이면 어떻게 될까	0	0	0	0	0	1	0	0
안 되겠다	0	0	1	0	0	0	0	0
안 되나 봐	0	0	0	0	0	0	0	1
안 되나 이것이	0	0	1	0	0	0	0	0
안 된다고 했잖아요	0	0	1	0	0	0	0	0
안 들어가져 머리가 커가지구 안들어가요	0	0	0	0	0	0	0	1
안 들어가지지않아 이거 계단 쏴야 계단 쏴야 이거 어차피 버리는거 아니야	0	0	0	0	0	0	0	1
안 뜨거워 안 뜨거워 안 뜨거워 그만해 그만해 그만해 바나나 왜이렇게 많아	0	0	0	0	0	1	0	0
안 망했어	0	0	0	0	0	1	0	0
안 맞으면 팀이네 피해드라	0	0	0	0	0	0	0	1
안 멈췄어	0	0	1	0	0	0	0	0
안 믿을 수도 있어	0	0	1	0	0	0	0	0
안 밀리나 보자 이새끼야 그만해 그만해 안 밀리나 보자 이새끼야 넌 그거 떼는 순간 바로 뒤지는 거야	1	0	0	0	0	0	0	0
안 밀리는구만	0	0	1	0	0	0	0	0
안 밀린다고	0	0	1	0	0	0	0	0
안 밀어줘	0	0	0	0	0	0	0	1
안 바뀌어	0	0	1	0	0	0	0	0
안 바뀌었네	0	0	1	0	0	0	0	0
안 뱉었어	0	0	1	0	0	0	0	0
안 버려 우리 가까이있자 손전등 있는 사람 누구야	0	0	0	0	0	0	0	1
안 보여요	0	0	1	0	0	0	0	0
안 비키는 거인가 봐 쟤	0	0	0	0	0	0	0	1
안 비킨다고	0	0	1	0	0	0	0	0
안 빨려들어 가야된다	0	0	0	0	0	0	0	1
안 빨았어	0	0	1	0	0	0	0	0
안 빼도 될 것 같아요	0	0	1	0	0	0	0	0
안 쏠렸는데	0	0	1	0	0	0	0	0
안 쏴진다니까 와아 와 그만 쏴 오케이 오케이 이제 이쪽으로 그냥 오케이 이어 [유저] 뭐야	0	0	0	0	1	0	0	0
안 얘가 어	0	0	0	0	0	0	0	1
안 열렸는데요	0	0	1	0	0	0	0	0
안 열렸잖아	0	0	1	0	0	0	0	0
안 온 오케이 오케이 살금살금 이거 재밌지	0	0	0	0	0	0	1	0
안 올라가지	0	0	0	0	0	0	0	1
안 왔네 느낌	0	0	1	0	0	0	0	0
안 움직였어	0	0	1	0	0	0	0	0
안 움직이는데	0	0	1	0	0	0	0	0
안 이득이야	0	0	1	0	0	0	0	0
안 잡아야지	0	0	1	0	0	0	0	0
안 좋아한다니까 한입 줘봐요	0	0	0	0	0	0	1	0
안 좋아해요	0	0	0	0	0	0	1	0
안 죽던가	0	0	0	0	0	0	0	1
안 죽었어	0	0	0	0	0	1	0	0
안 찡그린 상태면 회복될걸	0	0	1	0	0	0	0	0
안 큰일 났어	0	0	0	0	0	1	0	0
안 하는데 [유저] 여기 성게가 끝 왜냐면 위험하거든요	0	0	0	0	0	0	0	1
안 하면 형 바로 전화 끊고 너 차단한 다음에 형 바로 고소해	0	0	0	0	0	0	0	1
안 할 거야	0	0	1	0	0	0	0	0
안 할게 안 할게 안 해	0	0	0	0	0	0	0	1
안 해본 사람 얍 됐어	0	0	0	0	0	0	0	1
안깨우지마 띄면 안돼 띄면 안돼	0	0	0	0	0	1	0	0
안녕 안녕 감사합니다	0	0	0	0	0	0	1	0
안녕 야 우리는 우리 못 가	0	0	0	0	0	0	0	1
안녕 양옆에서 타 선행인 너무 가만히 있는거 아니냐	0	0	0	0	0	0	0	1
안녕하세여	0	0	1	0	0	0	0	0
안녕하세요	0	0	0	0	0	0	0	1
안녕하십니까	0	0	1	0	0	0	0	0
안녕하십니까 AI 혜안입니다	0	0	1	0	0	0	0	0
안다 안다	0	0	1	0	0	0	0	0
안다 안다 안다	0	0	1	0	0	0	0	0
안돼 2438 2438 GO AWAY [유저] 아 진짜 대박 긴장되는구만	0	0	0	0	1	0	0	0
안돼 [유저] 내가 구해줄게	0	0	0	0	0	1	0	0
안돼 [유저] 살려 야 내가 날렸어	0	0	0	0	0	1	0	0
안돼 나올 수 있음	0	0	0	0	0	1	0	0
안돼 내 고양이 내 고양이 잡았다	0	0	0	0	0	1	0	0
안돼 어디갔어	0	0	0	0	0	1	0	0
안돼 욕먹어 이제부터 욕먹어	0	0	0	0	0	1	0	0
안돼 이거 내 거야	0	0	0	0	0	1	0	0
안돼 잠깐만	0	0	0	0	0	1	0	0
안돼 콩콩 안돼 콩콩이 뱉으라고	0	0	0	0	0	1	0	0
안되겠습니다	0	0	1	0	0	0	0	0
안되나 딱 그 생각이 아 진짜로 잠깐만요 네 한번 더요 에이 아 진짜 여기 정자조심 정자조심 정자	0	0	0	0	1	0	0	0
안되면 또 다시 아 자신있어 자신있다고해 멈춰	0	0	0	0	0	0	0	1
안된다고 이거	0	0	1	0	0	0	0	0
안붙으니까 얼마나 좋아	0	0	0	0	0	0	1	0
안심이 된다	0	0	1	0	0	0	0	0
안에 든 것이 휴지통밖에 없는데 내 컴퓨터랑 휴지통밖에 없는데 아 저거 대포 있잖아	0	0	0	0	0	1	0	0
안에 애들 꺼내고 나가자 각자의 위치로 각자의 위치로 가지고 노란색 너 어디가 네 위치를 찾아 정신차려	0	0	0	0	0	0	0	1
안올라가야지 4번도 끝으로 가셈 2번도	0	0	0	0	0	0	0	1
안움직인다 못들었어	0	0	1	0	0	0	0	0
안으로 아니 이새끼 만남 뼈 떼길면	1	0	0	0	0	0	0	0
안전 좋아 안전 좋아	0	0	0	0	0	0	1	0
안전하게 가자	0	0	0	0	0	0	0	1
안전하게 보고있어요	0	0	1	0	0	0	0	0
안전하게 안전하게 안전하게	0	0	1	0	0	0	0	0
안전하게 해 안전하게 해 좋았다 좋았다	0	0	0	0	0	0	0	1
안전하단 얘기죠	0	0	1	0	0	0	0	0
안전해 야	0	0	0	0	0	0	0	1
안정감이 있다	0	0	1	0	0	0	0	0
안할게 안할게 저 가만히 있잖아요	0	0	0	0	0	0	0	1
안해도 돼	0	0	0	0	0	0	0	1
알갱이 저기 [유저] 저기 있네	0	0	1	0	0	0	0	0
알거야 갈 것 아침 진정 꺼져	1	0	0	0	0	0	0	0
알겠나 어	0	0	1	0	0	0	0	0
알겠습니까	0	0	1	0	0	0	0	0
알겠습니다	0	0	1	0	0	0	0	0
알면서 말을 안 해 막으라고 했잖아 내 겸파 너 뭐 시X병 걸렸어	0	0	0	0	0	0	0	1
알아가는 중 어	0	0	0	0	0	0	0	1
알아냈는데 촉촉이요	0	0	1	0	0	0	0	0
알아서 못하겠어	0	0	0	0	0	1	0	0
알아서 안 돼	0	0	0	0	0	1	0	0
알아서 하겠죠	0	0	1	0	0	0	0	0
알아서 한번 서봐봐	0	0	0	0	0	0	0	1
알아요 알아요	0	0	1	0	0	0	0	0
알았는데 속았네	0	0	1	0	0	0	0	0
알았다 이렇게 땡겸이가 잘한거 Ny 그래간데 됐어	0	0	0	0	0	0	1	0
알았어 고양이의 등을 따라가라	0	0	0	0	0	0	0	1
알았어 알았어	0	0	1	0	0	0	0	0
알았어 알았어 등거리	0	0	1	0	0	0	0	0
알았으니까 나가라 안돼	0	0	0	0	0	1	0	0
암만 봐도 야 이거 와 안챙기지	0	0	0	0	0	0	0	1
암전 때 움직이는데 어두울 때 움직여주는 거야	0	0	1	0	0	0	0	0
암튼 간에 이긴 기분 얻었으니 좋았으	0	0	1	0	0	0	0	0
암환자 말해 빨리 해 빨리 1 2 3 4 이렇게 지코 딜레이 있어 간다 간다 하나 둘 셋 1 2 3 이거 디코 딜레이 때문에 야 점프가 보이지않아 바로바로 누르면 될 것 같은데 그래 디코 보지 말고 점프 보면 바로 눌러 간다 2 3 누구야	1	0	0	0	0	0	0	0
암환자 말해야 돼	0	0	0	0	0	0	0	1
암흑목이 떠올라 이거 설마 뒤에 깨야 되니	0	0	1	0	0	0	0	0
압살해 우리 오른쪽 세명 왼쪽으로 와봐 이리와	0	0	0	0	0	0	0	1
압축이 편하긴 하지	0	0	1	0	0	0	0	0
앗 따가워	0	0	0	0	0	0	0	1
앗 따가워 앗 따가워	0	0	0	0	0	0	0	1
앙전해 [유저] 씨 [유저] 씨 저 멀리서 한번 봐보실래요	0	0	0	0	0	0	0	1
앙쿠라띠 아이 좀 양보하세요	0	0	0	0	0	0	0	1
앞라인에서	0	0	1	0	0	0	0	0
앞머리 밟으면 안 돼	0	0	0	0	0	1	0	0
앞머리 밟으면 죽어	1	0	0	0	0	0	0	0
앞서가지 않겠습니다	0	0	0	0	0	0	0	1
앞에 가서 대기해	0	0	0	0	0	0	0	1
앞에 막아주세요	0	0	1	0	0	0	0	0
앞에 맡을게	0	0	1	0	0	0	0	0
앞에 먼저 누르고 점프 뛰세요	0	0	0	0	0	0	0	1
앞에 뭐가 보인다	0	0	0	0	0	0	0	1
앞에 사람 빨아줘봐	0	0	0	0	0	0	0	1
앞에 사람 빨아줘봐 빨아 빨아줘	0	0	0	0	0	0	0	1
앞에 사람이 신호를 듣지 않으면 저희도 누르지 않는 걸로 해요	0	0	0	0	0	0	0	1
앞에 안 보이니까	0	0	1	0	0	0	0	0
앞에 앞사람 가만히 있어 가만히 있어 가만히 있어 가만히 있어 올라가 가만히 있어	0	0	0	0	0	0	0	1
앞에 앞에	0	0	1	0	0	0	0	0
앞에 앞에 밟자 하나씩 하나씩 통통통통 tasted 뭐야	0	0	0	0	1	0	0	0
앞에 애들이 체력을 덜 써야 되고 어 할 수 있어	0	0	1	0	0	0	0	0
앞에 영혼이 나가는거 같은데 사람 오오오오오오 넘어갔어	0	0	0	0	0	0	0	1
앞에 오케이 미리 만들게 미리 만들게 아 좋아요	0	0	0	0	0	0	1	0
앞에 와가지고 인사한번씩 부탁드릴게요	0	0	0	0	0	0	0	1
앞에 왜 여기 가면 얼어요	0	0	0	0	0	0	0	1
앞에 움직이면 안돼	0	0	0	0	0	1	0	0
앞에 이제 그냥 가도 되겠다	0	0	0	0	0	0	0	1
앞에 있으면 안 된다니까	0	0	1	0	0	0	0	0
앞에 자리 만들어줘 만들어줘 호잇 멈춰 멈춰 멈춰 열쇠는 멈춰 열쇠는 왜 안 죽어 열쇠 벌벌 떠는데 저거 밀어 밀어 밀어 이쯤이면 되지 않을까	1	0	0	0	0	0	0	0
앞에만 뿌시면 돼가지고 뚫렸다 뚫렸다 뚫렸다	0	0	0	0	0	0	0	1
앞에서 계단을 만들어줘야 돼	0	0	1	0	0	0	0	0
앞에서 꼬물쩍 대는 거 뭐야	0	0	0	0	1	0	0	0
앞에서 대기 움직여 가만있어 봐	0	0	0	0	0	0	0	1
앞에서 아니 저 사람들이 제일 못해	0	0	0	1	0	0	0	0
앞에서 전진아 좀 밑으로 내려갈 수 있니	0	0	1	0	0	0	0	0
앞으로 3번이 이제 앞으로 사람들은 방송 안했으면 뭘 했을까	0	0	1	0	0	0	0	0
앞으로 A밖에 이야	0	0	1	0	0	0	0	0
앞으로 가	0	0	0	0	0	0	0	1
앞으로 가 더 가야돼	0	0	0	0	0	0	0	1
앞으로 가 오케이 오케이 3번 자 3번 2줄로 쌓았어요	0	0	0	0	0	0	1	0
앞으로 가는거 말고 점프 탐킥아 점프 얘들아 알지 유리병 다섯번 깨야된다	0	0	0	0	0	0	0	1
앞으로 가다가 자 내가 카운트 해줄게 오케이 오케이 해줄게	0	0	0	0	0	0	1	0
앞으로 가면 돼	0	0	0	0	0	0	0	1
앞으로 가면서 아 어떻게 하는지 알 것 같아	0	0	0	0	0	1	0	0
앞으로 가봐 내가 골키퍼 해줄게	0	0	0	0	0	0	0	1
앞으로 가주자	0	0	0	0	0	0	0	1
앞으로 가줄래	0	0	0	0	0	0	0	1
앞으로 같이 와줘야 돼요	0	0	0	0	0	0	0	1
앞으로 먼저하고 점프해요	0	0	0	0	0	0	0	1
앞으로 밀어 밀어 앞으로 밀어 한 줄 한 줄 한 줄 한 줄 한 줄 아래로 아래로 아래로 자기 캐릭만 봐 일단 가운데로 열쇠 열어 문 열어 오케이 7번 누구야	0	0	0	0	0	0	1	0
앞으로 살짝씩만 움직	0	0	1	0	0	0	0	0
앞으로 아이 씨발 모르겠다	1	0	0	0	0	0	0	0
앞으로 앞으로	0	0	1	0	0	0	0	0
앞으로 앞으로 가	0	0	0	0	0	0	0	1
앞으로 앞으로 가야지	0	0	0	0	0	0	0	1
앞으로 어떻게 올라오지	0	0	0	0	0	1	0	0
앞으로 와 일단 앞으로 와 넘어가 한 명씩 이거는 한 명 점프 가능	0	0	0	0	0	0	0	1
앞으로 왜 가냐고	0	0	0	0	0	0	0	1
앞으로 움직이지마	0	0	1	0	0	0	0	0
앞으로 점프한다	0	0	0	0	0	0	0	1
앞으로 조금 그렇지	0	0	0	0	0	0	1	0
앞으로 좀 가줘 가줘 너무 급하게 말고 그냥 올려 끌어올려 그렇지 그 다음 그렇지	0	0	0	0	0	0	1	0
앞으로 좀 위험해 주실래요	0	0	0	0	0	0	0	1
앞으로 좀만 더가게 해도 됐던거 아니야	0	0	0	0	0	0	0	1
앞으로 좀만 비켜봐	0	0	0	0	0	0	0	1
앞으로 쫙 붙어봐봐	0	0	0	0	0	0	0	1
앞으로 통 그렇지	0	0	0	0	0	0	1	0
앞을 밀면서 다 막아버리기 다 막아버리기 막아버리기 다 막아버리기 내려와라 이 두 개의 블럭 내가 꼭 지킬 거야	0	0	0	0	0	0	0	1
앞을 봐야지	0	0	0	0	0	0	0	1
앞쪽에 주워야지	0	0	1	0	0	0	0	0
애기 기술 좋아졌어 애기 기술 좋아졌어	0	0	0	0	0	0	1	0
애기 받을 준비해	0	0	0	0	0	0	0	1
애기 받을 준비해 애기 받을 준비해	0	0	0	0	0	0	0	1
애기 배가 왜 이렇게 아저씨처럼 나왔어 근데	0	0	0	0	0	0	0	1
애기 새끼 귀때기 잡아가지고 그냥 새끼야	1	0	0	0	0	0	0	0
애기 애기 올라가	0	0	0	0	0	0	0	1
애기 애기 힘 빼	0	0	1	0	0	0	0	0
애기 어디 갔어	0	0	1	0	0	0	0	0
애기 올려줘야 돼	0	0	1	0	0	0	0	0
애기 왜 그래	0	0	0	1	0	0	0	0
애기 이제부터 이유식이다	0	0	1	0	0	0	0	0
애기 잘 못하잖아	0	0	1	0	0	0	0	0
애기 잡아 기다려 애기 기다려 애기 올려 애기 올려 애기 대가리 올려봐 잡았다	0	0	0	0	0	0	0	1
애기 조금만 기다려	0	0	0	0	0	0	0	1
애기 좀 기다려	0	0	0	0	0	0	0	1
애기 출발	0	0	1	0	0	0	0	0
애기 할 수 있어	0	0	1	0	0	0	0	0
애기니까 그럴 수도 있지	0	0	1	0	0	0	0	0
애기니까 이해해 얘들아	0	0	0	0	0	0	0	1
애기만 3번님 예 자기가 좀 크다 싶으면 애기가 되세요 정찰부터 정찰부터 아 이거는 큰 사람이 있어야돼	0	0	0	0	0	0	0	1
애기만 기다리면 돼	0	0	1	0	0	0	0	0
애기야 그냥 가 죽어	1	0	0	0	0	0	0	0
애기야 나를 잡아봐	0	0	0	0	0	0	0	1
애기야 됐다	0	0	1	0	0	0	0	0
애기야 쉬워 우리가 할게	0	0	0	0	0	0	0	1
애기야 여기도 못 올라오는 거 아니지	0	0	1	0	0	0	0	0
애기야 잘 할 수 있어	0	0	1	0	0	0	0	0
애기야 잠깐만 나 어딜 잡은 거야	0	0	0	0	0	0	0	1
애들 [유저] 가 왜 이렇게 됐지	0	0	0	0	0	0	0	1
애들 다 더 안 할 듯 잠깐만 내가 뭘 본거지	0	0	0	0	0	0	0	1
애들 살살 밀어볼게요	0	0	0	0	0	0	0	1
애들 하는 거 보자	0	0	1	0	0	0	0	0
애들이 돌아가면서 그래	0	0	0	0	0	0	1	0
애들이 못할 수도 있으니까	0	0	1	0	0	0	0	0
애들이 탈거 아니야	0	0	1	0	0	0	0	0
애들이 퇴근 안하고싶은가봐	0	0	0	0	0	0	0	1
앨배다 아니 앨배가 처맞으면 무슨 소리 하시는 거예요	0	0	0	0	0	0	0	1
야 0초 딱 되면 안되냐	0	0	1	0	0	0	0	0
야 2대1로 죽여 우리팀 어디갔어	0	0	1	0	0	0	0	0
야 2부 2부 가 2부 가	0	0	0	0	0	0	0	1
야 3개 정상의 골키퍼들 나 봤어	0	0	1	0	0	0	0	0
야 3칸만 해	0	0	0	0	0	0	0	1
야 4번 5번 뭐야	0	0	0	0	1	0	0	0
야 4번에서 5번 뭐야	0	0	0	0	1	0	0	0
야 5대1이야	0	0	1	0	0	0	0	0
야 5분 걸렸어	0	0	1	0	0	0	0	0
야 8명이던 너무 힘들다	0	0	1	0	0	0	0	0
야 W 좀 많이 눌러	0	0	0	0	0	0	0	1
야 [유저]	0	0	1	0	0	0	0	0
야 [유저] 가끔씩 내 거예요 나도 내	0	0	0	0	0	0	0	1
야 [유저] 그러지마	0	0	1	0	0	0	0	0
야 [유저] 나만 성공하고 있어 이 병신 같은 새끼들	1	0	0	0	0	0	0	0
야 [유저] 도깨야 복탄 도깨 터진다 으아 야 [유저] 던져버려 [유저] 를 이긴 남자 [유저] 를 이긴 남자 [유저] 를 이긴 남자 이러고 있네	0	0	1	0	0	0	0	0
야 [유저] 먹어	0	0	1	0	0	0	0	0
야 [유저] 밀어 [유저] [유저] 이라고 했어	0	0	0	0	0	0	0	1
야 [유저] 봤어	0	0	1	0	0	0	0	0
야 [유저] 애들 와봐	0	0	0	0	0	0	0	1
야 [유저] 얘야	0	0	1	0	0	0	0	0
야 [유저] 없애	0	0	1	0	0	0	0	0
야 [유저] 올려줘 돌멩이 없냐 돌멩이들만 전화해봐	0	0	0	0	0	0	0	1
야 [유저] 이상한 거 아니야	0	0	1	0	0	0	0	0
야 [유저] 재밌냐	0	0	1	0	0	0	0	0
야 [유저] 정신차려	0	0	1	0	0	0	0	0
야 [유저] 제발 먼티 스피드 해야만 할 수 있게끔 해놓는다고 아 최소화 이다 했다 해보라	0	0	0	0	0	0	0	1
야 [유저] 혼자 그냥 [유저] 게이트 쌓는 중 야 이것이 오히려 너희들을 도와주는 일일수도 엄청 잘하고 있어	0	0	0	0	0	0	0	1
야 [유저] 님 왜 내 자리에 오냐	0	0	1	0	0	0	0	0
야 [유저] 야	0	0	1	0	0	0	0	0
야 [유저] 야 [유저] 야 아니 [유저] 야 아니 [유저] 아니 [유저] 이씨 나만 때려 아 날 왜 때리노 아니 [유저] 야 이씨야 좀 놓으라고 놓으라고 좀 놓으라고 야 저거 공격 공격 공격 안돼 [유저] 내꺼다 내꺼다 내꺼다 가자 가자 가자 [유저] 망해도 안되는데	0	0	0	0	0	1	0	0
야 [유저] 야 나와봐	0	0	0	0	0	0	0	1
야 [유저] 야 너 거를 막을 수 있냐	0	0	1	0	0	0	0	0
야 [유저] 야 너 왜 뒤에 있냐	0	0	1	0	0	0	0	0
야 [유저] 야 네가 낳췄잖아	0	0	0	0	0	0	0	1
야 [유저] 야 뭐해	0	0	0	1	0	0	0	0
야 [유저] 야 빨리 가야지	0	0	0	0	0	0	0	1
야 [유저] 야 위로 가야 된다고	0	0	0	0	0	0	0	1
야 [유저] 야 이거 니 방송 그냥 남자인인상 눌러보겠다	0	0	0	0	0	0	0	1
야 [유저] 야 쟤 살려줘	0	0	1	0	0	0	0	0
야 [유저] 이 잡아서 올려	0	0	1	0	0	0	0	0
야 [유저] 이야	0	0	1	0	0	0	0	0
야 가 아니 그렇지	0	0	0	0	0	0	1	0
야 가가가가가 지나가 지나가 성부와 [유저] 와 [유저] 의 말	0	0	0	0	0	0	0	1
야 가까이 가서 [유저] 한 대 맞혀봐 으아아아아아아아아아아아아아아아아	0	0	0	0	1	0	0	0
야 가만있어	0	0	0	0	0	0	0	1
야 각별 난 디졌다	0	0	1	0	0	0	0	0
야 각별 쏴라	0	0	1	0	0	0	0	0
야 각자 흩어져서 사탕이 찾아	0	0	1	0	0	0	0	0
야 강아지 한 8마리 키우면 이렇게 될까	0	0	1	0	0	0	0	0
야 강아지는 집에 있는 거야	0	0	1	0	0	0	0	0
야 강퇴 있다 조심해라 강제 퇴장하면 어떻게 돼	0	0	0	0	0	1	0	0
야 갖고 와	0	0	0	0	0	0	0	1
야 갖고 와 25900원 코묻은 돈 뺏기는 역시 택평 나갈래	0	0	0	0	0	0	0	1
야 같이 돼 같이 된다	0	0	0	0	0	0	0	1
야 거기 어려운데	0	0	1	0	0	0	0	0
야 거기가 반대로 밀어야되는데	0	0	0	0	0	0	0	1
야 거리만 불가 아니 너 한 번에 뛰어야 돼	0	0	0	0	0	0	0	1
야 걸어 비가 [유저] 렉 뭐야	0	0	0	0	1	0	0	0
야 결승을 했었으면 좋겠어	0	0	1	0	0	0	0	0
야 계란 쌓자	0	0	1	0	0	0	0	0
야 계산 또 올라온다	0	0	1	0	0	0	0	0
야 고릴라 이거	0	0	1	0	0	0	0	0
야 고마워	0	0	0	0	0	0	1	0
야 고맙다 그래	0	0	0	0	0	0	1	0
야 공 개수가 저거 진다 조심해라 10개밖에 없거든 누가 공 까먹었다	0	0	0	0	0	0	0	1
야 공 없다	0	0	1	0	0	0	0	0
야 공기 나간다	0	0	1	0	0	0	0	0
야 공룡 화이팅 화이팅 공룡 화이팅 공룡 화이팅 오 드럭킹 와 아악 아악 제발 늙은아 늙은아 가자 누나 아	0	0	0	0	1	0	0	0
야 공룡이 파워 보여요	0	0	1	0	0	0	0	0
야 공이 순간이동하는데	0	0	1	0	0	0	0	0
야 구분이 안 되지않아 문제 빨리 야 나랑 구분이 안 되잖아	0	0	0	0	0	0	0	1
야 그 다음에 누나	0	0	1	0	0	0	0	0
야 그 와중에 눕혀 그 와중에 눕혀 저기서 책임감이다 저건 둘의 책임감이었다	0	0	0	0	0	0	0	1
야 그거 왜 안 밟고 와	0	0	0	0	0	0	0	1
야 그것까지 못했다	0	0	1	0	0	0	0	0
야 그것이 없어	0	0	1	0	0	0	0	0
야 그것이 제일 어렵지 않냐	0	0	1	0	0	0	0	0
야 그냥 가자	0	0	0	0	0	0	0	1
야 그냥 왼쪽으로 좀만 더 가봐	0	0	0	0	0	0	0	1
야 그냥 이거 한 번 해	0	0	0	0	0	0	0	1
야 그냥 점프	0	0	0	0	0	0	0	1
야 그래 그거야	0	0	0	0	0	0	1	0
야 그래도 [유저] 게임 8라운드 재밌네	0	0	0	0	0	0	1	0
야 그래도 전거보다 쉽다	0	0	0	0	0	0	1	0
야 그러네	0	0	1	0	0	0	0	0
야 그러다 쳐맞지 마	0	0	1	0	0	0	0	0
야 그럼 이러고있고 나 계속 웃을꺼면 이러고있고 그냥 계속 웃을꺼면 나 이러고있고	0	0	1	0	0	0	0	0
야 그만해	0	0	0	0	0	1	0	0
야 근데 결승전은 5판 3선인데 맞긴 해	0	0	0	0	0	0	0	1
야 근데 공이 왜 자꾸 앞으로 가냐	0	0	0	0	0	0	0	1
야 근데 나 이거 어떻게 빠는 거야	0	0	0	0	0	1	0	0
야 근데 방금 패턴 좋았다	0	0	1	0	0	0	0	0
야 근데 살만해	0	0	0	0	0	0	0	1
야 근데 열쇠 이어 열쇠	0	0	1	0	0	0	0	0
야 근데 이거 나 안 누르고 있었는데 갔는데	0	0	1	0	0	0	0	0
야 근데 이번거 단체 테트릭스는 진짜 재밌다 한 번 더 하실래요	0	0	1	0	0	0	0	0
야 근데 지금 내가 지금 보고 있는데 이거 저기로 어떻게 가 아래로 떨어져야 돼	0	0	0	0	0	1	0	0
야 근데 진짜 방금 너무 잘했어	0	0	0	0	0	0	1	0
야 근데 진짜 우리가 피크파크를 해봤는데	0	0	0	0	0	0	0	1
야 근본 맵들이 솔직히 재밌는 것 같아	0	0	1	0	0	0	0	0
야 기다려 기다려 이 공 때리지 마	0	0	0	0	0	0	0	1
야 기다려봐	0	0	0	0	0	0	0	1
야 기다려봐 얘들아	0	0	0	0	0	0	0	1
야 까불지 말고 있어	0	0	1	0	0	0	0	0
야 깔짝깔짝 해야지	0	0	0	0	0	0	0	1
야 꺼져 꺼져	1	0	0	0	0	0	0	0
야 꺼져 너도	1	0	0	0	0	0	0	0
야 꺼져라	1	0	0	0	0	0	0	0
야 꺼지라고	0	0	1	0	0	0	0	0
야 꺼지라고 알았지	0	0	1	0	0	0	0	0
야 꼬리 밟아도 죽는다	0	0	1	0	0	0	0	0
야 꽉 잡아	0	0	1	0	0	0	0	0
야 나 가 내가 눌렀으니까 가	0	0	0	0	0	0	0	1
야 나 강퇴 권한 있다	0	0	1	0	0	0	0	0
야 나 나 내 거	0	0	1	0	0	0	0	0
야 나 넘어간다	0	0	1	0	0	0	0	0
야 나 덕해랑 찢어질래 [유저] 야 너 이랑 바꿔라 누나 방금 봤어	0	0	0	0	0	0	0	1
야 나 따라와 같이 뒤지자 야 여기 너랑 나밖에 없어 이번 판 솔직히 저격도 저격인데 본인 실력도 문제였다	1	0	0	0	0	0	0	0
야 나 막지 말고 뭐 싸먹어 저 새끼는 자꾸 한발씩 쏘잖아	1	0	0	0	0	0	0	0
야 나 많이 커졌다	0	0	1	0	0	0	0	0
야 나 아무것도 안 움직였어	0	0	1	0	0	0	0	0
야 나 안 건드렸는데 출발했어	0	0	1	0	0	0	0	0
야 나 안 하고 있는데	0	0	1	0	0	0	0	0
야 나 업어줘	0	0	1	0	0	0	0	0
야 나 엎어줘 [유저] 아 맞으면 떨어져	0	0	1	0	0	0	0	0
야 나 여기 막 빨리 따돌려	0	0	0	0	0	0	0	1
야 나 여기 앞에 갈게	0	0	1	0	0	0	0	0
야 나 여기서 안하고싶은데 고마워	0	0	0	0	0	0	1	0
야 나 왜 기절이야	0	0	1	0	0	0	0	0
야 나 이제 무서워	0	0	1	0	0	0	0	0
야 나 이제 야	0	0	1	0	0	0	0	0
야 나 장담커인데 나까지 안 온다	0	0	1	0	0	0	0	0
야 나 점프가 안 되거든	0	0	0	0	0	0	0	1
야 나 좀 [유저] 좀 올려줘라	0	0	1	0	0	0	0	0
야 나 좀 업어줘	0	0	1	0	0	0	0	0
야 나 폭탄 대고 있다	0	0	1	0	0	0	0	0
야 나가 나가	0	0	0	0	0	0	0	1
야 나는 최선을 다했어	0	0	1	0	0	0	0	0
야 나도 각별 공룡이 먼저 타야 돼	0	0	1	0	0	0	0	0
야 나도 잘한 거 같은데 뭔가	0	0	0	0	0	0	0	1
야 나랑 바꾸면 안돼 자리	0	0	0	0	0	1	0	0
야 나만 빨간불일 때 숨도참냐	0	0	1	0	0	0	0	0
야 나빠 나빠	0	0	1	0	0	0	0	0
야 나야 나야 놔 떡기야	0	0	1	0	0	0	0	0
야 나였다마 어 밑에 볼 때 지금 됐다 그리고 왼쪽에 표 하나 둘 셋 지금 지금이야 지금이야 알겠어	0	0	1	0	0	0	0	0
야 나오지마 비켜봐 비켜봐	0	0	0	0	0	0	0	1
야 나와 야 뭐야 뭐야 나와 아 뭐야 씨	0	0	0	0	1	0	0	0
야 나와 진짜 나와	0	0	0	0	0	0	0	1
야 나와봐	0	0	0	0	0	0	0	1
야 나한테 쏴	0	0	1	0	0	0	0	0
야 내 거 보여	0	0	1	0	0	0	0	0
야 내가 1바야	0	0	0	0	0	0	0	1
야 내가 가다고 생각 빨리해줘	0	0	0	0	0	0	0	1
야 내가 극한까지 자리만듬	0	0	0	0	0	0	0	1
야 내가 다 지켜줄게	0	0	0	0	0	0	0	1
야 내가 들어간댕	0	0	0	0	0	0	0	1
야 내가 막고있어	0	0	0	0	0	0	0	1
야 내가 복잡하게 [유저] 트머리 스포트머리	0	0	0	0	0	0	0	1
야 내가 선장이다 열심히 일해라 다리 헐 쳐	0	0	0	0	0	0	0	1
야 내가 앞에 설게	0	0	0	0	0	0	0	1
야 내가 운전이야	0	0	0	0	0	0	0	1
야 내가 한번 가줄게 가자	0	0	0	0	0	0	0	1
야 내걸 살것이야	0	0	1	0	0	0	0	0
야 내려가	0	0	0	0	0	0	0	1
야 내려와라	0	0	0	0	0	0	0	1
야 너 꼈다	0	0	1	0	0	0	0	0
야 너 나가	0	0	0	0	0	0	0	1
야 너 말	0	0	1	0	0	0	0	0
야 너 무슨 귀신봉 고양이처럼 그러냐	0	0	1	0	0	0	0	0
야 너 발로나2 우승해라	0	0	0	0	0	0	0	1
야 너 발을 왜 이렇게 돌려	0	0	1	0	0	0	0	0
야 너 어디 올라올 수 있을거 같애	0	0	1	0	0	0	0	0
야 너 일로와 공룡 나 너 아까부터 나한테 왜이래	0	0	0	0	0	0	0	1
야 너 좀 멈춰 멈춰 멈춰	0	0	0	0	0	0	0	1
야 너 파랑 말해봐	0	0	0	0	0	0	0	1
야 너 하다	0	0	1	0	0	0	0	0
야 너무 먼데	0	0	1	0	0	0	0	0
야 너무 싸요	0	0	1	0	0	0	0	0
야 너무 잘해	0	0	0	0	0	0	1	0
야 너희들 그만 먹어	0	0	0	0	0	1	0	0
야 넌 누구니	0	0	1	0	0	0	0	0
야 넘어가	0	0	0	0	0	0	0	1
야 네가 내가 보고 있을게	0	0	0	0	0	0	0	1
야 네가 이겨야 돼	0	0	0	0	0	0	0	1
야 네모네모	0	0	1	0	0	0	0	0
야 넷이 가 넷이 가 넷이 가 넷이 가 오 홈채 했어	0	0	0	0	0	0	0	1
야 노랑아	0	0	1	0	0	0	0	0
야 놓치 놓치 놓치	0	0	1	0	0	0	0	0
야 놔라 일단 놔 놔 놔 아야 아야 아니 아니요 아니 타이밍이 맞지 않았어	0	0	1	0	0	0	0	0
야 놔라 했다	0	0	1	0	0	0	0	0
야 누가 나한테 받아라	0	0	0	0	0	0	0	1
야 누가 문제냐	0	0	0	0	0	0	0	1
야 누구 한 명이 안 누르는 거 아니야	0	0	1	0	0	0	0	0
야 누르면서 한 번 시켜 하면 이거 어떻게 지워	0	0	0	0	0	1	0	0
야 눈 깔아	0	0	1	0	0	0	0	0
야 늙은이치 이라더 죽여 라더 죽여 저 다이어트 으아아아아아아아 사모님 개잘해 샤아압 샷 아 미친 아하하하하하하하하 얘들아 도영아 나 이길 수 있어 헤헤 미끄러잖아 으으으흫 으흐흫 겁났다	0	0	0	0	1	0	0	0
야 니 공 놓쳤대요	0	0	1	0	0	0	0	0
야 니 얼마나 잘하나 볼게	0	0	1	0	0	0	0	0
야 니가 가야된다	0	0	0	0	0	0	0	1
야 니가 못한 걸 갑자기 [유저] 하는 척으로 위장하지 말라고	0	0	0	0	0	0	0	1
야 니가 솔직히 3등 걸었다	0	0	0	0	0	0	0	1
야 니는 미리 하라고	0	0	1	0	0	0	0	0
야 다 같이 뒤져	1	0	0	0	0	0	0	0
야 다 쪄	0	0	1	0	0	0	0	0
야 다고 그 다음 내려서 일자로 퍼져야 된다	0	0	1	0	0	0	0	0
야 다른 거 다 꼈어	0	0	1	0	0	0	0	0
야 다리야	0	0	1	0	0	0	0	0
야 다시 가자 천천히 천천히 천천히 그렇지 그렇지 그렇지 좋아	0	0	0	0	0	0	1	0
야 당기시 올 거 아니야	0	0	1	0	0	0	0	0
야 대가리 맞을 수도 있어 조심해 저거	0	0	0	0	0	0	0	1
야 대박이다	0	0	0	0	0	0	1	0
야 더 밀어 더 밀어	0	0	0	0	0	0	0	1
야 더블 이 새끼	1	0	0	0	0	0	0	0
야 덕혜야	0	0	1	0	0	0	0	0
야 돌려봐	0	0	0	0	0	0	0	1
야 둘이 뭐하냐	0	0	0	1	0	0	0	0
야 뒤도 죽였는데 이거 이겠는데	0	0	1	0	0	0	0	0
야 뒤에 땡겨야지 뒤에 땡겨 야 뭐야	0	0	0	0	1	0	0	0
야 들어온 사람이 여기 벽에 처박혀 있어 그냥	0	0	1	0	0	0	0	0
야 들어와 빨리 깨보자	0	0	0	0	0	0	0	1
야 들어왔다 나오는 것이 있어	0	0	1	0	0	0	0	0
야 딜이 왜 이렇게 안 나와	0	0	0	0	0	0	0	1
야 따로 해 따로 해	0	0	0	0	0	0	0	1
야 딱 봐도 버튼 올라와 있는 거 보면 아직 안 멈춘 거지	0	0	0	0	0	0	0	1
야 딱대라	0	0	1	0	0	0	0	0
야 때리면 안 돼	0	0	0	0	0	1	0	0
야 땜이다 땜	0	0	1	0	0	0	0	0
야 떨어지지	0	0	1	0	0	0	0	0
야 또 꺼져 다 부셔 스펀지 뭐 어디 있어 이 자X이야	1	0	0	0	0	0	0	0
야 또 막아주긴 해야 되지 않을까요	0	0	0	0	0	0	0	1
야 또 어디 가	0	0	0	0	0	0	0	1
야 또 있네	0	0	1	0	0	0	0	0
야 똑똑해	0	0	0	0	0	0	0	1
야 뛰는 거 없냐	0	0	1	0	0	0	0	0
야 뛰지마	0	0	1	0	0	0	0	0
야 마라 너 뭐하냐	0	0	0	1	0	0	0	0
야 마이크 켜봐	0	0	0	0	0	0	0	1
야 마지막이야	0	0	1	0	0	0	0	0
야 마크 재밌냐	0	0	1	0	0	0	0	0
야 말 뭐해	0	0	0	1	0	0	0	0
야 말 잘해라	0	0	0	0	0	0	1	0
야 망가져	0	0	0	0	0	0	0	1
야 맨 앞 사람이 보면 돼	0	0	1	0	0	0	0	0
야 머쓱 뒤로 점프해 머쓱 뒤로 점프해	0	0	0	0	0	0	0	1
야 먼저 앞으로 가주면 애들 뒤에 있는 애들이 모다 그래서 이걸 기다려줘야 돼	0	0	0	0	0	0	1	0
야 먼저 올라가 먼저 올라가 저 여섯명 뭐야	0	0	0	0	1	0	0	0
야 멈춰 멈춰	0	0	0	0	0	0	0	1
야 멘붕이야	0	0	1	0	0	0	0	0
야 모기 기다려 모기 기다려 3시간 생일 축하해 축하해 열어 야 모기 안 움직인다 됐다	0	0	0	0	0	0	0	1
야 모바일 꺼내 모바일 꺼내	0	0	1	0	0	0	0	0
야 모바일 꺼내 모바일 꺼내 와 아직 아직 아직 야 저거 못들여 못들여 빨리 빨리 못들여 지금 야 빨리 빨리 빨리 야 저거 돈 [유저] 너무 올라오고 싶은데 올라가봐	0	0	0	0	0	0	0	1
야 무기 떨어진다	0	0	1	0	0	0	0	0
야 무슨 블록인지 봐야 돼	0	0	0	0	0	0	0	1
야 물고기	0	0	1	0	0	0	0	0
야 미안해	0	0	0	0	0	0	0	1
야 미안해 공룡이 야 잠깐만 방망이 오케이 황씨야 쥐가 떨어지고 아 나다형 악기는 존재야 어디서 우리팀을 어디서 우리팀을 그냥 아 저 형 제일 잘하잖아	0	0	0	0	0	0	1	0
야 밀어 색깔별로 색깔별로 빨리 아하 아니 그 아니 색깔별로 밀어서 계단을 만들어야 되는데 저기 저기요	0	0	0	0	0	0	0	1
야 바뀌었네	0	0	1	0	0	0	0	0
야 바나나 던져	0	0	1	0	0	0	0	0
야 반째로 들어가도 되잖아	0	0	0	0	0	0	0	1
야 발을 거기로 하면 어떡해	0	0	0	0	0	1	0	0
야 밟아라 작아지고 와야지 작아지고 와야지 작아지고 와야지	0	0	0	0	0	0	0	1
야 버텨 일로 가	0	0	0	0	0	0	0	1
야 버텨버텨	0	0	1	0	0	0	0	0
야 버튼터치 나 힘들다	0	0	1	0	0	0	0	0
야 봐봐 쌓아야지 탑을 아니 근데 어디까지 쌓을 거야	0	0	0	0	0	0	0	1
야 봐봐 해봐	0	0	0	0	0	0	0	1
야 봐줘 봐줘 봐줘	0	0	0	0	0	0	0	1
야 불안하긴 했어	0	0	1	0	0	0	0	0
야 불어나지 않자 이거 첨가래 첨가래	0	0	0	0	0	0	0	1
야 비켜 비켜 비켜	0	0	0	0	0	0	0	1
야 비켜 비켜 비켜 아 이것이 깜빡인다	0	0	0	0	0	0	0	1
야 비켜 비켜 살릴 수 있으니까 꺼져 살릴 수 있으니까 꺼지라고 꺼져 꺼져봐 꺼져봐 꺼져봐 오	1	0	0	0	0	0	0	0
야 비켜 비켜 이야	0	0	0	0	0	0	0	1
야 비켜 아 진짜 짜증나	1	0	0	0	0	0	0	0
야 비켜 야 미사일 막아줘야돼	0	0	0	0	0	0	0	1
야 빨간색	0	0	1	0	0	0	0	0
야 빨리 들어와 빨리 들어와 빨리 들어와 빨리 들어와 지금 [유저] 가 3층 내가 3층 내가 3층 일단 올라가 가만히 있어 올라가 올라가 올라가 이러면 되는데 스위치 스위치 이러면 되잖아	0	0	0	0	0	0	0	1
야 빨리 빨리 빨리 오라고 이 새끼야 빨리 오라고 야 야 야 뭐야	1	0	0	0	0	0	0	0
야 빨리 빨리 해	0	0	0	0	0	0	0	1
야 빨리 와	0	0	0	0	0	0	0	1
야 빨리 해	0	0	0	0	0	0	0	1
야 사인을 줘 이번에 두 개를 한 번에 건질것이 강아지가 사인 줘 사인 줘 지금	0	0	0	0	0	0	0	1
야 살려줘	0	0	1	0	0	0	0	0
야 살짝 틀어서 오케이 [유저] 안에 들어가면 개꿀 아 안 되나	0	0	0	0	0	0	1	0
야 삼촌아	0	0	1	0	0	0	0	0
야 삼켜 콩콩이 있잖아	0	0	1	0	0	0	0	0
야 색깔 보고 바로 빠져	0	0	1	0	0	0	0	0
야 생각해볼까	0	0	0	0	0	0	0	1
야 석공 조심해 석공 야 사고 죽여	0	0	0	0	0	0	0	1
야 선행이 재능 있네	0	0	1	0	0	0	0	0
야 셋이 가 야 셋이 가 셋이 가 삼각편데 가자 가자 좀 가자 가자아 이다	0	0	0	0	0	0	0	1
야 셋이서 하면은 그냥 땡기지 않고 그냥 끌고 가도 올라와지네 방금 나잇값을 못했다	0	0	0	0	0	0	0	1
야 손해가 우리한테 할 수 있겠지	0	0	0	0	0	0	0	1
야 수링 머쌈은 중책을 맡겨본다	0	0	1	0	0	0	0	0
야 시간 없어	0	0	1	0	0	0	0	0
야 시발 살려줘	1	0	0	0	0	0	0	0
야 시베르 시베르 뚜루뚜루핀	0	0	1	0	0	0	0	0
야 시작부터 잠깐만 큰일 났다	0	0	0	0	0	1	0	0
야 실 꼬인다 그러지마	0	0	1	0	0	0	0	0
야 실등이 꼬인다	0	0	1	0	0	0	0	0
야 쏘기 전에 가	0	0	0	0	0	0	0	1
야 쏴 쏴 쏴	0	0	1	0	0	0	0	0
야 쏴 쏴 존나 쏴	1	0	0	0	0	0	0	0
야 아까 빨리 흡수하는 거 나와	0	0	0	0	0	0	0	1
야 아까 하도 오래해서 렉걸렸나봐	0	0	0	0	0	0	0	1
야 아니 거기서 아니 맞아요	0	0	0	0	0	0	1	0
야 아니 둘 다 똑같아	0	0	1	0	0	0	0	0
야 아니 오우씨 빨리 빌려 빨리 빌려 빨리 먹어와 누가 아 진짜 잡기는 아 진짜 조심하다 저거는 피지컬이거든	0	0	0	0	1	0	0	0
야 아니 저를 왜 넣으려고 뭐야	0	0	0	0	1	0	0	0
야 아니면 야 이건 어떻고 이건 어떻고 뭐야 이거 뭐야	0	0	0	0	1	0	0	0
야 아니면 이거 생각을 바꿔서 다 딱 붙어봐	0	0	0	0	0	0	0	1
야 아직 1라운드야	0	0	1	0	0	0	0	0
야 안 내려오게	0	0	0	0	0	0	1	0
야 안 돼 뺏어	0	0	0	0	0	1	0	0
야 알아듣게 나 쏠 거니까	0	0	1	0	0	0	0	0
야 암살을 숙사치 일단은 내가 보고 있을 터니까 너네 3명이 가	0	0	0	0	0	0	0	1
야 앞에 아까 그 차인데	0	0	1	0	0	0	0	0
야 앞에 앞에	0	0	1	0	0	0	0	0
야 앞에서 멈추세요	0	0	1	0	0	0	0	0
야 앞으로 가 쏴라 각별	0	0	0	0	0	0	0	1
야 앞으로 앞으로 앞으로 아니 방금 밀렸어	0	0	1	0	0	0	0	0
야 애가 살짝 떨어지자 큰일 날 뻔 했네	0	0	0	0	0	1	0	0
야 애기 가	0	0	0	0	0	0	0	1
야 애기 때문에 가족 멸종하겠어	0	0	0	0	0	0	0	1
야 애기야	0	0	1	0	0	0	0	0
야 애들 왔냐	0	0	1	0	0	0	0	0
야 야 걸리지않아 저 위에 오징어 걸리는데	0	0	1	0	0	0	0	0
야 야 공공아 잡으면 안돼	0	0	0	0	0	1	0	0
야 야 나 아니야	0	0	1	0	0	0	0	0
야 야 더 더 더	0	0	1	0	0	0	0	0
야 야 보라색	0	0	1	0	0	0	0	0
야 야 야	0	0	1	0	0	0	0	0
야 야 야 10분 돌파 직접 야 나 나 알았어	0	0	1	0	0	0	0	0
야 야 야 담식이 축구하더니 볼 컨트롤 장난 아니다	0	0	1	0	0	0	0	0
야 야 야 암흑목이 떠오르기 시작했어	0	0	1	0	0	0	0	0
야 야 야 가운데 애를 떨궈야 돼 가운데 애를	0	0	0	0	0	0	0	1
야 야 야 생각을 해보자 우리 콩이 어떻게 나가야 되는데	0	0	0	0	0	1	0	0
야 야 야 천천히 해	0	0	0	0	0	0	0	1
야 야 야 얘들아	0	0	1	0	0	0	0	0
야 야 야 이렇게 간다니까	0	0	1	0	0	0	0	0
야 야 야 저거 뭐야	0	0	0	0	1	0	0	0
야 야 이거 던져	0	0	1	0	0	0	0	0
야 야 이루야 들어와 쟤 내보냈어	0	0	0	0	0	0	0	1
야 야 잠깐 잠깐	0	0	0	0	0	0	0	1
야 야 잠깐만 야 얘 보내고 있다	0	0	0	0	0	0	0	1
야 야 지옥에서 날아 들어왔다	0	0	1	0	0	0	0	0
야 야야야	0	0	1	0	0	0	0	0
야 얘 많이 맞았어	0	0	1	0	0	0	0	0
야 얘가 떨어지면 나도 떨어지는거야	0	0	0	0	0	0	0	1
야 얘들아	0	0	1	0	0	0	0	0
야 얘들아 설명 들어봐 저 네모 있지 정가운데로 가는거야	0	0	0	0	0	0	0	1
야 얘들아 얘들아 달려줘	0	0	1	0	0	0	0	0
야 얘들아 준비했다가 빨리 가야 되는 거 같아	0	0	0	0	0	0	0	1
야 얘들아 처음 치곤 잘했어	0	0	0	0	0	0	1	0
야 어 빨리 치워	0	0	0	0	0	0	0	1
야 어 한 명씩	0	0	1	0	0	0	0	0
야 어디가냐고 어디가냐고 야 여기서 T자에서 와리가리 치다가 얘가 오른쪽 지나가면은 우리가 따라가야돼	0	0	0	0	0	0	0	1
야 어디까지 가는 거냐	0	0	0	0	0	0	0	1
야 어떻게 올라가	0	0	0	0	0	1	0	0
야 어떻게 올라가 어디로 내가 보낼게임	0	0	0	0	0	1	0	0
야 어렵게 한 번만 해봐	0	0	0	0	0	0	0	1
야 어렵다	0	0	1	0	0	0	0	0
야 어렵다고하니까	0	0	1	0	0	0	0	0
야 어지러워	0	0	1	0	0	0	0	0
야 어쩔거인데	0	0	1	0	0	0	0	0
야 어차피 여기 위에 있는거네	0	0	1	0	0	0	0	0
야 어차피 이거 시간 걸렸어	0	0	1	0	0	0	0	0
야 얼굴 빨간 애	0	0	1	0	0	0	0	0
야 업어줘 안녕하세요	0	0	0	0	0	0	0	1
야 여기 볼살이 그냥 브르륵 나 갈래	0	0	1	0	0	0	0	0
야 여기 오른쪽 쌓을 생각해 쌓아 쌓아 아아 아아 아 됐어	0	0	0	0	0	0	0	1
야 여기 왜 인구 밀집지역이야	0	0	1	0	0	0	0	0
야 여기 있던데 누구야	0	0	1	0	0	0	0	0
야 여기 존나 미끄러워	1	0	0	0	0	0	0	0
야 여기서 여기 아줌마 여기에 저 매운거 강도 3개로 낮췄는데요	0	0	1	0	0	0	0	0
야 여기서 점프로 가자	0	0	0	0	0	0	0	1
야 연속적으로 쭉쭉 가 멈추지마	0	0	0	0	0	0	0	1
야 연습 더 해	0	0	0	0	0	0	0	1
야 열쇠 8개 데스 하나다	0	0	1	0	0	0	0	0
야 열쇠 빼서 와 빨리	0	0	0	0	0	0	0	1
야 열쇠 옮겨	0	0	1	0	0	0	0	0
야 옆에 이거 오거든	0	0	1	0	0	0	0	0
야 오른쪽	0	0	1	0	0	0	0	0
야 온 가족을 못살하겠어 이거	0	0	0	0	0	0	0	1
야 올라가 올라가 나 끌어댕겨	0	0	0	0	0	0	0	1
야 올라가야 돼	0	0	0	0	0	0	0	1
야 올려줘 올려줘	0	0	1	0	0	0	0	0
야 왜 그래	0	0	0	1	0	0	0	0
야 왜케잘해	0	0	0	0	0	0	1	0
야 요시 이거야 2학년 3반 자 이건 알죠	0	0	1	0	0	0	0	0
야 욕해도 돼요	0	0	0	0	0	0	0	1
야 우리 8년종통 양띵그루야 하나 둘 셋 야 나한테 좋은 방법이 있어	0	0	1	0	0	0	0	0
야 우리 [유저] 가 뒤에 있지않아 머리 뒤에 줘 머리 나도 가야돼	0	0	0	0	0	0	0	1
야 우리 가만히 있자 야야 [유저] 야 피해야지	0	0	0	0	0	0	0	1
야 우리 갔다	0	0	1	0	0	0	0	0
야 우리 사탕 먹지 말자 우리 주제는 사탕이야	0	0	1	0	0	0	0	0
야 우리 여기 걸려 푸다잉 야 이거 기둥에 걸려 푸는다잉 이거 이거 되는 거냐	0	0	1	0	0	0	0	0
야 우리 우리 8명 다 저짜랭지 많이 사용하는 사람들이라고 저짜랭지 사용분들 대박이다	0	0	0	0	0	0	1	0
야 우리 이거 구경하자 구경하자 구경하자 으악 어디가 버려 안 돼	0	0	0	0	1	0	0	0
야 우리 이렇게 할까	0	0	1	0	0	0	0	0
야 우리 작은 맵으로 가자	0	0	0	0	0	0	0	1
야 우리가 영초 선거 봤으니까 너네 1도에 해	0	0	0	0	0	0	0	1
야 우리끼리 때리지 마	0	0	1	0	0	0	0	0
야 우리다 우리다 [유저] 야 빨리 쏴 빨리 쏴 야야야	0	0	0	0	0	0	0	1
야 우와 재밌다	0	0	0	0	0	0	0	1
야 우주하마 유령 좀 만들어라	0	0	1	0	0	0	0	0
야 우츠를 왜 안 눌러	0	0	0	0	0	0	0	1
야 운전해볼 사람 운전해봐 오케이 화장실 갔다고하옵나 뭐야	0	0	0	0	1	0	0	0
야 움직이지 마	0	0	1	0	0	0	0	0
야 원거리 딜러 뭐야	0	0	0	0	1	0	0	0
야 원펀치 나와	0	0	0	0	0	0	0	1
야 원펀치 원펀치	0	0	1	0	0	0	0	0
야 위로 잠깐만 잠깐만 왜왜왜 어디로 가	0	0	0	0	0	0	0	1
야 위에 치워라	0	0	1	0	0	0	0	0
야 위에 턴을 움직이면 안 돼	0	0	0	0	0	1	0	0
야 위에가 위에가 그거네	0	0	0	0	0	0	0	1
야 이 관종새끼야	1	0	0	0	0	0	0	0
야 이 사람들 진짜 풍자하게 쓰면 어떻게 살았냐	0	0	0	0	0	1	0	0
야 이 새끼야	1	0	0	0	0	0	0	0
야 이 새끼야 나와라	1	0	0	0	0	0	0	0
야 이 쓰레기야 열쇠는 나한테 있다	1	0	0	0	0	0	0	0
야 이 자식 다 좋아 말아야지 저 블록 내가 만져야 되는 거 같은데	0	0	0	0	0	0	1	0
야 이 페이지는 몰랐네	0	0	1	0	0	0	0	0
야 이거 [유저] 캐릭터 저거 네모난거 저거 저기 왜 있냐	0	0	1	0	0	0	0	0
야 이거 가면 안 돼	0	0	0	0	0	1	0	0
야 이거 개꿀이잖아	0	0	1	0	0	0	0	0
야 이거 계단 만들어봐	0	0	0	0	0	0	0	1
야 이거 그러면 자리 차지 때문에 내가 오른쪽으로 갈까	0	0	0	0	0	0	0	1
야 이거 근데 열쇠 해야된다	0	0	0	0	0	0	0	1
야 이거 끌어들이는 거 이거 끌어주는 거 끌어주는 거 자석이다	0	0	1	0	0	0	0	0
야 이거 나도 올라가야 되나 보다	0	0	0	0	0	0	0	1
야 이거 난이도 조절이 왜 이래	0	0	0	0	1	0	0	0
야 이거 네모 박스 움직여줘야 돼	0	0	1	0	0	0	0	0
야 이거 다시 하는 느낌인데	0	0	1	0	0	0	0	0
야 이거 다주가 개 똥 싸놔서 이거 못해	1	0	0	0	0	0	0	0
야 이거 따닥이 된다	0	0	1	0	0	0	0	0
야 이거 맞냐	0	0	1	0	0	0	0	0
야 이거 머리 위에 있는 거 어때	0	0	1	0	0	0	0	0
야 이거 뭐냐	0	0	1	0	0	0	0	0
야 이거 뭐야	0	0	0	0	1	0	0	0
야 이거 박빙인데	0	0	1	0	0	0	0	0
야 이거 버튼 한번 이거 눌러볼래	0	0	0	0	0	0	0	1
야 이거 빨리 열어야돼	0	0	0	0	0	0	0	1
야 이거 사람들이 환장해	0	0	0	0	1	0	0	0
야 이거 삼식이였어	0	0	1	0	0	0	0	0
야 이거 소리 끼치네	0	0	1	0	0	0	0	0
야 이거 솔직히 장콩콩이 안 움직였어	0	0	1	0	0	0	0	0
야 이거 아까 아아	0	0	1	0	0	0	0	0
야 이거 아니야	0	0	1	0	0	0	0	0
야 이거 아이스 [유저] 있다	0	0	1	0	0	0	0	0
야 이거 악어가 진짜 칼각이다	0	0	0	0	0	0	0	1
야 이거 안 된다	0	0	1	0	0	0	0	0
야 이거 안 떨어져	0	0	1	0	0	0	0	0
야 이거 안돼	0	0	0	0	0	1	0	0
야 이거 안되지마	0	0	1	0	0	0	0	0
야 이거 암살 약등 암살 억울해서 한 명씩 가야 되나 봐	0	0	0	0	0	1	0	0
야 이거 앞에 힘들어	0	0	0	0	0	1	0	0
야 이거 어떡하냐	0	0	1	0	0	0	0	0
야 이거 어떡해	0	0	0	0	0	1	0	0
야 이거 어떻게 하는거야	0	0	0	0	0	1	0	0
야 이거 어떻게 해야 돼	0	0	0	0	0	1	0	0
야 이거 에이 씨발X 얘 아 다시매 하하하하하 어	1	0	0	0	0	0	0	0
야 이거 열어야돼	0	0	1	0	0	0	0	0
야 이거 영수 마자 이거 1 이야	0	0	1	0	0	0	0	0
야 이거 위에서 좋다 저거 어 이거 좋다	0	0	0	0	0	0	1	0
야 이거 이야	0	0	1	0	0	0	0	0
야 이거 잠깐만 되나 안 되나 보고 올게 분홍이 가만히 있어 잠깐만 이거 될 것 같은데 이거 분홍이가 못할 것 같은데 야 분홍아 이거 있잖아	0	0	0	0	0	0	0	1
야 이거 재밌다	0	0	1	0	0	0	0	0
야 이거 전부 다 먹고 한명이 에임해 알지	0	0	0	0	0	0	0	1
야 이거 조금도 틀릴거같은 예감 들거든	0	0	1	0	0	0	0	0
야 이거 조금만 움직이면 돼	0	0	1	0	0	0	0	0
야 이거 좋다	0	0	0	0	0	0	1	0
야 이거 좋았다	0	0	1	0	0	0	0	0
야 이거 줄로 왼쪽 거 열쇠를 먹고 오른쪽으로 끌어와야 돼	0	0	0	0	0	0	0	1
야 이거 지금 좋은데	0	0	1	0	0	0	0	0
야 이거 진짜 재밌다	0	0	1	0	0	0	0	0
야 이거 타자 와 와 와 할아버지 회춘 어 아 개빠르고 흐흐흐흐 와우 와우	0	0	0	0	0	0	0	1
야 이거 판 왜 이렇게 길어 여기까지 합시다	0	0	1	0	0	0	0	0
야 이거 하나가 남는 것 같아	0	0	0	0	0	0	0	1
야 이거 한 번씩 밖에 안 되나봐	0	0	0	0	0	0	0	1
야 이거 한 손밖에 안 써서 편하네	0	0	1	0	0	0	0	0
야 이거 한쪽 다 같이 먹어야 돼	0	0	0	0	0	0	0	1
야 이거 합작해야 된다	0	0	0	0	0	0	0	1
야 이거 해보자 이거 뭔데	0	0	0	0	0	0	0	1
야 이거 해킹 나겠어	0	0	0	0	0	0	0	1
야 이거다	0	0	1	0	0	0	0	0
야 이거를 그렇지 뭐 땡겨땡겨땡겨땡겨땡겨땡겨땡겨땡 그래 이거야	0	0	0	0	0	0	1	0
야 이거를 다면 안 되는 거네	0	0	1	0	0	0	0	0
야 이거를 세워가지고 여기 위에 나가는 거인가 보다	0	0	0	0	0	0	0	1
야 이건 깔짝	0	0	1	0	0	0	0	0
야 이건 뭐냐	0	0	1	0	0	0	0	0
야 이건 뭐지	0	0	1	0	0	0	0	0
야 이건 믿어야 돼	0	0	1	0	0	0	0	0
야 이걸 맞춰서 넣어	0	0	1	0	0	0	0	0
야 이것도 잘 봐 위에 야 위에 슈퍼스타가 한 명 가라	0	0	0	0	0	0	0	1
야 이것이 과반수 이상 안 떨어지면 버틸 수 있거든 오히려 혼자 가는 것보다 훨씬 협력하면 협력 야 끌어댕겨	0	0	0	0	0	0	0	1
야 이것이 너	0	0	1	0	0	0	0	0
야 이놈아 열어라	0	0	1	0	0	0	0	0
야 이놈아 응 버텨	0	0	1	0	0	0	0	0
야 이놈이씨 근데 이거 쫓아오면 어떡하지	0	0	0	0	1	0	0	0
야 이러면 너구리가 이거 덧점수 다 먹는 거 아니냐	0	0	0	0	0	0	0	1
야 이러면 새벽 2시에 끝난다고	0	0	1	0	0	0	0	0
야 이런거면 안 돼	0	0	0	0	0	1	0	0
야 이렇게 비켜 피해 피해 얘들아 피해 일단 딜할것이 막아줘야 되는거 같은데	0	0	0	0	0	0	0	1
야 이렇게 하는 거야	0	0	1	0	0	0	0	0
야 이번엔 이기면 끝난다	0	0	1	0	0	0	0	0
야 이번엔 진짜 이기면 [유저] 야 너 먼저 가	0	0	0	0	0	0	0	1
야 이새끼 아이스 [유저] 먹었어	1	0	0	0	0	0	0	0
야 이승이 흘리기	0	0	1	0	0	0	0	0
야 이제 늦게 오면 새끼 버려	1	0	0	0	0	0	0	0
야 이제는 책임할 [유저] 만들자	0	0	1	0	0	0	0	0
야 일곱명	0	0	1	0	0	0	0	0
야 일단 방패는 뒤로 꺼져봐	1	0	0	0	0	0	0	0
야 일단 세 봐 오케이 큰일났다	0	0	0	0	0	1	0	0
야 일로 오면 될 거 같아	0	0	1	0	0	0	0	0
야 일로 와 가보자	0	0	0	0	0	0	0	1
야 일로 와 더 와 더 와	0	0	0	0	0	0	0	1
야 일로 와봐	0	0	0	0	0	0	0	1
야 자기 것만 해	0	0	0	0	0	0	0	1
야 자는 것이 아니라 시간 충분	0	0	1	0	0	0	0	0
야 자면서 해 자면서 해 자면서 해 됐다	0	0	0	0	0	0	0	1
야 잘 봐줘야 돼	0	0	0	0	0	0	0	1
야 잘하세요	0	0	0	0	0	0	0	1
야 잠깐 이것이 한 명을 여기 떨궈가지고 컨트롤을 해야 되네	0	0	0	0	0	0	0	1
야 잠깐만 [유저] 이야 [유저] 못 잡음	0	0	0	0	0	0	0	1
야 잠깐만 우후후후후후 야 자리 anxiety 미지 말아요 수용자 미지 마요	0	0	0	0	0	0	0	1
야 잠깐만 이거 근데 이거 우리도 못 가지 않나	0	0	0	0	0	0	0	1
야 잠깐만 이거 인원수 이상이면 떨어진다	0	0	0	0	0	0	0	1
야 잠깐만 잠깐 정신차려 야 Dont stop OK	0	0	0	0	0	0	0	1
야 잠깐만 저거 뭐야	0	0	0	0	1	0	0	0
야 잠깐만 점프를 한 번에 점프를 한 번에 아니 개새끼야 올라 올라 올라 땡겨줘 땡겨줘 오케이 오케이 한 번에 한 번에 한 번에 형 나와 나와 점프해야 돼	1	0	0	0	0	0	0	0
야 잠수 타놓고 잤네	0	0	1	0	0	0	0	0
야 잡았어	0	0	1	0	0	0	0	0
야 재미 뽑았다	0	0	1	0	0	0	0	0
야 쟤 뭐지	0	0	1	0	0	0	0	0
야 저 걸치기 좀 어려운데	0	0	1	0	0	0	0	0
야 저 두대만지면 다 죽어 미안한데 두대만지면 다 죽어	1	0	0	0	0	0	0	0
야 저 모기	0	0	1	0	0	0	0	0
야 저 친구 내가 데리고 다녀야겠다	0	0	0	0	0	0	0	1
야 저거 개탈이 나갔어	0	0	1	0	0	0	0	0
야 저거 꼈다	0	0	1	0	0	0	0	0
야 저거 뭐야	0	0	0	0	1	0	0	0
야 저거 밟으면 안된다	0	0	1	0	0	0	0	0
야 저거 아예 쭉 내려갔을때 절로 가야되는데	0	0	0	0	0	0	0	1
야 저거 일단 제대로 잡아야 돼	0	0	1	0	0	0	0	0
야 저거 저거 저거 쳐야돼	0	0	1	0	0	0	0	0
야 저것도 가져와 오케이 이제 알았다	0	0	0	0	0	0	1	0
야 저것이 아파	0	0	1	0	0	0	0	0
야 저기 좀 지원 좀 해야겠어	0	0	0	0	0	0	0	1
야 저기 치스피인 가능 나 잘못났어	0	0	0	1	0	0	0	0
야 저기로 간다고	0	0	1	0	0	0	0	0
야 저리 안가	0	0	0	0	0	0	0	1
야 전기총을 어떻게해 사람이 전기를 어떻게해요	0	0	0	0	0	1	0	0
야 전기총이야 야	0	0	1	0	0	0	0	0
야 전달은 머리 위에서 되는 거 아니야	0	0	1	0	0	0	0	0
야 점프 좀 해봐	0	0	0	0	0	0	0	1
야 점프는 어떻게 해	0	0	0	0	0	1	0	0
야 점프도 해야돼	0	0	0	0	0	0	0	1
야 점프로 가	0	0	0	0	0	0	0	1
야 점프를 잘해야지 하나씩 템포 템포 착착착착 이렇게 점프해야 돼	0	0	0	0	0	0	1	0
야 점프를 하면 안돼	0	0	0	0	0	1	0	0
야 정말 W 계속 눌려 떨어지면 W 계속 눌러 시발 버그넣어 왜 버그넣다 버그넣어	1	0	0	0	0	0	0	0
야 정이 미쳤나	1	0	0	0	0	0	0	0
야 제발 너 움직여 야 너 움직여 오야	0	0	1	0	0	0	0	0
야 조금만 끝이야	0	0	1	0	0	0	0	0
야 조심해 조심해 나 넣었다 문고총 그냥 닿으면 죽을까	0	0	0	0	0	0	0	1
야 조용해져	0	0	0	0	0	0	0	1
야 졸리다 아 뭐 이거 6단계가 마지막이라고하는 것 같던데요	0	0	0	0	0	0	0	1
야 좀 거리 이자 쇼 쇼 이어	0	0	1	0	0	0	0	0
야 좀 마시자	0	0	1	0	0	0	0	0
야 좀 왼쪽으로 가자 왼쪽으로 한번 점프하고 멈췄다	0	0	0	0	0	0	0	1
야 좀 잘하는 애들이 미사일 해야 돼	0	0	0	0	0	0	0	1
야 좋았다 좋았다 좋았다	0	0	1	0	0	0	0	0
야 죽지 마봐	0	0	0	0	0	0	0	1
야 준비했다가 빨리 가자	0	0	0	0	0	0	0	1
야 중래가 오른쪽으로 가	0	0	0	0	0	0	0	1
야 중력이가 이번에 참여했네요	0	0	0	0	0	0	0	1
야 지금 게이지 있을 때 저 앞에 아 이제 밑에 사람 먼저 가 위에 사람들은 그냥 멈춰주세요	0	0	0	0	0	0	0	1
야 지금 그렇지	0	0	0	0	0	0	1	0
야 지금 나도 공격 소리 이어	0	0	1	0	0	0	0	0
야 지금 다 죽었어	0	0	0	0	0	1	0	0
야 지금 상황 봐라	0	0	0	0	0	0	0	1
야 진짜 깬다는 생각으로 점프 그렇지 오케이 여기서 야 멈추고 멈추고 멈추고	0	0	0	0	0	0	1	0
야 진짜 꺼져 이제 이제 이제 진짜로 할거야	1	0	0	0	0	0	0	0
야 진짜 미친놈이다	1	0	0	0	0	0	0	0
야 진짜 생일빵 받고 싶냐고	0	0	1	0	0	0	0	0
야 진짜 야 들어갈 때까지 나와주지마 벽 세워 들어갈 때까지 아 진짜 나빴어	0	0	0	0	1	0	0	0
야 진짜 지금 안 깨겠단 듯이 쟤 야 근데 안 깨겠다는 거지	0	0	1	0	0	0	0	0
야 진짜 피지컬 레지컬 어떻게 두개가 딸려	0	0	0	0	0	1	0	0
야 차 타고 가자 차 태초만 갈 뻔했어	0	0	0	0	0	0	0	1
야 차라리 내가 나을 수도 있어	0	0	0	0	0	0	0	1
야 처벌기	0	0	1	0	0	0	0	0
야 초각아	0	0	1	0	0	0	0	0
야 초록아 땡겨 빨리 오기야	0	0	0	0	0	0	0	1
야 총 올라온다	0	0	1	0	0	0	0	0
야 최대한 이쪽에 있어야 돼	0	0	1	0	0	0	0	0
야 코렐라 꺼져	1	0	0	0	0	0	0	0
야 콩아 고개 숙여 울 멈춰 멈춰 멈춰	0	0	0	0	0	0	0	1
야 콩콩아 이거 노잼 조합이다	0	0	1	0	0	0	0	0
야 콩콩이 바로 먹어	0	0	1	0	0	0	0	0
야 테트리스 나 여기 나 여기 네 아이가 또 더 더 더 아 이거 아이기 좋다	0	0	0	0	0	0	1	0
야 특별한 [유저] 이건 뭐야	0	0	0	0	1	0	0	0
야 팔 내려 [유저] 팔 내려 그래 좋아	0	0	0	0	0	0	1	0
야 팔 모아	0	0	1	0	0	0	0	0
야 프로처럼 해보자 프로답게 자 어떻게 하면 되겠어	0	0	0	0	0	1	0	0
야 피가 엄청 많아	0	0	0	0	0	0	0	1
야 하고 있어봐	0	0	0	0	0	0	0	1
야 하나로 할 수 있다	0	0	1	0	0	0	0	0
야 하나를 놓치면 게임 끝나는거 아니겠지	0	0	1	0	0	0	0	0
야 하필 왜 여기서 말이 없다고 하는거야	0	0	1	0	0	0	0	0
야 한 개로 한 개로 꽂아 아 틀리면 안 해도 되는구나	0	0	0	0	0	0	0	1
야 한 대라도 맞으면 죽어	1	0	0	0	0	0	0	0
야 한 마디만 하자	0	0	1	0	0	0	0	0
야 한 명은 연못을 물었어야지	0	0	1	0	0	0	0	0
야 할아버지 관절 아프다	0	0	1	0	0	0	0	0
야 혹시 이런 거 어떤데	0	0	1	0	0	0	0	0
야 혼자 다니면 무섭지 않을까요	0	0	1	0	0	0	0	0
야 화내지 말자	0	0	1	0	0	0	0	0
야 황금 황금 어딨어	0	0	1	0	0	0	0	0
야 회색아	0	0	1	0	0	0	0	0
야골로 해 [유저] 하셔서 눌러야 했다	0	0	0	0	0	0	0	1
야기야 사랑해	0	0	0	0	0	0	0	1
야씨 트월킹 바로 갈게	0	0	1	0	0	0	0	0
야아 앞으로 가라메	0	0	0	0	0	0	0	1
야아아아 아니 [유저] 야 나한테 도와줘 던졌어	0	0	0	0	1	0	0	0
야아아아아 자 윤호님 밀어드리고 자 그만 밀어 너무 많이 밀지마	0	0	0	0	1	0	0	0
야아아아아아	0	0	0	0	1	0	0	0
야아아아아아아아아아아아아아아아	0	0	0	0	1	0	0	0
야아아아아악 아니 왜 뒤로가 아니 노란색님 준비되셨어요	0	0	0	0	1	0	0	0
야아아아악	0	0	0	0	1	0	0	0
야야 0 0 초에서 4초 사이 누르네 는 거지	0	0	1	0	0	0	0	0
야야 같이 가는 거야	0	0	0	0	0	0	0	1
야야 그린 너 너무 빨라	0	0	1	0	0	0	0	0
야야 너 이루면 점프 한 번 야 이루가 아닌데 이 새끼야 가도 가도 가도	1	0	0	0	0	0	0	0
야야 너무 느리다	0	0	1	0	0	0	0	0
야야 눌러 눌러 눌러	0	0	0	0	0	0	0	1
야야 다다다 야야	0	0	1	0	0	0	0	0
야야 부상자 발색 부상자 발색 좀 추봐요 아픈데 너무 아픈데	0	0	0	0	0	0	0	1
야야 싸우지 마 강아지랑 애기 흐흐흐흐 야 어어 가족끼리 그러는 거 아니야	0	0	0	0	0	0	0	1
야야 아이씨 강냉이 다 빼줘요	0	0	0	0	1	0	0	0
야야 야야	0	0	1	0	0	0	0	0
야야 야야 하나 둘 하나 둘 하나 둘 하나 둘 하나 둘 하나 둘 아	0	0	1	0	0	0	0	0
야야 올려 올려 끌어올려 끌어올려 이자 기우자 앞으로 출발 갔죠	0	0	1	0	0	0	0	0
야야 우리 죽어 우리 죽어	1	0	0	0	0	0	0	0
야야 우리 줄에 연결되니까 실득이다	0	0	1	0	0	0	0	0
야야 이다 이다 이다	0	0	1	0	0	0	0	0
야야 전등 타고 가는 거야 해봐 전등이 안 잡혀	0	0	0	0	0	0	0	1
야야 하트 그려 하트 그려	0	0	1	0	0	0	0	0
야야 합쳐하자 합쳐하자 선생님 뭐 하시는 거예요	0	0	1	0	0	0	0	0
야야 해봐	0	0	0	0	0	0	0	1
야야야 강아지 넘겨 강아지	0	0	1	0	0	0	0	0
야야야 계속 가세	0	0	0	0	0	0	0	1
야야야 나와 나와 나와	0	0	0	0	0	0	0	1
야야야 나와 나와 나와 살려줘	0	0	0	0	0	0	0	1
야야야 나와라	0	0	0	0	0	0	0	1
야야야 땡겨주고 그렇지	0	0	0	0	0	0	1	0
야야야 빨리 빨리 야 문 여는거 뒤집게돼 문 여는거 뒤집게돼 길 비켜줘	0	0	0	0	0	0	0	1
야야야 빨리 빨리 와 야야야야 뒤로 와 내 뒤로 와 오오 여기 와 든든해 든든해 든든하다	0	0	0	0	0	0	0	1
야야야 싸워	0	0	1	0	0	0	0	0
야야야 야 너 해봐	0	0	0	0	0	0	0	1
야야야 어디 잡아 자꾸 야 나가자 나가자 야 가자 나가자 야 자 개 따라와 야 한설아 얘 좀 제대로 지켜봐	0	0	0	0	0	0	0	1
야야야 오지마라 가지고 가	0	0	0	0	0	0	0	1
야야야 올라가 먹어	0	0	0	0	0	0	0	1
야야야 이 쓰레기야	1	0	0	0	0	0	0	0
야야야 잘살렸다	0	0	1	0	0	0	0	0
야야야 잠깐만 아 왜 그래	0	0	0	1	0	0	0	0
야야야 하하하 안녕하세요	0	0	0	0	0	0	0	1
야야야야 건드리지 말라고 써있지않아 가만히 좀 있어라 가만히 제발 한 번에 깨보자 한 번 좀 멈춰봐봐 서로 건드리지 말고 조금씩 조금씩 움직여 그렇지 거리 유지하란 말이야	0	0	0	0	0	0	1	0
야야야야 야 나 끊었대요	0	0	1	0	0	0	0	0
야야야야 올라가서 오네들 다 때려버려 왕자계순죽입니다	0	0	0	0	0	0	0	1
야야야야야 앞으로 더 가 더 가 더 가 야 더 더 더 아이 장년도 나 주학생 앞으로 좀 가라고 이 주학생 이 쳐다 패	0	0	0	0	0	0	0	1
야야야야야야	0	0	1	0	0	0	0	0
야야야야야야야	0	0	1	0	0	0	0	0
야야야야야야야야야	0	0	1	0	0	0	0	0
야야야야야야야야야 올라가 올라가 올라가	0	0	0	0	0	0	0	1
야야야야야야야야야야야야야야야야야야 아 방금 무슨	0	0	1	0	0	0	0	0
야어 버튼 누른다	0	0	1	0	0	0	0	0
야와아 오오오오오 오오오오오오오오오오오오오오오오오오오오오오오오오오오오오오오오오오오오오오 갈게요	0	0	0	0	0	0	0	1
야이 [유저] 가 아니었군 야 근데 이것이 중요해	0	0	0	0	0	0	0	1
야이 죄송해요	0	0	0	0	0	0	0	1
야하하하하하 으아아아 연호 선생님	0	0	0	0	1	0	0	0
야호 야호 우와 이거 봐요	0	0	0	0	0	0	0	1
야호 한번 해도 돼요	0	0	0	0	0	0	0	1
약 얘기가 이걸 이 애기가 그 애기가 맞나	0	0	0	0	0	0	0	1
약간 ADHD인가	0	0	0	0	0	0	0	1
약간 걸려	0	0	1	0	0	0	0	0
약간 괜찮아	0	0	1	0	0	0	0	0
약간 그 [유저] 같네	0	0	1	0	0	0	0	0
약간 그런 생각이 드는 친구 있죠	0	0	1	0	0	0	0	0
약간 그렇게 됐다	0	0	1	0	0	0	0	0
약간 렌박 렌박 느낌으로 아 어렵다	0	0	1	0	0	0	0	0
약간 멘트가 맘에 안드는데 고고고 뭔가 스피드런인가	0	0	0	0	0	0	0	1
약간 신호등 느낌인데	0	0	1	0	0	0	0	0
약간 실제로 [유저] 들어가면 더 아픈데	0	0	0	0	0	0	0	1
약간 움직인다 좀 일자로 서줘 일자로 위아래 겹쳐 잠깐만 저 밑에 꼈어요	0	0	0	0	0	0	0	1
약간 유머인 척 하면서 그냥 죽던데	0	0	1	0	0	0	0	0
약점프 하나 둘 서잇 어 방금 그 약점프 서잇 어 되네	0	0	0	0	0	0	0	1
얍 어 출생 보호하러 자고 어 어 내가 하에 으 아 아 아 뭐 너 이거 받아야 될 거라고 하늘 야 알맞게 해서 딸 야 거기에 넣어 2번 배하지 말아야 동통이야	0	0	0	0	0	0	0	1
양 팀과 콩콩 야 그리고 여기 가운데 열쇠 가운데 열쇠 한 명 올라와 한 명 올라와 쉬워 쉬워 쉬워	0	0	0	0	0	0	0	1
양딩 나랑 짝꿍할래	0	0	1	0	0	0	0	0
양딩 둘이 동시에 뛰는거인가	0	0	0	0	0	0	0	1
양땡 양땡 먹어 양땡 먹어	0	0	1	0	0	0	0	0
양띠원들이 콩콩이가 먹었는데 그 콩콩이를 [유저] 님이 먹었어요	0	0	0	0	0	0	0	1
양띵 오 쟤 빠른데 움직이지마 움직이지마 움직이지마	0	0	1	0	0	0	0	0
양띵 잘한다	0	0	0	0	0	0	1	0
양띵누라 색깔이길래 아니 깔자 깔자 깔자	0	0	1	0	0	0	0	0
양보하세요	0	0	0	0	0	0	0	1
양식은 저거 어이없어 하면 안 된	0	0	0	0	1	0	0	0
양으로 갈게요	0	0	1	0	0	0	0	0
양중 언니 급한단	0	0	1	0	0	0	0	0
양탱이 눈곱 바로 위 왜 나만	0	0	1	0	0	0	0	0
양틴 공 주지마 양틴 공 주지마	0	0	1	0	0	0	0	0
양파에 양파죠	0	0	1	0	0	0	0	0
얘 그만 집 장래 괴롭혀 멈춰 어 멈췄다	0	0	0	0	0	1	0	0
얘 끊는 거 봐	0	0	0	0	0	0	0	1
얘 내 옆에 노란색 얘 이상하게 접니다	0	0	1	0	0	0	0	0
얘 다 죽었는데	0	0	0	0	0	1	0	0
얘 대가리 위에 올라가 이거 한 명이 올라가서 올려주는 거다	0	0	0	0	0	0	0	1
얘 두번째 폭탄이 있는데	0	0	1	0	0	0	0	0
얘 땡겨와야돼	0	0	0	0	0	0	0	1
얘 또 죽어 바닥 닿으면 고 어 그냥 앞으로 나아가야 되는 거 같은데	1	0	0	0	0	0	0	0
얘 막 이럴 것 같지 않아	0	0	1	0	0	0	0	0
얘 방금 별 모양이었어	0	0	1	0	0	0	0	0
얘 샷을 해야 돼 이거 기본적으로	0	0	0	0	0	0	0	1
얘 손 힘이 풀리는 것 같아	0	0	1	0	0	0	0	0
얘 시선 공포증 있거든 시선 보면 돼	0	0	1	0	0	0	0	0
얘 얘 얘 잠깐만 잠깐 저거 못 먹었어	0	0	0	0	0	0	0	1
얘 이 새끼 안 맞아	1	0	0	0	0	0	0	0
얘 잡아야겠다 얘 내가 잡을것이 내가 내가 [유저] 할것이 내가 [유저] 내가 [유저] 할것이 [유저] 그렇지	0	0	0	0	0	0	1	0
얘 좋아요	0	0	0	0	0	0	1	0
얘 터봐 어	0	0	0	0	0	0	0	1
얘가 딱 나올 때 얼른해야지	0	0	0	0	0	0	0	1
얘가 딱 지나갈때 기다렸다가 자 아이차 언제가야돼	0	0	0	0	0	0	0	1
얘가 먹으러 가는데 아 아래로 가야 돼	0	0	0	0	0	0	0	1
얘가 뭐예요	0	0	0	0	0	0	0	1
얘가 바로 여기 떨어지니까 일단 일단 일단은 더 밀어봐	0	0	0	0	0	0	0	1
얘네 따라가면 돼요	0	0	0	0	0	0	0	1
얘네 열심히 온다 줄에 매달려있는 제끼 저거 저거 애기새끼 저거 애기니까 그렇지	1	0	0	0	0	0	0	0
얘네가 길을 한 번 더 와야겠다	0	0	0	0	0	0	0	1
얘네들 아직 도전 중인가	0	0	0	0	0	0	0	1
얘네만 있어요	0	0	1	0	0	0	0	0
얘는 막아줘야 되는데	0	0	1	0	0	0	0	0
얘는 왜 이러는거야	0	0	0	0	1	0	0	0
얘들 따라가야지 어디야	0	0	0	0	0	0	0	1
얘들아 가자	0	0	0	0	0	0	0	1
얘들아 가자 가자 가자 좋아 좋아 좋아 오케이 자 올라가 올라가서 여기 가져와요	0	0	0	0	0	0	1	0
얘들아 가자 한 명씩 건너가 한 명씩 건너가 할 수 있지	0	0	0	0	0	0	0	1
얘들아 간격을 해야 된다는데 이런법 좀 아냐 아냐 나 할 수 있어	0	0	0	0	0	0	0	1
얘들아 간다 간다 상식 믿어	0	0	1	0	0	0	0	0
얘들아 갈 생각이 없나 보다	0	0	1	0	0	0	0	0
얘들아 공 두개 세개야	0	0	1	0	0	0	0	0
얘들아 그냥 넘어가자 보니까 여기는 이 통나무 이거 이거 드럼통 타고 가야 되는 거 같아 드럼통을 타고 한 명씩 가야 되는 거 같아 드럼통을 잘 타야 돼	0	0	0	0	0	0	0	1
얘들아 그냥 다 잊어버리는것이 좋아	0	0	0	0	0	0	1	0
얘들아 기억해봐 일단 외워 우리 각자 위치를 기억해 [유저] 야 나 먼저 지나갈게 나 나 나 여기 가야된다	0	0	0	0	0	0	0	1
얘들아 꺼져	1	0	0	0	0	0	0	0
얘들아 나 내가 갈래 한 명만 가야지 한 명만 윤효가 가봐	0	0	0	0	0	0	0	1
얘들아 나 지금 모기 발견 잠깐만 와 미쳤나봐	1	0	0	0	0	0	0	0
얘들아 나와봐봐	0	0	0	0	0	0	0	1
얘들아 내가 지켜줄게	0	0	0	0	0	0	0	1
얘들아 니네 나한테 고마워해라	0	0	0	0	0	0	1	0
얘들아 뒤로와 뒤로 뒤로 그치 좋아 좋아 자 마지막 노란색까지 올라가고 이제 빨간색만 움직이면 돼	0	0	0	0	0	0	1	0
얘들아 머리 위에서 나와야지	0	0	0	0	0	0	0	1
얘들아 뭐야	0	0	0	0	1	0	0	0
얘들아 미안	0	0	1	0	0	0	0	0
얘들아 미안하다	0	0	1	0	0	0	0	0
얘들아 버그	0	0	1	0	0	0	0	0
얘들아 빨리 깨고 빨리 퇴근하는 거 어때	0	0	0	0	0	0	0	1
얘들아 빨리 타	0	0	0	0	0	0	0	1
얘들아 사랑해	0	0	0	0	0	0	0	1
얘들아 살려줘	0	0	1	0	0	0	0	0
얘들아 세레모니 준비해	0	0	0	0	0	0	0	1
얘들아 숨이 많이 뜨겁다	0	0	1	0	0	0	0	0
얘들아 스테이 인 더 [유저] 이래	0	0	1	0	0	0	0	0
얘들아 앞으로 온다	0	0	1	0	0	0	0	0
얘들아 얘들아	0	0	1	0	0	0	0	0
얘들아 얘들아 내가 맨 위에 올라가면 돼	0	0	0	0	0	0	0	1
얘들아 얘들아 얘들아 잘하자	0	0	1	0	0	0	0	0
얘들아 어디야	0	0	1	0	0	0	0	0
얘들아 우리 필요와	0	0	0	0	0	0	0	1
얘들아 우리 협동을 한번 해볼까	0	0	0	0	0	0	0	1
얘들아 워터 먹고 왔어	0	0	1	0	0	0	0	0
얘들아 위 안에도 싸	0	0	1	0	0	0	0	0
얘들아 이거 놀랍게도 지금 우리 1단계다	0	0	1	0	0	0	0	0
얘들아 이거 뭐야	0	0	0	0	1	0	0	0
얘들아 이거야	0	0	1	0	0	0	0	0
얘들아 이것이 침착하면 산다고하니까 호랑이도 불에 가면 산다고하잖아	0	0	0	0	0	0	0	1
얘들아 일렬로 있으라고 아 일렬로 있으면 돼	0	0	1	0	0	0	0	0
얘들아 일로 와봐	0	0	0	0	0	0	0	1
얘들아 자기 플레이란 걸 생각해 협동 아니고 자기 플레이야	0	0	0	0	0	0	0	1
얘들아 잘하자	0	0	1	0	0	0	0	0
얘들아 잘하자 [유저] 캐치 나 봤다	0	0	1	0	0	0	0	0
얘들아 잘했어	0	0	0	0	0	0	1	0
얘들아 잠깐만	0	0	0	0	0	0	0	1
얘들아 점프랑 같이 눌러야 되는거 아니야	0	0	0	0	0	0	0	1
얘들아 정지당하는 건 안 된다	0	0	1	0	0	0	0	0
얘들아 제발 이러지마	0	0	1	0	0	0	0	0
얘들아 주황색	0	0	1	0	0	0	0	0
얘들아 주황색 얘들아 주황색	0	0	1	0	0	0	0	0
얘들아 체키됐어	0	0	1	0	0	0	0	0
얘들아 초록공 야 초록공	0	0	1	0	0	0	0	0
얘들아 친구들아	0	0	1	0	0	0	0	0
얘들아 침착하게 해보자	0	0	0	0	0	0	0	1
얘들아 큰일 났다	0	0	0	0	0	1	0	0
얘들아 희망은 남아있어	0	0	1	0	0	0	0	0
얘들이 와	0	0	0	0	0	0	0	1
얘를 못 참겠다	0	0	1	0	0	0	0	0
얘를 봐 다 같이 보면 바뀐다고	0	0	0	0	0	0	0	1
얘한테 욕해도 돼요	0	0	0	0	0	0	0	1
어 1번이 보고 1번이 보고 1번 보고 있어 1번 보고 있어 유령 불러	0	0	1	0	0	0	0	0
어 2명 2명씩 2명 2명씩 머리 위에 있자	0	0	1	0	0	0	0	0
어 2번부터	0	0	1	0	0	0	0	0
어 30이 멍 때리네	0	0	1	0	0	0	0	0
어 6번 올라가 6번 올라가 신호 줘 신호 줘 자 8번	0	0	0	0	0	0	0	1
어 W S D W D D D S D 잠깐만 이거 이상하다	0	0	0	0	0	0	0	1
어 [유저]	0	0	1	0	0	0	0	0
어 [유저] [유저]	0	0	1	0	0	0	0	0
어 [유저] [유저] [유저] 가 [유저] 가 [유저] 가 [유저] 가 [유저] 가 어 먼저 올라간 사람 있지	0	0	0	0	0	0	0	1
어 [유저] [유저] 와 팀대의 확률 업	0	0	0	0	0	0	0	1
어 [유저] 구워졌다	0	0	1	0	0	0	0	0
어 [유저] 애들이 너무 인색하다	0	0	1	0	0	0	0	0
어 [유저] 오빠 손대모사 해드릴까요	0	0	0	0	0	0	0	1
어 [유저] 가 살아있네	0	0	0	0	0	0	0	1
어 [유저] 가 줄여 밟고 올라가세요	0	0	0	0	0	0	0	1
어 [유저] 야 잡을 수 있어	0	0	1	0	0	0	0	0
어 [유저] 이가 죽었다 [유저] 이가 살았는데	0	0	0	0	0	1	0	0
어 [유저] 이다	0	0	1	0	0	0	0	0
어 [유저] 이야 누가 비즈만 끌고 오네	0	0	0	0	0	0	0	1
어 [유저] 한테 말해야 되는 거 아니야	0	0	0	0	0	0	0	1
어 가불기야	0	0	0	0	0	0	0	1
어 가운데였어	0	0	0	0	0	0	0	1
어 강아지가 저기 있네	0	0	0	0	0	0	0	1
어 같이 가자	0	0	0	0	0	0	0	1
어 개질렸어	0	0	1	0	0	0	0	0
어 객단이 생겨 아아아아아아아 아아아아아아 사이즈가 다르잖아	0	0	0	0	1	0	0	0
어 거기 올라갔네	0	0	1	0	0	0	0	0
어 걱정하지마	0	0	1	0	0	0	0	0
어 걸었어	0	0	1	0	0	0	0	0
어 검정색이 판정이야	0	0	1	0	0	0	0	0
어 게이지 게이지 신경써	0	0	1	0	0	0	0	0
어 공격을 먼저 하고 가야죠	0	0	0	0	0	0	0	1
어 괜찮아	0	0	1	0	0	0	0	0
어 괜찮아 괜찮아	0	0	1	0	0	0	0	0
어 괜찮았어	0	0	1	0	0	0	0	0
어 괜찮으세요	0	0	1	0	0	0	0	0
어 귤 귤채 체리 밀어버리기 밀어버리기 아까비 이거 또 외워야 돼	0	0	0	0	0	0	0	1
어 그거 똑같이 해 아까처럼 하면 돼 간다	0	0	0	0	0	0	0	1
어 그냥 굴러가	0	0	0	0	0	0	0	1
어 그냥 냅다 땡겨 야 다시 다시 꼬였잖아	0	0	1	0	0	0	0	0
어 그냥 여기로 가	0	0	0	0	0	0	0	1
어 그냥 이거 파도 타기로 그냥 다 뛰면 될 거 같은데	0	0	1	0	0	0	0	0
어 그니까 그니까 그렇게 하자 오케이 오케이 응 아 잠깐 잠깐 잠깐 아아아아아 아아아아아아 아 잠잠잠잠잠잠	0	0	0	0	1	0	0	0
어 그니까 그렇게 해서 가둬야 돼	0	0	0	0	0	0	0	1
어 그래 강아지야 네가 해라	0	0	0	1	0	0	0	0
어 그래 야 다주야 먹고 와 먹고 와	0	0	0	0	0	0	1	0
어 그래 탭 눌러서 이걸로 소통해 점	0	0	0	0	0	0	1	0
어 그래그래	0	0	0	0	0	0	1	0
어 그래서 이거 조심해서 가야 돼	0	0	0	0	0	0	1	0
어 그러네	0	0	1	0	0	0	0	0
어 그런가 봐	0	0	0	0	0	0	0	1
어 그런거 같은데	0	0	1	0	0	0	0	0
어 그렇죠	0	0	1	0	0	0	0	0
어 그렇지	0	0	0	0	0	0	1	0
어 그렇지 그렇지 [유저] 아 개쉐익이야	0	0	0	0	0	0	1	0
어 그렇지 성공할 수 있을 것 같아 빨리 빨리 빨리 오케이 좋아 좋아 오토바이 올라온다	0	0	0	0	0	0	1	0
어 그쯤에 떨어지는 거 있다	0	0	1	0	0	0	0	0
어 그치 그치 아 저기 뭐야	0	0	0	0	1	0	0	0
어 근데 계단이 안 돼	0	0	0	0	0	1	0	0
어 근데 맞아	0	0	0	0	0	0	1	0
어 근데 맨 위도 가야 되는데	0	0	0	0	0	0	0	1
어 근데 배고파서 죽을 거 같은데 이제	0	0	1	0	0	0	0	0
어 근데 잘 출려고했는데 그래도 넥이야	0	0	0	0	0	0	1	0
어 근데 잠깐만	0	0	0	0	0	0	0	1
어 근데 한 명 어디갔지	0	0	1	0	0	0	0	0
어 기다려	0	0	0	0	0	0	0	1
어 기술명 외쳐 기술명 기술명 외쳐요	0	0	1	0	0	0	0	0
어 깜짝이야	0	0	1	0	0	0	0	0
어 나 2번째야	0	0	1	0	0	0	0	0
어 나 Porsche 힘내 쉬워 아 왜 패쉬인걸로 싸워	0	0	0	0	0	0	1	0
어 나 나 밟아 나 밟아	0	0	1	0	0	0	0	0
어 나 들어오자마자 뚤뚤함이 들어왔어 바로	0	0	1	0	0	0	0	0
어 나 맞았다	0	0	1	0	0	0	0	0
어 나 방금 쫄았어	0	0	1	0	0	0	0	0
어 나 버텨볼게	0	0	1	0	0	0	0	0
어 나 봐줘 봐줘	0	0	0	0	0	0	0	1
어 나 빨강이네	0	0	1	0	0	0	0	0
어 나 여기 재밌어	0	0	1	0	0	0	0	0
어 나 있어요	0	0	1	0	0	0	0	0
어 나 진짜 어지러 현기증 나	0	0	1	0	0	0	0	0
어 나 찾았어	0	0	1	0	0	0	0	0
어 나는 내 공으로 하는 중 그냥 자기 앞쪽에 오는 공 받을것이 내 머리 위에 오는 공 있다	0	0	1	0	0	0	0	0
어 나도 4등	0	0	1	0	0	0	0	0
어 나도 그래	0	0	0	0	0	0	1	0
어 나름 놀러 그래 판정 깔끔하네	0	0	0	0	0	0	1	0
어 나쁘지 않아 나쁘지 않아 지나갑니다	0	0	1	0	0	0	0	0
어 나야 못되게 생겼다	0	0	1	0	0	0	0	0
어 나와 비켜 비켜 비켜 오케이 오케이 아싸 열쇠득 아싸 어 뺏겼다 뺏겼어	0	0	0	0	0	0	1	0
어 난 간다 할 수 있어	0	0	1	0	0	0	0	0
어 난 너같이 안 뒤져	1	0	0	0	0	0	0	0
어 내 친구 반가워	0	0	0	0	0	0	0	1
어 내가 제일 늦게 찾은 거 같아	0	0	0	0	0	0	0	1
어 내려 오케이 내려가고 자 여기서 자 반응해줘 다 반응해줘 반응 반응 아아아 자 한 발에 가자 한 발에 가자 한 발에 가자 한 번 더 한 번 더 오케이 오케이 가자 가자 맨파 여기서 반응해야 돼	0	0	0	0	1	0	0	0
어 내려갈게	0	0	1	0	0	0	0	0
어 내려와 내려와 내려와	0	0	0	0	0	0	0	1
어 너 몇 반이야	0	0	1	0	0	0	0	0
어 너가 누르고 와 [유저] 가 버튼 해	0	0	0	0	0	0	0	1
어 너는 좀 아가리 좀 해	0	0	0	0	0	0	0	1
어 넌 진짜 최선을 다했다	0	0	1	0	0	0	0	0
어 넣을 수 있네 꺼내 쓰려면 어떻게 하지	0	0	0	0	0	1	0	0
어 네네 어흐 왜 연기를 하는거야	0	0	1	0	0	0	0	0
어 네네 저기 있네	0	0	1	0	0	0	0	0
어 노잼 덕개야 노잼이었어	0	0	1	0	0	0	0	0
어 누가 이뤄 더 아름다워서 아 뭐야	0	0	0	0	1	0	0	0
어 누나 머리 막아줘	0	0	1	0	0	0	0	0
어 다 다시 다시 다시	0	0	1	0	0	0	0	0
어 다 풀렸다	0	0	1	0	0	0	0	0
어 다 했습니다	0	0	1	0	0	0	0	0
어 다시 올라와야 돼	0	0	0	0	0	0	0	1
어 다시 해봐	0	0	0	0	0	0	0	1
어 다행이다	0	0	1	0	0	0	0	0
어 당신 그렇게까지 박자를 잘 맞추면 하나 둘 셋	0	0	1	0	0	0	0	0
어 대단한 발견입니다	0	0	0	0	0	0	1	0
어 더 막아봐	0	0	0	0	0	0	0	1
어 됐다 그리고 후추가 후추 먹고 선행이 먹고 내가 누가 뭐가 얘	0	0	0	0	0	0	0	1
어 됐다 됐다 됐다	0	0	1	0	0	0	0	0
어 두 명씩 어떻게 하는진 알았어	0	0	0	0	0	1	0	0
어 뒤에 헬창있어	0	0	1	0	0	0	0	0
어 뒤질 뻔했어	0	0	1	0	0	0	0	0
어 들어왔다	0	0	1	0	0	0	0	0
어 따뜻해	0	0	0	0	0	0	0	1
어 때렸어요	0	0	1	0	0	0	0	0
어 또 연결된 거다	0	0	1	0	0	0	0	0
어 뛰어내서 아 미리 이렇게 올라가야지	0	0	0	0	0	0	0	1
어 마지막 라운드 [유저] 슬랜	0	0	1	0	0	0	0	0
어 막 그냥 걸어온다	0	0	1	0	0	0	0	0
어 막았다	0	0	1	0	0	0	0	0
어 막히네	0	0	1	0	0	0	0	0
어 말하자마자	0	0	1	0	0	0	0	0
어 망령처럼 거기 있어	0	0	1	0	0	0	0	0
어 망치 망치	0	0	1	0	0	0	0	0
어 망치다 뭐야	0	0	0	0	1	0	0	0
어 망했어	0	0	0	0	0	1	0	0
어 먹어 먹어	0	0	1	0	0	0	0	0
어 먹어 먹어 먹어	0	0	1	0	0	0	0	0
어 먹어봐 와 아쉽지만 재갈이가 택했다	0	0	0	0	0	0	0	1
어 몰리왔어	0	0	1	0	0	0	0	0
어 못해야지 이것이 이거 말고 하나 정도 더 해도 될 거 같은데 여러 가지 어 이거 스킬 vs 장치 이거 재밌대	0	0	0	1	0	0	0	0
어 문 열었다 됐어	0	0	1	0	0	0	0	0
어 물차올랐다	0	0	1	0	0	0	0	0
어 뭐가 이상하다 매력이 달라졌어	0	0	0	0	0	0	0	1
어 뭐고가	0	0	0	0	0	0	0	1
어 미세조정이 힘드네	0	0	1	0	0	0	0	0
어 미안해	0	0	0	0	0	0	0	1
어 미안해요	0	0	0	0	0	0	0	1
어 미쳤다 형 어 뭐야	1	0	0	0	0	0	0	0
어 밀어 밀어 밀어	0	0	0	0	0	0	0	1
어 밀어 밀어 밀어 밀러오라고하으세요 제발 아 이거 답답해 죽겠네	0	0	0	0	0	0	0	1
어 밀어줘 밀어줘 잘하게 떨어지게 왜냐면 밀어줄게 아예 밀어줄게	0	0	0	0	0	0	0	1
어 바뀌었네	0	0	1	0	0	0	0	0
어 바뀌었어	0	0	1	0	0	0	0	0
어 발봐봐 커진 상태로 두개 밟나 본데	0	0	0	0	0	0	0	1
어 방금 될뻔 했는데 어떻게 한거냐	0	0	0	0	0	1	0	0
어 버텨 덕혜야 버텨 내가 저기 폭탄 던질것이 버티고 있어 기다려봐 버티고 있어 조금만 버텨 덕혜가 거기 있어 오 버텨 못 맞췄지롱 못 맞췄지롱 못 맞췄지롱 못 맞췄지요	0	0	0	0	0	0	0	1
어 블럭이 뭐지	0	0	1	0	0	0	0	0
어 비싸네	0	0	1	0	0	0	0	0
어 비켜줘야 돼	0	0	0	0	0	0	0	1
어 빨라졌어	0	0	1	0	0	0	0	0
어 빨리 없어진다	0	0	0	0	0	0	0	1
어 살았나요	0	0	1	0	0	0	0	0
어 살았는데 야	0	0	1	0	0	0	0	0
어 삼식하나 후추하나 삼식이 먼저 삼식이 먼저 삼식하나 삼식이 먼저였음	0	0	1	0	0	0	0	0
어 선행이가 열쇠 운반을 잘해	0	0	0	0	0	0	1	0
어 소수는 난 잠깐만 열쇠 열쇠 열쇠 남자수 남자수 남자수 왼쪽 왼쪽 [유저] 왼쪽으로 가라	0	0	0	0	0	0	0	1
어 수고해요	0	0	0	0	0	0	0	1
어 쉽잖아	0	0	1	0	0	0	0	0
어 스펀지 어디 온다	0	0	1	0	0	0	0	0
어 시발 타협 안 해	1	0	0	0	0	0	0	0
어 실을 수 있는데	0	0	1	0	0	0	0	0
어 싫어요	0	0	1	0	0	0	0	0
어 씨발 우리끼리도 죽네	1	0	0	0	0	0	0	0
어 아 나야	0	0	1	0	0	0	0	0
어 아 너무 강하다	0	0	1	0	0	0	0	0
어 아 됐습됐습니다	0	0	1	0	0	0	0	0
어 아 두대만지면 죽는구나	0	0	1	0	0	0	0	0
어 아 오케이 오케이 오케이 알았어	0	0	0	0	0	0	1	0
어 아까 오 깜짝이야	0	0	1	0	0	0	0	0
어 아까처럼 하면 되겠다	0	0	1	0	0	0	0	0
어 아니 저거 내가 여기서 선행이가 갈거면 선행이는 내가 끌고 선행아 이거 블럭을 빨아볼래 한번	0	0	0	0	0	0	0	1
어 아니네	0	0	1	0	0	0	0	0
어 아니야 그냥 하면 되겠다	0	0	1	0	0	0	0	0
어 아닌거 같았어	0	0	1	0	0	0	0	0
어 아직까지 안 자지 초반에 [유저] 가 꿀빠네	1	0	0	0	0	0	0	0
어 안 돼 그 나쁜 거 긁지마	0	0	0	0	0	1	0	0
어 안전하게	0	0	1	0	0	0	0	0
어 알았어	0	0	1	0	0	0	0	0
어 야 [유저] 안 누르고 아주 좋다	0	0	0	0	0	0	1	0
어 야 못 올라가겠는데 나	0	0	0	0	0	0	0	1
어 야 뭔 소리야	0	0	1	0	0	0	0	0
어 야 야 야 이거 밀면 안 돼	0	0	0	0	0	1	0	0
어 야 얘들아 진짜 너네 왜 그래	0	0	0	0	1	0	0	0
어 야 여기 저 극한까지 붙었다	0	0	1	0	0	0	0	0
어 야 이거 되게 중요하다	0	0	1	0	0	0	0	0
어 야 이거 버스 가능이네	0	0	0	0	0	0	0	1
어 야 이거 야 이거 편하다	0	0	1	0	0	0	0	0
어 야 이거 왜 안 되냐	0	0	1	0	0	0	0	0
어 야 이거 크포로 하자	0	0	1	0	0	0	0	0
어 야 쟤 뭐야	0	0	0	0	1	0	0	0
어 야야 그렇게 그렇게 소리 지르면 왜요 왜요 그것이 저 길드장 아니야	0	0	1	0	0	0	0	0
어 야야 미안 가만있어	0	0	0	0	0	0	0	1
어 야야야 야 잠깐만	0	0	0	0	0	0	0	1
어 얘 누구야	0	0	1	0	0	0	0	0
어 얘 타고 가는 거인가 봐	0	0	0	0	0	0	0	1
어 얘들아 날 믿어	0	0	1	0	0	0	0	0
어 어 뭐야	0	0	0	0	1	0	0	0
어 어 야 밀린다	0	0	1	0	0	0	0	0
어 어 야 야 오케이 열어 열어 열어 나야	0	0	0	0	0	0	1	0
어 어 어	0	0	1	0	0	0	0	0
어 어 어 고마워요	0	0	0	0	0	0	1	0
어 어 어 야 밀어 밀어 밀어	0	0	0	0	0	0	0	1
어 어 어 조금만 더 오른쪽 아니야	0	0	1	0	0	0	0	0
어 어 어 죽겠네	0	0	1	0	0	0	0	0
어 어디가 편했어	0	0	0	0	0	0	0	1
어 어디서 저 주인이 안 보니까 지금 뭐 한 거야	0	0	1	0	0	0	0	0
어 어떡해	0	0	0	0	0	1	0	0
어 어떻게	0	0	0	0	0	1	0	0
어 어떻게 되나 보자 그 다음에 이걸 눌러야 되네	0	0	0	0	0	1	0	0
어 어떻게 올라갔어	0	0	0	0	0	1	0	0
어 언니 [유저] scripture 이오오시오 조화 들여다 틀어봐	0	0	0	0	0	0	0	1
어 언니 여기 저 와주셔야 돼요	0	0	0	0	0	0	0	1
어 엄청 어려운데	0	0	1	0	0	0	0	0
어 업고와 짐꾼 올릴 수 있어	0	0	0	0	0	0	0	1
어 업었다	0	0	1	0	0	0	0	0
어 엉침 어디갔어	0	0	1	0	0	0	0	0
어 에이 에이 에이	0	0	1	0	0	0	0	0
어 엑스레이터 아 아 촉수들이 이렇게 올라오는데 하지마라 진 SFHAAHAHAHAHAHAHA 이거 3초 이다	0	0	1	0	0	0	0	0
어 여기 [유저] 있다	0	0	1	0	0	0	0	0
어 여기 가 여기 가 너 여기 가 됐어	0	0	0	0	0	0	0	1
어 여기 다 풀린 거라고	0	0	1	0	0	0	0	0
어 여기 여기 여기 나 보이죠	0	0	1	0	0	0	0	0
어 여기 왼쪽에 뭐가 있네 뭐가 많은데	0	0	0	0	0	0	0	1
어 여기까지 파피 오케이 3부 봐 3부 뭐야	0	0	0	0	1	0	0	0
어 여기로 가 여기로 가 너 여기로 가	0	0	0	0	0	0	0	1
어 여기를 계단을 이렇게 쌓아가지고 아 다들 나오라고 밑에 사람이 그냥 쭉 가면은 일자로 될 거 같애	0	0	0	0	0	0	0	1
어 여기서	0	0	1	0	0	0	0	0
어 여기서 먹자 이거	0	0	1	0	0	0	0	0
어 여기야	0	0	1	0	0	0	0	0
어 여자들 키스폰 아 뭐야	0	0	0	0	1	0	0	0
어 역시 야 근데 중간에 중간에 핑이 120관 250관 그래요	0	0	0	0	0	0	1	0
어 열리는데 곧 있으면 몇 줄 안 남았어 몇 줄 안 남았어	0	0	1	0	0	0	0	0
어 오케이	0	0	0	0	0	0	1	0
어 오케이 알았어	0	0	0	0	0	0	1	0
어 올라왔어	0	0	1	0	0	0	0	0
어 와 이거 큰일났네	0	0	0	0	0	1	0	0
어 왔구나 그래 넘어가자	0	0	0	0	0	0	1	0
어 왜 살아났지	0	0	1	0	0	0	0	0
어 왜 왜 어어어 갑자기 아 돈 걸렸어	0	0	1	0	0	0	0	0
어 왜냐면 너 혼자 있을 때 거기 멈춰야 돼	0	0	0	0	0	0	0	1
어 요렇게 뜻이	0	0	1	0	0	0	0	0
어 우리 완전체제 우리 지금 딱 느낌 알았어	0	0	1	0	0	0	0	0
어 우리 팀	0	0	1	0	0	0	0	0
어 우리가 이긴거야	0	0	0	0	0	0	0	1
어 운으로 해	0	0	0	0	0	0	0	1
어 움직이지마 움직이지마 아래에 있다가 많이 올라왔다	0	0	0	0	0	0	0	1
어 위에 위에 야 어 어 어 저거 지렁이를 못 피하는 거야	0	0	1	0	0	0	0	0
어 이거 가자	0	0	0	0	0	0	0	1
어 이거 계단 나 계단 쌓아서 한 명씩 가보자	0	0	0	0	0	0	0	1
어 이거 계단 쌓고 올라가야돼	0	0	0	0	0	0	0	1
어 이거 그거다 이거 약간 좌우로 하는 것 같은데 언니 이거 최근에 했던 그 [유저] 패드 삼식이랑 했던 그거 같아	0	0	1	0	0	0	0	0
어 이거 그건데	0	0	1	0	0	0	0	0
어 이거 그건데 고릴라 그 통굴리는 그 고전게임	0	0	1	0	0	0	0	0
어 이거 깼다 깼다 깼다	0	0	0	0	0	0	1	0
어 이거 높게 안 해도 될 것 같아	0	0	0	0	0	0	0	1
어 이거 다시 해야 돼	0	0	0	0	0	0	0	1
어 이거 따주세요	0	0	1	0	0	0	0	0
어 이거 뭐야	0	0	0	0	1	0	0	0
어 이거 쌓아야 돼 쌓아야 돼	0	0	1	0	0	0	0	0
어 이거 오케이 아 뭐지	0	0	0	0	0	0	1	0
어 이거 이거 뭐죠	0	0	1	0	0	0	0	0
어 이거 이거 삶이 어렵긴해	0	0	0	0	0	0	0	1
어 이거 재밌다	0	0	1	0	0	0	0	0
어 이거 점프하면 피겨가는데	0	0	0	0	0	0	0	1
어 이거 좀 잘리는데	0	0	1	0	0	0	0	0
어 이거 죽으면 안되는 거인가 본데	0	0	0	0	0	0	0	1
어 이거 죽으면은 어 이거 쌓아서 가는 거 같은데	0	0	0	0	0	0	0	1
어 이거 타고 가는 거네	0	0	0	0	0	0	0	1
어 이거는 못 밀어 서로 못 밀어가지고 아니 한 줄로 가야돼	0	0	0	0	0	0	0	1
어 이건 뭐야	0	0	0	0	1	0	0	0
어 이건 쉽지 범인이 확실하네 짠	0	0	1	0	0	0	0	0
어 이것이 맞는 거 같아	0	0	1	0	0	0	0	0
어 이것이 움직이네	0	0	1	0	0	0	0	0
어 이겼다	0	0	0	0	0	0	1	0
어 이겼어	0	0	0	0	0	0	1	0
어 이러면 되겠다	0	0	1	0	0	0	0	0
어 이렇게	0	0	1	0	0	0	0	0
어 이렇게 좀 잡으면서 내려가면 되긴 하거든	0	0	0	0	0	0	0	1
어 이렇게 해볼까요	0	0	0	0	0	0	0	1
어 이렇게 헤	0	0	1	0	0	0	0	0
어 이제 앞으로 천천히 가차가차 선야가 바로 같이 따라와줘야 돼	0	0	0	0	0	0	0	1
어 인생의 수치나 인생의 수치야	0	0	1	0	0	0	0	0
어 일로 점프해봐 점프해봐 들어와봐	0	0	0	0	0	0	0	1
어 자 그렇지 밀어주세요	0	0	0	0	0	0	1	0
어 자 설명까지 해줬어요	0	0	0	0	0	0	0	1
어 자 이거 뭐 어떻게 가	0	0	0	0	0	1	0	0
어 자기 다리만 아 다행이다	0	0	1	0	0	0	0	0
어 자기 캐릭터랑 생각하고 자 갑니다	0	0	1	0	0	0	0	0
어 잘한다	0	0	0	0	0	0	1	0
어 잘했다	0	0	0	0	0	0	1	0
어 잠깐만	0	0	0	0	0	0	0	1
어 잠깐만 근데 이거 여기서 님들아 여기 개 쉬운 길 있는데요	0	0	0	0	0	0	0	1
어 잠깐만 나 죽어	1	0	0	0	0	0	0	0
어 잠깐만 잠깐만 야 틀린다	0	0	0	0	0	0	0	1
어 잠깐만 핀이 바뀌었어	0	0	0	0	0	0	0	1
어 잠시만	0	0	1	0	0	0	0	0
어 잡아줄게 잡아줄게 잡아줄게	0	0	1	0	0	0	0	0
어 잡았네	0	0	1	0	0	0	0	0
어 재밌겠다	0	0	1	0	0	0	0	0
어 저 발판 밟고 튕겨 올라가는 것 같은데 아 아 아 그런거 같애	0	0	0	0	0	0	0	1
어 저 방법을 생각했어요	0	0	1	0	0	0	0	0
어 저 열쇠 하려고 왔잖아	0	0	1	0	0	0	0	0
어 저 저 저 가야 돼	0	0	0	0	0	0	0	1
어 저 저 저	0	0	1	0	0	0	0	0
어 저거 눌러야지	0	0	0	0	0	0	0	1
어 저거 저거 저거 내가 대답을 할것이 아니 저거 바닥만 메꾸면 돼 바닥만 야 문 열어	0	0	0	0	0	0	0	1
어 저기 어디있다	0	0	1	0	0	0	0	0
어 저렇게 해야겠다	0	0	0	0	0	0	0	1
어 저스 폴	0	0	1	0	0	0	0	0
어 점프하면 이렇게 되네	0	0	0	0	0	0	0	1
어 제가 [유저] 로 궤도가 달라	0	0	0	0	0	0	0	1
어 제가 봤어요	0	0	0	0	0	0	0	1
어 제발 시키야	0	0	1	0	0	0	0	0
어 조심조심 어 오른쪽 봐주세요	0	0	0	0	0	0	0	1
어 좀 빨리 가줘 돈 푸시 돈 [유저] 좀 빨리 가달라니까 몬푸시 몰라	0	0	0	0	0	0	0	1
어 좋다 좋다	0	0	0	0	0	0	1	0
어 좋아요	0	0	0	0	0	0	1	0
어 좋았다 좋았다	0	0	1	0	0	0	0	0
어 좋았어	0	0	0	0	0	0	1	0
어 좋은 새끼다	1	0	0	0	0	0	0	0
어 좌우로 가자	0	0	0	0	0	0	0	1
어 죄송합니다	0	0	1	0	0	0	0	0
어 죽은 줄 알았어	0	0	1	0	0	0	0	0
어 줬더라	0	0	1	0	0	0	0	0
어 지가 볐어	0	0	0	0	0	0	0	1
어 지금 여기서 그걸 하려고 하는데 [유저] 님 티스피드 보여주세요	0	0	1	0	0	0	0	0
어 지금 좀 어지럽거든 잠깐만 나 나 좀 어지러워 지나갑니다	0	0	0	0	0	0	0	1
어 지금 좀 지워졌어	0	0	1	0	0	0	0	0
어 지금이다	0	0	1	0	0	0	0	0
어 지번대로 출발한다	0	0	1	0	0	0	0	0
어 진짜 못했어	0	0	1	0	0	0	0	0
어 진짜 운없다	0	0	1	0	0	0	0	0
어 진짜 좀 재밌을 것 같지 않아	0	0	1	0	0	0	0	0
어 짝짝짝짝 야 그만 그만	0	0	0	0	0	1	0	0
어 쭉 가봐 쭉 가봐	0	0	0	0	0	0	0	1
어 체크 포인트 가자 가자	0	0	0	0	0	0	0	1
어 커졌어	0	0	1	0	0	0	0	0
어 커피 1등	0	0	1	0	0	0	0	0
어 태여봐 어 [유저] 이오 큰일 날거 같다	0	0	0	0	0	1	0	0
어 티스피드 하려고 했어	0	0	1	0	0	0	0	0
어 파란색 옮겨줘야 돼	0	0	1	0	0	0	0	0
어 파랑님 아아 어어어 괜찮으세요	0	0	1	0	0	0	0	0
어 편하다	0	0	1	0	0	0	0	0
어 하나만 가자 가자 밟아잇 점프 점프 이오 됐다 넘어가 넘어가 여기서 깨야 돼	0	0	0	0	0	0	0	1
어 한 명이 컨트롤 되겠네	0	0	1	0	0	0	0	0
어 한 줄 한 줄 야 팔아줘 팔아줘 자리팔아	0	0	1	0	0	0	0	0
어 한줄 깎았어	0	0	1	0	0	0	0	0
어 할 수 있음	0	0	1	0	0	0	0	0
어 할만해	0	0	0	0	0	0	0	1
어 해봐 해봐	0	0	0	0	0	0	0	1
어 해봐 해봐 놔봐	0	0	0	0	0	0	0	1
어 해야 돼	0	0	0	0	0	0	0	1
어 혹시 선행님	0	0	1	0	0	0	0	0
어 황 [유저] 개 못한다	0	0	1	0	0	0	0	0
어 회복돼 회복돼 어 회복된 상태야	0	0	1	0	0	0	0	0
어 힐 된다	0	0	1	0	0	0	0	0
어 힐이 되는데	0	0	1	0	0	0	0	0
어그로 풀린 이 자는 걸 깨우지 말아야 돼요	0	0	1	0	0	0	0	0
어그로 풀면 안돼	0	0	0	0	0	1	0	0
어그로 풀어야돼	0	0	1	0	0	0	0	0
어그로를 위로 위에서 위에서 와야지	0	0	0	0	0	0	0	1
어깨가 어깨가 다시 해 다시 해 다시 해 다시 해 알았어	0	0	0	0	0	0	0	1
어니 호오오오오오옹 날리게 어 나야 나야	0	0	1	0	0	0	0	0
어두씨 그런거 드는거 아니야	0	0	1	0	0	0	0	0
어두울 때 움직이는데 그대도 멈춰라	0	0	0	0	0	0	0	1
어둠에 여기다 뭘 찾네 뭘 찾는거인가봐	0	0	0	0	0	0	0	1
어디 가는 거야 이거	0	0	0	0	0	0	0	1
어디 가는 거예요	0	0	0	0	0	0	0	1
어디 갔냐	0	0	1	0	0	0	0	0
어디 갔어	0	0	1	0	0	0	0	0
어디 갔어요	0	0	1	0	0	0	0	0
어디 만져 왜 말을 안 괜찮은 거 같아	0	0	1	0	0	0	0	0
어디 아아 까비 아 이것이 시간 지나면 그거 되나	0	0	1	0	0	0	0	0
어디 위로 타야 되나 본데	0	0	1	0	0	0	0	0
어디 있어	0	0	1	0	0	0	0	0
어디가서 삐져버려 하지마 밥 가지고 오면 안 돼	0	0	0	0	0	1	0	0
어디계세요	0	0	1	0	0	0	0	0
어디까지 가	0	0	0	0	0	0	0	1
어디다 놨는지 기억이 안 나네	0	0	1	0	0	0	0	0
어디로 가	0	0	0	0	0	0	0	1
어디로 가나요	0	0	0	0	0	0	0	1
어디로 가는거야	0	0	0	0	0	0	0	1
어디로 가라고	0	0	0	0	0	0	0	1
어디로 가야 돼	0	0	0	0	0	0	0	1
어디로 가야돼	0	0	0	0	0	0	0	1
어디로 갈지 뭐라 그랬냐고요	0	0	1	0	0	0	0	0
어디로 데려다 드릴까요	0	0	1	0	0	0	0	0
어디로 떨어지는 거야 이 대가리 빡대가리 새끼야	1	0	0	0	0	0	0	0
어디로 여행 가기로 했더라	0	0	0	0	0	0	0	1
어디로 올라가야 될까	0	0	0	0	0	0	0	1
어디로 올라와 어디로 올라와 뭘 어디로 올라와 이 늙은아 아으 내려왔다 흐흐흐 제 별이 내려갑니다	0	0	0	0	0	0	0	1
어디서 주문하면 돼	0	0	1	0	0	0	0	0
어디서 죽었을까	0	0	0	0	0	1	0	0
어디서 화를 이 끼가 빨리 나가 마이크 안되면 안돼	0	0	0	0	0	1	0	0
어디에 남아있어	0	0	1	0	0	0	0	0
어딜 가야 돼 어디로 가야 돼	0	0	0	0	0	0	0	1
어딜 갈래	0	0	1	0	0	0	0	0
어딜 그런 바삐 전화하시오	0	0	1	0	0	0	0	0
어딜 막고 있는거야	0	0	1	0	0	0	0	0
어딜 열어줘요	0	0	1	0	0	0	0	0
어따 버리고 왔지	0	0	1	0	0	0	0	0
어때 없애버렸네요	0	0	1	0	0	0	0	0
어때 이 새키야 나 언제해	0	0	0	0	0	0	0	1
어때 이 새키야 어때 이 새키야 나 언제해	0	0	0	0	0	0	0	1
어때 이 새키야 절대 배지마라	0	0	1	0	0	0	0	0
어떡하라고	0	0	1	0	0	0	0	0
어떤 개병신	1	0	0	0	0	0	0	0
어떤 개새끼 못 배워 처먹은 새끼가	1	0	0	0	0	0	0	0
어떤 놈이야	0	0	1	0	0	0	0	0
어떤 또라이냐	1	0	0	0	0	0	0	0
어떤 못 배워	0	0	1	0	0	0	0	0
어떤데 승차감 어떤데 아주 더럽네요	0	0	1	0	0	0	0	0
어떻게 가	0	0	0	0	0	1	0	0
어떻게 가는 거야 근데	0	0	0	0	0	1	0	0
어떻게 가져오지	0	0	0	0	0	1	0	0
어떻게 가지	0	0	0	0	0	1	0	0
어떻게 갔어	0	0	0	0	0	1	0	0
어떻게 건너가 이래가지고	0	0	0	0	0	1	0	0
어떻게 건너가 이래가지고 로켓 로켓 로켓 로켓을 내가 여기다 설치할것이 여기다 설치해서 로켓을 타고 들어가자 어때 이것이 뭐야	0	0	0	0	1	0	0	0
어떻게 건드리는 거야	0	0	0	0	0	1	0	0
어떻게 그래	0	0	0	0	0	1	0	0
어떻게 끈거야	0	0	0	0	0	1	0	0
어떻게 나가	0	0	0	0	0	1	0	0
어떻게 나와	0	0	0	0	0	1	0	0
어떻게 다 눌러 봐봐	0	0	0	0	0	1	0	0
어떻게 다시 해주세요	0	0	0	0	0	1	0	0
어떻게 당겨	0	0	0	0	0	1	0	0
어떻게 데리고 가지	0	0	0	0	0	1	0	0
어떻게 돌아올거인데	0	0	0	0	0	1	0	0
어떻게 됐어	0	0	0	0	0	1	0	0
어떻게 됐어 어떻게 됐어	0	0	0	0	0	1	0	0
어떻게 되나 보자	0	0	0	0	0	1	0	0
어떻게 되는지	0	0	0	0	0	1	0	0
어떻게 되면 이런 일이 식이	0	0	0	0	0	1	0	0
어떻게 된 거야	0	0	0	0	0	1	0	0
어떻게 된 거야 이것이	0	0	0	0	0	1	0	0
어떻게 들어가야 돼	0	0	0	0	0	1	0	0
어떻게 들어가요	0	0	0	0	0	1	0	0
어떻게 매냐	0	0	0	0	0	1	0	0
어떻게 먹어	0	0	0	0	0	1	0	0
어떻게 먹어요 이거	0	0	0	0	0	1	0	0
어떻게 바꿔	0	0	0	0	0	1	0	0
어떻게 반대로 오든지	0	0	0	0	0	1	0	0
어떻게 보여	0	0	0	0	0	1	0	0
어떻게 보이냐	0	0	0	0	0	1	0	0
어떻게 빨아들여요	0	0	0	0	0	1	0	0
어떻게 쓰는거야	0	0	0	0	0	1	0	0
어떻게 오는데	0	0	0	0	0	1	0	0
어떻게 올라가	0	0	0	0	0	1	0	0
어떻게 올라가지 이제	0	0	0	0	0	1	0	0
어떻게 올라와 저 콩이	0	0	0	0	0	1	0	0
어떻게 왜 왜 이거 왜 그래	0	0	0	1	0	0	0	0
어떻게 이거 6번 7번 좀 더 가야돼	0	0	0	0	0	1	0	0
어떻게 일단 올라가야 될까	0	0	0	0	0	1	0	0
어떻게 잡아 손 오 됐다	0	0	0	0	0	1	0	0
어떻게 저렇게 달려	0	0	0	0	0	1	0	0
어떻게 저렇게 못하냐	0	0	0	1	0	0	0	0
어떻게 죽여야 하는지 알았지	0	0	0	0	0	1	0	0
어떻게 지나간 거야	0	0	0	0	0	1	0	0
어떻게 지나갈 거인데	0	0	0	0	0	1	0	0
어떻게 탈까	0	0	0	0	0	1	0	0
어떻게 트위치 프서빵 한번 더 가	0	0	0	0	0	1	0	0
어떻게 하냐면 올라가야겠죠	0	0	0	0	0	1	0	0
어떻게 하노 깔다깔다	0	0	0	0	0	1	0	0
어떻게 하는 거냐	0	0	0	0	0	1	0	0
어떻게 하는 거야	0	0	0	0	0	1	0	0
어떻게 하는 거인데 이거	0	0	0	0	0	1	0	0
어떻게 하는 거인데 이거 위를 차지하는 것 같아요	0	0	0	0	0	1	0	0
어떻게 하는 거인지 알려줘 봐	0	0	0	0	0	1	0	0
어떻게 하는 거일까 이 게임이	0	0	0	0	0	1	0	0
어떻게 하는거야	0	0	0	0	0	1	0	0
어떻게 하는거지	0	0	0	0	0	1	0	0
어떻게 하는지 모르겠다	0	0	0	0	0	1	0	0
어떻게 하면 좋아	0	0	0	0	0	1	0	0
어떻게 한번 해보자 협동을 나 노라고한거 그렇지 그렇지 이런식으로 그래 그래 그래 이렇게 올라왔습니다	0	0	0	0	0	1	0	0
어떻게 한번 해보자 협동을 나 노란거 이걸 여기다 해서 그렇지 그렇지 그렇지 이런식으로 그래그래 그래그래그래그래 이렇게 올라왔습니다	0	0	0	0	0	1	0	0
어떻게 할 거야	0	0	0	0	0	1	0	0
어떻게 할거야	0	0	0	0	0	1	0	0
어떻게 할려고했노	0	0	0	0	0	1	0	0
어떻게 해 좀 더 당겨봐 위에 사람 좀 더 당겨봐	0	0	0	0	0	1	0	0
어떻게 해야 돼	0	0	0	0	0	1	0	0
어떻게 해야 되냐면 여기 가서 위로 올려줘야 돼	0	0	0	0	0	1	0	0
어떻게una 아니 tema한테 어떻게 해석해 지금 Caesar할게요	0	0	0	0	0	1	0	0
어떻게든 욕하고 싶은 거 아니에요	0	0	0	0	0	1	0	0
어렵긴 하네	0	0	1	0	0	0	0	0
어렵긴 하다	0	0	1	0	0	0	0	0
어르신 어디가요	0	0	0	0	0	0	0	1
어르신 올라간다	0	0	1	0	0	0	0	0
어르신 컷 어르신 컷 나 기력이 없어 [유저] 야 잡고만 있어	0	0	1	0	0	0	0	0
어릴떠게 방방이 다 받으셨네요	0	0	1	0	0	0	0	0
어머머 좀 더 동감해 줘	0	0	0	0	0	0	0	1
어서 오세요	0	0	0	0	0	0	0	1
어어 가봐	0	0	0	0	0	0	0	1
어어 님 마이크 돼요	0	0	1	0	0	0	0	0
어어 봉 본인들이 안 맞았나 봐	0	0	0	0	0	0	0	1
어어 야야야 어	0	0	1	0	0	0	0	0
어어 어 안 자지	1	0	0	0	0	0	0	0
어어 어어	0	0	1	0	0	0	0	0
어어 어어 어어	0	0	1	0	0	0	0	0
어어 어어 어어 안 돼	0	0	0	0	0	1	0	0
어어 어어어	0	0	1	0	0	0	0	0
어어 왜 못해 써서 왜요 아 뭐 만지 마 아이도 아이가 둘러야 돼	0	0	0	1	0	0	0	0
어어 잠깐만 야 니 아 잠깐만 어 제가 이쪽으로 점프해서 들어가면 밖으로 나와지네요	0	0	0	0	0	0	0	1
어어어 그래도 어어어 호요 어떻게 들어와야 돼	0	0	0	0	0	1	0	0
어어어 그렇지 어이 무서워라 씨 떨어지겠다	0	0	0	0	0	0	1	0
어어어 놀래라	0	0	1	0	0	0	0	0
어어어 야 야 야	0	0	1	0	0	0	0	0
어어어 어어 어어	0	0	1	0	0	0	0	0
어어어 여기도 아 아니구나	0	0	1	0	0	0	0	0
어어어어 어어	0	0	1	0	0	0	0	0
어어어어어	0	0	1	0	0	0	0	0
어어어어어 중력 뒤에 뒤에 뒤에	0	0	1	0	0	0	0	0
어어어어어어어 어아 어어 어어어	0	0	1	0	0	0	0	0
어어어어어어어어어 갑니다	0	0	1	0	0	0	0	0
어어어여 좋았고 좋았고 좋았고 자기야 가자 자기야 가자 자기야 발로 타면 안된다	0	0	0	0	0	0	0	1
어우 [유저] 이야	0	0	1	0	0	0	0	0
어우 나 얘들아 얘들아 나한테 왜그래	0	0	0	0	0	0	1	0
어우 몇 번을 밟히는 거야	0	0	1	0	0	0	0	0
어우 뭐야	0	0	0	0	1	0	0	0
어우 살았다	0	0	0	0	0	0	1	0
어우 쉽다 뭐야	0	0	0	0	1	0	0	0
어우 씨 친구들이 협동의 협자도 모르기 때문에 제가 리더로서 제가 [유저] 로서 한번 이끌어보도록 하겠습니다	0	0	0	0	0	0	0	1
어우 아우기가 같네	0	0	0	0	0	0	0	1
어우 야 아 근데 진짜 이 새끼 잘하긴 한다	1	0	0	0	0	0	0	0
어우 이제야 조용하네	0	0	1	0	0	0	0	0
어우 잘했어요	0	0	0	0	0	0	1	0
어우 정작 빠르다 저거 저 정도 속도는 돼야 도착하는 거야	0	0	1	0	0	0	0	0
어우 제발 나왓	0	0	1	0	0	0	0	0
어우 졸음 돋았네	0	0	1	0	0	0	0	0
어으허헣 잘받네	0	0	1	0	0	0	0	0
어이 그리 그리 그리 진짜 개지그러	0	0	1	0	0	0	0	0
어이 나 누구들 보지 마	1	0	0	0	0	0	0	0
어이 눈부셔	0	0	1	0	0	0	0	0
어이 마시바라	1	0	0	0	0	0	0	0
어이 뭐야	0	0	0	0	1	0	0	0
어이 어이 어이	0	0	1	0	0	0	0	0
어이 이그리 이그리 이그리 아이 미친놈아 열어라	1	0	0	0	0	0	0	0
어이 잠깐만 잠깐만 잠깐만 어떻게 된거야	0	0	0	0	0	1	0	0
어이가 없어 출발 아 저 새끼 너희들 이제 [유저] ᆯ할 타이밍 끝났장	1	0	0	0	0	0	0	0
어이고 어이고 이름 왜 이름 왜 으어 이름을 왜 써	0	0	1	0	0	0	0	0
어이구 그거를 또 밟으면서 그거를 못 피해가지고 그거를 어	0	0	0	0	0	0	0	1
어이구 떨어져야돼	0	0	1	0	0	0	0	0
어쨌든 공룡이 이겼으니 내 승리 아닐까	0	0	0	0	0	0	1	0
어쨌든 석 [유저]	0	0	1	0	0	0	0	0
어쩌라고 너희들은 뭐 잘하냐	0	0	1	0	0	0	0	0
어쩌면 나는 그 마음에 동감할지도 빌릴것이 나 이제 끝났어	0	0	0	0	0	1	0	0
어쩌면 어쩌면 어쩌면 아 빈티	0	0	1	0	0	0	0	0
어쩐지 말이 없더라	0	0	1	0	0	0	0	0
어쩐지라니 하하하하 장난 장난 이렇게 해볼게	0	0	0	0	0	0	0	1
어쩔 수 없다	0	0	1	0	0	0	0	0
어쩔 수 없어 센스있게 도는 방향으로 싹 가	0	0	0	0	0	0	0	1
어차피 누가 해도 비슷함	0	0	0	0	0	0	0	1
어차피 로프 했네	0	0	1	0	0	0	0	0
어차피 몇 많이 해야 돼	0	0	0	0	0	0	0	1
어차피 못해	0	0	0	1	0	0	0	0
어차피 발동 안되니까 몇명 제안이 있잖아	0	0	1	0	0	0	0	0
어차피 봉에 매달려야 돼	0	0	1	0	0	0	0	0
어차피 시간 많아 천천히	0	0	0	0	0	0	0	1
어차피 아 나 답답한 새끼가 그냥 방해꾼인가	1	0	0	0	0	0	0	0
어차피 아 맞아	0	0	0	0	0	0	1	0
어차피 아니 시발 순이 제발 나를 좀 내려놔봐	1	0	0	0	0	0	0	0
어차피 죽을거야	0	0	1	0	0	0	0	0
어차피 한명 쉴거같은데 이거 계속 밀려 위에도 밀려 어차피 다 밀려 자기 다리만 보기 이거 그냥 많이 안 눌러도 돼	0	0	0	0	0	0	0	1
어차피 한명은 작아야되네	0	0	1	0	0	0	0	0
어크 알아	0	0	1	0	0	0	0	0
어허 마녀는 위치	0	0	1	0	0	0	0	0
어허 아니 점프를 하지말고 가	0	0	0	0	0	0	0	1
어후 뭔가	0	0	0	0	0	0	0	1
어휴 다리를 왜 이렇게	0	0	0	0	0	1	0	0
어휴 잘했다만 아니 저희는 이 정도 그냥 기본으로 해요 그래 그래 그냥	0	0	0	0	0	1	0	0
억가 억가다 인정한다	0	0	0	0	0	0	0	1
억가 인정하시죠	0	0	0	0	0	0	0	1
억울한 영혼 같은데 그냥	0	0	0	0	0	1	0	0
억장이 1 2 3 아 아깝다 능숙해졌어	0	0	0	0	0	1	0	0
억코 안 억코 한 번 시켜	0	0	1	0	0	0	0	0
언니 귀신 챙겨 누나 그동안 즐거웠어요	0	0	1	0	0	0	0	0
언니 뭐야	0	0	0	0	1	0	0	0
언니 빵댕이 차버리기 차버리기 살려줘	0	0	1	0	0	0	0	0
언니 언니 왼쪽으로	0	0	1	0	0	0	0	0
언니 와야돼	0	0	0	0	0	0	0	1
언니 움직여야돼요	0	0	1	0	0	0	0	0
언니 이거 하고 싶으신 거죠	0	0	1	0	0	0	0	0
언니 이제 못 나간다	0	0	1	0	0	0	0	0
언니 저 끌어주세요	0	0	1	0	0	0	0	0
언니 하면 되죠	0	0	1	0	0	0	0	0
언니 혹시	0	0	1	0	0	0	0	0
언니가 잘 놓으면 우리 한 명도 아 못잡았어	0	0	0	0	0	0	0	1
언니가 피커파크 이거 하자고 아 맞다	0	0	0	0	0	0	0	1
언니까지 내려와야 돼	0	0	0	0	0	0	0	1
언제 가게	0	0	0	0	0	0	0	1
언제 갔냐	0	0	1	0	0	0	0	0
언제가야돼	0	0	0	0	0	0	0	1
언젠간 네 누르려면 누르세요	0	0	0	0	0	0	0	1
얻으신 공격	0	0	1	0	0	0	0	0
얼굴도 없고 그냥 진짜 더 별로야	0	0	1	0	0	0	0	0
얼굴이 시뻘개졌네	0	0	1	0	0	0	0	0
얼굴이 이새키	0	0	1	0	0	0	0	0
얼른 오세요	0	0	0	0	0	0	0	1
얼른 움직인다	0	0	1	0	0	0	0	0
얼마 안남았어	0	0	1	0	0	0	0	0
얼마나 빨리 깰 수 있는지 보자 넘어가 넘어가 넘어가 유영아 그동안 고마웠어	0	0	0	0	0	0	0	1
얼마나 쉬워 그래	0	0	0	0	0	0	1	0
얼마나 쳤어요	0	0	1	0	0	0	0	0
얼음 맞추기 왜이리 어려워	0	0	1	0	0	0	0	0
얼추 됐는데 방금	0	0	1	0	0	0	0	0
엄마 나 죽어	1	0	0	0	0	0	0	0
엄청 많아	0	0	1	0	0	0	0	0
업어주세요	0	0	1	0	0	0	0	0
없네 커요	0	0	1	0	0	0	0	0
없다가 큰일난다 아하하하하하하 아 잠깐만 아 장난치다가 야 우리팀 살아있지	0	0	0	0	0	1	0	0
없어 없어 없어	0	0	1	0	0	0	0	0
없어졌던데	0	0	1	0	0	0	0	0
없으니까 닥치라고요	0	0	1	0	0	0	0	0
없을 것 같은데 지금	0	0	1	0	0	0	0	0
엇 desem 아이씨 와아 아저씨 [유저] [유저] 할아버지 할 수 있어	0	0	0	0	1	0	0	0
엎어줄 사람	0	0	1	0	0	0	0	0
에 에 에 레 [유저] 입니다	0	0	1	0	0	0	0	0
에벌레가 맵을 안 왔어	0	0	0	0	0	0	0	1
에스님 무릎 꿇어요	0	0	1	0	0	0	0	0
에에에 [유저] 야 누나다 으아아 누나다	0	0	0	0	1	0	0	0
에이 [유저] 점프	0	0	0	0	0	0	0	1
에이 가는 중 가는 중 너무 느려요	0	0	0	0	0	0	0	1
에이 그 에이 에이 모르는데 니가 같이 눌렀어	0	0	0	0	0	0	0	1
에이 나와봐	0	0	0	0	0	0	0	1
에이 도시	0	0	1	0	0	0	0	0
에이 모르겠다	0	0	1	0	0	0	0	0
에이 뽀잉 에이 뽀잉 야야 두명 두명 야 올라가 일단 올라와 일단 올라가 일단 올라가 일단 올라가 일단 올라가 오케이 오케이 아 왜 이렇게 기다리다 딱 알았다	0	0	0	0	0	0	1	0
에이 어떻게 형한테 욕합니까	0	0	0	0	0	1	0	0
에이 에이 에이	0	0	1	0	0	0	0	0
에이 영화나 오우	0	0	0	0	1	0	0	0
에이님 조심히 계세요 너무 싫으세요	0	0	0	0	0	0	0	1
에이스끼리 마이크 키세요	0	0	1	0	0	0	0	0
에잇 잘 나왔어	0	0	1	0	0	0	0	0
에헤이 도원 씨	0	0	1	0	0	0	0	0
에헤헤헤 콩콩이 불어왔던 나 콩콩이 불어왔던 나 저기 저기 저기 같이 가 같이 가 커지세요	0	0	0	0	0	0	0	1
에헤헤헤헤 24개월만 젊었어도 허벅지 안전하게 그렇죠	0	0	1	0	0	0	0	0
엑스 [유저] 는 혹시 제가 안 쓰고 있어서 아시는 분 있나요	0	0	0	0	0	0	0	1
엑스 엑스 엑스 우리 4번하는거 아니야	0	0	1	0	0	0	0	0
엔딩 봤다 엔딩	0	0	1	0	0	0	0	0
엘레베이터 타면 되네	0	0	1	0	0	0	0	0
엘리베이터 타면 죽을 거 같은데	0	0	1	0	0	0	0	0
여 여기요	0	0	1	0	0	0	0	0
여권 꾹 누르십시오	0	0	1	0	0	0	0	0
여권이 있습니다	0	0	1	0	0	0	0	0
여기 4명 있어야 돼	0	0	1	0	0	0	0	0
여기 AD가 잘해야 돼요	0	0	0	0	0	0	1	0
여기 [유저] 에 가지마	0	0	0	0	0	0	0	1
여기 [유저] 요 아 [유저] 이었나	0	0	1	0	0	0	0	0
여기 [유저] 인가봐	0	0	0	0	0	0	0	1
여기 가려면은 이거 어디로 가야 될까	0	0	0	0	0	0	0	1
여기 건너가자	0	0	0	0	0	0	0	1
여기 걸렸다	0	0	1	0	0	0	0	0
여기 계단이죠 계단	0	0	1	0	0	0	0	0
여기 공 가야 돼	0	0	0	0	0	0	0	1
여기 그냥 쭉 가면 되겠다	0	0	0	0	0	0	0	1
여기 그렇지	0	0	0	0	0	0	1	0
여기 깔짝한다 깔짝한다 열e 자 저 뭐가 안돼요	0	0	0	0	0	1	0	0
여기 끝에 있는 애가 딱 해주고 이렇게	0	0	0	0	0	0	0	1
여기 난간에 그죠 그죠 이렇게 2번 위에 올라가요	0	0	0	0	0	0	0	1
여기 내가 한번 가 여기 한번 가볼게	0	0	0	0	0	0	0	1
여기 넣고 이렇게 돌려가지고 애들 죽여버리는 거야	0	0	0	0	0	0	0	1
여기 다 보인다고	0	0	1	0	0	0	0	0
여기 다 시간 제한이야 이름이 [유저] 이야	0	0	1	0	0	0	0	0
여기 두 명 있어야됨	0	0	1	0	0	0	0	0
여기 둘 안에 폭탄이야	0	0	1	0	0	0	0	0
여기 둘만 남았어	0	0	1	0	0	0	0	0
여기 뒤에부터 계단을 하지않아 계단을 만들어서 4번 누구야	0	0	0	0	0	0	0	1
여기 땀 박고 있으면 아 하지마	0	0	1	0	0	0	0	0
여기 떨어져	0	0	1	0	0	0	0	0
여기 막 쏴	0	0	1	0	0	0	0	0
여기 맞나	0	0	1	0	0	0	0	0
여기 맞단 말이야	0	0	1	0	0	0	0	0
여기 맞아	0	0	0	0	0	0	1	0
여기 맞자	0	0	1	0	0	0	0	0
여기 매달렸어	0	0	1	0	0	0	0	0
여기 먹어 먹어 먹어	0	0	1	0	0	0	0	0
여기 못올라가	0	0	0	0	0	0	0	1
여기 무슨 관 같은 거 있는데	0	0	1	0	0	0	0	0
여기 문 있잖아	0	0	1	0	0	0	0	0
여기 뭐 있는데요	0	0	1	0	0	0	0	0
여기 뭐냐 헬 [유저] 헬 [유저] 이라는데로 왔다 야야야야여	0	0	1	0	0	0	0	0
여기 뭐야	0	0	0	0	1	0	0	0
여기 밑에 가면 돼요	0	0	0	0	0	0	0	1
여기 밑에서 나 만지고 있네	0	0	1	0	0	0	0	0
여기 봐봐	0	0	0	0	0	0	0	1
여기 봐야돼	0	0	0	0	0	0	0	1
여기 붙어있어	0	0	1	0	0	0	0	0
여기 빨간색	0	0	1	0	0	0	0	0
여기 사이로 들어가서 그렇지 점프할 때 가	0	0	0	0	0	0	1	0
여기 살거야	0	0	1	0	0	0	0	0
여기 살아남아야 돼	0	0	1	0	0	0	0	0
여기 서세요	0	0	1	0	0	0	0	0
여기 석탄 있다	0	0	1	0	0	0	0	0
여기 설 수 있거든요	0	0	1	0	0	0	0	0
여기 섰는데 오 맞네요	0	0	1	0	0	0	0	0
여기 술 취한 애 있어	0	0	1	0	0	0	0	0
여기 쌓인 통나무를 이걸로 건져가지고 통나무 무게를 이용해가지고 하는 거네	0	0	0	0	0	0	0	1
여기 아 나 렉걸려	0	0	1	0	0	0	0	0
여기 아 나 이것도 안 돼 둘이 뭐 눈빛 교환하지 마요 뭐 하는 거야	0	0	0	0	0	1	0	0
여기 아 손자래요	0	0	1	0	0	0	0	0
여기 아니 그러니까 왜 왜 발톱 안 자르냐고 자꾸 진짜 헷갈려	0	0	1	0	0	0	0	0
여기 아니 여기 진짜 자리 개졌네	0	0	1	0	0	0	0	0
여기 아닌 거 같은데	0	0	1	0	0	0	0	0
여기 아무것도 안 돼	0	0	0	0	0	1	0	0
여기 앞에서	0	0	1	0	0	0	0	0
여기 약 180만 있게 이거 한 칸 더 뚫어야 돼	0	0	1	0	0	0	0	0
여기 얘들아 아오니님 내 대가리 위로 올라와야 돼	0	0	0	0	1	0	0	0
여기 어디야	0	0	1	0	0	0	0	0
여기 어딘데	0	0	1	0	0	0	0	0
여기 어떻게 올라가	0	0	0	0	0	1	0	0
여기 얼려서 미끄러졌어	0	0	1	0	0	0	0	0
여기 없어	0	0	1	0	0	0	0	0
여기 여기	0	0	1	0	0	0	0	0
여기 여기 [유저] 좀만 더 가봐 [유저] 좀만 더 가봐	0	0	0	0	0	0	0	1
여기 여기 내가 선발 여기야	0	0	0	0	0	0	0	1
여기 여기 노란색님이 얘지 버릴까요	0	0	1	0	0	0	0	0
여기 여기 뿔뿔 보이지	0	0	1	0	0	0	0	0
여기 여기 여기	0	0	1	0	0	0	0	0
여기 여기 여기 애들이 올 줄 있을까	0	0	1	0	0	0	0	0
여기 여기 여기 아 여기 어디야	0	0	1	0	0	0	0	0
여기 여기 이거 들면 되겠다	0	0	1	0	0	0	0	0
여기 여기 잘 떨궈야 돼	0	0	1	0	0	0	0	0
여기 여기다 깨면 안 없어지려나	0	0	1	0	0	0	0	0
여기 오기 쉽죠	0	0	1	0	0	0	0	0
여기 오면 그냥 맞는 거임	0	0	1	0	0	0	0	0
여기 오케이 천천히 천천히 투 투 스펀지 봐봐 너 그렇게 하지마	0	0	0	0	0	0	1	0
여기 올라가는거야	0	0	0	0	0	0	0	1
여기 올라가야되는거	0	0	0	0	0	0	0	1
여기 올라올 거인데 그러면	0	0	1	0	0	0	0	0
여기 올라와 줘 딱 땡겨서 올라와야 하니까 오케이 문 열어 문 열어 여기 내가 넣어버렸어	0	0	0	0	0	0	1	0
여기 와봐요 와봐	0	0	0	0	0	0	0	1
여기 왜 그랬어	0	0	1	0	0	0	0	0
여기 왼쪽이 초록 오른쪽이 파랑 초록 내 옆으로 오면 돼 초록은 박스만 옮기고 나한테 와 초록 내가 위치 알려줄게 아아 초록파랑 까마귀 소리가 나	0	0	0	0	0	0	0	1
여기 우리 [유저] 이야	0	0	1	0	0	0	0	0
여기 우리 역검부터 같이 해석해 가야돼	0	0	0	0	0	0	0	1
여기 위에 오 뭐야	0	0	0	0	1	0	0	0
여기 이 맵이네	0	0	1	0	0	0	0	0
여기 이렇게 하면은 있다 있다	0	0	1	0	0	0	0	0
여기 이미	0	0	1	0	0	0	0	0
여기 있다	0	0	1	0	0	0	0	0
여기 있다 있다	0	0	1	0	0	0	0	0
여기 있다고해 같이 아 여깄네	0	0	0	0	0	0	0	1
여기 있어야돼	0	0	1	0	0	0	0	0
여기 있을거야	0	0	1	0	0	0	0	0
여기 잘못 왔잖아	0	0	0	1	0	0	0	0
여기 잘하고 있어 지금	0	0	1	0	0	0	0	0
여기 잡을 준비해	0	0	0	0	0	0	0	1
여기 잡을 준비해 빨리	0	0	0	0	0	0	0	1
여기 저도 손 잡아줘요 어딨어	0	0	1	0	0	0	0	0
여기 절벽 지하가 안 보인다고 너 혼자 거기 있으면 야 비껴 비껴 비껴 문 열어줘 공공공공 들어와 들어와 들어와 아 이제 나오라고 들어가 들어가 내려와라 들어와	0	0	0	0	0	0	0	1
여기 정자 정자 X같이 올 수도 있음	0	0	0	0	0	0	0	1
여기 조심해 우아 오케이 버려	0	0	0	0	0	0	1	0
여기 존나 미끄럽다고	1	0	0	0	0	0	0	0
여기 좀 앞으로 와야 되겠는데	0	0	0	0	0	0	0	1
여기 좀 애매한데	0	0	1	0	0	0	0	0
여기 직진으로만 가는 거래요	0	0	0	0	0	0	0	1
여기 쫄지 않는것이 중요해 멈추지마	0	0	0	0	0	0	0	1
여기 타야 돼	0	0	1	0	0	0	0	0
여기 틈이 있어 아니 올라가 올라가 그냥 올라가면 돼	0	0	0	0	0	0	0	1
여기 팻잎 잘못 왔어요	0	0	0	1	0	0	0	0
여기 페이지만 다 깨자 그냥 존다고했다	0	0	1	0	0	0	0	0
여기 피해주고 야야야 피해주고 에이 여기 절대 오지마 그림자도 있어 그림자 어디 몇 시 몇 시	0	0	0	0	0	0	0	1
여기 하지마	0	0	1	0	0	0	0	0
여기 합작해 여기	0	0	0	0	0	0	0	1
여기 헤맸니	0	0	1	0	0	0	0	0
여기 혹시 모르니까 올라가고 올라가 올라가 머쓱아 올라가 안 올라가도 되나	0	0	0	0	0	0	0	1
여기 화면 전체가 다 터졌으면 좋겠어 솔직히	0	0	0	0	0	0	0	1
여기가 [유저] 인가	0	0	0	0	0	0	0	1
여기가 고양이 왔다 갔다네	0	0	0	0	0	0	0	1
여기가 길인가 보다 님들 여긴 거 같아요	0	0	0	0	0	0	0	1
여기가 너무 어렵다	0	0	0	0	0	0	0	1
여기가 대체	0	0	0	0	0	0	0	1
여기가 돌아가기 가 아파 내려가 바 옆으로 살짝 하마 치열이 오른쪽 알아야 되는 거 아니야	0	0	0	0	0	0	0	1
여기가 맞지않아	0	0	0	0	0	0	0	1
여기가 훨씬 쉽다 그러니까 여긴 말 없어도 솔직히 괜찮았다	0	0	0	0	0	0	0	1
여기까지 가봐 여기까지 가봐	0	0	0	0	0	0	0	1
여기까지 가자 여기까지	0	0	0	0	0	0	0	1
여기까지 가자 죽냐고	0	0	0	0	0	0	0	1
여기까지 딱 [유저] 그럼 가볼까	0	0	0	0	0	0	0	1
여기까지 오고 여기서 올려주는 거야	0	0	1	0	0	0	0	0
여기까지 오면 돼	0	0	1	0	0	0	0	0
여기까지였네	0	0	1	0	0	0	0	0
여기는 [유저] 아십니다	0	0	1	0	0	0	0	0
여기는 그냥 알아서 다들 그냥 자기 캐릭터 생각하고 점프하자	0	0	0	0	0	0	0	1
여기는 그냥 앞으로 쭉 가서 보라색 밟죠	0	0	0	0	0	0	0	1
여기는 그냥 하나 둘 셋 하면 뛰자	0	0	1	0	0	0	0	0
여기는 쉽네	0	0	1	0	0	0	0	0
여기는 안찔림 안찔린다니까	0	0	1	0	0	0	0	0
여기는 이것이 딱 밟아봐봐	0	0	0	0	0	0	0	1
여기다 걸고 타고 가는 거인가	0	0	0	0	0	0	0	1
여기다 그래 그래 가자 가자 일로와	0	0	0	0	0	0	1	0
여기다 놓는다	0	0	1	0	0	0	0	0
여기다 다 부셔 야	0	0	1	0	0	0	0	0
여기다 들어갈게	0	0	1	0	0	0	0	0
여기다 들어갔다	0	0	1	0	0	0	0	0
여기다 설치해서 로켓을 타고 들어가자 어때	0	0	0	0	0	0	0	1
여기다 세워서 올라가야 될 것 같아	0	0	0	0	0	0	0	1
여기다 여기 여기 왼쪽 봐	0	0	0	0	0	0	0	1
여기다 여기 오케이 찍어줘 찍어줘 찍어줘 넘어가야 됨	0	0	0	0	0	0	1	0
여기다 여기다 제작진 순서대로 재장전 하면서 트레일이 될 것 같아요	0	0	1	0	0	0	0	0
여기다가 붙어	0	0	0	0	0	0	0	1
여기도 갈 수 있으면 가면 딱 좋을 것 같아요	0	0	0	0	0	0	0	1
여기도 넘어갈게요	0	0	1	0	0	0	0	0
여기도 먹어	0	0	1	0	0	0	0	0
여기도 먹어 내가 발판 해줄게 자 올라가 먹어	0	0	0	0	0	0	0	1
여기도 여기도 먹어	0	0	1	0	0	0	0	0
여기로 가 여기로	0	0	0	0	0	0	0	1
여기로 가야 되나	0	0	0	0	0	0	0	1
여기로 가야 되지 않을까요	0	0	0	0	0	0	0	1
여기로 가야 된다	0	0	0	0	0	0	0	1
여기로 가야 될 거 같은데	0	0	0	0	0	0	0	1
여기로 갈 거야	0	0	1	0	0	0	0	0
여기로 내려가볼까	0	0	0	0	0	0	0	1
여기로 들어가고	0	0	0	0	0	0	0	1
여기로 떨면 돼 떨면 돼	0	0	1	0	0	0	0	0
여기로 살짝 올라가서 후추는 여기 블럭 밟고 계속 붙어봐	0	0	0	0	0	0	0	1
여기로 올라가서 이글로 가야되나	0	0	0	0	0	0	0	1
여기로 위에서 아이템 밑에 다 던져줄게요	0	0	1	0	0	0	0	0
여기를 밀어야겠지	0	0	0	0	0	0	0	1
여기를 올라가 올라가 계단 타고 올라가면 돼	0	0	0	0	0	0	0	1
여기를 포기하는것이 어때	0	0	0	0	0	1	0	0
여기서 1등 못하면 콜가이즈 접도록 하겠습니다	0	0	0	0	0	0	0	1
여기서 가야겠다	0	0	0	0	0	0	0	1
여기서 가져와 계단 만들기 정도는 우리가 이 정도는 할 수 있잖아	0	0	0	0	0	0	0	1
여기서 갔다 와	0	0	0	0	0	0	0	1
여기서 계단식 조심해	0	0	0	0	0	0	0	1
여기서 공중에서 날아다니는 자전거입니다	0	0	1	0	0	0	0	0
여기서 그냥 여기서 이렇게 가 이렇게 오케이	0	0	0	0	0	0	1	0
여기서 나올거 같애	0	0	1	0	0	0	0	0
여기서 내가 떨어지면	0	0	0	0	0	0	0	1
여기서 내가 잡아주면 되겠다	0	0	0	0	0	0	0	1
여기서 내가 한번 나서봐야겠다	0	0	0	0	0	0	0	1
여기서 놀라운 사실	0	0	1	0	0	0	0	0
여기서 다이빙 타는 거입니다	0	0	1	0	0	0	0	0
여기서 단비	0	0	1	0	0	0	0	0
여기서 더 할 것이 없다	0	0	1	0	0	0	0	0
여기서 되네	0	0	1	0	0	0	0	0
여기서 만드는 거 맞는 것 같아	0	0	1	0	0	0	0	0
여기서 만드는 것이 맞아	0	0	0	0	0	0	1	0
여기서 만드는것이 맞아	0	0	0	0	0	0	1	0
여기서 말이 들어오나요	0	0	1	0	0	0	0	0
여기서 맞혀	0	0	1	0	0	0	0	0
여기서 무작위 가자 무작위 오케이 이것이 재밌어 꿀	0	0	0	0	0	0	1	0
여기서 물 타고 올라가자 그렇지	0	0	0	0	0	0	1	0
여기서 물타고 올라가자 그렇지	0	0	0	0	0	0	1	0
여기서 반대로 옴	0	0	1	0	0	0	0	0
여기서 발 잘못 디디면은 조진다	0	0	0	1	0	0	0	0
여기서 분홍옵	0	0	1	0	0	0	0	0
여기서 살릴 수 있나	0	0	1	0	0	0	0	0
여기서 시작하네	0	0	1	0	0	0	0	0
여기서 쌓아야 돼	0	0	1	0	0	0	0	0
여기서 아무도 내리지 않은 사람들은 카드를 못 먹어	0	0	1	0	0	0	0	0
여기서 앞으로 기운 다음에 점프 하지마 하지마 하지마	0	0	0	0	0	0	0	1
여기서 어디로 갈거야	0	0	1	0	0	0	0	0
여기서 역전을 노려보자	0	0	1	0	0	0	0	0
여기서 오른쪽	0	0	1	0	0	0	0	0
여기서 올라가서 바로 밧줄 잡으면 돼요	0	0	0	0	0	0	0	1
여기서 요번에 저는 밑으로 갑니다	0	0	1	0	0	0	0	0
여기서 우리가 지금 체력이 너무 없어가지고 어떻게 해야 될지 모르겠네 비가 와서 또 안 보여가지고 밀어 밀어 밀어 미는 거 없어요	0	0	0	0	0	1	0	0
여기서 이거 죽으면 잠푸 잠푸 어 됐어	0	0	1	0	0	0	0	0
여기서 이렇게 가서 여기 밀어서 여기로 가면 될 거 같은데	0	0	0	0	0	0	0	1
여기서 이렇게 앞으로 살짝 조절을 해 이런식으로 그 다음에 앞으로 살짝 기울 때 요렇게 오케이	0	0	0	0	0	0	1	0
여기서 이렇게 점프를 해야된다	0	0	0	0	0	0	0	1
여기서 이번에도 또 그거 해야 될 것 같아	0	0	0	0	0	0	0	1
여기서 이제 다 같이 스페이스 눌러	0	0	0	0	0	0	0	1
여기서 일로 점프해가지고 여기 와서 이거 처리해야 될 거 아냐	0	0	0	0	0	0	0	1
여기서 잠깐 쉬었다가 채우고 가고 일로와 보라색님 이쪽임 이쪽임	0	0	0	0	0	0	0	1
여기서 잡고 어 뒤에서 가면 될 거 같아	0	0	0	0	0	0	0	1
여기서 점프	0	0	0	0	0	0	0	1
여기서 점프 점프 점프 이라고해버리면은 일로 간다고 그치	0	0	0	0	0	0	1	0
여기서 점프 점프 점프 점프하면은 빨라집니다	0	0	0	0	0	0	0	1
여기서 점프면 되잖아요	0	0	0	0	0	0	0	1
여기서 점프해서 분홍색에서 움직인 다음에 다시 가서 이렇게	0	0	0	0	0	0	0	1
여기서 조심해야 돼요	0	0	0	0	0	0	0	1
여기서 좌우로 하자 나랑 맨파가	0	0	0	0	0	0	0	1
여기서 쭉 직진해서 여깁니다	0	0	0	0	0	0	0	1
여기서 최캐닛 솔로로 또 들어가네요	0	0	0	0	0	0	0	1
여기서 포기하면 하나만 오케이 저격 뚫고 1등 확인 들어와봐	0	0	0	0	0	1	0	0
여기서 한 명이라도 스페이스 빼면 다 죽는 거야	0	0	1	0	0	0	0	0
여기서 한 번 따닥	0	0	1	0	0	0	0	0
여기서 해 여기서 점프하지마 꽉 채워 일단 점프를 하지 말래니까	0	0	0	0	0	0	0	1
여기서 해봐	0	0	0	0	0	0	0	1
여기서까지 나다	0	0	1	0	0	0	0	0
여기서까지 나였다	0	0	1	0	0	0	0	0
여기서도 이거 살짝 오른쪽 살짝 누르고 점프 그리고 멈춰야돼	0	0	0	0	0	0	0	1
여기서부터 계단 쌓자	0	0	1	0	0	0	0	0
여기서부터 여기서부터 이제 자 트레스 타 자 트레스 하다	0	0	1	0	0	0	0	0
여기서부터 하네	0	0	1	0	0	0	0	0
여기서부터 협동 안 되잖아	0	0	1	0	0	0	0	0
여기서요 대기 대기 대기 자 대기 대기 대기했다가 제가 최대한 가까이 올 때 끔	0	0	0	0	0	0	0	1
여기서지 바로 앞에 한개를 뚫어야돼	0	0	1	0	0	0	0	0
여기야 없으면 바꿔야 돼	0	0	1	0	0	0	0	0
여기야아아아아아 그렇지	0	0	0	0	1	0	0	0
여기에 무게를 해줘야 돼	0	0	0	0	0	0	0	1
여기여기 어 이때 바뀌었다	0	0	1	0	0	0	0	0
여긴 2명 있어야 돼	0	0	1	0	0	0	0	0
여긴 3명 이상 있어야 되네	0	0	1	0	0	0	0	0
여긴 뭐야	0	0	0	0	1	0	0	0
여깄네 문이	0	0	1	0	0	0	0	0
여덟명 와야지 움직인다	0	0	0	0	0	0	0	1
여덟명의 시간 쓰는거에요	0	0	1	0	0	0	0	0
여덟명의 시간 출발하지마	0	0	1	0	0	0	0	0
여도 잘 가	0	0	0	0	0	0	0	1
여러 스테이지에 되지 않을까	0	0	1	0	0	0	0	0
여러분 [유저]	0	0	1	0	0	0	0	0
여러분 [유저] 인기 많지 않아	0	0	1	0	0	0	0	0
여러분 개 같은 거	0	0	1	0	0	0	0	0
여러분 보기 편해요	0	0	0	0	0	0	0	1
여러분 에피타이저에요	0	0	1	0	0	0	0	0
여러분 여러분 여러분	0	0	1	0	0	0	0	0
여러분 여러분 저는 승자입니다	0	0	1	0	0	0	0	0
여러분 와 [유저] 2 진짜 이걸 또 하게 될 줄 몰랐어요	0	0	0	0	0	0	0	1
여러분 왼쪽부터 누르고 점프 하나 둘 셋 뭐야	0	0	0	0	1	0	0	0
여러분 이거 세번 이기면 끝나요	0	0	1	0	0	0	0	0
여러분 잘 봐요	0	0	0	0	0	0	0	1
여러분 제 말 들으세요	0	0	1	0	0	0	0	0
여러분 조졌습니다	0	0	1	0	0	0	0	0
여러분들 누구야	0	0	1	0	0	0	0	0
여러분들 다 싸버려가지고 우리팀을 다 싸버려도 돼 이름이 우리팀을 다 싸버릴 줄이야 아 미친 이건 또 뭐야	0	0	0	0	1	0	0	0
여러분들 다시 다시 제가 운전할게요	0	0	0	0	0	0	0	1
여러분들 딱딱 맞춰두세요	0	0	1	0	0	0	0	0
여러분들 아기 아기 아기 빨리 지나가	0	0	0	0	0	0	0	1
여러분들 아기가 되야됩니다	0	0	0	0	0	0	0	1
여러분들 아하 아닙니다	0	0	1	0	0	0	0	0
여러분들 앞에보고 앞에보고 오른쪽으로 가셔야죠	0	0	0	0	0	0	0	1
여러분들 어떠셨어요	0	0	1	0	0	0	0	0
여러분들 이거 정확히 머릿속에 안고 가세요	0	0	0	0	0	0	0	1
여러분들 잠시만요 님들	0	0	1	0	0	0	0	0
여러분들 제가 답답한 척 안 할게요	0	0	0	0	0	0	0	1
여러분들 출발 자 신맵이기 때문에 살짝 조심스럽게 쇼옹 가볼게요	0	0	0	0	0	0	0	1
여러분들 친구 따라 결승선 간다 주변에 자라 안에 누구 있어	0	0	0	0	0	0	0	1
여러분들은 좋아요와 구독을 한 번씩 눌러주시면 될 것 같습니다	0	0	0	0	0	0	1	0
여러분들이 좀 이따 투표할 거예요	0	0	1	0	0	0	0	0
여보는 뭐	0	0	1	0	0	0	0	0
여여여여 미안하다	0	0	1	0	0	0	0	0
여유 있다 여유 있어	0	0	1	0	0	0	0	0
여유있게 욕심내면 안 돼 욕심내면 안 돼	0	0	0	0	0	1	0	0
여유있어 저희 [유저] 만 보기 저희 [유저] 만 보기 앞에 사람 가면은 머리 밟으면은 죽어 돈 푸시 돈 푸시 돈 [유저] 끝났네	1	0	0	0	0	0	0	0
여자는 봐도 나도 모르는데 뭔 소리야	0	0	0	0	0	0	0	1
역시 1번 파랑 웅냥이 2번 빨강 [유저] 박 3번 주황 [유저] 4번 노랑 탕군 5번 분홍 [유저] 6번 회색 [유저] 7번 [유저] [유저] 8번 똥색 풍얼냥 이렇게 돼있습니다	1	0	0	0	0	0	0	0
역시 [유저] 출신	0	0	1	0	0	0	0	0
역시 고양이가 튕기는거 보세요	0	0	0	0	0	0	0	1
역시 나간 거	0	0	1	0	0	0	0	0
역시 내가 해냈어	0	0	0	0	0	0	0	1
역시 노력가야	0	0	0	0	0	0	0	1
역시 말이다	0	0	1	0	0	0	0	0
역시 알아주던 건 S밖에 없구만 아 S랜다 정자야	0	0	1	0	0	0	0	0
역시 여기서 에이스가 보입니다	0	0	0	0	0	0	0	1
역시 이름이	0	0	1	0	0	0	0	0
역시 자 알겠지	0	0	1	0	0	0	0	0
역시 힘이 쎄 우리 영환이 힘이 쎄 점프해서 밀리는것이 말이 아니야	0	0	0	0	0	0	0	1
역전패 당했습니다	0	0	1	0	0	0	0	0
연결이 되지 않아	0	0	1	0	0	0	0	0
연기력 되게 잘해	0	0	0	0	0	0	1	0
연기하고 있네 자연스러워져	0	0	1	0	0	0	0	0
연료 탈락했습니다	0	0	1	0	0	0	0	0
연못 흘리는 것도 연기였어	0	0	1	0	0	0	0	0
연속 두번점프 노란색 발판까지 오케이 자 준비하시고 와 이제 가야된다	0	0	0	0	0	0	1	0
연속 연속	0	0	1	0	0	0	0	0
연속으로 해 연속으로	0	0	0	0	0	0	0	1
연습했으니까 그지	0	0	1	0	0	0	0	0
연어 뗴어볼래요	0	0	1	0	0	0	0	0
연한 것이 뭐지	0	0	1	0	0	0	0	0
연호 연호 안 돼	0	0	0	0	0	1	0	0
연호 연호 우리 동맹 동맹	0	0	1	0	0	0	0	0
연호가 어 연호 윤류 이어 갔다 먹으면 돼	0	0	0	0	0	0	0	1
연호대 윤유	0	0	1	0	0	0	0	0
연호입니다	0	0	1	0	0	0	0	0
열려가지고 저기 찔리는 거였어	0	0	0	0	0	0	0	1
열려있다고	0	0	1	0	0	0	0	0
열리게 되네	0	0	1	0	0	0	0	0
열쇠 [유저] 가 다 떨어져 한 명이 끝이 그거야	0	0	0	0	0	0	0	1
열쇠 가능입니다	0	0	0	0	0	0	0	1
열쇠 갖고 내봐야 되는데 아 먹으면 되네	0	0	0	0	0	0	0	1
열쇠 먹고 가야 되는데 환상의 나라로 오세요	0	0	0	0	0	0	0	1
열쇠 먹어	0	0	1	0	0	0	0	0
열쇠 먼저	0	0	1	0	0	0	0	0
열쇠 먼저 보내 미안 아니야 가	0	0	0	0	0	0	0	1
열쇠 먼저 열쇠 먼저	0	0	1	0	0	0	0	0
열쇠 뭐야	0	0	0	0	1	0	0	0
열쇠 빼서	0	0	1	0	0	0	0	0
열쇠 스틸	0	0	1	0	0	0	0	0
열쇠 없어도 돼	0	0	1	0	0	0	0	0
열쇠 열쇠	0	0	1	0	0	0	0	0
열쇠 열쇠 안 그려라 안 그려라 아 쉽다 쉽다 쉽다	0	0	1	0	0	0	0	0
열쇠 옮겨	0	0	1	0	0	0	0	0
열쇠 이나 줘 앞으로 바싹 붙어 바싹 붙어 점프하고 점프하고 사고 붙지마	0	0	0	0	0	0	0	1
열쇠 잃어버려 열렸잖아	0	0	1	0	0	0	0	0
열쇠 주자 어떻게 올라가 이제 유령을 이리로 끌어야 돼	0	0	0	0	0	1	0	0
열쇠 패스 밀지마 밀지마 승진 아니 3번도 올라와 3번 올라와 제가 열쇠를 들고 있어요	0	0	0	0	0	0	0	1
열쇠 흘리지 말고 또	0	0	1	0	0	0	0	0
열쇠가 저기 있어 열쇠까지 먹어야 돼	0	0	0	0	0	0	0	1
열쇠가 지금 이상한 데로 간거 같은데	0	0	0	0	0	0	0	1
열쇠는 잘했네	0	0	0	0	0	0	1	0
열쇠를 가진	0	0	0	0	0	0	0	1
열쇠를 연다고 해서 들어가면 안 돼	0	0	0	0	0	1	0	0
열쇠를 열어야 돼	0	0	1	0	0	0	0	0
열쇠를 왜 열쇠론으로 해 빨리 올라와 다음 영상에서 만나요	0	0	0	0	0	0	0	1
열쇠를 잡아보고	0	0	1	0	0	0	0	0
열쇠를 지켜	0	0	1	0	0	0	0	0
열쇠만 딱 땡겨 땡겨 블럭에 열쇠 겹쳤어	0	0	1	0	0	0	0	0
열쇠부터 먹자고	0	0	1	0	0	0	0	0
열쇠패스 전달하지말고 아니 나 못나가 들어가 들어가 좋아좋아 네 물 마셔야돼	0	0	0	0	0	0	1	0
열심히 난다 [유저] 야 [유저] 야 너 살수있어 [유저] 올라갔다	0	0	1	0	0	0	0	0
열심히 하는 우리 닭대가리 한 번 볼까요	0	0	0	0	0	0	0	1
열심히 할게요	0	0	1	0	0	0	0	0
열어 열어	0	0	1	0	0	0	0	0
열어 열어 열어	0	0	1	0	0	0	0	0
열어요 열어요	0	0	1	0	0	0	0	0
열어줘 열어줘	0	0	1	0	0	0	0	0
영상 시작하기 20분됐구요	0	0	1	0	0	0	0	0
영상 올라가기 전까지 진짜	0	0	0	0	0	0	0	1
영상으로 누르지 말고 중앙에 눌러 중앙에 중앙에 다시 해봐요	0	0	0	0	0	0	0	1
영원아 일어나	0	0	1	0	0	0	0	0
영원아 잘 가	0	0	0	0	0	0	0	1
영차 좋았어	0	0	0	0	0	0	1	0
영환아 뭔 소리야	0	0	1	0	0	0	0	0
영환이 아까도 그랬어	0	0	1	0	0	0	0	0
영환이 죽어있어요 제 옆에서	1	0	0	0	0	0	0	0
옆에 3명 올라와	0	0	0	0	0	0	0	1
옆에 새끼로 그렇지	1	0	0	0	0	0	0	0
옆에만 뚫으면 돼	0	0	1	0	0	0	0	0
옆에만 뜰면 되겠다 뒤에 사람 뒤에 사람을 못 구한다	0	0	1	0	0	0	0	0
옆에서 작아지고 와야지	0	0	0	0	0	0	0	1
옆으로 가봐 옆으로 가봐	0	0	0	0	0	0	0	1
옆으로 가지지않아 일부러	0	0	0	0	0	0	0	1
옆으로 다 뿌시는 거 맞고 아 바닥 닿으면 죽어	1	0	0	0	0	0	0	0
옆으로 와봐	0	0	0	0	0	0	0	1
예 [유저] 씨가요 저 아니에요	0	0	0	0	0	0	0	1
예 [유저] 에이스 레드봉입니다	0	0	1	0	0	0	0	0
예 갑시다 8번 브론즈 풍얼냥 7번 아이언 [유저] 이라고했는데 다시 재접속하고 막 다시 바	0	0	0	0	0	0	0	1
예 고고고 하하하하하하하 아 다 됐어	0	0	0	0	0	0	0	1
예 그 다음 가	0	0	0	0	0	0	0	1
예 깔깔마녀예요	0	0	1	0	0	0	0	0
예 다 아래 겉쪽 [유저] 5 이고 어 어 아 아 아 저 실수 세 번째 그럴 수 있어 그럴 수 있어 오케이 이나 그러면 다 2초를 누르게 그러면 알아서 해줘	0	0	0	1	0	0	0	0
예 돈걸리니까 빠르다	0	0	1	0	0	0	0	0
예 맞아요	0	0	0	0	0	0	1	0
예 번개 있어요	0	0	1	0	0	0	0	0
예 스쿼드로 한번 살아나가보겠습니다	0	0	0	0	0	0	0	1
예 아 안되는데	0	0	1	0	0	0	0	0
예 아니야 처음에 감 잡아야 되니까 처음에 감 잡아야 되니까 아 맞아	0	0	0	0	0	0	1	0
예 아마 이건 못 할 거야	0	0	1	0	0	0	0	0
예 예 갔다 올게요	0	0	1	0	0	0	0	0
예 예 예 살려주세요	0	0	1	0	0	0	0	0
예 예 예 으음 예 예 예 아 나 물	0	0	1	0	0	0	0	0
예 예 해	0	0	0	0	0	0	0	1
예 저 믿고 뛰세요	0	0	1	0	0	0	0	0
예 지금 올라가죠	0	0	0	0	0	0	0	1
예 진짜 말하니까 좀 이상하죠	0	0	1	0	0	0	0	0
예 처음자리 될까	0	0	1	0	0	0	0	0
예 치킨이 막은거 한번 [유저] ᆯ게요	0	0	1	0	0	0	0	0
예에에에에	0	0	1	0	0	0	0	0
예예예예예 여보세요 여보세요 웃겨	0	0	0	0	0	0	0	1
예측샷 오케이 아 하	0	0	0	0	0	0	1	0
예측샷해 예측샷	0	0	0	0	0	0	0	1
옌병 이렇게 쉬운 거를	0	0	1	0	0	0	0	0
옛 저택 이리 와봐	0	0	0	0	0	0	0	1
옛날에 주황색 생각나네	0	0	1	0	0	0	0	0
오 3C컷트를 봐 망했다	0	0	0	0	0	1	0	0
오 7번 중요해	0	0	0	0	0	0	0	1
오 [유저]	0	0	1	0	0	0	0	0
오 [유저] [유저]	0	0	1	0	0	0	0	0
오 [유저] [유저] 오 좋다 좋다	0	0	0	0	0	0	1	0
오 [유저] [유저] 오이 오이 오이 좋아요	0	0	0	0	0	0	1	0
오 [유저] 넘겨 그냥 넘겨 넘겨 넘겨 헤딩 아니 연호 나와	0	0	0	0	0	0	0	1
오 [유저] 먼저 깼다	0	0	0	0	0	0	1	0
오 [유저] 선생님 불러야 돼	0	0	1	0	0	0	0	0
오 [유저] 이거 한 번에 깨겠어	0	0	1	0	0	0	0	0
오 [유저] 죽냐	0	0	1	0	0	0	0	0
오 [유저] 지나가요	0	0	0	0	0	0	0	1
오 가자 가자 가자	0	0	0	0	0	0	0	1
오 강아지 왔다	0	0	1	0	0	0	0	0
오 고릴라 사람 고릴라 사람 야 내가 빨간색 맡아줄게 [유저] [유저] 이래	0	0	0	0	0	0	0	1
오 과연 이거 있을 거 같은데	0	0	1	0	0	0	0	0
오 괜찮은데	0	0	1	0	0	0	0	0
오 굿 굿 아 뭐야	0	0	0	0	1	0	0	0
오 그렇지	0	0	0	0	0	0	1	0
오 그쪽으로 가서 그쪽으로 가서 야 노란색으로 야 침착합니다	0	0	0	0	0	0	0	1
오 금방 했는데 됐어	0	0	1	0	0	0	0	0
오 나 8번 같은색이야	0	0	1	0	0	0	0	0
오 나쁘지 않아 나쁘지 않아	0	0	1	0	0	0	0	0
오 너무 쉽네	0	0	1	0	0	0	0	0
오 네 어떻게 가죠	0	0	0	0	0	1	0	0
오 다행이다	0	0	1	0	0	0	0	0
오 대박 살아났다	0	0	0	0	0	0	1	0
오 더 깨워 제발	0	0	1	0	0	0	0	0
오 도nie씨	0	0	1	0	0	0	0	0
오 도시 역시 [유저] [유저] 이니까 아 이것이 어렵나 저기요	0	0	1	0	0	0	0	0
오 됐다 그렇지	0	0	0	0	0	0	1	0
오 들어왔다	0	0	1	0	0	0	0	0
오 똑같지	0	0	1	0	0	0	0	0
오 맵다 게임내 천천히 하면 되 거의 다와서 거의 다왔어	0	0	0	0	0	0	0	1
오 먹어야 돼	0	0	1	0	0	0	0	0
오 뭐 보인다	0	0	1	0	0	0	0	0
오 뭐야 고리 미끄럼틀 미끄러지면서 고리를 뭐하세요	0	0	0	0	1	0	0	0
오 뭐야 뭐야	0	0	0	0	1	0	0	0
오 미끼야 손빠리야 손빠리 이야	0	0	1	0	0	0	0	0
오 보기 좋다	0	0	0	0	0	0	1	0
오 블럭이 왜 안 뜯어져 나 어지러워	0	0	1	0	0	0	0	0
오 빨라 빨라 빠르다 빠르다 5천원 5천원	0	0	1	0	0	0	0	0
오 설마 쩔어	0	0	0	0	0	0	1	0
오 손 잡아준다 오 내가 잡아줄게	0	0	0	0	0	0	0	1
오 시작했습니다	0	0	1	0	0	0	0	0
오 신맵이다	0	0	1	0	0	0	0	0
오 쓰레기 같은 놈들 다 아니죠	1	0	0	0	0	0	0	0
오 아 던져볼 수가 있어	0	0	0	0	0	0	0	1
오 알았어요	0	0	1	0	0	0	0	0
오 야 [유저] 지구에 단 한 명 남았는데 그것이 바로 선행	0	0	1	0	0	0	0	0
오 야 어두워 어두워 오오오오 야야야야야 이오 야야야 불 켜진데 있어 여기 불 켜진데 있어 오오오 야야 이거 뭐야	0	0	0	0	1	0	0	0
오 야아 자 오케이 알아냈죠	0	0	0	0	0	0	1	0
오 약간 미는것이 있는데 아 미는거인가보다	0	0	0	0	0	0	0	1
오 어우 좋다 좋다	0	0	0	0	0	0	1	0
오 엄청 많아	0	0	1	0	0	0	0	0
오 예스 됐어	0	0	1	0	0	0	0	0
오 오 오케이 촉수를 피하고 물에 빠지지 마세요	0	0	0	0	0	0	1	0
오 오케이 오케이 오케이	0	0	0	0	0	0	1	0
오 올라왔어	0	0	1	0	0	0	0	0
오 이거 무한히 반복이야	0	0	1	0	0	0	0	0
오 이거 뭐야	0	0	0	0	1	0	0	0
오 이거 뽐나온다	0	0	1	0	0	0	0	0
오 이거다 그 다음에 여기로 와	0	0	0	0	0	0	0	1
오 이렇게 해서 모든 여정을 마무리했습니다	0	0	0	0	0	0	0	1
오 이번에 제일 깔끔하다	0	0	1	0	0	0	0	0
오 이제 빨리 나온다 야 나온다	0	0	0	0	0	0	0	1
오 잘한다	0	0	0	0	0	0	1	0
오 재밌다	0	0	1	0	0	0	0	0
오 제법이네 제법이야	0	0	1	0	0	0	0	0
오 좋았네	0	0	1	0	0	0	0	0
오 좋았다	0	0	1	0	0	0	0	0
오 좋았어	0	0	0	0	0	0	1	0
오 죽을 거야	0	0	1	0	0	0	0	0
오 타이밍 보소 타이밍 타이밍 너무 좋아 되는 날이야	0	0	0	0	0	0	1	0
오 한 번에 간다고	0	0	1	0	0	0	0	0
오고 있죠	0	0	1	0	0	0	0	0
오는데 오는데 오는데 이상하다	0	0	1	0	0	0	0	0
오늘 1명으로 가자구요	0	0	0	0	0	0	0	1
오늘 걔네들이 손절 날	0	0	1	0	0	0	0	0
오늘 드디어 [유저] 2가 나왔습니다	0	0	0	0	0	0	0	1
오늘 모두 기우자님 볼에 뽀뽀해 주시다	0	0	0	0	0	0	0	1
오늘 빨리가 빨리가	0	0	0	0	0	0	0	1
오늘 이거 할 거고요	0	0	1	0	0	0	0	0
오늘 이렇게 [유저] 진행 해봤는데 근데 아직 안 끝났어요	0	0	0	0	0	1	0	0
오늘 이렇게 반년 만에 돌아온 [유저] 군왕 어떠셨나요	0	0	1	0	0	0	0	0
오늘 이렇게 우리 멤버들이 끝까지 포기 안 하고 사실 제가 멤버를 너무 붙잡아두는 것 같아서 포기하려고 했는데 포기하지 않고 해줘서 너무 감사하다는 말씀드리면서 여러분 어떠셨나요	0	0	0	0	0	1	0	0
오늘 정답이야	0	0	1	0	0	0	0	0
오늘 지는 사람 있잖아	0	0	1	0	0	0	0	0
오늘 피코파코 5시간 할 줄 아세요	0	0	1	0	0	0	0	0
오늘 하루 고생하셨고 3차장부터 하세요	0	0	0	0	0	0	0	1
오늘 한 100단계까지 할 수 있겠는데	0	0	1	0	0	0	0	0
오늘 해볼 것은요	0	0	0	0	0	0	0	1
오늘 협동 게임 할 거예요	0	0	1	0	0	0	0	0
오늘도 남정네 3명이랑 같이 게임해 어떠세요	0	0	0	0	0	0	0	1
오늘은 슈퍼 [유저] 맨 아시죠	0	0	1	0	0	0	0	0
오늘은 재밌었어요	0	0	1	0	0	0	0	0
오늘은 체인드 [유저] 이라는 게임을 할 거입니다	0	0	1	0	0	0	0	0
오늘은 퍼펙트팀 한 명의 사람을 두 명이서 조종하는 협동 게임입니다	0	0	1	0	0	0	0	0
오늘은 협동게임을 하겠습니다	0	0	1	0	0	0	0	0
오늘의 물건은요	0	0	1	0	0	0	0	0
오늘의 볼게임은 6개월 만에 돌아왔습니다	0	0	1	0	0	0	0	0
오더씨 빨리 올라가요	0	0	0	0	0	0	0	1
오라고 오라고 오라고	0	0	1	0	0	0	0	0
오래 할 거면 나 허리 [유저] 제 좀 먹고 오고	0	0	1	0	0	0	0	0
오랜만에 뭐야	0	0	0	0	1	0	0	0
오렌지스닝	0	0	1	0	0	0	0	0
오른손이니	0	0	1	0	0	0	0	0
오른쪽 3번 3번 아 allein 은근 OCMO 8번이 다 오 것으로던 왔습니다	0	0	1	0	0	0	0	0
오른쪽 가 오른쪽 가	0	0	0	0	0	0	0	1
오른쪽 간다	0	0	1	0	0	0	0	0
오른쪽 그렇지 반응할것이 맨팟씨 반응해주고 저거 뭐야	0	0	0	0	1	0	0	0
오른쪽 넘어가	0	0	0	0	0	0	0	1
오른쪽 더 가봐	0	0	0	0	0	0	0	1
오른쪽 뭐야	0	0	0	0	1	0	0	0
오른쪽 봐봐	0	0	0	0	0	0	0	1
오른쪽 봐봐 으악 얘가 당겨 오나보다	0	0	0	0	1	0	0	0
오른쪽 봐야 돼	0	0	0	0	0	0	0	1
오른쪽 오른쪽 오른쪽으로 가야지	0	0	0	0	0	0	0	1
오른쪽 오른쪽 오른쪽으로 보내야 돼	0	0	1	0	0	0	0	0
오른쪽 오른쪽이야	0	0	1	0	0	0	0	0
오른쪽 위에 한 명 올라와봐	0	0	0	0	0	0	0	1
오른쪽 좀만 준현아 좀만 오른쪽 가봐	0	0	0	0	0	0	0	1
오른쪽 쭉 자 이제 가면 됩니다	0	0	0	0	0	0	0	1
오른쪽 하고 뛰다가 엘보우	0	0	0	0	0	0	0	1
오른쪽껀 두칸씩 밟아	0	0	1	0	0	0	0	0
오른쪽봐 으아아아아아악 지나가 지나가 지나가 내가 볼것이 무서워 무서워	0	0	0	0	1	0	0	0
오른쪽부터 가보죠	0	0	0	0	0	0	0	1
오른쪽에 박혀있어	0	0	1	0	0	0	0	0
오른쪽에 점프로 하라고	0	0	0	0	0	0	0	1
오른쪽으로 가자	0	0	0	0	0	0	0	1
오른쪽으로 가주고 오른쪽이 초반에 할것이 맞네요	0	0	0	0	0	0	0	1
오른쪽으로 그렇지 쭉 용차 용차 앞에 눌러야 돼	0	0	0	0	0	0	1	0
오른쪽으로 내려가서 좀 내려가 봅시다 몇 명 남으면 되는지	0	0	0	0	0	0	0	1
오른쪽으로 버튼만 누르면 되는데 그걸 가지를 못해서 양만들어 제발 암마자	0	0	0	1	0	0	0	0
오른쪽으로 빼고 가자	0	0	0	0	0	0	0	1
오른쪽으로 안되나	0	0	1	0	0	0	0	0
오른쪽으로 와봐	0	0	0	0	0	0	0	1
오른쪽으로 이래	0	0	1	0	0	0	0	0
오른쪽으로 한 번	0	0	1	0	0	0	0	0
오른쪽으로 한번 가볼까	0	0	0	0	0	0	0	1
오른팔로 나를 잡아 애기야	0	0	1	0	0	0	0	0
오빠 공룡 죽여	0	0	1	0	0	0	0	0
오빠 공룡을 죽여	0	0	1	0	0	0	0	0
오빠 그냥 욕 거하게 드시게 그냥 한 번 욕 거하게 드시게 난 모르겠다	0	0	1	0	0	0	0	0
오빠 더 깨	0	0	1	0	0	0	0	0
오빠 맨 마지막이 좋은 거야	0	0	1	0	0	0	0	0
오빠 뭐 해도 띠껍이긴 해	0	0	0	0	0	0	0	1
오빠 발톱 밟고 오나봐	0	0	0	0	0	0	0	1
오빠 빨리 타	0	0	0	0	0	0	0	1
오빠 빨리와	0	0	0	0	0	0	0	1
오빠 살려줘	0	0	1	0	0	0	0	0
오빠 진짜 어떻게 없는 생일 만들어줘	0	0	0	0	0	1	0	0
오소리 새끼 존나 마음에 안 들게 생겼네	1	0	0	0	0	0	0	0
오야야야 오야야야 야야야 어 [유저] 가가라 꼬깨라고 생각해 우리는 조금 있음 간장 [유저] 의 marshmallow가 될 운명이야 좋았어	0	0	0	0	0	0	1	0
오어어어어 아냐아냐안살았 accommodation 뭘버려	0	0	1	0	0	0	0	0
오오 [유저] 코코넛 먹어보자 나도 어 개꿀맛탱 대박 나도 올라가 볼래	0	0	0	0	0	0	1	0
오오 깜짝 놀랐구나	0	0	1	0	0	0	0	0
오오 뭐야	0	0	0	0	1	0	0	0
오오 씨 가자	0	0	0	0	0	0	0	1
오오 어 좋아	0	0	0	0	0	0	1	0
오오 왼쪽 뭐해	0	0	0	1	0	0	0	0
오오오 땜이다 땜	0	0	1	0	0	0	0	0
오오오 여기서 집중해야 돼 모두가 집중해야 돼	0	0	0	0	0	0	0	1
오오오 오오오 [유저] 살면 돼	0	0	1	0	0	0	0	0
오오오오 긴장해 긴장해 오잠깐 안되지	0	0	0	0	0	0	0	1
오오오오 오오오오 오오오오 자체가 말이 안된다니까 다시 한번 보여줄까	0	0	0	0	0	0	0	1
오오오오 잠깐만 이상한데	0	0	0	0	0	0	0	1
오오오오오	0	0	1	0	0	0	0	0
오오오오오오오오오오 좋은데	0	0	1	0	0	0	0	0
오오오오오오오오오오오오오오오오	0	0	1	0	0	0	0	0
오와 고릴라 겁나 세	0	0	0	0	0	0	0	1
오우 [유저] 가 오우 내려 내려 오우 잘했다 뭐야	0	0	0	0	1	0	0	0
오우 [유저] 소	0	0	1	0	0	0	0	0
오우 막 오우 막 키스도 하고 막 어이구 아 좀 나와보라구	0	0	0	0	0	0	0	1
오우 쉣 야 저런 피아노 이야	0	0	1	0	0	0	0	0
오우 쉣 오우 쉣 오우 야 큰일났다	0	0	0	0	0	1	0	0
오우 아이 아이 아이	0	0	1	0	0	0	0	0
오우 야 근데 상어는 없다	0	0	1	0	0	0	0	0
오우 자 반응해야 돼 반응해야 돼	0	0	0	0	0	0	0	1
오욱 기우자 차이가 아니 [유저] 랑 계속 걸려 불안합니다	0	0	0	0	0	0	0	1
오이 오이 오이 오 좋았어요	0	0	0	0	0	0	1	0
오죽 오죽이야 거품 거품 거품으로 아니 똥 똥 아 이건 뻔해 빨간색 아 씨	1	0	0	0	0	0	0	0
오지마 아니 아니 오지마 올라가 여기서 점프해서 개시운거였다	0	0	0	0	0	0	0	1
오케 오케 오케 한 번에 안되니까 어떻게 해야겠지	0	0	0	0	0	1	0	0
오케 오케 오케 힘내 힘내만 놓고	0	0	0	0	0	0	1	0
오케아노 아 얘 앞에 가줘야되나 보다	0	0	0	0	0	0	0	1
오케오케오케 어	0	0	1	0	0	0	0	0
오케이 1번부터 6번 그럼 왼쪽으로 가봐	0	0	0	0	0	0	1	0
오케이 3탄 가자	0	0	0	0	0	0	1	0
오케이 6명	0	0	0	0	0	0	1	0
오케이 6번도 가세요 멈춰 멈춰 [유저] 병돈이요 자 멈추고 갑니다	0	0	0	0	0	0	1	0
오케이 [유저]	0	0	0	0	0	0	1	0
오케이 [유저] [유저] [유저] 가자	0	0	0	0	0	0	1	0
오케이 [유저] [유저] 멈춰	0	0	0	0	0	0	1	0
오케이 [유저] 다음이 화살표 그냥 [유저] 보면 쳐 세모 보면 해봐	0	0	0	0	0	0	1	0
오케이 [유저] 먹으러 안녕하세요	0	0	0	0	0	0	1	0
오케이 [유저] 아니 댕경아 자존심도 없어	0	0	0	0	0	0	1	0
오케이 [유저] 아니 미친 거 아니야	0	0	0	0	0	0	1	0
오케이 [유저] 오케이 살짝 내려갈게요	0	0	0	0	0	0	1	0
오케이 [유저] 님 한번 올려줘보자	0	0	0	0	0	0	1	0
오케이 [유저] 로 출발 아 여기 어디야	0	0	0	0	0	0	1	0
오케이 [유저] 야	0	0	0	0	0	0	1	0
오케이 exactly 깔짝 좋았어요	0	0	0	0	0	0	1	0
오케이 가겠습니다	0	0	0	0	0	0	1	0
오케이 가라 가라 가라 7초 7초 비켜 비켜야 돼	0	0	0	0	0	0	1	0
오케이 가자	0	0	0	0	0	0	1	0
오케이 가자 가자	0	0	0	0	0	0	1	0
오케이 간다	0	0	0	0	0	0	1	0
오케이 갈게	0	0	0	0	0	0	1	0
오케이 갑시다 가시죠	0	0	0	0	0	0	1	0
오케이 갔다 올게	0	0	0	0	0	0	1	0
오케이 고마워	0	0	0	0	0	0	1	0
오케이 고마워요	0	0	0	0	0	0	1	0
오케이 그거 뭐 실제로	0	0	0	0	0	0	1	0
오케이 그거는 편안한 걸로 다음 2부로 갈게요	0	0	0	0	0	0	1	0
오케이 그다음	0	0	0	0	0	0	1	0
오케이 그렇지	0	0	0	0	0	0	1	0
오케이 나 알았다	0	0	0	0	0	0	1	0
오케이 나 알았어	0	0	0	0	0	0	1	0
오케이 나 여기 무직하게 무직하게 그냥 있어	0	0	0	0	0	0	1	0
오케이 나 좀 상위권인데	0	0	0	0	0	0	1	0
오케이 나도 4등	0	0	0	0	0	0	1	0
오케이 나도 올라가야 돼	0	0	0	0	0	0	1	0
오케이 나부터 아악	0	0	0	0	1	0	0	0
오케이 난 다음	0	0	0	0	0	0	1	0
오케이 내가 [유저] 가 죽여	0	0	0	0	0	0	1	0
오케이 내가 손잡고 갈게	0	0	0	0	0	0	1	0
오케이 내가 여기 막음 두 줄 남았어	0	0	0	0	0	0	1	0
오케이 넘어와	0	0	0	0	0	0	1	0
오케이 누구야 말미자 같이 생긴 애 있다 가자 오 좋아	0	0	0	0	0	0	1	0
오케이 눈치 싸움 플러스 계산도 해야 돼	0	0	0	0	0	0	1	0
오케이 님들 이제 우리 잠깐만요 여기 떨어지면 다 죽거든요	0	0	0	0	0	0	1	0
오케이 다 같이 와 다 같이 와	0	0	0	0	0	0	1	0
오케이 다 불렀다	0	0	0	0	0	0	1	0
오케이 다행이다	0	0	0	0	0	0	1	0
오케이 덕혜야 비켜	0	0	0	0	0	0	1	0
오케이 됐고 오케이 됐고	0	0	0	0	0	0	1	0
오케이 됐어	0	0	0	0	0	0	1	0
오케이 됐으	0	0	0	0	0	0	1	0
오케이 됐지	0	0	0	0	0	0	1	0
오케이 두 명 타고 두 명 타고 두 명 타 타 타 좋다	0	0	0	0	0	0	1	0
오케이 두헌이 두헌이 이거 풀해줘 뒤에 묶여줘	0	0	0	0	0	0	1	0
오케이 둘이 밀지 두 명 딱 맞지	0	0	0	0	0	0	1	0
오케이 들어갔대 들어갔대	0	0	0	0	0	0	1	0
오케이 들어왔어	0	0	0	0	0	0	1	0
오케이 또 방패야	0	0	0	0	0	0	1	0
오케이 라인 위해서 이 쉬운걸 이 쉬운걸 야 이걸 깼다	0	0	0	0	0	0	1	0
오케이 렛츠 이고	0	0	0	0	0	0	1	0
오케이 렛츠기릿	0	0	0	0	0	0	1	0
오케이 로켓 잠깐만 로켓 저거 어디다 설치하는지 잘 봐야 돼	0	0	0	0	0	0	1	0
오케이 미련 중에 [유저]	0	0	0	0	0	0	1	0
오케이 미안한데 혹시 내가 먼저 가봐도 될까	0	0	0	0	0	0	1	0
오케이 바뀌었다	0	0	0	0	0	0	1	0
오케이 바닥에 선 보고 일로 가서 일로 가서 일로 가서 일로 가서 어 어디로 가는 거	0	0	0	0	0	0	1	0
오케이 밟아 밟아	0	0	0	0	0	0	1	0
오케이 밤새겠다 이거지	0	0	0	0	0	0	1	0
오케이 분별 시작 좋아	0	0	0	0	0	0	1	0
오케이 빨간 물고기	0	0	0	0	0	0	1	0
오케이 사회적 거리가 필요해 한 명씩 넘어가 넘어가 톡 뛰어 뛰어 천천히 톡 그렇게 뛰면 안 돼	0	0	0	0	0	1	0	0
오케이 솔직하게 말씀드리면 이 맵은 노잼이다	0	0	0	0	0	0	1	0
오케이 쉽다 쉽다	0	0	0	0	0	0	1	0
오케이 스킬	0	0	0	0	0	0	1	0
오케이 아 꽁꽁이 바로 실패했어	0	0	0	0	0	0	1	0
오케이 아 여기 있어야 돼	0	0	0	0	0	0	1	0
오케이 아 진짜 아깝다	0	0	0	0	1	0	0	0
오케이 아 진짜 악어 너 진짜 할래	0	0	0	0	1	0	0	0
오케이 아니 당연하지	0	0	0	0	0	0	1	0
오케이 아니 방금 방금 개 잘했어	0	0	0	0	0	0	1	0
오케이 아라고해도 아래도 오케이 오케이 오케이	0	0	0	0	0	0	1	0
오케이 알겠습니다	0	0	0	0	0	0	1	0
오케이 알겠죠	0	0	0	0	0	0	1	0
오케이 알았어	0	0	0	0	0	0	1	0
오케이 야 잠깐만 근데 우리가 어디로 떠나는 거야	0	0	0	0	0	0	1	0
오케이 야야 [유저] 야 누나 지켜줘 야 잡았다 잡았다	0	0	0	0	0	0	1	0
오케이 얘들아	0	0	0	0	0	0	1	0
오케이 어 됐다 나도 알려줘 몇 번이 저야 누구야	0	0	0	0	0	0	1	0
오케이 어 오케이	0	0	0	0	0	0	1	0
오케이 어 오케이 이어 열쇠 열쇠 뭐야	0	0	0	0	1	0	0	0
오케이 어때	0	0	0	0	0	0	1	0
오케이 에이 지금 역사 속에서 제일 많이 올라왔어요	0	0	0	0	0	0	1	0
오케이 여기 어떻게 올라갔어	0	0	0	0	0	1	0	0
오케이 여기서 점스 와우 계속 가는 거구나	0	0	0	0	0	0	1	0
오케이 여기야	0	0	0	0	0	0	1	0
오케이 여기요 여기요 더블 점프 두근 슛	0	0	0	0	0	0	1	0
오케이 연호가 가져가자	0	0	0	0	0	0	1	0
오케이 열었다 가자	0	0	0	0	0	0	1	0
오케이 예쓰	0	0	0	0	0	0	1	0
오케이 오지	0	0	0	0	0	0	1	0
오케이 오케이	0	0	0	0	0	0	1	0
오케이 오케이 6번이 못 오잖아	0	0	0	0	0	0	1	0
오케이 오케이 [유저] 찾았다	0	0	0	0	0	0	1	0
오케이 오케이 [유저] 가 이거 둘이서 해도 돼	0	0	0	0	0	0	1	0
오케이 오케이 가요	0	0	0	0	0	0	1	0
오케이 오케이 가자 가자 가자	0	0	0	0	0	0	1	0
오케이 오케이 간다	0	0	0	0	0	0	1	0
오케이 오케이 그렇지	0	0	0	0	0	0	1	0
오케이 오케이 내려가 오우 잘했어	0	0	0	0	0	0	1	0
오케이 오케이 매운데	0	0	0	0	0	0	1	0
오케이 오케이 뭐야	0	0	0	0	1	0	0	0
오케이 오케이 번호랑 색깔 다 써놔요	0	0	0	0	0	0	1	0
오케이 오케이 아 잠깐만요 열쇠 열쇠 열쇠 잠깐만 잠깐만 어	0	0	0	0	0	0	1	0
오케이 오케이 아씨 이런 거 어려운데	0	0	0	0	0	0	1	0
오케이 오케이 아아	0	0	0	0	0	0	1	0
오케이 오케이 알았잖아	0	0	0	0	0	0	1	0
오케이 오케이 어	0	0	0	0	0	0	1	0
오케이 오케이 여기 내 집	0	0	0	0	0	0	1	0
오케이 오케이 오케이	0	0	0	0	0	0	1	0
오케이 오케이 오케이 과감한 친구들이 먼저 가보자	0	0	0	0	0	0	1	0
오케이 오케이 오케이 아 나 배아파	0	0	0	0	0	0	1	0
오케이 오케이 오케이 아 뭐야	0	0	0	0	1	0	0	0
오케이 오케이 오케이 안 피 피했지롱 아 망했네 누나 나 덕혜 조금만 버텨봐 누나가 [유저] 야 올라가자 야 우린 살자아 Lead 우리 같이 살자 흑의기자아 흑의기자아 흑의기자아 난 주워어 흑의기자아 난 주워어 [유저] 야 살아야 돼	0	0	0	0	0	1	0	0
오케이 오케이 오케이 가가가가 오케오케오케 간장간장 간장	0	0	0	0	0	0	1	0
오케이 오케이 오케이 이거 됐다	0	0	0	0	0	0	1	0
오케이 오케이 오케이 이런 식으로 이런식으로 그렇지 이렇게 와	0	0	0	0	0	0	1	0
오케이 오케이 오케이 일로와 일로와 일로와 감사합니다	0	0	0	0	0	0	1	0
오케이 오케이 오케이 좋아	0	0	0	0	0	0	1	0
오케이 오케이 이거 그	0	0	0	0	0	0	1	0
오케이 오케이 이거 후추가 잘해야돼	0	0	0	0	0	0	1	0
오케이 오케이 일로 밀어줘 일로 밀어줘 오케이 오케이 쏙 시작 오케이 오케이 렛츠 이고 기미 무스타 이야	0	0	0	0	0	0	1	0
오케이 오케이 자 갑니다	0	0	0	0	0	0	1	0
오케이 오케이 좋다	0	0	0	0	0	0	1	0
오케이 오케이 지금 지금 지금	0	0	0	0	0	0	1	0
오케이 올림픽이다	0	0	0	0	0	0	1	0
오케이 와와와 가자 가자 가자 자 비켜줘	0	0	0	0	0	0	1	0
오케이 완두콩 아직 둘 하나 남았구만 이름이 뭐였지	0	0	0	0	0	0	1	0
오케이 우리 느낌 알겠다	0	0	0	0	0	0	1	0
오케이 우리는 약간 비켜주고	0	0	0	0	0	0	1	0
오케이 이거 [유저] 위에 블럭을 계속 쌓는 거 같은데	0	0	0	0	0	0	1	0
오케이 이거지	0	0	0	0	0	0	1	0
오케이 이고고	0	0	0	0	0	0	1	0
오케이 이고양아 업어줄게 와봐	0	0	0	0	0	0	1	0
오케이 이다 새로 보는 사람들이네요	0	0	0	0	0	0	1	0
오케이 이대로 이대로 이대로 이거 땡겨 땡기면서 땡기면서 땡기면서 그렇지	0	0	0	0	0	0	1	0
오케이 이렇게	0	0	0	0	0	0	1	0
오케이 이렇게 출발합시다	0	0	0	0	0	0	1	0
오케이 이렇게 해서 하는 거다	0	0	0	0	0	0	1	0
오케이 이시야봐야 되니까 1대1 1대1 이시야봐	0	0	0	0	0	0	1	0
오케이 이야	0	0	0	0	0	0	1	0
오케이 이제 나오고 먼저 나오고 아 거 제발 아 빨간 제발 아 아 내 심장 오케이 고고고고 좋아	0	0	0	0	0	0	1	0
오케이 이제 내려놓으시면 알아서 땡겨오면 됩니다	0	0	0	0	0	0	1	0
오케이 이제 알겠다	0	0	0	0	0	0	1	0
오케이 이제 알았지	0	0	0	0	0	0	1	0
오케이 익숙해짐	0	0	0	0	0	0	1	0
오케이 일단 가봐 가서 생각해봐 7명 올라오세요	0	0	0	0	0	0	1	0
오케이 일단 나 책임 전가할것이 난 책임 전가해야겠어 이거	0	0	0	0	0	0	1	0
오케이 있어 있어 있어	0	0	0	0	0	0	1	0
오케이 자 겉모습은 겉모습일 뿐 원래 겉모습으로 판단하는 사람이지만 오늘은 하지 않겠습니다	0	0	0	0	0	0	1	0
오케이 자 꺾고 그렇지 반응해주고 그렇지	0	0	0	0	0	0	1	0
오케이 자 누구시죠	0	0	0	0	0	0	1	0
오케이 자 하나 8 2 1 고고고고 뛰어 뛰어 뛰어 자 풀링풀링풀링 됐어	0	0	0	0	0	0	1	0
오케이 잘한다	0	0	0	0	0	0	1	0
오케이 잘했어	0	0	0	0	0	0	1	0
오케이 저 새끼 알면서 그랬어 내가 봤을 때 아니 캐릭터 봤는데 어 그만 가 어 가	1	0	0	0	0	0	0	0
오케이 저 할아버지로 가겠습니다	0	0	0	0	0	0	1	0
오케이 점스 그렇지	0	0	0	0	0	0	1	0
오케이 점프해 가야되는거 아니야	0	0	0	0	0	0	1	0
오케이 정답	0	0	0	0	0	0	1	0
오케이 제가 보는데	0	0	0	0	0	0	1	0
오케이 제가 양보하겠습니다	0	0	0	0	0	0	1	0
오케이 좋아	0	0	0	0	0	0	1	0
오케이 좋아요	0	0	0	0	0	0	1	0
오케이 좋았다 좋았다 좋았다	0	0	0	0	0	0	1	0
오케이 지금 두 명의 사람 누구 누구죠	0	0	0	0	0	0	1	0
오케이 진짜 이걸 이렇게 어렵게 하나	0	0	0	0	0	0	1	0
오케이 첫 판 첫 판 오케이 첫 판 첫 판	0	0	0	0	0	0	1	0
오케이 팀워크 보여주자 그렇지 그렇지 팀플 뭐야	0	0	0	0	1	0	0	0
오케이 폭포 좋아	0	0	0	0	0	0	1	0
오케이 하나야	0	0	0	0	0	0	1	0
오케이 하다	0	0	0	0	0	0	1	0
오케이 하트 하트	0	0	0	0	0	0	1	0
오케이 화이팅	0	0	0	0	0	0	1	0
오케이 회색 하얀색 유쓰	0	0	0	0	0	0	1	0
오토바이 두번째로 들어가고 [유저] 가 세번째로 가고 오케이 가자	0	0	0	0	0	0	1	0
오히려 좋아 오히려 좋아	0	0	0	0	0	0	1	0
옥냥 옥냥쿤 나와봐	0	0	0	0	0	0	0	1
옥냥쿤 내려와 다리가 없지 않나	0	0	0	0	0	0	0	1
온다 온다 온다	0	0	1	0	0	0	0	0
온도 왔어	0	0	1	0	0	0	0	0
온라인 게임 모드에서 본인의 이름을 적어주세요	0	0	1	0	0	0	0	0
온라인 게임으로 가서 둘이 협동을 해서 해보겠습니다	0	0	0	0	0	0	0	1
온라인으로 이렇게 하는 것 같아	0	0	1	0	0	0	0	0
온바퀴에 올라온다	0	0	1	0	0	0	0	0
올 것 같은 공인지 안 올 것 같은 공인지 모르겠어	0	0	1	0	0	0	0	0
올 수 있잖아	0	0	1	0	0	0	0	0
올라가 3번 밀고 넘어와야 돼요	0	0	0	0	0	0	0	1
올라가 [유저] 올라가	0	0	0	0	0	0	0	1
올라가 그렇지	0	0	0	0	0	0	1	0
올라가 봐	0	0	0	0	0	0	0	1
올라가 올라가	0	0	0	0	0	0	0	1
올라가 올라가 선행 선행 선행 나 할 수 있어 할 수 있다고	0	0	0	0	0	0	0	1
올라가 올라가 올라가	0	0	0	0	0	0	0	1
올라가 올라가 올라가라고	0	0	0	0	0	0	0	1
올라가 올라가 일단 가자 여기는 쉬워 여기까지 쉬워 하나 둘 셋 쿨해 쿨해 점프 점프가 왜 안되지	0	0	0	0	0	0	0	1
올라가 올라가 점프 점프 점프 콩콩이가 방금 좋은데 오라고 했어요	0	0	0	0	0	0	0	1
올라가 이제 우리도 가자	0	0	0	0	0	0	0	1
올라가 있어	0	0	0	0	0	0	0	1
올라가 좋아 좋아 올라가야지	0	0	0	0	0	0	1	0
올라가고 오 이것이 뭐야	0	0	0	0	1	0	0	0
올라가고 오케이	0	0	0	0	0	0	1	0
올라가고 있어	0	0	0	0	0	0	0	1
올라가기만 해 상품 올라가자	0	0	0	0	0	0	0	1
올라가는 거 같은데	0	0	0	0	0	0	0	1
올라가는 중에 Shift로 누르면 런지를 한다	0	0	0	0	0	0	0	1
올라가라고	0	0	0	0	0	0	0	1
올라가라고 가라고 너 갈색이 후추인거지 복숭아 이새끼야	1	0	0	0	0	0	0	0
올라가면 그만이야 올라갈게 점프하면 안 돼요	0	0	0	0	0	1	0	0
올라가면 돼요	0	0	0	0	0	0	0	1
올라가보자 바로가도 될거같아 올라간다	0	0	0	0	0	0	0	1
올라가봐 오 됐다	0	0	0	0	0	0	0	1
올라가서 발판 해줘	0	0	0	0	0	0	0	1
올라가서 올라가서 아까 하던 대로 하라니까 2번 내려가 2번 내려가고 2번 내려가고 오케이 이고고고 6번 지나가요	0	0	0	0	0	0	1	0
올라가서 올라갑니다	0	0	0	0	0	0	0	1
올라가시고 그 다음 기우자 대가리로 우리 [유저] 님 올라가시고 자 윤호님 올라가시고 윤호 대가리 위에 자 올라갔죠	0	0	0	0	0	0	0	1
올라가야 돼	0	0	0	0	0	0	0	1
올라가야 돼 올라가야 돼	0	0	0	0	0	0	0	1
올라가야 되는데	0	0	0	0	0	0	0	1
올라가야 되는데 점점	0	0	0	0	0	0	0	1
올라가야지	0	0	0	0	0	0	0	1
올라가자 올라가야 돼	0	0	0	0	0	0	0	1
올라가줘 올라가 여기 살짝 그렇지	0	0	0	0	0	0	1	0
올라가지마봐	0	0	0	0	0	0	0	1
올라간 상태에서 아 올라간 상태에서 커져야됨	0	0	1	0	0	0	0	0
올라간다 나무에 나무를 탈 수가 있었어	0	0	0	0	0	0	0	1
올라갈 수 있을 거 같아	0	0	1	0	0	0	0	0
올라갈수있음	0	0	1	0	0	0	0	0
올라갑니다	0	0	1	0	0	0	0	0
올라갑시다	0	0	0	0	0	0	0	1
올라갔다가 다시 가면 가자	0	0	0	0	0	0	0	1
올라오면 넌 죽는거여	0	0	1	0	0	0	0	0
올라오면 돼 올라오면 돼 내가 공중으로 한 바퀴 돌려야되나	0	0	0	0	0	0	0	1
올라오세요	0	0	0	0	0	0	0	1
올라오지도 못해	0	0	0	1	0	0	0	0
올라와 올라와 올라와	0	0	0	0	0	0	0	1
올라와 올라와 올라와 안돼에에에 나 혼자 살았나	0	0	0	0	0	1	0	0
올라와줘야 돼	0	0	0	0	0	0	0	1
올라왔다 올라왔다	0	0	1	0	0	0	0	0
올려 다시 올려 올려 자 앞에 출발 앞에서 점프해서 넘어가자 그렇지 해주고 그 다음 점프 그 다음 점프하세요	0	0	0	0	0	0	1	0
올려 올려 올려 이것이 어려워	0	0	1	0	0	0	0	0
올려서 점프해줘야 돼	0	0	0	0	0	0	0	1
올려줄것이 야	0	0	1	0	0	0	0	0
올려줄것이 양진이 양진이 업시킬게 올라가서 먹어	0	0	0	0	0	0	0	1
올려줄게 그래 아 올려주고 아 오케이 오케이 자 여기로 가서 이렇게 해서 여기서	0	0	0	0	0	0	1	0
올려줄게 중간에 하나 핥아줄 사람 올려줄게 가만히 있어	0	0	0	0	0	0	0	1
올려줘 그렇지	0	0	0	0	0	0	1	0
올려줘봐 나 좀 나 좀 올려줘봐	0	0	0	0	0	0	0	1
올롤롤롤롤롤롤롤	0	0	1	0	0	0	0	0
올리고 위치 올리고 어	0	0	1	0	0	0	0	0
옳쪄 오케이 어 스테미나 왜 이렇게 빨리 달지	0	0	0	0	0	0	1	0
옹 이거 해	0	0	0	0	0	0	0	1
옹돌이 끝났네	0	0	0	0	0	1	0	0
와 12세지만 하면 돼	0	0	0	0	0	0	0	1
와 1등 각이었는데 아깝다	0	0	0	0	0	1	0	0
와 3개나 남았다고	0	0	0	0	0	0	0	1
와 3개나 남았어	0	0	0	0	0	0	0	1
와 8단계 뭐야	0	0	0	0	1	0	0	0
와 [유저]	0	0	0	0	0	0	0	1
와 [유저] 덕분에 손에 땀났다 와	0	0	0	0	0	0	0	1
와 [유저] 무임승차 개이득 야 이제 야 이거 라면 먹고 와도 되겠는데	0	0	0	0	0	0	0	1
와 [유저] 좋았어	0	0	0	0	0	0	1	0
와 [유저] 가 피했습니다	0	0	0	0	0	0	0	1
와 개 [유저] 진짜 완전 [유저] 여기서 탑 된다	0	0	0	0	0	0	0	1
와 개그직한 놈	0	0	0	0	0	0	0	1
와 개그짓 같은 거	0	0	0	0	0	0	0	1
와 개빵 터졌네	0	0	0	0	0	0	0	1
와 개쩐다	0	0	0	0	0	0	1	0
와 고생하셨습니다	0	0	0	0	0	0	0	1
와 근데 군대 관련 얘기하니까 바로 진짜 살벌하네	0	0	0	0	0	0	0	1
와 근데 생각보다 우리 수	0	0	0	0	0	0	0	1
와 근데 이거 진짜 어려운데 선풍기 가만히 있는것이 아니라 위아래로 움직여가지고 내 머리에 계단 쌓아 나만 움직이면 돼	0	0	0	0	0	0	0	1
와 길자리	0	0	0	0	0	0	0	1
와 까비 까비	0	0	0	0	0	0	0	1
와 나 [유저] 배 이나 3 와 할배 제일 빠르네	0	0	0	0	0	0	0	1
와 나 심리학이 느려 야 도완이야	0	0	0	0	0	0	0	1
와 나 아무것도 없다	0	0	0	0	0	0	0	1
와 나 알았다	0	0	0	0	0	0	0	1
와 내 친구 잘한다 업어줘 업어줘	0	0	0	0	0	0	1	0
와 너무 화가 나	0	0	0	0	0	0	0	1
와 노란색 너무 많은데	0	0	0	0	0	0	0	1
와 노란색인데 이거	0	0	0	0	0	0	0	1
와 누구냐	0	0	0	0	0	0	0	1
와 다리 진짜 아깝다	0	0	0	0	1	0	0	0
와 대박이다	0	0	0	0	0	0	1	0
와 뒤로 올라왔어	0	0	0	0	0	0	0	1
와 드디어 2플레이어가 끝났어	0	0	0	0	0	1	0	0
와 드디어 됐다 흫 쯧 하 그래도 내가 널 어떻게 버리겠니 좋습니다	0	0	0	0	0	1	0	0
와 든든해 라더형이야	0	0	0	0	0	0	0	1
와 든든해 지금 얘들아	0	0	0	0	0	0	0	1
와 디지펀	1	0	0	0	0	0	0	0
와 딴 생각 하면 안 되는구나	0	0	0	0	0	0	0	1
와 마마 개잘해	0	0	0	0	0	0	1	0
와 마마 다 농이면 진짜	0	0	0	0	0	0	0	1
와 마마를 길자리	0	0	0	0	0	0	0	1
와 마우스가 거꾸로 돼 있는 거	0	0	0	0	0	0	0	1
와 말 개 고수다	0	0	0	0	0	0	0	1
와 말이 저기서	0	0	0	0	0	0	0	1
와 말이 저기서 와	0	0	0	0	0	0	0	1
와 맵이 엄청 넓은데	0	0	0	0	0	0	0	1
와 물고기 씨	0	0	0	0	0	0	0	1
와 뭔데 이거	0	0	0	0	0	0	0	1
와 생크림 캐릭 진짜 나 안 돼	0	0	0	0	0	1	0	0
와 선행아 고생했어	0	0	0	0	0	0	0	1
와 쌉 고수	0	0	0	0	0	0	0	1
와 아 개쉽네	0	0	0	0	0	0	0	1
와 아니 근데 이거는 내려갈 이유가 진짜 없었거든	0	0	0	0	0	0	0	1
와 아무도 개새끼리 뭐 생각을 못하나 그냥	1	0	0	0	0	0	0	0
와 아아 goo [유저] [유저] 벌써 빨리 와아아 지나가네	0	0	0	0	0	0	0	1
와 안 걸렸다	0	0	0	0	0	0	0	1
와 야 대하야 다 국대골키퍼야	0	0	0	0	0	0	0	1
와 야 디면 어떡해	0	0	0	0	0	1	0	0
와 야 이거 어떻게 야 이거 한 번에 할 수 있겠냐	0	0	0	0	0	1	0	0
와 어디까지 가	0	0	0	0	0	0	0	1
와 어렵다	0	0	0	0	0	0	0	1
와 오면 되요	0	0	0	0	0	0	0	1
와 오케이 어	0	0	0	0	0	0	1	0
와 올려 죽지마	0	0	0	0	0	0	0	1
와 와 이렇게 쉬운 건 아 씨발 비쌌다	1	0	0	0	0	0	0	0
와 와 진짜 쏘리 와 진짜 쏘리 주의 한번 왔다 한번 왔다	0	0	0	0	0	0	0	1
와 와 진짜 침식해버렸다	0	0	0	0	0	0	0	1
와 와우 와우 와우 와 이거 재밌다 잠깐만 [유저] 온 것 같아요	0	0	0	0	0	0	0	1
와 우리의 우정을 알 수 있었어요	0	0	0	0	0	0	0	1
와 운하 이럴 때 혼자 가면 게이지 다 써버려야지	0	0	0	0	0	0	0	1
와 월드 클리어	0	0	0	0	0	0	1	0
와 위치 바꿔 검사하는 것이 예술이다	0	0	0	0	0	0	0	1
와 이 새끼 또 살았네	1	0	0	0	0	0	0	0
와 이 새끼야	1	0	0	0	0	0	0	0
와 이거 [유저] 랑 나랑 해야되네	0	0	0	0	0	0	0	1
와 이거 또 살았어	0	0	0	0	0	0	0	1
와 이거 뭐야	0	0	0	0	1	0	0	0
와 이거 양띵 죽으면 보자 누가 누군가 걱정하는 거지	0	0	0	0	0	0	0	1
와 이거 어렵다	0	0	0	0	0	0	0	1
와 이거 좀 어렵네	0	0	0	0	0	0	0	1
와 이거 진짜	0	0	0	0	0	0	0	1
와 이걸 들어간다고	0	0	0	0	0	0	0	1
와 이걸 말이	0	0	0	0	0	0	0	1
와 이것이 제일 힘들어	0	0	0	0	0	1	0	0
와 이러면 바로 패스죠	0	0	0	0	0	0	0	1
와 이런 새끼들이랑 심지어	1	0	0	0	0	0	0	0
와 이런 젠장 야 이거 2명으로 하면 각도 될 거 같은데	0	0	0	0	0	0	0	1
와 일부러 그러네	0	0	0	0	0	0	0	1
와 자 여기서 잘해야 될 거 같아 나	0	0	0	0	0	0	1	0
와 자유의 몸이다	0	0	0	0	0	0	0	1
와 잘랐어	0	0	0	0	0	0	0	1
와 잠깐만 쟤 뭐야	0	0	0	0	1	0	0	0
와 재밌었다	0	0	0	0	0	0	0	1
와 쟤 봐	0	0	0	0	0	0	0	1
와 쟤가 미쳤다 집중 집중 다들 집중 약간 좀 가장자리에 가는 것이 좋아	1	0	0	0	0	0	0	0
와 저 사람 왜 이렇게 잘해	0	0	0	0	0	0	1	0
와 저거 어떡하냐	0	0	0	0	0	0	0	1
와 저거 일부러 그랬다고하 어라고하라	0	0	0	0	0	0	0	1
와 저거 화났나 [유저] [유저] 후추 멍때리지마	0	0	0	0	0	0	0	1
와 전파리 너무 치어리더였어 거의	0	0	0	0	0	0	0	1
와 조졌다	0	0	0	0	0	0	0	1
와 존나 잘해	1	0	0	0	0	0	0	0
와 지금 조회수 120만이네	0	0	0	0	0	0	0	1
와 진짜 개많아	0	0	0	0	0	0	0	1
와 진짜 겁쟁이 가렵네	0	0	0	0	0	0	0	1
와 진짜 겁쟁이들의 쉼터 게이지 관리 좀 해	0	0	0	0	0	0	0	1
와 진짜 끝났다	0	0	0	0	0	1	0	0
와 진짜 니들 희망아 나 진짜 눈물 흘렸어	0	0	0	0	0	0	0	1
와 진짜 롤 못하는 애들이 저거 개짓받는다 음료수 나눠먹기 벌칙 음료 이런거 아니 성격이 왜이렇게 급하냐	0	0	0	0	0	0	0	1
와 진짜 망가진다	0	0	0	0	0	0	0	1
와 진짜 망했다	0	0	0	0	0	1	0	0
와 진짜 못한다	0	0	0	0	0	0	0	1
와 진짜 미안해	0	0	0	0	0	0	0	1
와 진짜 쓰레기 수준이야	1	0	0	0	0	0	0	0
와 진짜 안 맞지 않았니	0	0	0	0	0	0	0	1
와 진짜 얘 쌍욕 박을 뻔했다 진짜로	0	0	0	0	1	0	0	0
와 진짜 억울하지 일자 일자 일자 이야	0	0	0	0	0	1	0	0
와 진짜 여기서 죽어버리면 진짜 재밌겠다잉 와 진짜 여기서 죽으면 진짜 재밌겠다잉 움직여있어	1	0	0	0	0	0	0	0
와 진짜 이거 뒤에서 뒤에서 뭐라고	0	0	0	0	0	0	0	1
와 진짜 잘한다	0	0	0	0	0	0	1	0
와 진짜 저거 하나 이거 언제 되냐	0	0	0	0	0	0	0	1
와 진짜 진짜 운없다 운이 없다니까	0	0	0	0	0	0	0	1
와 짜릿하다	0	0	0	0	0	0	0	1
와 콩콩이 땅콩	0	0	0	0	0	0	0	1
와 크포꺼 새로고침하니까 [유저] 인데	0	0	0	0	0	0	0	1
와 풍차 돌리기 뭐야	0	0	0	0	1	0	0	0
와 형 저러니까 형 [유저] 랑 차이가 많이 나네	0	0	0	0	0	0	0	1
와 흉내중나 이거 진짜 피니커야	0	0	0	0	0	0	0	1
와는 진짜 무슨	0	0	0	0	0	0	0	1
와서 그렇지 [유저] 씨가 올라가서 점프하면 되겠다	0	0	0	0	0	0	1	0
와서 방금 뭐야	0	0	0	0	1	0	0	0
와아 뭐야	0	0	0	0	1	0	0	0
와아 와아 와아 분홍색 미쳤다	1	0	0	0	0	0	0	0
와아아아아아 오 네 어허 으아아아아아 다 이냐	0	0	0	0	1	0	0	0
와아아아아아아아아아 김치가 승리였습니다	0	0	0	0	1	0	0	0
와아아아아아아아아아아아아아 너 W랑 D만 누르면 된다	0	0	0	0	1	0	0	0
와야 돼 [유저] 야	0	0	0	0	0	0	0	1
와야 돼 와야 돼	0	0	0	0	0	0	0	1
와우 와우	0	0	0	0	0	0	0	1
와우 월드 클리어 아 이제 2레벨이야	0	0	0	0	0	0	1	0
와우 친구들 빵빵이 아저씨야 고생했어	0	0	0	0	0	0	0	1
와임 지린다 방금 뭐임	0	0	0	0	0	0	0	1
와잡이요 멈춰 멈춰 멈췄어	0	0	0	0	0	0	0	1
완두콩이 이름 뭐야	0	0	0	0	1	0	0	0
완두콩이랑 1대1로 남을 것 같다	0	0	1	0	0	0	0	0
완벽했잖아	0	0	1	0	0	0	0	0
완전 [유저] 완전 [유저] 이거 안 튀어졌지	0	0	1	0	0	0	0	0
완전 조금씩 가자 이 8명이 한번에 움직이면 반응이 아 그러네	0	0	0	0	0	0	0	1
완전 초초교환	0	0	1	0	0	0	0	0
완전히 했거든	0	0	1	0	0	0	0	0
왔다 갔다	0	0	1	0	0	0	0	0
왔다 갔다 해주셔야 돼	0	0	0	0	0	0	0	1
왔다 잠깐만	0	0	0	0	0	0	0	1
왕관있는것이 깬거고 왕관없는것이 안깬거야	0	0	1	0	0	0	0	0
왜 S가 잘못	0	0	0	1	0	0	0	0
왜 [유저] [유저] 골 아 [유저] 님 아 좀 제대로 해보라고요	0	0	0	1	0	0	0	0
왜 가고있어요	0	0	0	0	0	0	0	1
왜 가고있죠	0	0	0	0	0	0	0	1
왜 가운데 계세요 이자 화내지마	0	0	0	0	0	0	0	1
왜 갑자기 미수반이	0	0	1	0	0	0	0	0
왜 갔다 와	0	0	0	0	0	0	0	1
왜 게이지 관리를 못하는 거야	0	0	1	0	0	0	0	0
왜 그래요	0	0	0	1	0	0	0	0
왜 그러는거야	0	0	0	1	0	0	0	0
왜 그러는데요	0	0	0	1	0	0	0	0
왜 그렇게 생각하세요	0	0	0	0	0	0	0	1
왜 그렇게 얘기해	0	0	0	0	0	0	0	1
왜 꼭 제가 더 잘할 거라고 생각하세요	0	0	0	0	0	0	0	1
왜 끊을래	0	0	1	0	0	0	0	0
왜 나 왜 상상을 좀 하라고 상상을 좀 하라고 상상을 좀 하라고 상상을 좀 하라고 상상을 좀 하라고 상상을 좀 하라고	0	0	1	0	0	0	0	0
왜 나라고했지	0	0	1	0	0	0	0	0
왜 나를 물귀신 작전으로 왜 그래	0	0	0	1	0	0	0	0
왜 나만 없어	0	0	1	0	0	0	0	0
왜 나한테까지 아직 공이 안 오지	0	0	1	0	0	0	0	0
왜 날 잡아	0	0	1	0	0	0	0	0
왜 내 위에 뭐가있어	0	0	0	0	0	0	0	1
왜 너만 할 수 있다고 생각하지	0	0	1	0	0	0	0	0
왜 님들 망가야	0	0	0	0	0	0	0	1
왜 다 솔로야	0	0	1	0	0	0	0	0
왜 다들 이렇게 한 발 뺀다고 그러는 거예요	0	0	1	0	0	0	0	0
왜 뒤로 가	0	0	0	0	0	0	0	1
왜 따라다녀	0	0	0	0	0	0	0	1
왜 또 까불었다고 그래	0	0	0	0	0	0	1	0
왜 마지막에 저렇게	0	0	1	0	0	0	0	0
왜 말도 멈춰	0	0	0	0	0	0	0	1
왜 말을 안 해	0	0	0	0	0	0	0	1
왜 말하는 것이 언제부터 이면제부였어요	0	0	1	0	0	0	0	0
왜 먹었어	0	0	1	0	0	0	0	0
왜 못겨 6번	0	0	1	0	0	0	0	0
왜 빨리빨리 안 가냐	0	0	0	0	0	0	0	1
왜 살아났어	0	0	1	0	0	0	0	0
왜 소리 왜 소리가 왜 들려 게임 소리 껐는데 게임 소리 껐어	0	0	0	0	0	0	0	1
왜 쏠라고	0	0	1	0	0	0	0	0
왜 아 이거 참 [유저] 님 저도 주세요	0	0	1	0	0	0	0	0
왜 안 눌러서	0	0	0	0	0	0	0	1
왜 안 돼	0	0	0	0	0	1	0	0
왜 안 떨어져	0	0	1	0	0	0	0	0
왜 안 뛰어	0	0	0	0	0	0	0	1
왜 안 봐줘	0	0	0	0	0	0	0	1
왜 안 봐줘 깡이 좋아졌어	0	0	0	0	0	0	1	0
왜 안 올라왔어요	0	0	1	0	0	0	0	0
왜 안 죽었어	0	0	0	0	0	1	0	0
왜 안 태워	0	0	1	0	0	0	0	0
왜 안 해줘	0	0	0	1	0	0	0	0
왜 안지겨	0	0	1	0	0	0	0	0
왜 앞에 그렇게 막고 있어 X들이야	0	0	1	0	0	0	0	0
왜 앞에서 그렇게 알짱대	0	0	0	0	0	0	1	0
왜 앞으로 가	0	0	0	0	0	0	0	1
왜 얘도 뒤로 오고 있어	0	0	1	0	0	0	0	0
왜 여기 사람들이 왜 이렇게 많아	0	0	1	0	0	0	0	0
왜 여기 있어 여기다 딱이다 좋아 좋아 좋아 오케이 덤벙 덤벙합니다	0	0	0	0	0	0	1	0
왜 여기야	0	0	1	0	0	0	0	0
왜 왜 그러니 너 버그 걸렸는데 야야야 니 차례 지켜라	0	0	0	1	0	0	0	0
왜 왜 나 또 흘렀어	0	0	1	0	0	0	0	0
왜 왜 뭐해	0	0	0	1	0	0	0	0
왜 왜 왜 여기 이상한 안개 있잖아요	0	0	1	0	0	0	0	0
왜 우리 꼴뚜기 왜 노려 김낙연 야 죽여봐 죽여봐 김낙연 CUT NICE 콜라가 죽여봐	0	0	0	0	0	0	1	0
왜 우리 사탕이 2개야	0	0	1	0	0	0	0	0
왜 이래 왜 이래 왜 이래 왜 이래 왜 이래	0	0	0	0	1	0	0	0
왜 이러지	0	0	0	0	1	0	0	0
왜 이렇게 길어	0	0	1	0	0	0	0	0
왜 이렇게 다리밖에 없으니까 노예 같냐	0	0	1	0	0	0	0	0
왜 이렇게 도티 하지마	0	0	1	0	0	0	0	0
왜 이렇게 맛이 없지	0	0	1	0	0	0	0	0
왜 이렇게 애기들이 많이 봐	0	0	0	0	0	0	0	1
왜 이렇게 잘 싸워	0	0	1	0	0	0	0	0
왜 이렇게 쳤다는거야	0	0	1	0	0	0	0	0
왜 이렇게 평안하게 놀아가지고 왜 이렇게 왜 이렇게 평안하게 놀아가지고 왜 이렇게 왜 이렇게 평안하게 놀아가지고 왜 이렇게 아 레디 이거 다 합쳐서 저거 사이에 들어와야 돼	0	0	0	0	0	0	0	1
왜 이제 말해줘	0	0	0	0	0	0	0	1
왜 자꾸 거기다가 애기 넘어가 애기 넘어가 그렇지 그렇지 아니 애기야 너도니	0	0	0	0	0	0	1	0
왜 쟤 해파리 왜 무빙쳐 쟤 무빙쳐 뭐야	0	0	0	0	1	0	0	0
왜 저렇게 다 나가지고 저렇게 됐어	0	0	0	0	0	0	0	1
왜 점프가 막 돼	0	0	0	0	0	0	0	1
왜 점프를 해	0	0	0	0	0	0	0	1
왜 제 앞으로 오세요	0	0	0	0	0	0	0	1
왜 제가 2 [유저] 이에요	0	0	0	0	0	0	0	1
왜 죽는 거야	0	0	1	0	0	0	0	0
왜 죽었구나	0	0	0	0	0	1	0	0
왜 죽었는데	0	0	0	0	0	1	0	0
왜 죽은 거야	0	0	1	0	0	0	0	0
왜 태뜨리스야 어 태뜨리스다 그냥 한줄 만들어야 된다고 한줄 어	0	0	1	0	0	0	0	0
왜 팔자걸음으로 해	0	0	0	0	0	0	0	1
왜 패드로 해	0	0	0	0	0	0	0	1
왜 한 거예요	0	0	1	0	0	0	0	0
왜 한 명씩 가야 돼	0	0	0	0	0	0	0	1
왜 할배한테도 왜 안 해	0	0	0	1	0	0	0	0
왜 훔쳐봐요	0	0	0	0	0	0	0	1
왜냐면 그때 퍼서 흙을 하는 것이 아니고 나와서 이렇게 아니 돌은 이렇게	0	0	0	0	0	0	0	1
왜냐면 내 마이크 계속 씹힌다야 짝	0	0	1	0	0	0	0	0
왜냐면 애매했잖아요	0	0	1	0	0	0	0	0
왜냐면 할 수 있잖아	0	0	1	0	0	0	0	0
왜냐하면 저걸 우리가 밀어주면 올라갈수있음	0	0	0	0	0	0	0	1
왜왜 오 뭐야 진짜 저거 이어	0	0	0	0	1	0	0	0
왜왜왜 사운드 변화가 너무 심해	0	0	0	0	0	0	0	1
왜왜왜 아 깜짝이야	0	0	1	0	0	0	0	0
왜왜왜 이리로 가자고	0	0	0	0	0	0	0	1
왜인가 자 1라운드 3라운드야	0	0	0	0	0	0	0	1
왠지 그런 느낌인데	0	0	1	0	0	0	0	0
왠지 움직일 거 같은데 밀치러 이번엔 끝내자	0	0	1	0	0	0	0	0
왠지 하나 더 있어	0	0	1	0	0	0	0	0
외들그린 다운돼 있어 야 꺼져 던져 던져 던져 도던져	1	0	0	0	0	0	0	0
왼손으로 해서 오 그렇게까지 해야돼	0	0	0	0	0	0	0	1
왼쪽 가게 3명 세워	0	0	0	0	0	0	0	1
왼쪽 가고 자 맨파 오케이 그렇지	0	0	0	0	0	0	1	0
왼쪽 가면 이건 쉽죠	0	0	0	0	0	0	0	1
왼쪽 가야 되는데 한번 꺾어야 돼	0	0	0	0	0	0	0	1
왼쪽 가야돼	0	0	0	0	0	0	0	1
왼쪽 나 뭐해	0	0	0	1	0	0	0	0
왼쪽 누구야	0	0	1	0	0	0	0	0
왼쪽 두명 흰색 주황색부터 할것이 주황색 내려가 주황색 레게노 자 올라가 올라가 올라가 그렇지 밟아 그렇지 출발 그렇지	0	0	0	0	0	0	1	0
왼쪽 먼저 왼쪽 먼저 왼쪽 먼저 와주세요	0	0	0	0	0	0	0	1
왼쪽 봐 왼쪽	0	0	0	0	0	0	0	1
왼쪽 봐야 왼쪽	0	0	0	0	0	0	0	1
왼쪽 아 왼쪽이구나	0	0	1	0	0	0	0	0
왼쪽 아래 내려와봐	0	0	0	0	0	0	0	1
왼쪽 안되기로 했지 왼쪽 안되기로 했지 왼쪽 안되기로 했지	0	0	1	0	0	0	0	0
왼쪽 오른쪽 왼쪽 먼저 가보시다 왼쪽 먼저 왼쪽으로 먼저 가보자 오케이 오케이 왼쪽으로 올라가고 나 갈게 나 왼쪽 갈게 왼쪽 자 위쪽 위쪽 윤뉴 올라가고 나 왼쪽 갈것이 위쪽 위쪽 윤뉴 윤뉴 약간 반응 느려 반응 느려 반응 느려 올라가 올라가 어 없어	0	0	0	0	0	0	1	0
왼쪽 올라오는데	0	0	1	0	0	0	0	0
왼쪽 왼쪽 같이 가	0	0	0	0	0	0	0	1
왼쪽 왼쪽 오른쪽 오른쪽 야 이거 완전 랜덤인데	0	0	1	0	0	0	0	0
왼쪽 왼쪽 왼쪽 안 되냐	0	0	1	0	0	0	0	0
왼쪽 왼쪽 이거 한 두명이서 해야되네	0	0	0	0	0	0	0	1
왼쪽 왼쪽 저거 저거 왼쪽부터 먹자	0	0	1	0	0	0	0	0
왼쪽 왼쪽부터 왼쪽부터 왼쪽부터 왼쪽으로 다 일단은 왼쪽으로 왼쪽으로 가서 위에 있는 거는 누가 밟아줘야 돼	0	0	0	0	0	0	0	1
왼쪽 위에	0	0	1	0	0	0	0	0
왼쪽 일단 왼쪽 갔어	0	0	1	0	0	0	0	0
왼쪽 코인 오케이	0	0	0	0	0	0	1	0
왼쪽 코인 확인	0	0	1	0	0	0	0	0
왼쪽 클릭으로 휘두르는 거예요	0	0	1	0	0	0	0	0
왼쪽 한 번만	0	0	1	0	0	0	0	0
왼쪽부터 누르고 점프해야 됩니다	0	0	0	0	0	0	0	1
왼쪽부터 다 닦아 올라가 [유저] 님 내려오세요	0	0	0	0	0	0	0	1
왼쪽부터 왼쪽부터	0	0	1	0	0	0	0	0
왼쪽부터 왼쪽부터 나 밟아 나 밟아 이쪽 3명필요 3명필요 저 운명이 밟아 아래 3명이고 아래 아 아래 왼쪽하고 오른쪽하면 돼	0	0	1	0	0	0	0	0
왼쪽부터 이제 알았어	0	0	1	0	0	0	0	0
왼쪽에 뭔가 가야됐나	0	0	0	0	0	0	0	1
왼쪽에 열쇠 있나 보다 왼쪽 한번 핥아봐	0	0	0	0	0	0	0	1
왼쪽에 왼쪽에 재배 먹어야지	0	0	1	0	0	0	0	0
왼쪽에 있네	0	0	1	0	0	0	0	0
왼쪽에 있다	0	0	1	0	0	0	0	0
왼쪽에 있어	0	0	1	0	0	0	0	0
왼쪽에 철판을 올라가면 돼	0	0	0	0	0	0	0	1
왼쪽에 코인	0	0	1	0	0	0	0	0
왼쪽에 태방 왼쪽에 태방	0	0	1	0	0	0	0	0
왼쪽에 한 명만 있어 오른쪽이랑 내가 가만히 있어 네가 조절해 봐	0	0	0	0	0	0	0	1
왼쪽에서 내려가	0	0	0	0	0	0	0	1
왼쪽에서 뭔가 나온 것 같은데	0	0	0	0	0	0	0	1
왼쪽으로 가	0	0	0	0	0	0	0	1
왼쪽으로 가서 다시 오른쪽이랑 위를 같이 누르자 왼쪽으로 가서 오른쪽이랑 위를 같이 누르자 하나 둘 셋 오 됐다 바로가 바로가 자 기다려 자 이제 들어가면 점프 지금 지금 점프 점프	0	0	0	0	0	0	0	1
왼쪽으로 가서 시작하자	0	0	0	0	0	0	0	1
왼쪽으로 가서 저 다리 타고 쭉 올라가면은 가면은 바로 이제 저기 높은데 어디요	0	0	0	0	0	0	0	1
왼쪽으로 가요 왼쪽 아예 바깥쪽으로 돌아요	0	0	0	0	0	0	0	1
왼쪽으로 가지않아 다시 왼쪽으로 가줘봐	0	0	0	0	0	0	0	1
왼쪽으로 밀어줘 왼쪽으로 밀어줘 왼쪽 왼쪽 밀어줄게 영차	0	0	0	0	0	0	0	1
왼쪽으로 어 더 붙어봐요	0	0	0	0	0	0	0	1
왼쪽으로 쭉 밀어 계속 밀어	0	0	0	0	0	0	0	1
왼쪽은 그냥 그 핀인거 같은데요	0	0	1	0	0	0	0	0
왼쪽이었어	0	0	1	0	0	0	0	0
왼쪽이요 왼쪽 아래 오른쪽 위 오른쪽 아 바로 시작이네	0	0	1	0	0	0	0	0
요 [유저] 입니다	0	0	1	0	0	0	0	0
요 또 뭐야	0	0	0	0	1	0	0	0
요 안에 있는 것도 좀 챙기고 여기 뭐 이런 거 있거든요	0	0	1	0	0	0	0	0
요거 4단 점프 됐네	0	0	0	0	0	0	0	1
요거 요거 요거 지금 점프 뛰는거 요거 요거 2번이 2번이 번호로 하죠	1	0	0	0	0	0	0	0
요거 하나는 여기 블록 놓고 나머지 밟아줘	0	0	1	0	0	0	0	0
요렇게 아니 개잘하네	0	0	0	0	0	0	1	0
요리에 쓰려고 그랬는데요	0	0	1	0	0	0	0	0
요새의 화난 거 아냐 아냐 아 예 하다가 나 [유저] 랑 윤녀가 왼쪽으로 가 2부 엘이 자리하자 그러자 서재로 내가 내가 내가 얘기한거 윤녀가 넘어가 바위에 넘어가 봐	0	0	0	0	0	0	0	1
요시 좋았다	0	0	1	0	0	0	0	0
요식이 머리는 대형 대형 아니고 초대형이에요	0	0	1	0	0	0	0	0
요오쓰 이거 아니 나 엉클을 해봤지	0	0	0	0	0	0	0	1
요요요요요요요요요요 어어어 이름만 알아듣는 사람이에요	0	0	1	0	0	0	0	0
요정도 좋다	0	0	0	0	0	0	1	0
요쯤 있으면 괜찮을 듯	0	0	1	0	0	0	0	0
욕 몇내 나오네	0	0	1	0	0	0	0	0
욕심부리면 망하게 해놨네	0	0	0	0	0	0	0	1
욕해 욕해	0	0	0	0	0	0	0	1
욕해줄까요	0	0	0	0	0	0	0	1
용꽃이 뒤로 와야 될 듯	0	0	0	0	0	0	0	1
용차 용차 아니 꾹 누르고 있어야 돼	0	0	1	0	0	0	0	0
우는 천사네	0	0	1	0	0	0	0	0
우르르 우르르 하나 고고고 아니 아니 아니 밑에부터 자기네 밑에만 움직여 아니 왜 안 나와요	0	0	0	0	0	0	0	1
우리 10품 컷 하자	0	0	1	0	0	0	0	0
우리 1등이야	0	0	1	0	0	0	0	0
우리 400번 죽었어	0	0	0	0	0	1	0	0
우리 4줄씩 하죠	0	0	1	0	0	0	0	0
우리 5번에는 왼쪽으로 가보자	0	0	0	0	0	0	0	1
우리 6명 공동체야	0	0	1	0	0	0	0	0
우리 [유저] 업데이트 소식에 바로 한 번 녹화를 켜봤습니다	0	0	1	0	0	0	0	0
우리 [유저] 이야	0	0	1	0	0	0	0	0
우리 가자	0	0	0	0	0	0	0	1
우리 갑시다	0	0	0	0	0	0	0	1
우리 갔다 와서 밑으로 한번 가보자	0	0	0	0	0	0	0	1
우리 같은 팀이야 우리 같은 팀이야	0	0	1	0	0	0	0	0
우리 같이 같이 눌러야 돼	0	0	0	0	0	0	0	1
우리 개빡수 개빡수 아 개빡수 내가 먼저 빨리 점프해 점프 빨리 맵이 아직 안 왔어	1	0	0	0	0	0	0	0
우리 겪었잖아	0	0	1	0	0	0	0	0
우리 괜찮아요	0	0	1	0	0	0	0	0
우리 그냥	0	0	1	0	0	0	0	0
우리 그냥 말 없이 한 번 해보자	0	0	0	0	0	0	0	1
우리 그러니까 맨 위에 올라간 사람은 점프를 한 다음에 그거 맞춰야 돼요	0	0	0	0	0	0	0	1
우리 그러면은 눌 누리라고 하자 눌 눌렀다고 자기 눌렀다고 헤	0	0	1	0	0	0	0	0
우리 그리고 게임 잘하는 사람으로 모였다 그랬잖아	0	0	1	0	0	0	0	0
우리 깔짝 한 번 하고 갔었어	0	0	1	0	0	0	0	0
우리 깔짝할꺼야	0	0	1	0	0	0	0	0
우리 끝까지 가보고 그때 버튼 눌러 어디까지인지 알고 어 발판 밟아 발판 밟아 발판 밟아	0	0	0	0	0	0	0	1
우리 너무 빨리 끝났는데 응 빨리 가 저 미친 쟤 잡아 빨리 가 이런 연출 보는 거 난 좋다고 생각해	0	0	0	0	0	1	0	0
우리 너무 조급해 하고있어	0	0	0	0	0	0	0	1
우리 넘어가 우리 해줘야 돼	0	0	0	0	0	0	0	1
우리 다 같이 빨아주면서 좋아요	0	0	0	0	0	0	1	0
우리 다싸버려 했던 거	0	0	1	0	0	0	0	0
우리 데스매치도 한번 해볼까 모든 사람이 자신을 위한 곳입니다	0	0	0	0	0	0	0	1
우리 둘이 다 악렬로 어떡해	0	0	0	0	0	1	0	0
우리 둘이 대결이네	0	0	1	0	0	0	0	0
우리 둘이 하나 해야 돼	0	0	0	0	0	0	0	1
우리 둘이 해야 돼	0	0	0	0	0	0	0	1
우리 딱 다섯 번만 해보고 안되면 그만하자 어때	0	0	0	0	0	1	0	0
우리 마이크 다 끄고 하는 것이 어때요	0	0	1	0	0	0	0	0
우리 마지막 전략 좋았다	0	0	1	0	0	0	0	0
우리 말 안하고 하게 하자 목 아프니까 인정	0	0	1	0	0	0	0	0
우리 먼저 갈게	0	0	1	0	0	0	0	0
우리 목적지까지 가야 돼	0	0	0	0	0	0	0	1
우리 뭐라 그랬어	0	0	1	0	0	0	0	0
우리 바로 붙을까	0	0	1	0	0	0	0	0
우리 반티 맞추자 반티	0	0	1	0	0	0	0	0
우리 벌써 밤이 되고 있어요	0	0	1	0	0	0	0	0
우리 분홍오비 드디어 생각이라는 걸 하게 됐어요	0	0	1	0	0	0	0	0
우리 빠져도 돼	0	0	1	0	0	0	0	0
우리 사실 떨어진다고 우리가 떨어진다고 간다 오케이 하나 둘 셋 됐어	0	0	0	0	0	0	1	0
우리 사이에 거리를 좀 두도록 할게요	0	0	1	0	0	0	0	0
우리 살아야 된다	0	0	1	0	0	0	0	0
우리 세명	0	0	1	0	0	0	0	0
우리 셋이 다니죠	0	0	1	0	0	0	0	0
우리 수고 어 이거 방법이 있지	0	0	1	0	0	0	0	0
우리 스코드 굉장히 잘하거든요	0	0	1	0	0	0	0	0
우리 시유야 가만 있으면 무정이 아니 시유야 뭐하냐고	0	0	0	1	0	0	0	0
우리 시행착오 겪긴 해야 돼	0	0	0	0	0	0	0	1
우리 실망하게 느껴졌어	0	0	1	0	0	0	0	0
우리 쏘도 끝나	0	0	1	0	0	0	0	0
우리 아 잠깐만	0	0	0	0	0	0	0	1
우리 아는사람들이 이상한사람이긴해	0	0	0	0	0	0	0	1
우리 아니 또 왜 돌리는 거야	0	0	1	0	0	0	0	0
우리 아아 죽기만 해도 첫판이니까요 죽으면 욕 먹는걸로 하자	0	0	0	0	0	0	0	1
우리 아주 잘해	0	0	0	0	0	0	1	0
우리 안 싸워요	0	0	1	0	0	0	0	0
우리 안 움직이는데	0	0	1	0	0	0	0	0
우리 알았을것이 위로 올라갔었나	0	0	1	0	0	0	0	0
우리 애기 딱 20분 남았어	0	0	1	0	0	0	0	0
우리 애들이 최고야	0	0	0	0	0	0	1	0
우리 야 한 몹이었다	0	0	1	0	0	0	0	0
우리 얘 얘 안 싸워요	0	0	1	0	0	0	0	0
우리 어디서 시작하냐	0	0	1	0	0	0	0	0
우리 어떡하라고	0	0	1	0	0	0	0	0
우리 어떡하라고 우리 어떡하라고	0	0	1	0	0	0	0	0
우리 여기 맞아	0	0	0	0	0	0	1	0
우리 올라가야 돼	0	0	0	0	0	0	0	1
우리 올라가자 야 원펀치 나온다 오케이 이야	0	0	0	0	0	0	1	0
우리 우리 왜 우리 왜 이래	0	0	0	0	1	0	0	0
우리 웃으면서 하자	0	0	1	0	0	0	0	0
우리 위에 뭐지	0	0	1	0	0	0	0	0
우리 이 자식 뭐하는거야	0	0	1	0	0	0	0	0
우리 이거 만들어 주신 말로 한다 우리 오 이것이 그러면 이것이 [유저] 이였던 거 같고 그럼 내 거야 내 거 이것이 목사 이것이 오존 이것이 나 맞아요	0	0	0	0	0	0	1	0
우리 이거 못 가게 됐는데	0	0	0	0	0	0	0	1
우리 이렇게 해보면 어떨까요	0	0	0	0	0	0	0	1
우리 이제 많이 익숙해졌어	0	0	0	0	0	0	0	1
우리 이제 엽동심을 지금 얼마나 길렀어	0	0	1	0	0	0	0	0
우리 이제 우리 10단계야 3개밖에 안 남았어	0	0	1	0	0	0	0	0
우리 인내심 보여줘	0	0	1	0	0	0	0	0
우리 인스테이징 포기하자	0	0	0	0	0	1	0	0
우리 자 빨아줘 빨아줘 중룡아 빨아줘 빨아줘 왼쪽 빨아줘	0	0	1	0	0	0	0	0
우리 잘하는 분이니까 뭐	0	0	1	0	0	0	0	0
우리 잘해 다중해 비켜줄래	0	0	0	0	0	0	1	0
우리 잘했어	0	0	0	0	0	0	1	0
우리 저 위에 올라가야 되는 거 같아	0	0	0	0	0	0	0	1
우리 좀 봐줘 우리 먼저 갈게	0	0	0	0	0	0	0	1
우리 좀 양보 좀 해	0	0	0	0	0	0	0	1
우리 좀 어그로 위쪽에서 끌어줘야돼	0	0	1	0	0	0	0	0
우리 중에	0	0	1	0	0	0	0	0
우리 지금	0	0	1	0	0	0	0	0
우리 진짜 다들 칭찬할 거야	0	0	1	0	0	0	0	0
우리 진짜 집중해서 해보자	0	0	0	0	0	0	0	1
우리 차례야	0	0	1	0	0	0	0	0
우리 착하고 예쁜 말 하자	0	0	1	0	0	0	0	0
우리 최고의 파트너야	0	0	0	0	0	0	1	0
우리 친하게 다시 가보자	0	0	0	0	0	0	0	1
우리 코코넛 떨어지는거 잘 받아요	0	0	1	0	0	0	0	0
우리 타르 들지 어떻게 다 틀려보자 네가 해가 더 왜 안 따	0	0	0	1	0	0	0	0
우리 팀에 3명이야	0	0	1	0	0	0	0	0
우리 팀인가	0	0	0	0	0	0	0	1
우리 한 명씩 가자 이렇게 해	0	0	0	0	0	0	0	1
우리 할 거 다 했어	0	0	1	0	0	0	0	0
우리 함께 하실 [유저] 분들한테	0	0	0	0	0	0	0	1
우리 합격력 쩔었다 와	0	0	0	0	0	0	0	1
우리 협력해보자	0	0	0	0	0	0	0	1
우리 형 든든해 비켜라 비켜라 우리만 할 거 없어	0	0	0	0	0	0	0	1
우리 호흡 척척이야	0	0	1	0	0	0	0	0
우리 힘 빼지 말고	0	0	1	0	0	0	0	0
우리가 QUEENS FACE 그거를 깜빡했어요	0	0	0	0	0	0	0	1
우리가 [유저] 아니에요	0	0	0	0	0	0	0	1
우리가 [유저] 에 그렇게 해가지고 이거 조회수 졸라 많이 나왔는데 [유저] 에서 야 눈꽃아 너 피지컬 좋으니까 발판 좀 해라	1	0	0	0	0	0	0	0
우리가 가운데서 막을게	0	0	0	0	0	0	0	1
우리가 계단을 만들어줘야겠죠	0	0	0	0	0	0	0	1
우리가 그래도 단체 테트리스 하는 날이 오네요	0	0	0	0	0	0	1	0
우리가 기본 5장 씩 받습니다	0	0	0	0	0	0	0	1
우리가 다 같이 넘어가려면은	0	0	0	0	0	0	0	1
우리가 뒤에서 잡아주자 그렇지 다시 올라와서 올라와서 올라와요	0	0	0	0	0	0	1	0
우리가 따라가야 돼	0	0	0	0	0	0	0	1
우리가 못가 한명이 그래서 아 아래로 데리고 왔어야 됐네	0	0	0	0	0	0	1	0
우리가 밀었을 때 얘가 먼저 딱 내려올 거 아니야	0	0	0	0	0	0	0	1
우리가 보고 있으니까 6번도 이리로 와	0	0	0	0	0	0	0	1
우리가 서로 다리를 옆으로 많이 찢으면 죽는 거야	0	0	0	0	0	0	0	1
우리가 여기 있으면 안될거같은 느낌도 들긴해	0	0	0	0	0	0	0	1
우리가 연어 뗄 수 있나	0	0	0	0	0	0	0	1
우리가 진짜 개초딩인 것이 초등학생 마냥 오줌 나왔다고 존나온대	1	0	0	0	0	0	0	0
우리가 하나가 되네	0	0	0	0	0	0	0	1
우리가 한 명만 보고 있으면 되니까	0	0	0	0	0	0	0	1
우리가 한명만 잡아주실까요	0	0	0	0	0	0	0	1
우리가 할것이 쉬고 있어	0	0	0	0	0	0	0	1
우리끼리 붙어있어봐	0	0	0	0	0	0	0	1
우리끼리 손잡았어	0	0	1	0	0	0	0	0
우리끼리 우리 둘이 마치지 말라고 학습 능력이 어미하고 야 마우스로 대면 안 되네	0	0	1	0	0	0	0	0
우리끼리 재밌는 게임하자 우리끼리 재밌는 게임하자 우리끼리 재밌는 게임해	0	0	0	0	0	0	0	1
우리끼리 할 수 있어 우리끼리	0	0	1	0	0	0	0	0
우리는 가면 돼	0	0	0	0	0	0	0	1
우리다 나와 나와	0	0	0	0	0	0	0	1
우리를 위해서 어 하다가 하다가 아 저거 안전하게 아우 미안해	0	0	0	0	0	0	0	1
우리발이 Always 이쟈	0	0	1	0	0	0	0	0
우리의 무슨 낭만이 있는지 한번 볼게요	0	0	1	0	0	0	0	0
우리팀 안돼	0	0	0	0	0	1	0	0
우리팀 일어났어	0	0	1	0	0	0	0	0
우린 갈 필요 없어	0	0	1	0	0	0	0	0
우린 구라야	0	0	1	0	0	0	0	0
우린 들어왔어	0	0	1	0	0	0	0	0
우린 모르는구나	0	0	1	0	0	0	0	0
우린 알았다	0	0	1	0	0	0	0	0
우린 잘하지 않았나	0	0	1	0	0	0	0	0
우린 죽은 어 잘했어	0	0	0	0	0	0	1	0
우린 참지 않아 주황 주황 주황 이 새끼들 왜 자꾸 맞는 거여	1	0	0	0	0	0	0	0
우린 총 맞춰서	0	0	1	0	0	0	0	0
우린 필요없어 나갑시다	0	0	0	0	0	0	0	1
우선 문 열고 또 점프 점프 해 문 열자 문 열자고 비켜 줄게 비켜 줄게 아니 열쇠 누가 있는데	0	0	0	0	0	0	0	1
우선 우리 크게 한 통 합시다	0	0	1	0	0	0	0	0
우아아아 잠깐만	0	0	0	0	1	0	0	0
우와 간다	0	0	0	0	0	0	0	1
우와 개 쫄린다	0	0	0	0	0	0	0	1
우와 개좋다	0	0	0	0	0	0	1	0
우와 나 이거 멀리 나갈것이 으악	0	0	0	0	1	0	0	0
우와 내가 제일 잘했네	0	0	0	0	0	0	1	0
우와 도전	0	0	0	0	0	0	0	1
우와 돼요	0	0	0	0	0	0	0	1
우와 아니	0	0	0	0	0	0	0	1
우와 올라가지는데 그냥	0	0	0	0	0	0	0	1
우와 우와	0	0	0	0	0	0	0	1
우와 우와 아 여기 훅선생인데 아니 왜왜왜 이리와	0	0	0	0	0	0	0	1
우와 우와 우와 아 이 동상에서 여기까지 와야 살리는구나 가방 메야지	0	0	0	0	0	0	0	1
우와 우와 이거 좋은데	0	0	0	0	0	0	0	1
우와 우와 형 방금 스트레이트 그냥 제대로 꺼졌는데 으아우 개쩔지	0	0	0	0	0	0	0	1
우와 이거 뭐야	0	0	0	0	1	0	0	0
우와 이거 아 선생님 이거 잡을 수 있어요 [유저] [유저] [유저] 아어어 아어어 이거 어떻게 잡아요	0	0	0	0	0	1	0	0
우와 자 한 번 더 내려가 내려가 야 야 야 각도가 조금 애매했다 저거 안 부서지는 건 조금 이야 그것이 안 부서지네	0	0	0	0	0	0	0	1
우와 잠깐만	0	0	0	0	0	0	0	1
우와 잠깐만 이거 안돼	0	0	0	0	0	1	0	0
우와 죽었어	0	0	0	0	0	1	0	0
우와 통째로 돌리기 뭐야	0	0	0	0	1	0	0	0
우와 한 번에 꺼지나	0	0	0	0	0	0	0	1
우와아아아 Im fxxking pro gamer [유저] 늙으면 반해서 더 느려진다고하는데 예	0	0	0	0	1	0	0	0
우웅 두 개 있는 사람 눌러	0	0	0	0	0	0	0	1
우유를 계속 먹었어야 돼 이거	0	0	1	0	0	0	0	0
우주 [유저] 우주랑 [유저] 를 합치면 우주 [유저] 목도리랑 도마뱀을 합치면 목도리랑 도마뱀 스나	0	0	1	0	0	0	0	0
우주 하 마 우주랑 [유저] 를 합치면 우주하마 목도리랑 도마뱀을 합치면 목도리랑 도마뱀	0	0	1	0	0	0	0	0
우주랑 [유저] 를 합치면 우주하마 목돌이랑 도마뱀을 합치면 목돌도마뱀	0	0	1	0	0	0	0	0
우주와마 0점	0	0	0	0	0	0	0	1
우주와마를 천사로 만들수도 악마로 만들수도 있습니다	0	0	0	0	0	0	0	1
우주하마 말 치면 여기 나오거든요	0	0	1	0	0	0	0	0
우주하마 어	0	0	1	0	0	0	0	0
우주하마 우주랑 [유저] 를 합치면 우주하마 목돌이랑 도마 뱀을 합치면 구독과 좋아요	0	0	0	0	0	0	1	0
우즈워프 하나 둘 셋 멈춰 콧발 챙겨주세요	0	0	0	0	0	0	0	1
우츠를 왜 안 눌러냐	0	0	0	0	0	0	0	1
우측으로 가면 벌리야	0	0	0	0	0	0	0	1
우후우우우우우우우	0	0	1	0	0	0	0	0
운이 좀 있어요	0	0	1	0	0	0	0	0
움직여 펀치	0	0	1	0	0	0	0	0
움직여있어	0	0	1	0	0	0	0	0
움직이는군요	0	0	1	0	0	0	0	0
움직이라고 [유저]	0	0	1	0	0	0	0	0
움직이면 게이지가 떨어지는데 일단 게이지가 끝나면 어떻게 되는지 봐야죠	0	0	0	0	0	1	0	0
움직이면 안 돼 위에 턴을 움직이면 안 돼	0	0	0	0	0	1	0	0
움직이지마	0	0	1	0	0	0	0	0
움직일 생각이래	0	0	1	0	0	0	0	0
웃겨보세요	0	0	0	0	0	0	0	1
웃겨보세요 채용만 손대모사 보여드릴까요	0	0	0	0	0	0	0	1
웃겨서 박자를 못 잡았어	0	0	1	0	0	0	0	0
웃긴다 이거 게임	0	0	1	0	0	0	0	0
웃길래 한 거 아니잖아	0	0	1	0	0	0	0	0
웃으셨나요	0	0	1	0	0	0	0	0
웃지마 집중하세요	0	0	0	0	0	0	0	1
웅 레게더 잘가	0	0	0	0	0	0	0	1
웅냥아 뒤에 놔	0	0	1	0	0	0	0	0
워 이거 박빙인데 제발 노랑 설마 제발 노랑 오 와아	0	0	0	0	0	0	0	1
워 후 씹	0	0	1	0	0	0	0	0
워성 이 아래 존나 눌렀을 듯 뭐야	1	0	0	0	0	0	0	0
워터 오케이 오케이 워터 타임	0	0	0	0	0	0	1	0
워터 타임 오케이	0	0	0	0	0	0	1	0
워터 플리즈 오케이 물 먹고 와	0	0	0	0	0	0	1	0
원 이 원 이 쓰리	0	0	1	0	0	0	0	0
원 정해요원 정해정해정해정해정해정 어 병건요원 고고 [유저] 고 아 저 벌레 가고 벌레 가고 어 니가 알아서 해 벌레 가고 오케이 알아서 알아서 본인 타이밍이 있네	0	0	0	0	0	0	1	0
원 투 쓰리 다 먹었지롱	0	0	1	0	0	0	0	0
원딜 물어	0	0	1	0	0	0	0	0
원딜 물어야 돼	0	0	1	0	0	0	0	0
원래 AD 깔짝을 AD AD 이거 깔짝깔짝하고 왔어요	0	0	1	0	0	0	0	0
원래 강아지는 집에 있는 거야	0	0	1	0	0	0	0	0
원래 나부터 혼자한거인데 나 혼자 미쳐가지고 졸베걸려서 아니 이사람 어디갔어 님들	0	0	0	0	0	0	0	1
원래 자존심 없습니다	0	0	1	0	0	0	0	0
원래는 극장이었는데 극장에서 유래가 된 거인데 나중에는 용도가 바뀐 거지	0	0	0	0	0	0	0	1
원코인 해야돼	0	0	0	0	0	0	0	1
원코인으로 강해져 뒤로가 뒤로가 일단 이것이 원코인으로 우리가 될까	0	0	0	0	0	0	0	1
원코인으로 해 원코인으로 해 이거 맵다	0	0	0	0	0	0	0	1
원투에 간다고하 떨어뜨리는 줄 호나	0	0	1	0	0	0	0	0
원펀치 그냥	0	0	1	0	0	0	0	0
원펀치 진짜	0	0	1	0	0	0	0	0
월드입니다	0	0	1	0	0	0	0	0
월량이형 [유저] 이네요	0	0	1	0	0	0	0	0
웬일로 이 사람 나 칭찬해준다	0	0	0	0	0	0	0	1
위 깔짝 했어	0	0	1	0	0	0	0	0
위로 가면 돼	0	0	0	0	0	0	0	1
위로 가야 됩니다	0	0	0	0	0	0	0	1
위로 갈 거야	0	0	1	0	0	0	0	0
위로 갈게	0	0	1	0	0	0	0	0
위로 너보단 좋아 수트야	0	0	0	0	0	0	1	0
위로 뺏어야지 호호호호 지려고햇다 아이씨 에잇	0	0	0	0	1	0	0	0
위로 올라가도 어그로 끌 수 있어 땡겨 땡겨 다 죽어	1	0	0	0	0	0	0	0
위로 올라가야 돼	0	0	0	0	0	0	0	1
위로 올라가야지	0	0	0	0	0	0	0	1
위로 올라갔어	0	0	1	0	0	0	0	0
위로 올려	0	0	1	0	0	0	0	0
위로 위로 나 위에 눌렀는데 A가 눌렀어	0	0	0	0	0	0	0	1
위로 위로 할수있겠다	0	0	1	0	0	0	0	0
위아래 같이 위아래 같이 아래 할것이 위에 해결해 봐 위에 해결하면 돼 잠깐만 나 나 지나가세요	0	0	0	0	0	0	0	1
위에 가방 있습니다	0	0	0	0	0	0	0	1
위에 가방이 있어서 로프가 있으면 내려주려고 했는데 아이템이 없었어요 아예	0	0	0	0	0	0	0	1
위에 가요	0	0	0	0	0	0	0	1
위에 그래 그래 그래 이거야	0	0	0	0	0	0	1	0
위에 사람 빨리 다 빠져줘야 돼	0	0	0	0	0	0	0	1
위에 사탕이 없는데	0	0	1	0	0	0	0	0
위에 쌓아	0	0	1	0	0	0	0	0
위에 쏘고 있으니까 아 뭐 싸나 쏘지말라고 미치새끼야	1	0	0	0	0	0	0	0
위에 앉아도 된대	0	0	1	0	0	0	0	0
위에 올라가	0	0	0	0	0	0	0	1
위에 올라가면 또 해줄 거야	0	0	0	0	0	0	0	1
위에 올라가서 볼게요	0	0	0	0	0	0	0	1
위에 올라가야지 그렇지	0	0	0	0	0	0	1	0
위에 있는 상태로	0	0	1	0	0	0	0	0
위에 있으면 괜찮아	0	0	1	0	0	0	0	0
위에 저거 파란색 깜빡깜빡 네	0	0	1	0	0	0	0	0
위에 지렁이 있어요	0	0	1	0	0	0	0	0
위에까지 맞지않아	0	0	1	0	0	0	0	0
위에도 위에도 조금 움직여 위에도 위험한다 무섭다	0	0	1	0	0	0	0	0
위에도 한 명 더	0	0	1	0	0	0	0	0
위에서 좀 잡아줘 봐 위에서	0	0	0	0	0	0	0	1
위에서 지금부터 진짜 셀래	0	0	1	0	0	0	0	0
위에서 한바퀴 가야되	0	0	0	0	0	0	0	1
위에서부터	0	0	1	0	0	0	0	0
위에서부터 맨위부터 가 맨위 먼저 가	0	0	0	0	0	0	0	1
위에서부터 밀자 한 명부터 밀자 한 명씩 밀자 내가 밀게 내가 어 야 어 밀어 야 이 이 야 이러면 어떡해	0	0	0	0	0	1	0	0
위용 위용 위용 쇠고기다 쇠고기다 위용 진짜 미쳤네	1	0	0	0	0	0	0	0
위의 사람도 움직이나	0	0	1	0	0	0	0	0
위잉 필러나스테 필러나스테 필러나스테 다 피해 다 피해 아악	0	0	0	0	1	0	0	0
위쪽에서 저 버튼을 누르면 안된다고 아 7번 나와봐 7번	0	0	0	0	0	0	0	1
위쪽의 시선	0	0	1	0	0	0	0	0
위층에 한 명 올라와봐	0	0	0	0	0	0	0	1
위치 말하지마 터임	0	0	1	0	0	0	0	0
위치 알았어	0	0	1	0	0	0	0	0
위치 왜 터임	0	0	1	0	0	0	0	0
위치 하면 처음부터 다시 해야 돼	0	0	0	0	0	0	0	1
위치랑 내가 움직일 수 있는 블럭	0	0	0	0	0	0	0	1
유 [유저] 님	0	0	1	0	0	0	0	0
유 [유저] 님 왜 위치에	0	0	1	0	0	0	0	0
유녀님 난 내 건 줄 알았잖아	0	0	1	0	0	0	0	0
유령 유령님	0	0	1	0	0	0	0	0
유령도 돌리기 오른쪽 갑니다	0	0	1	0	0	0	0	0
유령만 좀 컨트롤 해주세요	0	0	0	0	0	0	0	1
유령이 오면 어떻게 해야 될 것 같아요	0	0	0	0	0	1	0	0
유령이 킬을 챙겨야 해 내가 봤을 때	0	0	0	0	0	0	0	1
유로 유로 유로 진짜 내 들었어	0	0	1	0	0	0	0	0
유로 유로라고 했어	0	0	1	0	0	0	0	0
유선태로 앞으로 가볼까	0	0	0	0	0	0	0	1
유형이 형	0	0	1	0	0	0	0	0
육발 올라가고 한명만 한명만 왼쪽으로 뭐 못해 2번	0	0	0	1	0	0	0	0
육발 좀 앞으로 그렇지	0	0	0	0	0	0	1	0
윤 [유저] 야 올라가야지	0	0	0	0	0	0	0	1
윤누님이 내려와줘	0	0	0	0	0	0	0	1
윤뉴 윤뉴 안돼	0	0	0	0	0	1	0	0
윤뉴 행복해보여서 다행이다	0	0	0	0	0	0	0	1
윤료 신났잖아	0	0	1	0	0	0	0	0
윤혜 윤혜 윤혜	0	0	1	0	0	0	0	0
으 쉽구만	0	0	1	0	0	0	0	0
으 우리 아 이거 끝나고 보자 그 정도만 허칠해	0	0	0	0	0	0	0	1
으아 끝에 하면 돼	0	0	1	0	0	0	0	0
으아 이것이 정인가	0	0	0	0	0	0	0	1
으아아아 때렸어	0	0	0	0	1	0	0	0
으아아아 뜨거워	0	0	0	0	1	0	0	0
으아아아아아	0	0	0	0	1	0	0	0
으아아아아아아 무서워하지 마	0	0	0	0	1	0	0	0
으아아아아아아 뭐야	0	0	0	0	1	0	0	0
으아아아아아악	0	0	0	0	1	0	0	0
으아아아아아악 바보 저거 아 밖에 나가면 되는거인가봐	1	0	0	0	0	0	0	0
으아아아아아악 일어나 일어나 일어나 병원아 가자아아아아아악 야 빨리 살려줘 나 2대 1이야	0	0	0	0	1	0	0	0
으아아아아아잇	0	0	0	0	1	0	0	0
으아아아앜	0	0	0	0	1	0	0	0
으아아악 안 돼	0	0	0	0	1	0	0	0
으아아악 저 얼음	0	0	0	0	1	0	0	0
으악 대가리펀치 대가리펀치 여기서 대가리펀치야 너 올라가지	0	0	0	0	1	0	0	0
으악 으악 으악	0	0	0	0	1	0	0	0
으악 일어나	0	0	0	0	1	0	0	0
으악 일어났어	0	0	0	0	1	0	0	0
으어 공 떨어트렸어	0	0	1	0	0	0	0	0
으어 됐다	0	0	1	0	0	0	0	0
으어어어어 반대 반대 반대 아니 못에 안 내려고하는 거인데	0	0	1	0	0	0	0	0
으어어어어어어어어어어어	0	0	1	0	0	0	0	0
으어어어어어어어어어어어어어어 흐흐흐흡 안돼	0	0	0	0	0	1	0	0
으어억 밀크 파워	0	0	1	0	0	0	0	0
으어워어어어어 으어워어어어 으아워어어어 오오오오오로오오오오오 야야 또 올라와	0	0	0	0	0	0	0	1
으엑 아 참나	0	0	1	0	0	0	0	0
으으 난 도망쳐	0	0	1	0	0	0	0	0
으으아아아어 어휴 제가 먼저 내려가 볼게요	0	0	0	0	1	0	0	0
으으으 consoles 아니 고릴라란 왜싸오는거야	0	0	1	0	0	0	0	0
으으으 조심성이라거나 그냥 1도 없는 남자	0	0	0	0	0	0	0	1
으으으으 뭐야	0	0	0	0	1	0	0	0
으으으으으으 야야야 미사일 줘 나왕 미사일 슈즈	0	0	1	0	0	0	0	0
으으으으으으으으으으으으으으으으으으으으으으으으으으으으으으으 그럼 우리 우리 다 나와야 되는데 앞으로 가요 아니 아니야 뒤로 나와야 돼	0	0	0	0	0	0	0	1
으으으으으읍	0	0	1	0	0	0	0	0
으으으으음	0	0	1	0	0	0	0	0
으음 너무 싫어	0	0	1	0	0	0	0	0
으응 됐으	0	0	1	0	0	0	0	0
으응 신의 주신 재능이야	0	0	1	0	0	0	0	0
으켜줘야 돼	0	0	1	0	0	0	0	0
으하하하하 [유저] [유저]	0	0	1	0	0	0	0	0
으하하하하 땅이 좋아졌어	0	0	0	0	0	0	1	0
으하하하하하하 머리에 쓰래	0	0	1	0	0	0	0	0
으하하하하하하 아이쒸 뭐하는거야	0	0	1	0	0	0	0	0
으헤헤 으악 뭐야	0	0	0	0	1	0	0	0
으흐흐흐흫 으흐흐흐흐흐흐흐흐흐흐흐 이거 잠수함이라고 올라가야돼	0	0	0	0	0	0	0	1
으흠 좀 자 아냐	0	0	1	0	0	0	0	0
은근 내 차례에 헷갈린다	0	0	1	0	0	0	0	0
은근히 쉬워 은근히 쉬운 편이야	0	0	1	0	0	0	0	0
음 어 그거 뭐 얘들아 이거 저번에 한번 했던 거라서 어 같이 하면은 뇌절인 거 알지	0	0	0	0	0	0	0	1
음 열은 없고 어 괜찮아요	0	0	1	0	0	0	0	0
음 저는 선장이 이번 여행을 성공하지 못하고 왔습니다	0	0	0	0	0	0	1	0
음식 음식 오 이거 좋다	0	0	0	0	0	0	1	0
음식이 똥피할 수 있어	1	0	0	0	0	0	0	0
응 나 그래서 엄청 짧게 했어	0	0	0	0	0	0	1	0
응 내가 이겼어	0	0	0	0	0	0	1	0
응 내꺼야	0	0	1	0	0	0	0	0
응 너보다 안 뒤져	1	0	0	0	0	0	0	0
응 눌렀어	0	0	1	0	0	0	0	0
응 다 죽었어	0	0	0	0	0	1	0	0
응 또 탓하고 있나	0	0	1	0	0	0	0	0
응 아니야	0	0	1	0	0	0	0	0
응 알아서 해 알아서 해줘 나도 앞에 키만 눌러 전 안 누르고 있을게	0	0	0	0	0	0	0	1
응 앞에 있으면 안 되는구나	0	0	1	0	0	0	0	0
응 오른쪽	0	0	1	0	0	0	0	0
응 우와 신기하다	0	0	0	0	0	0	0	1
응 이 사람은 왜 다 뒤지고 싶냐고 이 사람은 왜 다 뒤지고 싶냐고 할아버지 가요 할아버지 못 꿔요	1	0	0	0	0	0	0	0
응 잠깐만 잠깐만 방금도 방금도 지가 지가 지가 볐어요	0	0	0	0	0	0	0	1
응 중요하다	0	0	1	0	0	0	0	0
응 처 부터 4초 사이에만 하면 되네	0	0	1	0	0	0	0	0
응 천천히 올라가	0	0	0	0	0	0	0	1
응 통과 못해	0	0	0	1	0	0	0	0
의리오 [유저]	0	0	1	0	0	0	0	0
의미 없대	0	0	1	0	0	0	0	0
의미 없어	0	0	1	0	0	0	0	0
이 7가 뭘까	0	0	0	0	0	0	0	1
이 [유저] 비가 씨	0	0	0	0	0	0	0	1
이 [유저] 에서	0	0	1	0	0	0	0	0
이 deactiv 아냐고하니 올라가는데 일단 그거부터dock 일단 내가 밀어 주고 있으 준wiad 이거 바람 때문에 밑에 누구는 막아주고 누구는 위의 그럼에는 떨어져 ok [유저] commitments 그 cantab 그 동영 자료가 떨어질 수 밖에 없어 우후후후후후후후 아유 노예야 남순이 마음이 너무 잘 맞잖아	0	0	0	0	0	0	0	1
이 seg [유저] fade 생선 [유저] [유저] [유저] 아 존나 잘해	1	0	0	0	0	0	0	0
이 개빡다가리	1	0	0	0	0	0	0	0
이 개새끼	1	0	0	0	0	0	0	0
이 개새끼구나	1	0	0	0	0	0	0	0
이 게임 하면 지금 피해망상 생길 거 같아	0	0	0	0	0	0	0	1
이 게임은요 협동 게임은 협동 게임인데 상대를 엿먹이는 협동 게임입니다	0	0	1	0	0	0	0	0
이 게임이 오묘하다	0	0	1	0	0	0	0	0
이 공 때리 공하라 남겨봐 공하라 남겨봐 공하라 남겨봐	0	0	0	0	0	0	0	1
이 공 때리지 마	0	0	1	0	0	0	0	0
이 공룡 세상에 두 개의 공룡은 필요 없다	0	0	1	0	0	0	0	0
이 끼 또 들어왔어	0	0	1	0	0	0	0	0
이 녀석 다 피하지	0	0	1	0	0	0	0	0
이 놈아 자 이거 사	0	0	1	0	0	0	0	0
이 대가리 빡대가리 새끼야	1	0	0	0	0	0	0	0
이 둘은 정답이 아닌 다른 곳으로 나를 이렇게 가야 돼	0	0	0	0	0	0	0	1
이 드디어 됐다 [유저] 우리가 우리가 헬레쩌 가자 이제 가 이제 갈 거야	0	0	0	0	0	0	0	1
이 맵은 살금살금 결승선까지 다가가야 하는 게임입니다	0	0	0	0	0	0	0	1
이 멍청이들아 가자	1	0	0	0	0	0	0	0
이 바닥은 그냥 그 보호막 같은 거 같은데	0	0	1	0	0	0	0	0
이 방향을 이렇게 얘기해줘야 돼	0	0	0	0	0	0	0	1
이 사람도 스테미너가 없어 나 때문인가	0	0	0	0	0	0	0	1
이 사람들은 방송 안했어	0	0	1	0	0	0	0	0
이 상태도 가도 되겠다	0	0	0	0	0	0	0	1
이 상태로 올라가 이거 어떻게 하라는 거야	0	0	0	0	0	1	0	0
이 새끼 MVP MVP 해주니까 잘하는 줄 알았네	1	0	0	0	0	0	0	0
이 새끼 그냥 야 제발 우리 아아아아악 아 제발 가만	1	0	0	0	0	0	0	0
이 새끼 너 노렸지	1	0	0	0	0	0	0	0
이 새끼 누구야	1	0	0	0	0	0	0	0
이 새끼 다른 곡이야	1	0	0	0	0	0	0	0
이 새끼 또 살아남은 애기 이 새끼 이 개새끼가 또래 행복이 나고 존나 잘하는 애새끼 잘하긴 하는 애새끼 아 이거 1등 남을 때까지야	1	0	0	0	0	0	0	0
이 새끼 말이잖아	1	0	0	0	0	0	0	0
이 새끼 맞네	1	0	0	0	0	0	0	0
이 새끼 맞지 마 이 날새끼야	1	0	0	0	0	0	0	0
이 새끼 번호 지금 다 알거든요	1	0	0	0	0	0	0	0
이 새끼 아래 힘 주고 있네 저 아래의 새끼가 아래에서 힘을 어떻게 줘 공중에서 바닥에 발이 안 닿아요	1	0	0	0	0	0	0	0
이 새끼 안돼	1	0	0	0	0	0	0	0
이 새끼 앞으로 간 다음에 갈지 이것이 막 갈 거 같아 천천히 하면 되는데 그걸 또 가자마자 바로 점프해가지고 또 막 갈 거 같아	1	0	0	0	0	0	0	0
이 새끼 어디서 눈을 그따그로 떠	1	0	0	0	0	0	0	0
이 새끼 왜 저러네	1	0	0	0	0	0	0	0
이 새끼 이 새끼 화장실 갔어	1	0	0	0	0	0	0	0
이 새끼 자기가 완벽주의자인 줄 알아	1	0	0	0	0	0	0	0
이 새끼 점프로 나 죽일라 했어	1	0	0	0	0	0	0	0
이 새끼 진짜 이거 아 야 안돼	1	0	0	0	0	0	0	0
이 새끼가	1	0	0	0	0	0	0	0
이 새끼가 그냥 치킨이 선두	1	0	0	0	0	0	0	0
이 새끼가 리본 그리기 장인이야	1	0	0	0	0	0	0	0
이 새끼가 의대	1	0	0	0	0	0	0	0
이 새끼는	1	0	0	0	0	0	0	0
이 새끼는 3절까지 해	1	0	0	0	0	0	0	0
이 새끼는 올라오지도 못해	1	0	0	0	0	0	0	0
이 새끼들 가만히 있어라 좀 제발 할 수 있다	1	0	0	0	0	0	0	0
이 새끼들 없잖아	1	0	0	0	0	0	0	0
이 새끼들 올라오지도 못해	1	0	0	0	0	0	0	0
이 새끼들아 아XX 개펠깡 이새끼들이 이제 내가 이쒸 시발련 개새끼 뒤질래 시발련들 아 속 시원하다	1	0	0	0	0	0	0	0
이 새끼야	1	0	0	0	0	0	0	0
이 새끼야 안 묻는다 아	1	0	0	0	0	0	0	0
이 새끼야 어 로아 해 해 대가리 아파	1	0	0	0	0	0	0	0
이 새끼야 진짜	1	0	0	0	0	0	0	0
이 생선 어 어디 총들었다	0	0	1	0	0	0	0	0
이 석공맨들 으아악 얘부터 갖다버리자 일단 아 왜 나 왜 갖다버려	0	0	0	0	1	0	0	0
이 섬에 내리면 여기 카드 한 장을 가져갈 거야	0	0	0	0	0	0	0	1
이 쉬운 거를	0	0	1	0	0	0	0	0
이 쉬운 걸	0	0	1	0	0	0	0	0
이 스테이지가 이렇게 오래 갈 거인가	0	0	0	0	0	0	0	1
이 씨발 가래 가래 가래	1	0	0	0	0	0	0	0
이 씨발 니들이 더 별로지 이새끼야 나처럼 늙기 쉬운지 알아	1	0	0	0	0	0	0	0
이 씨발끼들 그냥 가자 가자 이거 뭐야	1	0	0	0	0	0	0	0
이 아래 깔짝 아니였어요	0	0	1	0	0	0	0	0
이 아래 위 뭐	0	0	1	0	0	0	0	0
이 양반 나 지금 지금 쉬하려고하다가 바지 살짝 내렸다가 올리고 다시 왔어	0	0	0	0	0	0	0	1
이 여기 소통 있잖아	0	0	1	0	0	0	0	0
이 와중에 한줄을 했다고	0	0	0	0	0	0	0	1
이 와중에 한줄을 했어	0	0	0	0	0	0	0	1
이 왜 이렇게 옛날에 그 게임할 때 말 같지 왜 이렇게	0	0	1	0	0	0	0	0
이 이야 아직에서 죽어 잡아버려 죽었다	1	0	0	0	0	0	0	0
이 자식 뭐야	0	0	0	0	1	0	0	0
이 자식도 파이프 넘어갈 때 저거 된다	0	0	1	0	0	0	0	0
이 자식아	0	0	1	0	0	0	0	0
이 자식아 그렇지 여기 내놔	0	0	0	0	0	0	1	0
이 자식아 내놔 내놔 내놔	0	0	1	0	0	0	0	0
이 자식아 에이 괜찮습니다	0	0	1	0	0	0	0	0
이 자식아 여론	0	0	1	0	0	0	0	0
이 자식아 오케이 우리팀이 한 명 계속 가지고 있었구나 [유저] 다 좋습니다	0	0	0	0	0	0	1	0
이 자식이	0	0	1	0	0	0	0	0
이 자식이네 와	0	0	0	0	0	0	0	1
이 잡았다	0	0	1	0	0	0	0	0
이 장비에 이긴거야	0	0	1	0	0	0	0	0
이 전병이	0	0	1	0	0	0	0	0
이 점프대 같은 건 뭔데	0	0	0	0	0	0	0	1
이 정도 기본으로	0	0	1	0	0	0	0	0
이 정도 해도 되는 거야	0	0	0	0	0	0	0	1
이 정도는 뭐 지금 그냥 장난 아니지	0	0	1	0	0	0	0	0
이 정도는 할 수 있잖아	0	0	1	0	0	0	0	0
이 정도만 먹어도 돼	0	0	1	0	0	0	0	0
이 정도면	0	0	1	0	0	0	0	0
이 정도면 돼	0	0	1	0	0	0	0	0
이 정도면 돼 8번 8번 그 다음 가도 돼	0	0	0	0	0	0	0	1
이 정도면 맛있게 맵지 협동력 대단한거지	0	0	0	0	0	0	1	0
이 정도면 맛있게 먹은 편이지	0	0	1	0	0	0	0	0
이 정도면 진짜 선생님한테 맡기기 죄송할 지경이야	0	0	1	0	0	0	0	0
이 정도면 진짜 저 저 저	0	0	1	0	0	0	0	0
이 조합 뭐야	0	0	0	0	1	0	0	0
이 중에 열쇠만 딱 골라서 먹어야 되는 거야	0	0	1	0	0	0	0	0
이 지금은 왜 안 믿었어	0	0	1	0	0	0	0	0
이 컨텐츠는 미안해가 더 야 미안해 미안해가 나온다니 오랜만에 듣는 거 같아 하나 둘 뭐야	0	0	0	0	1	0	0	0
이 팍춘녀야 아아아아아아아아 야 덕혜	0	0	0	0	1	0	0	0
이 페이지는 몰랐지	0	0	1	0	0	0	0	0
이 할매는	0	0	1	0	0	0	0	0
이 형식 여기서 아아	0	0	1	0	0	0	0	0
이 호시야	0	0	1	0	0	0	0	0
이 호흡은 안 되네	0	0	1	0	0	0	0	0
이 화장실 갔다	0	0	1	0	0	0	0	0
이가 오프라인 찍고 같다	0	0	0	0	0	0	0	1
이가 우리를 하셔야 될 것 같은데 밀어야 되고 맨 왼쪽으로 밀어야 돈마 그러고 왼쪽으로 아 그 큰 거를 그냥 밀어로 주는 뭔가 없는데 큰거를 저기 클리어	0	0	0	0	0	0	1	0
이가 터임	0	0	0	0	0	0	0	1
이거 13초라고하는거 같은데 내가 봤을 때 이건 타임어택인거 같애	0	0	0	0	0	0	0	1
이거 1스킬이지	0	0	1	0	0	0	0	0
이거 1초	0	0	1	0	0	0	0	0
이거 2버튼 안 뱉는데 자기 빨대에 누가 들어가는지 보여	0	0	0	0	0	0	0	1
이거 30분 하겠네	0	0	1	0	0	0	0	0
이거 3단계인데요	0	0	1	0	0	0	0	0
이거 4층 정도 세워야 돼	0	0	1	0	0	0	0	0
이거 5번 아 그거	0	0	1	0	0	0	0	0
이거 5줄 남았어	0	0	1	0	0	0	0	0
이거 MVP가 올라가 MVP 삼식이 올라가 MVP가 올라가 MVP 인정이지 MVP이다	0	0	0	0	0	0	0	1
이거 S 잘못 봤고	0	0	0	1	0	0	0	0
이거 [유저] 1라운드 깨자마자 모든 맵 다 뚫어준 [유저] 잘못임	0	0	0	1	0	0	0	0
이거 [유저] 누나가 봐야 되는 거인데 나도 가야 돼	0	0	0	0	0	0	0	1
이거 [유저] 약간 감 나올지도	0	0	1	0	0	0	0	0
이거 [유저] 트 안에 머물러 스포트 안에가 어디야	0	0	0	0	0	0	0	1
이거 [유저] 가 가능하거든 난 딱 여기 이거 위치만 아니 위치만 보면 돼	0	0	0	0	0	0	0	1
이거 [유저] 에서 본 장면인데 이거 이야	0	0	1	0	0	0	0	0
이거 가든	0	0	0	0	0	0	0	1
이거 가져오세요	0	0	0	0	0	0	0	1
이거 가져와야 돼	0	0	0	0	0	0	0	1
이거 각자 방송에서 2번으로 보이는 사람 색깔을 적어놓으면 돼	0	0	1	0	0	0	0	0
이거 강퇴 없어	0	0	1	0	0	0	0	0
이거 같은데	0	0	1	0	0	0	0	0
이거 같이 점프하는 거인가 설마	0	0	0	0	0	0	0	1
이거 개엑사이렌이야 다음 영상에서 만나요	0	0	1	0	0	0	0	0
이거 개좋아	0	0	0	0	0	0	1	0
이거 거짓검답이 아니야	0	0	1	0	0	0	0	0
이거 게임 아닙니다	0	0	1	0	0	0	0	0
이거 고개 사야 이거 올라가시고	0	0	0	0	0	0	0	1
이거 고개 왜	0	0	1	0	0	0	0	0
이거 공 흘릴 사람이 제 책임 아우 개빠져	0	0	1	0	0	0	0	0
이거 과적이야	0	0	1	0	0	0	0	0
이거 굳이 같은데	0	0	1	0	0	0	0	0
이거 궁금해	0	0	0	0	0	0	0	1
이거 그거네 일렬로 만들어야 되겠다	0	0	1	0	0	0	0	0
이거 그거다	0	0	1	0	0	0	0	0
이거 그거야 [유저] 야 윷 잠깐만 윷 와 진짜 아 됐다	0	0	0	0	1	0	0	0
이거 그냥 갖다 버린 거잖아	0	0	1	0	0	0	0	0
이거 그냥 게이지 누구 움직이면 게이지가 그냥 일정하게 닳아 그니까 그니까 빨리 안 닳아 아 오케이 이해했어	0	0	0	0	0	0	1	0
이거 그냥 다시 해야 되는 것 같은데	0	0	0	0	0	0	0	1
이거 그냥 뒤에 사람이 안 끌어줘도 됨	0	0	1	0	0	0	0	0
이거 그냥 만약에 [유저] 죽잖아	0	0	1	0	0	0	0	0
이거 그냥 빼고 가죠	0	0	0	0	0	0	0	1
이거 그냥 이 씨발 못하는걸 인증하지말고 잘하라고 성 나가있는거 보이는것이 개잘못 너네 개지랄해놓고 씌웠다가 야야야야 안돼	1	0	0	0	0	0	0	0
이거 그냥 점프 안하고 떨어져도 됐지않아 하나 둘 셋 오케이 이렇게 쭉 가면 돼	0	0	0	0	0	0	1	0
이거 그니까 둘이 애정평 지리네	0	0	1	0	0	0	0	0
이거 그럼 밟고 지나가는 것이 맞는 거 같은데 이렇게 와	0	0	0	0	0	0	0	1
이거 그쪽 말고 그쪽 말고 반대쪽 반대쪽 반대쪽 내려야 돼	0	0	1	0	0	0	0	0
이거 그치 점프해서 어 이렇게 해서 점프해서 이렇게 해서 자 점프 아 나와봐	0	0	0	0	0	0	1	0
이거 근데	0	0	1	0	0	0	0	0
이거 근데 정합한 방법이 있어	0	0	1	0	0	0	0	0
이거 금방 했네	0	0	1	0	0	0	0	0
이거 기둥넘고 내가 후추꺼 눌러줄께요	0	0	0	0	0	0	0	1
이거 깔짝 한 번 해야 돼요	0	0	0	0	0	0	0	1
이거 깨겠지	0	0	1	0	0	0	0	0
이거 꽁트예요	0	0	1	0	0	0	0	0
이거 꽃이다 이 자식아 아 진짜 하지 말라고 니네 니네 하지 말라고 진짜 오 [유저] 좋아	0	0	0	0	1	0	0	0
이거 꽤 어렵거든요	0	0	1	0	0	0	0	0
이거 나 왜 안 올라가지	0	0	0	0	0	0	0	1
이거 나 진짜 어떻게 바꿨는지 몰랐어	0	0	0	0	0	1	0	0
이거 나 해봤지	0	0	0	0	0	0	0	1
이거 나까지 안 시켜도 될 것 같은데	0	0	1	0	0	0	0	0
이거 나다 싶지않아 그냥 누르고 있을래	0	0	1	0	0	0	0	0
이거 나만 움직이면 다 같이 움직이는 거 아니야	0	0	0	0	0	0	0	1
이거 나빠 위에 있던 사람들이 더 이상 못 떠서 그렇게 하고 나면 다들 깔끔하게 해야지 자기 구역만 자기 구역 깔끔하게 채우자 자기만 잘하면 된다	0	0	0	0	0	0	0	1
이거 나쁘지 않아 나쁘지 않아	0	0	1	0	0	0	0	0
이거 나쁜 이거 이거 잘못된 거지	0	0	0	1	0	0	0	0
이거 나오자마자 이렇게 찾는 거야	0	0	1	0	0	0	0	0
이거 나와봐	0	0	0	0	0	0	0	1
이거 나와지냐	0	0	0	0	0	0	0	1
이거 나한테 안 와	0	0	0	0	0	0	0	1
이거 날라갔어	0	0	1	0	0	0	0	0
이거 날리는 거다	0	0	1	0	0	0	0	0
이거 남 탓을 못 해서 좀 그런데 아하 저	0	0	0	0	0	0	0	1
이거 남의 가방에서 훔치기가 되네	0	0	0	0	0	0	0	1
이거 내 자리를 막았지않아 [유저] 야 저거 복구할 수 있음	0	0	1	0	0	0	0	0
이거 내가 [유저] 본 거야	0	0	0	0	0	0	0	1
이거 내가 그냥 통과할게	0	0	0	0	0	0	0	1
이거 내가 꼬였어	0	0	0	0	0	0	0	1
이거 내가 다 했다	0	0	0	0	0	0	0	1
이거 내가 뭐 했는지 대충 힌트는 줘도 돼요	0	0	0	0	0	0	0	1
이거 내가 뿌시 칠라니까	0	0	0	0	0	0	0	1
이거 내가 좋아하는 얘기잖아	0	0	0	0	0	0	1	0
이거 내려가는 발판이나보다 기다려 기다려 기다려 가만히 있어 올라가야 된다	0	0	0	0	0	0	0	1
이거 내려서 통나무 오지 통나무 쌓여 여기 지나가버려 쌓여 오케이 이야	0	0	0	0	0	0	1	0
이거 너 뭐야	0	0	0	0	1	0	0	0
이거 너 전화 안 받잖아	0	0	1	0	0	0	0	0
이거 너구리가 덧점수 다 먹는 거 같은데 이거	0	0	0	0	0	0	0	1
이거 너무 아팠어	0	0	1	0	0	0	0	0
이거 너무 압도적인데 대기 대기 대기 이것이 나야 자 우리 말하는거 한번 볼까요	0	0	1	0	0	0	0	0
이거 너무 어려운데	0	0	1	0	0	0	0	0
이거 너무 잘한다	0	0	0	0	0	0	1	0
이거 너무 좋아	0	0	0	0	0	0	1	0
이거 너무 힘들면은 박자 지르는데	0	0	1	0	0	0	0	0
이거 넘어가면 어떻게 되는 거지	0	0	0	0	0	1	0	0
이거 노란팔이야	0	0	1	0	0	0	0	0
이거 놔봐	0	0	0	0	0	0	0	1
이거 놔봐 우리끼리 싸웠나 슛 [유저] 슛 골 아하하하하 이것이 뭐야	0	0	0	0	1	0	0	0
이거 누가 움직여야 돼	0	0	0	0	0	0	0	1
이거 누가 하자 했어	0	0	0	0	0	0	0	1
이거 누구야	0	0	1	0	0	0	0	0
이거 눈꽃형이 먹으라고 만들어 주는 거야	0	0	1	0	0	0	0	0
이거 다 같이 점프해서 맞게 해야 돼	0	0	0	0	0	0	0	1
이거 다 그냥 서 있어야 되는 거 아니야	0	0	1	0	0	0	0	0
이거 다 나르샘 3번이 나르샘 마지막 나다 마지막 나다 7번이 밀렸지 올라갈수있음	0	0	1	0	0	0	0	0
이거 다 탑을 쌓아서 한 번에 가야 되네	0	0	0	0	0	0	0	1
이거 다리가 왜 이리 돌아가나	0	0	0	0	0	0	0	1
이거 다시 가보자	0	0	0	0	0	0	0	1
이거 다시 하자 할 수 있다	0	0	1	0	0	0	0	0
이거 다시 해야 돼	0	0	0	0	0	0	0	1
이거 다음 턴을 갖게 다음 턴의 에 잠깐 불안한 것이 있는데 저거 뭐야	0	0	0	0	1	0	0	0
이거 다음에 2줄 미리 해놓는것이 좋을거 같은데	0	0	0	0	0	0	0	1
이거 다주가 내려가 다주가 다주 블럭 썼잖아	0	0	0	0	0	0	0	1
이거 답변 하다일이 뭐야	0	0	0	0	1	0	0	0
이거 닿으면 안 돼요	0	0	0	0	0	1	0	0
이거 대관이 내가 먼저야	0	0	0	0	0	0	0	1
이거 도끼야	0	0	1	0	0	0	0	0
이거 도끼야 도망가 그냥 도망갈것이 도망가는 중이야	0	0	0	0	0	0	0	1
이거 돈 아까운데요	0	0	1	0	0	0	0	0
이거 돌려 저 머리 쳐줄게 저 머리 쳐줄게	0	0	1	0	0	0	0	0
이거 돌아가는 거 랜덤이야	0	0	0	0	0	0	0	1
이거 동시에인 거 같은데	0	0	1	0	0	0	0	0
이거 되게 오묘한 게임이네	0	0	1	0	0	0	0	0
이거 된다	0	0	1	0	0	0	0	0
이거 두 명 동시에 뛰면 재밌겠는데	0	0	1	0	0	0	0	0
이거 둘 다 올라가 있는 상태로 이렇게 하면 된다니까	0	0	0	0	0	0	0	1
이거 뒤돌아 봐야 되는 거 이거 안 보면은 내가 보고 있을게	0	0	0	0	0	0	0	1
이거 뒤에 한번 좀 해보자고요	0	0	0	0	0	0	0	1
이거 들어가서 다섯 번 이기면은 이기는 거구나	0	0	0	0	0	0	0	1
이거 딥라인이 앞에 쫄버들 다 뒤로 가	0	0	0	0	0	0	0	1
이거 따라가야 돼	0	0	0	0	0	0	0	1
이거 딱 보면 사람들 다 알아	0	0	1	0	0	0	0	0
이거 딴거 하자	0	0	1	0	0	0	0	0
이거 떨어지면서	0	0	1	0	0	0	0	0
이거 또 누구야	0	0	1	0	0	0	0	0
이거 리얼 진짜로 땅의 마지막이 진짜 발발 하자 일부 마지막 이란 듯 아 뭐 왜 이렇게 오는거 아니야	0	0	0	0	1	0	0	0
이거 리얼 진패인지	0	0	1	0	0	0	0	0
이거 리얼 진팬지인데 아 이거	0	0	1	0	0	0	0	0
이거 리전 [유저]	0	0	1	0	0	0	0	0
이거 마우스 움직이니까 이것이 왜 나와	0	0	0	0	0	0	0	1
이거 막아둘것이 야	0	0	1	0	0	0	0	0
이거 맛있는거인데	0	0	1	0	0	0	0	0
이거 망했다	0	0	0	0	0	1	0	0
이거 망했어	0	0	0	0	0	1	0	0
이거 맞는데	0	0	1	0	0	0	0	0
이거 맞지않아	0	0	1	0	0	0	0	0
이거 맞혀	0	0	1	0	0	0	0	0
이거 맵이 어 야 이거 빨리 들어가야 되는데 이거 나 그럼 타고 있을것이 일렬로 있어야 되겠는데 일렬로 있으라고요	0	0	0	0	0	0	0	1
이거 머리 무턱이 왼쪽도 그렇고 오 됐다	0	0	1	0	0	0	0	0
이거 머리 줘면 되잖아	0	0	1	0	0	0	0	0
이거 머리위에 쌓아 많 Shiworld guid 이거 머리위에 쌓아야해 야 끝까지 올라가고 점프하자 자 최대한 올라가고 하자 배신하는거 없다	0	0	0	0	0	0	0	1
이거 먹고 나서 이거 졸린 것이 있는 것 같아요	0	0	1	0	0	0	0	0
이거 먹어	0	0	1	0	0	0	0	0
이거 먹어봐	0	0	0	0	0	0	0	1
이거 먹으니까 아 기면증 아 진짜 님들 저 체력이 다 엎어져요	0	0	0	0	1	0	0	0
이거 먹자	0	0	1	0	0	0	0	0
이거 멈춰	0	0	0	0	0	0	0	1
이거 멈춰야 되나봐요	0	0	0	0	0	0	0	1
이거 메커니즘을 좀 해보자 아아 나 이해했어	0	0	0	0	0	0	0	1
이거 모르겠는데	0	0	1	0	0	0	0	0
이거 목규야	0	0	1	0	0	0	0	0
이거 몬푸시 아 진짜 레전드네	0	0	0	0	1	0	0	0
이거 못하나	0	0	1	0	0	0	0	0
이거 못하는 사람이야	0	0	1	0	0	0	0	0
이거 못해요 해봐	0	0	0	1	0	0	0	0
이거 무슨 얘기야	0	0	1	0	0	0	0	0
이거 무조건 내려야 돼	0	0	1	0	0	0	0	0
이거 뭐 어쩌냐	0	0	1	0	0	0	0	0
이거 뭐 어쩌라고	0	0	1	0	0	0	0	0
이거 뭐 하는 거야	0	0	1	0	0	0	0	0
이거 뭐냐	0	0	1	0	0	0	0	0
이거 뭐야	0	0	0	0	1	0	0	0
이거 뭐야 가운데	0	0	0	0	1	0	0	0
이거 뭐야 뭐야 뭔데	0	0	0	0	1	0	0	0
이거 뭐에요	0	0	1	0	0	0	0	0
이거 뭐임	0	0	1	0	0	0	0	0
이거 뭐죠	0	0	1	0	0	0	0	0
이거 뭐지	0	0	1	0	0	0	0	0
이거 뭐하냐	0	0	0	1	0	0	0	0
이거 뭔가	0	0	0	0	0	0	0	1
이거 뭔데	0	0	1	0	0	0	0	0
이거 뭘까	0	0	1	0	0	0	0	0
이거 밀리 제대로 내고 있는 거 맞아	0	0	0	0	0	0	1	0
이거 밀리네 밀리네 밀려 안 밀린다고 야 너 큰 데 서있어봐	0	0	0	0	0	0	0	1
이거 밀면 안돼	0	0	0	0	0	1	0	0
이거 밀어주고 가야 돼	0	0	0	0	0	0	0	1
이거 밀어줘 밀어줘 노란색 네버 노란색 네버 노란색 노란색 이 정도면 돼	0	0	0	0	0	0	0	1
이거 밑으로 좀 내리면 안되냐	0	0	1	0	0	0	0	0
이거 바뀐다	0	0	1	0	0	0	0	0
이거 바로 던질게	0	0	1	0	0	0	0	0
이거 반대라고 반대라고 반대라고 이새끼야 반대 반대 그냥 와 밀지 말고 그냥 와 이새끼야 일로와	1	0	0	0	0	0	0	0
이거 밟고 그렇지 얘 살려 야 이거 이건 거 같은데 아 초록색 제발 아 괜찮아	0	0	0	0	0	0	1	0
이거 밟으면 안 돼	0	0	0	0	0	1	0	0
이거 밤을 잡아야 돼	0	0	1	0	0	0	0	0
이거 밧줄 타고 내려오세요	0	0	0	0	0	0	0	1
이거 방법이 없는데	0	0	1	0	0	0	0	0
이거 방송에서 다 적어놓으세요	0	0	1	0	0	0	0	0
이거 방장 빼고 핑이 좀 튀어요	0	0	1	0	0	0	0	0
이거 방패는 꿀 빨고 있어	0	0	1	0	0	0	0	0
이거 방향 조절 잘해야 되는 거 아냐 우리	0	0	0	0	0	0	1	0
이거 버튼 누르지 말걸	0	0	1	0	0	0	0	0
이거 보게 주는 거다	0	0	1	0	0	0	0	0
이거 보내고 가자 올라가 본능적으로 느낌대로 가자	0	0	0	0	0	0	0	1
이거 보세요	0	0	0	0	0	0	0	1
이거 보이지	0	0	1	0	0	0	0	0
이거 봐 역순이잖아	0	0	0	0	0	0	0	1
이거 봐봐	0	0	0	0	0	0	0	1
이거 비교해봐야겠다	0	0	0	0	0	0	0	1
이거 빨리 가야돼	0	0	0	0	0	0	0	1
이거 빨리 가야되는거 같은데 아이씨 이얍	0	0	0	0	1	0	0	0
이거 빨리 눌렀어	0	0	0	0	0	0	0	1
이거 뺄게요	0	0	1	0	0	0	0	0
이거 사람 세워야되네	0	0	1	0	0	0	0	0
이거 사람들 환장한다 쟤는	0	0	0	0	1	0	0	0
이거 살짝 당겨서 오른쪽으로 털	0	0	0	0	0	0	0	1
이거 색깔을 변하자	0	0	1	0	0	0	0	0
이거 서열 손으로 잘 못 뛰는 사람이 맨 위층에 있어야 된다고 왜 나라고했지	0	0	1	0	0	0	0	0
이거 설마	0	0	1	0	0	0	0	0
이거 속도 느려가지고 괜찮아 할만한데	0	0	0	0	0	0	0	1
이거 쉬운 거야 쉬운 거야	0	0	1	0	0	0	0	0
이거 쉬운 거잖아	0	0	1	0	0	0	0	0
이거 쉬워	0	0	1	0	0	0	0	0
이거 쉬워 재밌네요	0	0	1	0	0	0	0	0
이거 쉽다	0	0	1	0	0	0	0	0
이거 쉽지	0	0	1	0	0	0	0	0
이거 스피드 그거던가 보다 화면이 자동으로 움직이는 거라 빨리 빨리 가야겠구만 계단 계단 계단 양띵일 삼식일 [유저] 일 삼식일 어 나 [유저] 땡일 죽음 내 건 아님	0	0	0	0	0	0	0	1
이거 시간이다 시간 이거 몇번이 해	0	0	0	0	0	0	0	1
이거 실수한 새끼 뒤통수 후려 때리는 거 없냐	1	0	0	0	0	0	0	0
이거 쌓는 거다	0	0	1	0	0	0	0	0
이거 쌓아가지고 해 어차피 쌓아가지고 1자로 만들어야 돼	0	0	0	0	0	0	0	1
이거 쌓자 이거 쌓자 아니 안 쌓아도 돼	0	0	1	0	0	0	0	0
이거 쏘리 아 맞아	0	0	0	0	0	0	1	0
이거 아 나 눈물나	0	0	1	0	0	0	0	0
이거 아 나 봤다	0	0	1	0	0	0	0	0
이거 아 내가 골이 됐어	0	0	0	0	0	0	0	1
이거 아 새로운 맵 친구 따라 [유저] 가기 친구 따라가면 된다	0	0	0	0	0	0	0	1
이거 아 얘는 왜 이래	0	0	0	0	1	0	0	0
이거 아 이거 계단 만드는 거야	0	0	1	0	0	0	0	0
이거 아 이거 다 먹는거네	0	0	1	0	0	0	0	0
이거 아 이거 점프해준다 오야	0	0	0	0	0	0	0	1
이거 아 이제 따로 한다	0	0	1	0	0	0	0	0
이거 아 저기 저기 저기 요렇게 피해주는 거 같아 요렇게 피해주는 거 같아 요렇게 피해주는 거 같아	0	0	0	0	0	0	0	1
이거 아 죄송 죄송 앞에 8번부터 가 8번부터 옳지 옳지 멈춰 멈춰 오케이 한 명씩 한 명씩 멈춰 멈춰 멈춰 누구야	0	0	0	0	0	0	1	0
이거 아냐	0	0	1	0	0	0	0	0
이거 아니 그건 아니지	0	0	1	0	0	0	0	0
이거 아니 이거 너무했어요	0	0	1	0	0	0	0	0
이거 아니 이것이 화살표가 바로 아니네	0	0	0	0	0	0	0	1
이거 아니면 다 멈춰볼래	0	0	0	0	0	0	0	1
이거 아니야	0	0	1	0	0	0	0	0
이거 아닌가	0	0	0	0	0	0	0	1
이거 아래로 두 명만 보내주자 처음에 [유저] 가 점프해도 먹어줘	0	0	0	0	0	0	0	1
이거 아래를 볼 수 있을까요	0	0	1	0	0	0	0	0
이거 아무도 못 가게 생겼다 씨 닭 죽었습니다	0	0	0	0	0	1	0	0
이거 아예 달리자 고개 끝났다고 재밌잖아	0	0	0	0	0	1	0	0
이거 아이 구라야	0	0	1	0	0	0	0	0
이거 아이가 아 또 대화노 아니 무거운거 이거 사주를 쓰자마자 되는거 아이 무거운거 이거 어디갔노 [유저] 여기 바로 구멍있데 무신해래	0	0	0	0	0	0	0	1
이거 아이씨 미쳤네 한기가 올라오는 거야	1	0	0	0	0	0	0	0
이거 아입니꺼	0	0	1	0	0	0	0	0
이거 아주 좋았다	0	0	1	0	0	0	0	0
이거 아주 좋잖아요	0	0	1	0	0	0	0	0
이거 악녀 어차피 혼자 셋이 다니죠	0	0	1	0	0	0	0	0
이거 안 닿아가지고 천천히 나 나 나 어 삼총아 삼총아 발 봐	0	0	0	0	0	0	0	1
이거 안 돼	0	0	0	0	0	1	0	0
이거 안 보여 돼지	0	1	0	0	0	0	0	0
이거 안나오는데 이거	0	0	1	0	0	0	0	0
이거 안되겠으면 A랑 D랑 이거 해야돼요	0	0	0	0	0	0	0	1
이거 안될 것 같은데 자 셋 하면 가는거에요	0	0	0	0	0	0	0	1
이거 안마자 이거 volunteer 때문 ientes 그것 때문에 안마자 다 뒤로 오세요	0	0	0	0	0	0	0	1
이거 앞뒤로 갈수가 없어 동시에 여섯명이 가야하는데 한 번에 여섯명 오라고 빨리 오라고 여기 여기 여기 됐어	0	0	0	0	0	0	0	1
이거 약간 공 왼쪽으로 가야 돼	0	0	0	0	0	0	0	1
이거 약간 나다 싶지않아	0	0	1	0	0	0	0	0
이거 약간 뒤로 가봐 하나 둘 셋 재밌어	0	0	0	0	0	0	0	1
이거 약간 예측샷 해야 된다	0	0	0	0	0	0	0	1
이거 어 대박이다	0	0	0	0	0	0	1	0
이거 어 됐다고해 가자 문 열어야지	0	0	0	0	0	0	0	1
이거 어 뭐야	0	0	0	0	1	0	0	0
이거 어 아깝다	0	0	0	0	0	1	0	0
이거 어 어 어 아자 아자 아자 오지마 봐 정비 정비 정비해야 돼	0	0	0	0	0	0	0	1
이거 어 이거 비행기 하는 거 봐	0	0	0	0	0	0	0	1
이거 어 이거 왜냐면 안 엎고 가만히 냅두면 죽어요	1	0	0	0	0	0	0	0
이거 어 저 틀어주세요	0	0	1	0	0	0	0	0
이거 어 전기를 넣어야 돼 반대로 넣어야 돼	0	0	1	0	0	0	0	0
이거 어떡하지	0	0	1	0	0	0	0	0
이거 어떻게 가냐	0	0	0	0	0	1	0	0
이거 어떻게 나가	0	0	0	0	0	1	0	0
이거 어떻게 내려가지	0	0	0	0	0	1	0	0
이거 어떻게 바꿔	0	0	0	0	0	1	0	0
이거 어떻게 뱉어	0	0	0	0	0	1	0	0
이거 어떻게 살아나지	0	0	0	0	0	1	0	0
이거 어떻게 열어	0	0	0	0	0	1	0	0
이거 어떻게 올라가지	0	0	0	0	0	1	0	0
이거 어떻게 지나갈래 도훈아	0	0	0	0	0	1	0	0
이거 어떻게 하는 거야	0	0	0	0	0	1	0	0
이거 어떻게 하는거냐고	0	0	0	0	0	1	0	0
이거 어떻게 하는거인데 아니 여기 못올라가	0	0	0	0	0	1	0	0
이거 어떻게 해	0	0	0	0	0	1	0	0
이거 어떻게 해 이제	0	0	0	0	0	1	0	0
이거 어려웠다	0	0	1	0	0	0	0	0
이거 어차피	0	0	1	0	0	0	0	0
이거 언제까지 따서 나 대충 알 것 같아	0	0	1	0	0	0	0	0
이거 얼음이네요	0	0	1	0	0	0	0	0
이거 에너지파 봉대 다들 챙길 거 다 챙겨요	0	0	1	0	0	0	0	0
이거 에잇 이거야	0	0	1	0	0	0	0	0
이거 여기 그 소통기 있잖아	0	0	1	0	0	0	0	0
이거 여기 아래로 안돼	0	0	0	0	0	1	0	0
이거 여기 어떻게 나가지	0	0	0	0	0	1	0	0
이거 여기서 그냥 아래로 덮개	0	0	1	0	0	0	0	0
이거 역시나 자 아래에 와악 진짜네 진짜네	0	0	0	0	0	0	0	1
이거 연결 안되는데 아 진짜 와 아 이거 그거다 이거 범인찾기 한다	0	0	0	0	1	0	0	0
이거 열쇠인사람부터 안 말리긴 하는데 아 막혔네	0	0	1	0	0	0	0	0
이거 옆에 이거 어떡해	0	0	0	0	0	1	0	0
이거 오 오 오 날라차기가 안되잖아	0	0	0	0	0	0	0	1
이거 오늘 점심 두 그릇 먹은 사람 누구야	0	0	1	0	0	0	0	0
이거 오른쪽 위에 있는 것부터 바로 눌러야 돼	0	0	0	0	0	0	0	1
이거 오른쪽에 넘어가신 4분이 왼쪽으로 밀어주세요	0	0	0	0	0	0	0	1
이거 오른쪽으로 해서 약간 저거 같이 같이 쌓을 수 있게 해야되는거 아니야	0	0	0	0	0	0	0	1
이거 오버는 안 돼	0	0	0	0	0	1	0	0
이거 올라가	0	0	0	0	0	0	0	1
이거 올라가는 것도 발판 해줘야 돼	0	0	0	0	0	0	0	1
이거 올라가서 한 칸 차이를 떨어뜨려주나 봐	0	0	0	0	0	0	0	1
이거 올라간 상태에서 커져야됨	0	0	1	0	0	0	0	0
이거 와 비코파크였습니다	0	0	0	0	0	0	0	1
이거 와 재밌다	0	0	0	0	0	0	0	1
이거 와봐	0	0	0	0	0	0	0	1
이거 왜 나왔지	0	0	1	0	0	0	0	0
이거 왜 엎어요	0	0	1	0	0	0	0	0
이거 왜 이러냐	0	0	0	0	1	0	0	0
이거 왜 이렇게 길이야	0	0	1	0	0	0	0	0
이거 왜이래 계획한척 계획 계획한척 야 뭐해	0	0	0	1	0	0	0	0
이거 왼쪽 해 여기 있었네 자 오케이 다음 턴 가자	0	0	0	0	0	0	1	0
이거 우리 딥라인 사람들이 앞에가 빨리 가야돼	0	0	0	0	0	0	0	1
이거 우리가 위에 칸에 가있는거 어때	0	0	0	0	0	0	0	1
이거 우유가 짱짱 세네	0	0	0	0	0	0	1	0
이거 웃기다	0	0	1	0	0	0	0	0
이거 원코인 해야돼	0	0	0	0	0	0	0	1
이거 위로 올라가서 일단 A로 살려야죠	0	0	0	0	0	0	0	1
이거 위아래	0	0	1	0	0	0	0	0
이거 윗면에 위에 사람 움직일 수 없네	0	0	1	0	0	0	0	0
이거 으으으으으으 미안하다	0	0	1	0	0	0	0	0
이거 의식하자 의식	0	0	1	0	0	0	0	0
이거 이 연못 때문에 지은 거잖아	0	0	1	0	0	0	0	0
이거 이 자식이 알거든 진짜로 개핵살인이야	0	0	0	0	1	0	0	0
이거 이거 갈꺼에요	0	0	1	0	0	0	0	0
이거 이거 놓고 한국인의 목표는 맵이네	0	0	1	0	0	0	0	0
이거 이거 느낌 싸하다	0	0	1	0	0	0	0	0
이거 이거 뭐야	0	0	0	0	1	0	0	0
이거 이거 밀까	0	0	1	0	0	0	0	0
이거 이거 빨아주는 춤 해야 되는데 [유저] 언니 비키라고 빨아주는거 뭐야	0	0	0	0	1	0	0	0
이거 이거 여기서 내가 이렇게 그렇지 그렇지 어 어 어 거길 밟고 나간다고 아니 아니 생각 내가 먼저 할까	0	0	0	0	0	0	1	0
이거 이거 이거	0	0	1	0	0	0	0	0
이거 이거 이거 개꿀이야	0	0	1	0	0	0	0	0
이거 이거 이거 아아 그치 이거 나는 아니면 우리가 처음에 시작할 때부터 다 같이 빨고 왼쪽 제일 끝에 있는 사람이 애초부터 그냥 여기로 바로 가버리면 어때	0	0	0	0	0	0	1	0
이거 이거 이거 오른쪽 이동 와우 열쇠로 문을 열어 한 놈 없으니까 진행이 매끄러운데 잠깐만 잠깐만 야 이 점프 점프 이단점프 이새끼야 아 이단점프 아 야 저 오른쪽 위 왼쪽 위를 분다면서	1	0	0	0	0	0	0	0
이거 이거 이거 죽는다	0	0	1	0	0	0	0	0
이거 이거 정리 뭐냐 우리 뭐야	0	0	0	0	1	0	0	0
이거 이거 형도 점프하고 나도 점프해야돼	0	0	0	0	0	0	0	1
이거 이걸 제가 막으면 네 미사일만 막아 오히려 님들이 쓸 수가 없어 못 쏴 못 쏴 최알배 앨배가 미안하죠	0	0	0	0	0	0	0	1
이거 이것이	0	0	1	0	0	0	0	0
이거 이것이 블랙홀이다	0	0	1	0	0	0	0	0
이거 이것이 첫번째 스테이지야	0	0	1	0	0	0	0	0
이거 이것이 한명보다 두명이 두명보다 네명이 낫다	0	0	1	0	0	0	0	0
이거 이래갖고 진행을 어떻게 시작점에서 얼마 오지도 못했어	0	0	0	0	0	1	0	0
이거 이렇게 가죠	0	0	0	0	0	0	0	1
이거 이렇게 하면 되잖아	0	0	1	0	0	0	0	0
이거 이야	0	0	1	0	0	0	0	0
이거 이야 가만히 있어	0	0	0	0	0	0	0	1
이거 이쪽으로 오는거 아냐	0	0	1	0	0	0	0	0
이거 인형 안에 가방 있으신 분들 이거 좀 챙겨주세요	0	0	0	0	0	0	0	1
이거 일단 탑을 쌓아서 여기로 점프 뛰어 넘어가자	0	0	0	0	0	0	0	1
이거 있다	0	0	1	0	0	0	0	0
이거 자 됐어	0	0	1	0	0	0	0	0
이거 자기 자리에서만 해	0	0	0	0	0	0	0	1
이거 작전 자 오른쪽 오른쪽 보면서 넘어가 넘어가 넘어가 오른쪽 좀 봐주세요	0	0	0	0	0	0	0	1
이거 잘했어	0	0	0	0	0	0	1	0
이거 잠깐만	0	0	0	0	0	0	0	1
이거 잠깐만 이거 보고 가자	0	0	0	0	0	0	0	1
이거 잠깐만 잠깐만 한 사람씩 먹어야 돼	0	0	0	0	0	0	0	1
이거 잠깐만요 지나갑니다	0	0	0	0	0	0	0	1
이거 잡아당겼어	0	0	1	0	0	0	0	0
이거 잡야하는거야	0	0	1	0	0	0	0	0
이거 장담하건대 나한테 안 오다	0	0	1	0	0	0	0	0
이거 장력 있지않아 앞으로 땡겨 가 살려 살리라고 그래	0	0	0	0	0	0	1	0
이거 재미있겠다	0	0	1	0	0	0	0	0
이거 재밌네	0	0	1	0	0	0	0	0
이거 재밌대	0	0	1	0	0	0	0	0
이거 저만 새끼도 있음	1	0	0	0	0	0	0	0
이거 저희 딸포예요	0	0	1	0	0	0	0	0
이거 절약당했어	0	0	1	0	0	0	0	0
이거 점프 게이지 있어야 돼	0	0	0	0	0	0	0	1
이거 점프 되잖아	0	0	0	0	0	0	0	1
이거 접니다	0	0	1	0	0	0	0	0
이거 제가 가고 다음 오고	0	0	0	0	0	0	0	1
이거 제가 가고 다음 오고 어	0	0	0	0	0	0	0	1
이거 조심	0	0	0	0	0	0	0	1
이거 조심해	0	0	0	0	0	0	0	1
이거 조심해야 돼	0	0	0	0	0	0	0	1
이거 존나 커	1	0	0	0	0	0	0	0
이거 좀 논란이 있겠는데	0	0	1	0	0	0	0	0
이거 좀 봐봐	0	0	0	0	0	0	0	1
이거 좀 앞으로 좀 이렇게 하죠	0	0	1	0	0	0	0	0
이거 좀 촘촘하게 촘촘하게 세요	0	0	1	0	0	0	0	0
이거 좋다	0	0	0	0	0	0	1	0
이거 주황색이다	0	0	1	0	0	0	0	0
이거 줄 좀 감아놔	0	0	1	0	0	0	0	0
이거 줄게요	0	0	1	0	0	0	0	0
이거 줄넘기다 줄넘기 이자 얍 [유저] [유저] 제일 못하는 애가 앞이 맞아 이거는 이거는 굳이 굳이 [유저] 를 하지 않아도 이거 못 깬다고 아 아 아 서랭 한 번은 봐준다	0	0	0	0	0	0	1	0
이거 진짜	0	0	1	0	0	0	0	0
이거 진짜 너무 무서워	0	0	1	0	0	0	0	0
이거 진짜 됐다	0	0	1	0	0	0	0	0
이거 진짜 안 됐으면 좋겠다	0	0	1	0	0	0	0	0
이거 진짜 왕할아버지 이거잖아	0	0	1	0	0	0	0	0
이거 진짜 잘못한듯	0	0	0	1	0	0	0	0
이거 진짜 존나 나긴 한다	1	0	0	0	0	0	0	0
이거 진짜 황금났다 오 [유저] 쉽구만 밟으면 안 돼	0	0	0	0	0	1	0	0
이거 진짜님 오 한참 보드라서 이건 좀 재밌다	0	0	1	0	0	0	0	0
이거 진짜야	0	0	1	0	0	0	0	0
이거 최대한 안 눌러야 된다	0	0	0	0	0	0	0	1
이거 치킨이 여기 막으려고 생각하는 것 같고요 여기서 일로 가서 일로 올라가서 이렇게 가서 이렇게 점프해서 이렇게 갈 생각인 것 같아요 제가 보니까	0	0	0	0	0	0	0	1
이거 콩콩 님이 선행위를 끌고 마지막 사람만 너무 잡힌다	0	0	1	0	0	0	0	0
이거 쿨하게 나가야 돼	0	0	0	0	0	0	0	1
이거 크포 가야지	0	0	0	0	0	0	0	1
이거 큰일 났다	0	0	0	0	0	1	0	0
이거 키하면 되잖아	0	0	1	0	0	0	0	0
이거 타는구나	0	0	1	0	0	0	0	0
이거 타이밍이 있는거 같은데	0	0	1	0	0	0	0	0
이거 탭 누르면은	0	0	1	0	0	0	0	0
이거 탭자 아 탭키도 있어 탭키 탭키는 뭐야	0	0	0	0	1	0	0	0
이거 파란색 너잖아	0	0	1	0	0	0	0	0
이거 파피 이거 여기까지	0	0	1	0	0	0	0	0
이거 펼쳐보자 우리 별모양이 나올지도 몰라 들어가 들어가 별모양 별모양 별모양 만들었어	0	0	0	0	0	0	0	1
이거 풀룸상으로 써도 아직 16분이야 그렇죠	0	0	1	0	0	0	0	0
이거 하고 진짜 마무리하면 깔끔하잖아	0	0	1	0	0	0	0	0
이거 하나를 잡아서 혹시 여기다 거는 거인가	0	0	0	0	0	0	0	1
이거 하나씩 해서 세워야 되나봐	0	0	0	0	0	0	0	1
이거 하면 어떻게 될까요	0	0	0	0	0	1	0	0
이거 한 명 한 명이 되는 거 아냐	0	0	1	0	0	0	0	0
이거 한 명씩	0	0	1	0	0	0	0	0
이거 한 명씩 한 명씩 한 명씩	0	0	1	0	0	0	0	0
이거 한 명이라고 인식할 수 있단 말이지	0	0	1	0	0	0	0	0
이거 한 바퀴 돌려야되나봐 일단 올라와봐	0	0	0	0	0	0	0	1
이거 한 반 정도 공 굴러갔을 때 미리 가야될 거 같애	0	0	0	0	0	0	0	1
이거 한 번 보자 어떻게 되는지 내려가는 거 같은데 저거 저 막대기 아 저것이 간다고	0	0	0	0	0	1	0	0
이거 한 번 피할게요	0	0	1	0	0	0	0	0
이거 한 번에 가야돼	0	0	0	0	0	0	0	1
이거 한 번에 다 움직이면 안돼	0	0	0	0	0	1	0	0
이거 한 번에 선 아아아아아아아아아아아아아아아아아아아아아아아아아아아아아아아아아아아아아아아아아아아아아아아아아아아아아아 파를 잘못 들였어	0	0	0	0	1	0	0	0
이거 한 판 더 하는데 1등 한 사람 제가 치킨 사드리겠습니다	0	0	0	0	0	0	0	1
이거 한명 더 있어야 될거 같은데 이거 아님	0	0	1	0	0	0	0	0
이거 한명이 계속 밀면 안밀리지 않나	0	0	1	0	0	0	0	0
이거 한명이라도 죽으면은 그냥 게임 끝나는데 지금 죽을일이 없어	0	0	1	0	0	0	0	0
이거 한번 해볼까	0	0	0	0	0	0	0	1
이거 한번 해봐	0	0	0	0	0	0	0	1
이거 한줄 또 아 그거다 2번 형님 순서대로 안해도 되겠다	0	0	0	0	0	0	0	1
이거 할 거인데 이렇게 하자 [유저] 랑 나랑은 그냥 바로 시작하자마자 우리 거 누르고 나머지는 알아서 하세요	0	0	0	0	0	0	0	1
이거 할 수 있었는데	0	0	1	0	0	0	0	0
이거 할 수 있었는데 와	0	0	0	0	0	0	0	1
이거 할아버지인가	0	0	0	0	0	0	0	1
이거 해 하지 마 해 하지 말고 야 앞에 사람이 점프하는 거 같으면 두 번째 사람이 눌러 그냥 그것이 맞아 그거를 모르겠다니까	0	0	0	0	0	0	1	0
이거 해봐요 붕대 해봐요 피 있어요	0	0	0	0	0	0	0	1
이거 해야 되나봐	0	0	0	0	0	0	0	1
이거 해야 되는 거야	0	0	0	0	0	0	0	1
이거 했으면은 박수 칠 때 떠나 빨리	0	0	0	0	0	0	0	1
이거 헝그리가 점점 사라진다	0	0	0	0	0	0	0	1
이거 협동 게임인 거 알아	0	0	1	0	0	0	0	0
이거 혹시	0	0	1	0	0	0	0	0
이거 화살표가 안보여 쳐다봐	0	0	0	0	0	0	0	1
이거가 그러니까	0	0	0	0	0	0	0	1
이거까지 깼어	0	0	1	0	0	0	0	0
이거나 먹으라고하니 이새끼야 이거 마지막	1	0	0	0	0	0	0	0
이거는 가만히 있는 사람이 이겨요	0	0	0	0	0	0	0	1
이거는 같이 하면은 안 좋아진다	0	0	0	0	0	0	1	0
이거는 근데 은근히 쉬운 편이야	0	0	1	0	0	0	0	0
이거는 깨라는 하늘의 의심구인거야	0	0	1	0	0	0	0	0
이거는 나도 못 들어가고 치킨도 못 들어가게 해야 돼	0	0	0	0	0	0	0	1
이거는 날라다니지 마세요	0	0	1	0	0	0	0	0
이거는 네가 상관없다고 해서 눌렀잖아	0	0	0	0	0	0	0	1
이거는 많이 해봤다	0	0	0	0	0	0	0	1
이거는 뭐 근데 너무 쉬운데 오케이 오 잘하는데 아이고 나쁘지 않은데	0	0	0	0	0	1	0	0
이거는 뭐야 잠깐만 한 명씩 한 명씩 한 명씩 한 명씩 한 명씩 얘들아	0	0	0	0	1	0	0	0
이거는 솔직히 장난이 아니라 실력이잖아	0	0	1	0	0	0	0	0
이거는 순서대로 될 거 같은데 점프를	0	0	0	0	0	0	0	1
이거는 아니야	0	0	1	0	0	0	0	0
이거는 오프라인 올려라	0	0	1	0	0	0	0	0
이거는 왜 안 했을까	0	0	1	0	0	0	0	0
이거는 이제 뭐 숨기는 거고 나만 알고 역할 카드 같은 거구나	0	0	1	0	0	0	0	0
이거는 제가 먼저 가고 어	0	0	0	0	0	0	0	1
이거는 해보면 알겠죠	0	0	0	0	0	0	0	1
이거다 세 번째 점프할 때 꾹 눌러야 돼	0	0	0	0	0	0	0	1
이거라고 어 한잔해 한잔해 슛 슛 열어 열어 열어 야 이 쓰레기야	1	0	0	0	0	0	0	0
이거를 그니까 우리가 저기로 다시 가야돼	0	0	0	0	0	0	0	1
이거를 누구 한명 머리위에 올려가지고 막아야되는거인가	0	0	0	0	0	0	0	1
이거를 모르나	0	0	1	0	0	0	0	0
이거를 밟아줘야 될 거 같은데	0	0	1	0	0	0	0	0
이거를 방향을 돌려야 될 거 같아	0	0	1	0	0	0	0	0
이거를 아 아 아 한 명 밑에 넣어야지 머리 조심해 누나 잘 씌워요	0	0	0	0	0	0	0	1
이거를 이제 여기다가 달아버리면 이거 뭐	0	0	0	0	0	0	0	1
이거를 일렬로 위에 쌓아	0	0	1	0	0	0	0	0
이거를 지금 쓰지 말고 그냥 우리끼리 올라가서 살리는 것이 나을 수도 있어	0	0	0	0	0	0	0	1
이거만 아	0	0	1	0	0	0	0	0
이거야 누군지 고르는 거인가 봐	0	0	0	0	0	0	0	1
이거야 바로 이거야	0	0	1	0	0	0	0	0
이거야 이거	0	0	1	0	0	0	0	0
이거야 좋았어	0	0	0	0	0	0	1	0
이거에 안 맞을 수 있잖아	0	0	1	0	0	0	0	0
이건 그냥 갖다 버린 거잖아	0	0	1	0	0	0	0	0
이건 근데 깔이 뭐야	0	0	0	0	1	0	0	0
이건 깰 거 같아	0	0	1	0	0	0	0	0
이건 끝났다	0	0	0	0	0	1	0	0
이건 내려야 돼	0	0	1	0	0	0	0	0
이건 내릴게요	0	0	1	0	0	0	0	0
이건 너무 무섭잖아	0	0	1	0	0	0	0	0
이건 됐다 이건 오 이번엔 넉넉한데	0	0	1	0	0	0	0	0
이건 둘이 세야	0	0	1	0	0	0	0	0
이건 뭐냐	0	0	1	0	0	0	0	0
이건 뭐냐 이거 어떡하냐	0	0	1	0	0	0	0	0
이건 뭐야	0	0	0	0	1	0	0	0
이건 뭐죠	0	0	1	0	0	0	0	0
이건 뭐하는 거인지 모르겠어	0	0	1	0	0	0	0	0
이건 미안할게	0	0	1	0	0	0	0	0
이건 빨리 눌렀어	0	0	0	0	0	0	0	1
이건 선풍기 끝나고 움직여도 돼	0	0	1	0	0	0	0	0
이건 쉬운데	0	0	1	0	0	0	0	0
이건 쉽다	0	0	1	0	0	0	0	0
이건 실패하지 말자	0	0	1	0	0	0	0	0
이건 아냐 아냐 아냐 [유저] 마 [유저] 마 아냐 아냐 그냥 내비둬 그냥 내비둬 야 잠깐만 이거 각도 아 이거 속도 붙어야 된다	0	0	0	0	0	0	0	1
이건 아니죠	0	0	1	0	0	0	0	0
이건 안 돼	0	0	0	0	0	1	0	0
이건 어떻고 야야 몽키야 넌 이걸로 가라 야성의 왕국이라고하는데	0	0	0	0	0	0	0	1
이건 있어	0	0	1	0	0	0	0	0
이건 제가 실수해 오케이	0	0	0	1	0	0	0	0
이건 진짜 병신	1	0	0	0	0	0	0	0
이건 진짜 실력이야 내가 한번 해볼게 실력이라고	0	0	0	0	0	0	0	1
이건 진짜 심하네	0	0	1	0	0	0	0	0
이건 진짜 학습이 없나 봐	0	0	0	0	0	0	0	1
이건 피하고 갑시다	0	0	0	0	0	0	0	1
이건 황소연 탓이지 이제는	0	0	1	0	0	0	0	0
이걸 그래 한 명씩 가고 문 열고 아니 내려가 머리를 밟으면 안 올라가	0	0	0	0	0	0	1	0
이걸 깨긴 깨도 [유저] 하는 것이 빨랐을까 아니면 이것이 빨랐을까	0	0	1	0	0	0	0	0
이걸 누나 요즘 사람들은 뭐라 그러는지 알아요	0	0	1	0	0	0	0	0
이걸 될지 안 될지 어떻게 할 거인데	0	0	0	0	0	1	0	0
이걸 말이	0	0	1	0	0	0	0	0
이걸 먼저 했으면 롤이 더 내용이 더 좋았을 수도 있어 [유저] [유저] [유저] 어 한 팀 원팀이 됐을터인데	0	0	1	0	0	0	0	0
이걸 안 버려	0	0	1	0	0	0	0	0
이걸 안 버려 나를	0	0	1	0	0	0	0	0
이걸 이런 걸 [유저] 로 [유저] 트라라고 그래요	0	0	0	0	0	0	1	0
이걸 이용해야 된다고	0	0	0	0	0	0	0	1
이걸 잘해야 돼	0	0	0	0	0	0	1	0
이걸 쳐먹어 저 분홍색 부분에서 여러번 움직여야 하는 거 아니야	0	0	1	0	0	0	0	0
이걸 출제자가 점수를 많이 따려면 최대 3점을 딸 수 있어 어떻게 하냐면 넌 거짓말이야	0	0	0	0	0	1	0	0
이걸 타서 이 줄을 밀면서 가는 것 같은데 그렇지 이렇게 헐 쳐 헐 쳐 해봐	0	0	0	0	0	0	1	0
이걸로 간다	0	0	1	0	0	0	0	0
이걸로 끝낸다고	0	0	1	0	0	0	0	0
이걸로 이렇게 가야 된다	0	0	0	0	0	0	0	1
이걸로 하겠다 그러면	0	0	1	0	0	0	0	0
이것까지 하고 반은 다음에 하자	0	0	1	0	0	0	0	0
이것도 계단 만들어야 되지 않아	0	0	1	0	0	0	0	0
이것도 계단을 쌓아서 가야 돼	0	0	0	0	0	0	0	1
이것도 난 이걸 왜 걸린지 진짜 이해가 안 가 걸리고 싶어가지고 지금 덕에 저거 빌드업 하는 거야	0	0	0	0	0	0	0	1
이것도 쉽지않아 colors 아 진짜	0	0	0	0	1	0	0	0
이것도 안 돼요	0	0	0	0	0	1	0	0
이것도 왜 오른쪽에 유령이 있다	0	0	1	0	0	0	0	0
이것도 틀려 룰이 맞냐	0	0	1	0	0	0	0	0
이것도 한 명씩 끌어올려야 되냐	0	0	1	0	0	0	0	0
이것만 빼면 되겠네	0	0	1	0	0	0	0	0
이것은 무엇인가요	0	0	0	0	0	0	0	1
이것은 뭡니까	0	0	1	0	0	0	0	0
이것이 0초에서 4초 아니야	0	0	1	0	0	0	0	0
이것이 50만이 넘으면 다음 편도 해보겠습니다	0	0	0	0	0	0	0	1
이것이 [유저] 하자고 한 내 탓이냐	0	0	1	0	0	0	0	0
이것이 [유저] 들이지	0	0	1	0	0	0	0	0
이것이 간단간당하게 이것이	0	0	1	0	0	0	0	0
이것이 게임이 다주 가자	0	0	0	0	0	0	0	1
이것이 게임이야	0	0	1	0	0	0	0	0
이것이 계단형이 되야되는거 아니에요	0	0	1	0	0	0	0	0
이것이 그거야	0	0	1	0	0	0	0	0
이것이 근데 이 맵 자체가 투플레이어였거든	0	0	0	0	0	0	0	1
이것이 끝과 끝이야	0	0	1	0	0	0	0	0
이것이 끝나는것이 아니야	0	0	1	0	0	0	0	0
이것이 나온지 얼마 안 됐는데 리뷰가 엄청 좋더라고	0	0	0	0	0	0	0	1
이것이 내 [유저] 컷이야	0	0	1	0	0	0	0	0
이것이 내 피지컬이라고 001 001 058 누구냐	0	0	1	0	0	0	0	0
이것이 내가 반이 이것이 다른 애랑 같이 아니 얘들아 밑에 것도 빨리 쳐줘야지 우리가 위로 갈 수밖에 없게 만들잖아	0	0	0	0	0	0	0	1
이것이 다 같이 가서 다 눌러야 되네	0	0	0	0	0	0	0	1
이것이 더럽게 많네	0	0	1	0	0	0	0	0
이것이 돈 푸쉬 밟으면 진짜 대머리 정어로 누르지 말라고해 앞으로 가죠	0	0	0	0	0	0	0	1
이것이 되네	0	0	1	0	0	0	0	0
이것이 드물어 아이가 그래	0	0	0	0	0	0	1	0
이것이 딱 가운데 여기 오지	0	0	0	0	0	0	0	1
이것이 또 배고파지고 이러면 안 되니까 빨리빨리 가야 되거든요	0	0	0	0	0	0	0	1
이것이 마지막 기회야	0	0	1	0	0	0	0	0
이것이 마지막 판인가	0	0	0	0	0	0	0	1
이것이 막 싸움이지	0	0	1	0	0	0	0	0
이것이 말이 되나	0	0	1	0	0	0	0	0
이것이 맞는 거 같아	0	0	1	0	0	0	0	0
이것이 맞지	0	0	1	0	0	0	0	0
이것이 면허 있는 사람이야	0	0	1	0	0	0	0	0
이것이 몇 라운드까지 있어	0	0	1	0	0	0	0	0
이것이 무슨 말이고	0	0	1	0	0	0	0	0
이것이 무슨 말이야	0	0	1	0	0	0	0	0
이것이 무슨 생물이죠	0	0	1	0	0	0	0	0
이것이 뭐 깔짝 왜 한 거예요	0	0	1	0	0	0	0	0
이것이 뭐 하는 거예요	0	0	1	0	0	0	0	0
이것이 뭐냐면은 루테 밖에 없는거야	0	0	1	0	0	0	0	0
이것이 뭐야	0	0	0	0	1	0	0	0
이것이 뭐죠	0	0	1	0	0	0	0	0
이것이 뭐지	0	0	1	0	0	0	0	0
이것이 뭔데	0	0	1	0	0	0	0	0
이것이 뭔데 아 뭔데	0	0	1	0	0	0	0	0
이것이 뭔데 점프 [유저] 투 윈	0	0	0	0	0	0	0	1
이것이 뭔지 [유저] 돼요	0	0	1	0	0	0	0	0
이것이 뭘까	0	0	1	0	0	0	0	0
이것이 바로 개인주의를 넘은 이기주의입니다	0	0	0	0	0	0	0	1
이것이 발사되는 거네	0	0	1	0	0	0	0	0
이것이 버튼을 건드리면 안 되는구나	0	0	1	0	0	0	0	0
이것이 보고 있을 때 위치가 바뀌거든 보면서 바꿔야 돼	0	0	0	0	0	0	0	1
이것이 보니까 말이 안되면 게임이 힘들어	0	0	0	0	0	1	0	0
이것이 봐봐	0	0	0	0	0	0	0	1
이것이 삼각형을 만들 수 있거든요	0	0	1	0	0	0	0	0
이것이 서로 한몸이 될 때 진짜 엄청 짜릿해	0	0	0	0	0	0	0	1
이것이 스크롤이 1번님 1번님 여덟 명이 있어야지 올라갈 수 있어요	0	0	1	0	0	0	0	0
이것이 아니라	0	0	1	0	0	0	0	0
이것이 안됐네	0	0	1	0	0	0	0	0
이것이 약간 인원 수 차이가 있나 봐	0	0	0	0	0	0	0	1
이것이 어떻게 이르케 돼	0	0	0	0	0	1	0	0
이것이 여기로 갈지	0	0	1	0	0	0	0	0
이것이 역대급 날인다 뭐야	0	0	0	0	1	0	0	0
이것이 와 진짜 와 미쳤다	1	0	0	0	0	0	0	0
이것이 왜 어렵지	0	0	1	0	0	0	0	0
이것이 왜 이렇게 무서워	0	0	1	0	0	0	0	0
이것이 우리가 3명이 여기로 가면은 나머지 3명은 여기서 올 준비를 해야 돼	0	0	0	0	0	0	0	1
이것이 우리가 외워야 돼	0	0	0	0	0	0	0	1
이것이 우주하마 인성의 실체입니다	0	0	1	0	0	0	0	0
이것이 이 점프력이면은 이 벌레가 왼쪽으로 좀 갔을 때 지금 같은 때에 점프를 하면서 밟을 수 있을 것 같거든	0	0	0	0	0	0	0	1
이것이 이것이 이것이 진짜 헷갈려 가야돼	0	0	0	0	0	0	0	1
이것이 이렇게 오래 할 게임인가	0	0	0	0	0	0	0	1
이것이 이렇게 퍼서 우리 지금 현대인들이 이렇게 하잖아	0	0	1	0	0	0	0	0
이것이 일단 내려간 다음에 다시 올라가야 돼요	0	0	0	0	0	0	0	1
이것이 자기를 찾는 거인데 어쩌라고 자기중심적이야	0	0	1	0	0	0	0	0
이것이 자유다	0	0	1	0	0	0	0	0
이것이 잠깐만 하나 둘 어 이거 이네	0	0	0	0	0	0	0	1
이것이 장력을 조심하라고 각자 줄이 얼만큼 늘어나는지 적당히 생각을 해준 다음에 점프하고 너무 앞으로 멀리 가지 말고 그렇다고 뒤로 와가지고 밀어가지고 갈 공간이 없게 말리지 말고 적당히 거리를 유지해 미안 오케이 칠 쓰지 말고 그렇지 가가가가가가가가가 가라고 좋아 7시간 있으면 가라고 뒤에서 쫓아오니까 그래 스톱 너 내려가 보라색 내려가 앞으로 땡겨	0	0	0	0	1	0	0	0
이것이 재밌다는데 이건 보자	0	0	1	0	0	0	0	0
이것이 재밌어	0	0	1	0	0	0	0	0
이것이 점 따고 다 그거 좋은 거 아니에요	0	0	1	0	0	0	0	0
이것이 점프가	0	0	0	0	0	0	0	1
이것이 점프를 하네 스페이스 누르면 앞으로 점프를 하고 잠깐 미안해	0	0	0	0	0	0	0	1
이것이 제가 공략을 걸었거든요	0	0	0	0	0	0	0	1
이것이 좀 그거야	0	0	1	0	0	0	0	0
이것이 좀 조심해서 일단 다 붙어야될 것 같은데 밀기 8번 내려오시고 8번 내려와서 밀고 하나 둘 삼 멈춰 멈춰 멈춰 열쇠 먼저 먹어야되는거 아니야	0	0	0	0	0	0	0	1
이것이 좋아	0	0	0	0	0	0	1	0
이것이 중간에 저렇게 무너지거든요	0	0	1	0	0	0	0	0
이것이 지금 괜찮아요	0	0	1	0	0	0	0	0
이것이 지금 보면은 밭이잖아	0	0	1	0	0	0	0	0
이것이 진정 1인 8강인가	0	0	0	0	0	0	0	1
이것이 진짜 뭔지 알지	0	0	1	0	0	0	0	0
이것이 진짜 어렵네	0	0	1	0	0	0	0	0
이것이 진짜 헷갈려	0	0	1	0	0	0	0	0
이것이 진짜 헷갈려 여기 여기 여기 그렇지	0	0	0	0	0	0	1	0
이것이 짜릿한 것이 있구나	0	0	1	0	0	0	0	0
이것이 처각 그것이 [유저] 형님의 이것 때문에 이름을	0	0	1	0	0	0	0	0
이것이 체인이야	0	0	1	0	0	0	0	0
이것이 최대인거 아니야	0	0	1	0	0	0	0	0
이것이 코인이 하나만 먹으면 돼	0	0	1	0	0	0	0	0
이것이 팀이야	0	0	1	0	0	0	0	0
이것이 하다보면 주인공병이 살짝씩 오거든요	0	0	1	0	0	0	0	0
이것이 하이 기안만 넣고 하지 마요 가만히 있어 도움 안 돼	0	0	0	0	0	1	0	0
이것이 한 명은 쏘는 거고 한 명은 운전하는 거네	0	0	1	0	0	0	0	0
이것이 한 팀처럼 두 팀으로 [유저] 팀 해안 팀으로 가는 거예요	0	0	0	0	0	0	0	1
이것이 해안저스지	0	0	0	0	0	0	0	1
이것이 현대사회의 고충이죠	0	0	1	0	0	0	0	0
이것이 협동이야	0	0	1	0	0	0	0	0
이것이 활성화됐어 얘들아	0	0	1	0	0	0	0	0
이겼다라는데	0	0	0	0	0	0	1	0
이곳은 [유저] 현재 [유저] 상황에 눈이 내리고 있는데요	0	0	1	0	0	0	0	0
이기네 앨배 씁쓸한 뜻 아니야	0	0	1	0	0	0	0	0
이기적인 녀석아	0	0	1	0	0	0	0	0
이기적인 행동	0	0	1	0	0	0	0	0
이기주의 양보좀 하라고 빨리 들어가기나 해요	0	0	0	0	0	0	0	1
이긴거 같아 내가 으아아아아아아아아아아	0	0	0	0	1	0	0	0
이끼놈들아	0	0	1	0	0	0	0	0
이내인길래 새끼들아	1	0	0	0	0	0	0	0
이놈 이놈 앞서가지 않아요	0	0	0	0	0	0	0	1
이대로 둬봐	0	0	0	0	0	0	0	1
이대로 출발할 거야	0	0	1	0	0	0	0	0
이따 내가 힘들까봐 다 깨주려고 하는 너희들의 모습 어 어 잠깐만 좀 더 더 빠르다	0	0	0	0	0	0	0	1
이따가 들을끼야	0	0	0	0	0	0	0	1
이때 가야지	0	0	0	0	0	0	0	1
이때쯤에 나는 게이다	0	0	1	0	0	0	0	0
이래야 실력이 비슷하지	0	0	1	0	0	0	0	0
이러고 보지 마	1	0	0	0	0	0	0	0
이러다가 내가 너 믿고 있어 싸울게 해야지	0	0	0	0	0	0	0	1
이러면 누가 그때까지 문제였는지가 나오긴 한다	0	0	0	0	0	0	0	1
이러면 되잖아	0	0	1	0	0	0	0	0
이러면 어유 [유저] 가 살았다	0	0	0	0	0	0	1	0
이러면은 다시 시작 안 하겠다 안 누르면 되네	0	0	1	0	0	0	0	0
이런 거 탑 쌓아서	0	0	1	0	0	0	0	0
이런 거 확실하지않아 이 자식들아 디코방에 올려봐 [유저] 방에 올렸다	0	0	0	0	0	0	0	1
이런 걸 자 다음 스탑 와치 [유저] 해석은요	0	0	0	0	0	0	0	1
이런 게임 할 땐 최대한 띠껍긴 걸로 해야 되지	0	0	0	0	0	0	0	1
이런 게임은 한국인은 못 깨는 게임이라고 합니다	0	0	1	0	0	0	0	0
이런 게임이었지	0	0	1	0	0	0	0	0
이런 길맨 receives 야 도원아 니가 길맨 얼굴도 없고 뼈도 없어 뼈도 없어	0	0	0	0	0	0	0	1
이런 꼬기 싫어	0	0	1	0	0	0	0	0
이런 느낌으로 가야 된다	0	0	0	0	0	0	0	1
이런 식으로	0	0	1	0	0	0	0	0
이런 식으로 오케이 알겠습니다	0	0	0	0	0	0	1	0
이런 식으로 하면 되는 거네요	0	0	1	0	0	0	0	0
이런 식으로 하면 안 돼	0	0	0	0	0	1	0	0
이런 컨텐츠가 있다고하니 잠시 컷	0	0	0	0	0	0	0	1
이런 턴이 없었거든	0	0	1	0	0	0	0	0
이런 함정이 숨어있다니	0	0	1	0	0	0	0	0
이런 행제가 아 씨 잠깐만 같이 와 같이 와	0	0	0	0	1	0	0	0
이런거 안합니다	0	0	1	0	0	0	0	0
이런거 해야하거든요	0	0	0	0	0	0	0	1
이런건 잘해	0	0	0	0	0	0	1	0
이런걸 시행착오라고 합니다	0	0	1	0	0	0	0	0
이런식으로 알겠죠	0	0	1	0	0	0	0	0
이럴 거 없잖아	0	0	1	0	0	0	0	0
이럴 줄 알았거든	0	0	1	0	0	0	0	0
이렇게 20개 먹어야 돼	0	0	1	0	0	0	0	0
이렇게 가도 되나	0	0	0	0	0	0	0	1
이렇게 가면 되겠다 가자	0	0	0	0	0	0	0	1
이렇게 가면 되잖아	0	0	0	0	0	0	0	1
이렇게 가면 된단 말이야	0	0	0	0	0	0	0	1
이렇게 가면 백날천날해도 가기 힘든데	0	0	0	0	0	0	0	1
이렇게 가볼게 모여봐요	0	0	0	0	0	0	0	1
이렇게 가서 여기 가서 이거 여기잖아	0	0	0	0	0	0	0	1
이렇게 가자 자 따닥따닥입니다	0	0	0	0	0	0	0	1
이렇게 갈 수 있습니다	0	0	1	0	0	0	0	0
이렇게 그렇지	0	0	0	0	0	0	1	0
이렇게 길막해주면 되는거인가	0	0	0	0	0	0	0	1
이렇게 내가 보냈구나	0	0	0	0	0	0	0	1
이렇게 눌면 되잖아	0	0	1	0	0	0	0	0
이렇게 대각선 4번이 제일 밑에 있어야죠	0	0	1	0	0	0	0	0
이렇게 됐다 됐다	0	0	1	0	0	0	0	0
이렇게 들어서 올려줘야 돼	0	0	0	0	0	0	0	1
이렇게 들어오면 근데 야 먹어 노란색이 먹어 노란색이 먹어 어떻게 올라와	0	0	0	0	0	1	0	0
이렇게 막겠습니다	0	0	1	0	0	0	0	0
이렇게 많았어	0	0	1	0	0	0	0	0
이렇게 많은데 지금 없겠어	0	0	1	0	0	0	0	0
이렇게 먹게 해줄게 먹게 해줄게 먹게 해줄게	0	0	0	0	0	0	0	1
이렇게 바뀌네 잠뜰의 문을	0	0	1	0	0	0	0	0
이렇게 설치해서 점프 딱 하고 올라가는 거야	0	0	0	0	0	0	0	1
이렇게 설치해서 점프 딱 하고 올라가는거야	0	0	0	0	0	0	0	1
이렇게 쉬운 건	0	0	1	0	0	0	0	0
이렇게 쓰자 이렇게	0	0	1	0	0	0	0	0
이렇게 아 이렇게 여기 있어라 둘이 둘이 서있어 둘이 이렇게 올라가면 되겠다	0	0	0	0	0	0	0	1
이렇게 아 이렇게 해야 되나	0	0	0	0	0	0	0	1
이렇게 어	0	0	1	0	0	0	0	0
이렇게 오라고 보라색 이리로 오라고 이렇게 조금씩 오라고 아아아아아아 주황색 제발 급발진하지마	0	0	0	0	1	0	0	0
이렇게 오른쪽으로 나 올려줘	0	0	1	0	0	0	0	0
이렇게 올려고 그렇지	0	0	0	0	0	0	1	0
이렇게 왔다갔다하면서 조절하면 조절하는거야	0	0	1	0	0	0	0	0
이렇게 우리 [유저] 마냥 한 몸이 되는 거야	0	0	1	0	0	0	0	0
이렇게 움직이면 안 돼	0	0	0	0	0	1	0	0
이렇게 움직이면 안돼	0	0	0	0	0	1	0	0
이렇게 유지하다가 승리로 가는 거야	0	0	0	0	0	0	0	1
이렇게 유지하다가 승리로 가는거야	0	0	0	0	0	0	0	1
이렇게 으아아아아아 형 새끼를 죽이네	1	0	0	0	0	0	0	0
이렇게 이렇게 그렇지	0	0	0	0	0	0	1	0
이렇게 이렇게 넘어야 돼	0	0	1	0	0	0	0	0
이렇게 이렇게 이렇게 아아가새끼 transparent 자 [유저] 땅 당기면 점프가 안 돼요	1	0	0	0	0	0	0	0
이렇게 이렇게 이렇게 한 번씩	0	0	1	0	0	0	0	0
이렇게 이렇게 이렇게 할까	0	0	1	0	0	0	0	0
이렇게 이렇게 하는거야	0	0	1	0	0	0	0	0
이렇게 자동으로 음 나 다졌다	0	0	1	0	0	0	0	0
이렇게 점프	0	0	0	0	0	0	0	1
이렇게 점프를 해 나	0	0	0	0	0	0	0	1
이렇게 피지컬 아버님 할 줄 알아 갈것이 아니 근데 [유저] 는 그냥 올라오면 되고 [유저] 는 그냥 올라가 점프해서	0	0	0	0	0	0	0	1
이렇게 피하면 되는 걸 그거를 또 건드리고 가냐	0	0	0	0	0	0	0	1
이렇게 피해 점프해서 위에 있으면 괜찮아	0	0	0	0	0	0	0	1
이렇게 하고 그렇지 그렇지 그렇지 열어 열어 뭐야	0	0	0	0	1	0	0	0
이렇게 하고 두 개 더 쌓는 거네 비켜 비켜	0	0	0	0	0	0	0	1
이렇게 하나씩 올라가 있어야 되나 보다	0	0	0	0	0	0	0	1
이렇게 하는 거라고 얘들아	0	0	1	0	0	0	0	0
이렇게 하는 거였어	0	0	1	0	0	0	0	0
이렇게 하는 거였어 오케이	0	0	0	0	0	0	1	0
이렇게 하는 것이 아니야	0	0	1	0	0	0	0	0
이렇게 하는 것이 있어	0	0	1	0	0	0	0	0
이렇게 하라고 반동 주고 앞으로 갈 때 이렇게 [유저] 각을 노린다 해도 그런 거 아니야	0	0	0	0	0	0	0	1
이렇게 하면 되죠	0	0	1	0	0	0	0	0
이렇게 하면 막히네	0	0	1	0	0	0	0	0
이렇게 하면 빨아들여져요	0	0	1	0	0	0	0	0
이렇게 하면은 노란색 파이프 연결했으니까 노란색이 들어왔네 물이	0	0	1	0	0	0	0	0
이렇게 한 거 해 합동 하는 거 같지않아 꼭대기로 가라 자 아래에서부터 보라색부터 움직여 보라색부터 아이고 힘든다	0	0	0	0	0	1	0	0
이렇게 한 명씩 내려오면서 만들면 돼 8번이 올라가야 돼	0	0	0	0	0	0	0	1
이렇게 할 거야	0	0	1	0	0	0	0	0
이렇게 할게	0	0	1	0	0	0	0	0
이렇게 할게요	0	0	1	0	0	0	0	0
이렇게 해버려야지 한 번 한 번 봐주는 거야	0	0	0	0	0	0	0	1
이렇게 해보는 것이 나고 입장한 건 누구 님이야	0	0	0	0	0	0	0	1
이렇게 해서 3점을 따는 거야	0	0	0	0	0	0	0	1
이렇게 해서 5점 승리로	0	0	0	0	0	0	0	1
이렇게 해서 넘어가세요	0	0	0	0	0	0	0	1
이렇게 해서는 진짜 못함	0	0	0	0	0	0	0	1
이렇게 힘드냐	0	0	1	0	0	0	0	0
이렇게가자 꺼져 [유저] 올라가 올라가 야 이거 자존감 상했어	1	0	0	0	0	0	0	0
이로야 뭐해	0	0	0	1	0	0	0	0
이루는 이걸로 해라 그냥 어어 넌 넌 그냥 이거 해 스톱 리얼 점프 슛 어 탭을 눌러 탭 탭 이루야 탭 자 이루가 아닌가	0	0	0	0	0	0	0	1
이루야 왼쪽으로 가야돼	0	0	0	0	0	0	0	1
이루야 혹시 너 [유저] 님이야	0	0	1	0	0	0	0	0
이름이 투플레이어였다	0	0	1	0	0	0	0	0
이리 내려올 자리 만들어주고 그러고 다 같이 오른쪽을 보는 거야	0	0	0	0	0	0	0	1
이리 와 이리 와	0	0	0	0	0	0	0	1
이리 와봐	0	0	0	0	0	0	0	1
이리로 가야돼	0	0	0	0	0	0	0	1
이리로 가야지 왜아니야	0	0	0	0	0	0	0	1
이리로 와봐	0	0	0	0	0	0	0	1
이리로 와서 다시 우리가 왼쪽만 봐	0	0	0	0	0	0	0	1
이리로 출발해야 돼	0	0	0	0	0	0	0	1
이리와 우리팀이야 우리팀이야 원포츠 우리팀이야 올라가 올라가 나한테 왜그래	0	0	0	0	0	0	1	0
이리와 잘 짠다	0	0	0	0	0	0	0	1
이모 자 올라가봐	0	0	0	0	0	0	0	1
이모를 불러오라고 하지 않았는데	0	0	1	0	0	0	0	0
이미 끝났어요 이거	0	0	0	0	0	1	0	0
이미 내려와야 돼	0	0	0	0	0	0	0	1
이미 와 저 형 진짜 잘한다	0	0	0	0	0	0	1	0
이미 틀린 판임	0	0	1	0	0	0	0	0
이미 했잖아요	0	0	1	0	0	0	0	0
이발을 그러면 천천히 가	0	0	0	0	0	0	0	1
이번 스테이지에 이득이 움직이고 멈추고인가봐	0	0	0	0	0	0	0	1
이번것이 제일 빨랐다	0	0	1	0	0	0	0	0
이번에 감 잡았어	0	0	1	0	0	0	0	0
이번에 된규이가 합장스벌레 된규씨 정원 믿어요 정원 믿으세요	0	0	0	0	0	0	0	1
이번에 좀 재밌는 스테이지 위주로 좀 하고 이번에도 공략을 걸어서 조회수가 진짜 일주일 만에 막 5 60만 나와	0	0	0	0	0	0	0	1
이번에 주인공은 윤료야 윤료를 우리가 위로 올려줘야 돼요	0	0	0	0	0	0	0	1
이번에 줄도 타야 되나 본데	0	0	1	0	0	0	0	0
이번에 한거중에 제일 잘됐어	0	0	1	0	0	0	0	0
이번에는 점프하면서 아닌데 점프해야 돼	0	0	0	0	0	0	0	1
이번에는 줄이 없네요	0	0	1	0	0	0	0	0
이번에는 하자	0	0	1	0	0	0	0	0
이번엔 [유저] 님이 올라가시려고	0	0	0	0	0	0	0	1
이번엔 근데 이거는 믿고 가도 될 거 같아 한 번은 믿고 갈게요	0	0	0	0	0	0	0	1
이번엔 내가 해서 할인하지	0	0	0	0	0	0	0	1
이번엔 시원하게 쫄지 말란 말이야	0	0	1	0	0	0	0	0
이번엔 이번엔 안 쐈어	0	0	1	0	0	0	0	0
이번엔 좀 잘했다	0	0	0	0	0	0	1	0
이번엔 좋았어	0	0	0	0	0	0	1	0
이번엔 진짜 눌렀어요	0	0	1	0	0	0	0	0
이번판 우리 너무 빨리 끝났는데 나 뭐 재미도 못 느꼈는데 맛도 못봤어	0	0	0	0	0	1	0	0
이사람 뭐 하는 거지	0	0	1	0	0	0	0	0
이사람이 있었어	0	0	1	0	0	0	0	0
이사왔습니다	0	0	1	0	0	0	0	0
이사왔어요	0	0	1	0	0	0	0	0
이상etic 야 장윤 역시 너야 됐어	0	0	1	0	0	0	0	0
이상하게 돼	0	0	1	0	0	0	0	0
이상한 내용을 잊지마 [유저] 와 휴 지랄 진짜 [유저] 몰래 몰래 싸가지고 팀이 많이 진짜냐 어려운거 있습니다	1	0	0	0	0	0	0	0
이새끼야 가만히 있다가 쓸어버리기 쓸어버리기 그렇지	1	0	0	0	0	0	0	0
이새끼야 나 죽었어	1	0	0	0	0	0	0	0
이새끼야 나오라고 이새끼야 할것이 이 파이어 토네이도 이 새끼야 이거 안눌러	1	0	0	0	0	0	0	0
이새끼야 니들 일로와	1	0	0	0	0	0	0	0
이새끼야 어쩔거인데	1	0	0	0	0	0	0	0
이씨 너 전판에 원투를 다 파 이거 으악 잠깐만 나 배야 누나	0	0	0	0	1	0	0	0
이씨 아 통나무 아 야 나 알았다	0	0	1	0	0	0	0	0
이씨 자몽끼 이 끼 또 또 난동 시합 이끼 사이고야 나 급보야 자몽 기절 되기 사이고야 자몽 기절 화났나 저거 무거운거 시발 어떻게 된거야	1	0	0	0	0	0	0	0
이야 [유저] 야	0	0	1	0	0	0	0	0
이야 이거 굉장히 어후 씨 자 내려가 미안해 미안해	0	0	0	0	0	0	0	1
이야아아아아 [유저] 이야아아 이야아아 [유저] 야 누나 죽었어 [유저] 야 누나 죽었어	0	0	0	0	1	0	0	0
이야아아아아아아아 어 저 위에 가야 되는데	0	0	0	0	1	0	0	0
이야아아아아아아아아아악	0	0	0	0	1	0	0	0
이어 녀석 싸우면 되는 거 아냐 마저 쌓은 덴 생명 욕조 소행하고 기회에 접하자 아 그래 우리 [유저] 로 밀어 붙이자 게임을 저 저 허허 쩝도 해봐 점프 계속 5개의 제 그래서 네 어 그거 너무 가버려	0	0	0	0	0	0	1	0
이전에 [유저] 로 왔니 주황아	0	0	1	0	0	0	0	0
이정도 이다는거인데 방금 [유저] 님이 한방컷 났어	0	0	1	0	0	0	0	0
이정도면 돼	0	0	1	0	0	0	0	0
이정도면 돼 밀면 되는거 아니야	0	0	1	0	0	0	0	0
이제 2마리거든요	0	0	1	0	0	0	0	0
이제 3개야	0	0	1	0	0	0	0	0
이제 4개 결고	0	0	1	0	0	0	0	0
이제 4번이 봐주고 나가지말고 봐주고 4번이 봐줘야지	0	0	0	0	0	0	0	1
이제 [유저] 가봐	0	0	0	0	0	0	0	1
이제 [유저] 에 업기 기능이 생겼습니다	0	0	1	0	0	0	0	0
이제 가면 돼	0	0	0	0	0	0	0	1
이제 가자 올라타봐	0	0	0	0	0	0	0	1
이제 감 잡았구나	0	0	1	0	0	0	0	0
이제 개를 뭐 여기로 하죠	0	0	1	0	0	0	0	0
이제 그만	0	0	0	0	0	1	0	0
이제 그만하자	0	0	0	0	0	1	0	0
이제 그만해	0	0	0	0	0	1	0	0
이제 근데 살짝 시선이 이상해져 조금씩 움직여야된다	0	0	0	0	0	0	0	1
이제 끝났어 해냈어	0	0	0	0	0	1	0	0
이제 끝내자 끝내자 가자 가자 가자 보여줘 가자 가자 가자 보여줘 움직이면 안돼	0	0	0	0	0	1	0	0
이제 나 좀 가 6번아 혜생아 가라고 [유저] 야 좀 가라고 개새끼야	1	0	0	0	0	0	0	0
이제 나가면 돼	0	0	0	0	0	0	0	1
이제 나도 이제 하고 와야 돼	0	0	0	0	0	0	0	1
이제 나오면 돼	0	0	1	0	0	0	0	0
이제 내려와 자 지나갈게요	0	0	0	0	0	0	0	1
이제 누르면 어떻게 되는지 누르지 말래	0	0	0	0	0	1	0	0
이제 눈 다 뚫어줬다	0	0	1	0	0	0	0	0
이제 다 오른쪽으로 내가 볼게 어서 유령한테 먹어줘야 되나	0	0	0	0	0	0	0	1
이제 당연히 살려주지 으악	0	0	0	0	1	0	0	0
이제 더이상 자 오늘 여러분들 [유저] 2 1탄 여기까지 마무리 짓도록 하겠습니다	0	0	1	0	0	0	0	0
이제 도망가라 땡겸이 날 빼고 아아 아 오케이 어 자자 어 으하 잠깐잠깐잠깐 다시다시 아잣 어 알았어	0	0	0	0	0	0	1	0
이제 됐다	0	0	1	0	0	0	0	0
이제 된 거 같은데	0	0	1	0	0	0	0	0
이제 라인을 잡고 올라가지마	0	0	0	0	0	0	0	1
이제 막아줘 오 좋아	0	0	0	0	0	0	1	0
이제 막아줘 이제 막아줘	0	0	1	0	0	0	0	0
이제 먹어	0	0	1	0	0	0	0	0
이제 메인디쉬 들어갑니다	0	0	1	0	0	0	0	0
이제 모아 멈춰 멈춰 어 됐어	0	0	0	0	0	0	0	1
이제 못 가게 하면 돼	0	0	0	0	0	0	0	1
이제 무조건 3개야	0	0	1	0	0	0	0	0
이제 물 차오른다	0	0	1	0	0	0	0	0
이제 뭐 이 암레 보이는 쪽으로 가면은 이열지 마세요	0	0	0	0	0	0	0	1
이제 뭐가 되는 거지	0	0	0	0	0	0	0	1
이제 뭐하면 되요	0	0	1	0	0	0	0	0
이제 밀어 이제 앞으로 조심해	0	0	0	0	0	0	0	1
이제 밟으면 점프가 안되 잠시만 잠시만 잠시만 밟지	0	0	0	0	0	0	0	1
이제 밤이 되면 추워요 보라색님은 말을 못 하시는 분인가 보네 [유저] 님 마우스 왼쪽 클릭하고 그냥 올라오면 돼요	0	0	0	0	0	0	0	1
이제 벽돌 뚫어 뚫어버려 가 가 [유저] [유저] 야 일로 일로 와	0	0	0	0	0	0	0	1
이제 빨리 깨자	0	0	0	0	0	0	0	1
이제 살려 가 이제 됐어	0	0	0	0	0	0	0	1
이제 설명 안 해도 되잖아	0	0	0	0	0	0	0	1
이제 성공하면 딱 깔끔하잖아	0	0	0	0	0	0	1	0
이제 손 자 손 잡아 손을 어떻게 잡는 거지	0	0	0	0	0	1	0	0
이제 시작 이제 시작	0	0	1	0	0	0	0	0
이제 시작 이제 시작 이제 죽으면 안 돼	0	0	0	0	0	1	0	0
이제 아 쉽다 아 재밌네	0	0	1	0	0	0	0	0
이제 아셨군요	0	0	1	0	0	0	0	0
이제 아이씨 알 [유저] 죽을뻔 했다	0	0	0	0	1	0	0	0
이제 안 봐드릴게요	0	0	0	0	0	0	0	1
이제 안올라가 어떻게 이제 어떡해	0	0	0	0	0	1	0	0
이제 알아서 딜 해	0	0	0	0	0	0	0	1
이제 알았다	0	0	1	0	0	0	0	0
이제 알았어	0	0	1	0	0	0	0	0
이제 알았으니까 길을 잘 선택해야되네	0	0	0	0	0	0	0	1
이제 알았지	0	0	1	0	0	0	0	0
이제 앞으로 앞으로	0	0	1	0	0	0	0	0
이제 어떻게 해야 되는지 알겠나	0	0	0	0	0	1	0	0
이제 엘리베이터 타고 올라가야 되나	0	0	0	0	0	0	0	1
이제 오류보이고요	0	0	1	0	0	0	0	0
이제 오른쪽 그리고 이렇게 땡기는 모션을 취하고 저거 앞으로 조금씩 가볼까	0	0	0	0	0	0	0	1
이제 올라가는데 [유저] 올라가 올라가 7번 가 됐다 열쇠 먹음	0	0	0	0	0	0	0	1
이제 올라가야지 올라가 지금 갈게	0	0	0	0	0	0	0	1
이제 올라와 올라와 올라와 자 오케이 오른쪽 이제 두명 가야돼	0	0	0	0	0	0	1	0
이제 왼쪽 봐	0	0	0	0	0	0	0	1
이제 왼쪽으로 가고 또 왼쪽으로 가고 보라색 가고 점프하면 되겠다	0	0	0	0	0	0	0	1
이제 우리 가로 할 땐 맨파 나랑 가야돼	0	0	0	0	0	0	0	1
이제 우린 것 같아	0	0	1	0	0	0	0	0
이제 이 정도는 우리 달인이지	0	0	1	0	0	0	0	0
이제 이거 영원히 통과 못함	0	0	1	0	0	0	0	0
이제 이제	0	0	1	0	0	0	0	0
이제 이제 이제	0	0	1	0	0	0	0	0
이제 이해했네	0	0	0	0	0	0	0	1
이제 이해했어	0	0	0	0	0	0	0	1
이제 이해했지	0	0	0	0	0	0	0	1
이제 자 대기 대기 올라오는대로 해 올라오는대로 [유저] 가 3번 승빠 3번 승빠 좀 앞으로 가야지 3번 승빠 3번 3번 약간 앞으로 3번 약간 앞으로 8번 올라가시고 그렇지	0	0	0	0	0	0	1	0
이제 자 둘이 빨간 물고기야	0	0	1	0	0	0	0	0
이제 자 이제 죽어가 놔놔놔놔놔놔놔놔놔놔놔놔놔놔놔 안돼 이 가 없는 [유저] 아아아아아아아아아아아아아아 개 때려 개 때려 개 때려 야 쟤네들 뭐야	1	0	0	0	0	0	0	0
이제 잡기 붙었다	0	0	1	0	0	0	0	0
이제 저 앞에 파란불 저거 뭔데	0	0	1	0	0	0	0	0
이제 저거 저거 밀어요	0	0	0	0	0	0	0	1
이제 제가 이제 가면 돼요 어	0	0	0	0	0	0	0	1
이제 좀 사소했다	0	0	1	0	0	0	0	0
이제 죽으면 안 돼	0	0	0	0	0	1	0	0
이제 지금 지금 가야돼	0	0	0	0	0	0	0	1
이제 진짜 밟으면 [유저] [유저] [유저] 하게 침착해 한 번 침착해 미쳤다 미쳤다	1	0	0	0	0	0	0	0
이제 칼대 조심히 가	0	0	0	0	0	0	0	1
이제 코요면 밟으면 끝나	0	0	1	0	0	0	0	0
이제 한 대씩 맞으면 다 죽여	0	0	1	0	0	0	0	0
이제 한 번만 하면 돼	0	0	1	0	0	0	0	0
이제 한국인은 못 깨는 메뉴고 우리 만나기로 했다	0	0	1	0	0	0	0	0
이제 한쪽 가서 막지 말고 자기 오는 것만 해	0	0	0	0	0	0	0	1
이제 흐흐흐흐 해 드디어 시작이다	0	0	0	0	0	0	0	1
이제부터 말해도 되는 팔이다	0	0	0	0	0	0	0	1
이제부터는 좀 위험할 수 있어	0	0	1	0	0	0	0	0
이제야 안 돼	0	0	0	0	0	1	0	0
이지 깎아 부르다	0	0	1	0	0	0	0	0
이지 이지	0	0	1	0	0	0	0	0
이지하네요	0	0	1	0	0	0	0	0
이지하니까 2편 할게요	0	0	1	0	0	0	0	0
이쪽 다리에 온다	0	0	1	0	0	0	0	0
이쪽으로 가고 올라가고 살짝 오른쪽으로 위로 위로 천천히 천천히 내려가 그렇지 그렇지 아 뭐해	0	0	0	1	0	0	0	0
이쪽으로 올라가는거 있잖아	0	0	0	0	0	0	0	1
이쪽으로 와 이쪽으로 이쪽으로 일로와 일로와	0	0	0	0	0	0	0	1
이쪽으로 이쪽으로 이쪽으로 하하하하하하하하 해아아아아아아 제발 아 제발 아 누구야	0	0	0	0	1	0	0	0
이쪽으로 좀 와봐	0	0	0	0	0	0	0	1
이쪽으로 쭉쭉쭉쭉 가면은 될거 같긴 해요	0	0	0	0	0	0	0	1
이쪽으로 할 수	0	0	1	0	0	0	0	0
이쪽입니다	0	0	1	0	0	0	0	0
이차 폭작하니 좋다 존나 귀엽네	1	0	0	0	0	0	0	0
이호기서부터 헬이거든	0	0	1	0	0	0	0	0
익숙하지 해	0	0	0	0	0	0	0	1
인간 방패 이오 얘 잘 믿는데 호호호 딜을 조심해서 해야지	0	0	0	0	0	0	0	1
인간 시대의 끝이 도래했다	0	0	1	0	0	0	0	0
인간은 고기심의 동물입니다	0	0	1	0	0	0	0	0
인간은 호기심의 동물입니다	0	0	1	0	0	0	0	0
인간의 악인 나약해	0	0	0	0	0	0	0	1
인내하라 인내하라 독사들이여 그렇지	0	0	0	0	0	0	1	0
인마 같이 가자잇 둘이 둘이 같이 가겠는데 이거	0	0	0	0	0	0	0	1
인마 그렇지 그렇지 빨리 가 팔 그렇지 됐어	0	0	0	0	0	0	1	0
인마 아니 이 새끼 아니 이 새끼 어떻게 안 갔어	1	0	0	0	0	0	0	0
인마 아오 그렇지	0	0	0	0	1	0	0	0
인상이여 학습도 없고 지능도 없고 그냥 막 나 없다	0	0	1	0	0	0	0	0
인생 힘들다	0	0	1	0	0	0	0	0
인생이 지금 무미건조해 인생이 지금 무미건조해	0	0	0	0	0	0	0	1
인성질도 해줘야죠	0	0	0	0	0	0	0	1
인어공주가 이길지 완두콩이 이길지 이오 죽을 뻔했다 완두콩슈와 1대1입니다	0	0	0	0	0	0	0	1
인정 요거 저거 아 안 닿겠다 안 닿겠다	0	0	1	0	0	0	0	0
인정하겠습니다	0	0	1	0	0	0	0	0
인준이 여기 살아	0	0	1	0	0	0	0	0
일 수도 있지만 깁시다	0	0	1	0	0	0	0	0
일곱명 봐야 돼	0	0	0	0	0	0	0	1
일단 1회 승자는 접니다	0	0	1	0	0	0	0	0
일단 6번 가고 방향 맞춰가면서 방향 맞춰가면서 오오오 됐다 자 1번부터	0	0	0	0	0	0	0	1
일단 가보자	0	0	0	0	0	0	0	1
일단 가봐	0	0	0	0	0	0	0	1
일단 가봐 일단 가봐	0	0	0	0	0	0	0	1
일단 가자 가자 가자	0	0	0	0	0	0	0	1
일단 고를까요	0	0	1	0	0	0	0	0
일단 굉장히 유명해	0	0	0	0	0	0	0	1
일단 꾹 밟고 있다가 안 되는데	0	0	0	0	0	0	0	1
일단 나 밟고 있을게	0	0	1	0	0	0	0	0
일단 내려가고 싶어 돈 많이 벌어올게 안녕 어 잠깐만요 잘살아 [유저] 형이 우리 스쿼시를 다 죽였어	0	0	0	0	0	0	0	1
일단 두 개 굴려봐	0	0	0	0	0	0	0	1
일단 레게노 그냥 올려줍시다 우리 맨 위에 내꺼임	0	0	1	0	0	0	0	0
일단 먹지마봐 일단 앞으로 가봐	0	0	0	0	0	0	0	1
일단 먼저 보자	0	0	1	0	0	0	0	0
일단 멈추고 일단 멈추고 7 8 나와	0	0	0	0	0	0	0	1
일단 뭐 아랫걸 밟고 가야지	0	0	0	0	0	0	0	1
일단 밀어보자	0	0	0	0	0	0	0	1
일단 방을 팔게요	0	0	1	0	0	0	0	0
일단 방패 이따 써	0	0	1	0	0	0	0	0
일단 빨간색이 블럭부터	0	0	1	0	0	0	0	0
일단 쏴 일단 쏴	0	0	1	0	0	0	0	0
일단 앞에서부터	0	0	1	0	0	0	0	0
일단 여기서 함	0	0	1	0	0	0	0	0
일단 열쇠 먹어봐	0	0	0	0	0	0	0	1
일단 올라가	0	0	0	0	0	0	0	1
일단 올라가 뭐야 아니 잠깐만 [유저] 야 살려준다 아까 우리의 정이 있지	0	0	0	0	1	0	0	0
일단 올라타	0	0	1	0	0	0	0	0
일단 올려줄게 가서 밀어야겠지	0	0	0	0	0	0	0	1
일단 우리 엔딩은 생각하지 말자	0	0	1	0	0	0	0	0
일단 우리 이렇게 믿을꼬 잡았어	0	0	1	0	0	0	0	0
일단 이건 넘어야돼	0	0	1	0	0	0	0	0
일단 이리로 가서 요거를 7명이서 밀어야 돼요	0	0	0	0	0	0	0	1
일단 일단 무조건	0	0	1	0	0	0	0	0
일단 일자리 마지막 저거 끌고 와 저거 먹어	0	0	0	0	0	0	0	1
일단 저쪽에도 있지않아	0	0	1	0	0	0	0	0
일단 제가 이생하겠습니다	0	0	0	0	0	0	0	1
일단 존다고했어	0	0	1	0	0	0	0	0
일단 죽어봐 일단 죽어봐	1	0	0	0	0	0	0	0
일단 죽자 일단 죽고 다시 하자	0	0	1	0	0	0	0	0
일단 진행해 이거 밀어 밀어	0	0	0	0	0	0	0	1
일단 진행해 일단 진행해 이 새끼가 이 새끼가 이렇게 보다 나아	1	0	0	0	0	0	0	0
일단 한 명이 먹어보고 하자	0	0	1	0	0	0	0	0
일단 한 명이 올라가보자	0	0	0	0	0	0	0	1
일단 한 발 빼고 가긴 해야 돼	0	0	0	0	0	0	0	1
일단 한 쪽 가자	0	0	0	0	0	0	0	1
일렬로 있고 위에서부터 들어가야 될 것 같은데 아니야	0	0	0	0	0	0	0	1
일령씨가 가 제가요	0	0	0	0	0	0	0	1
일로 가볼까	0	0	0	0	0	0	0	1
일로 오라고 어디 갔어	0	0	1	0	0	0	0	0
일로 오세요	0	0	0	0	0	0	0	1
일로 와 가자	0	0	0	0	0	0	0	1
일로 와버린 그 새끼 개새끼야	1	0	0	0	0	0	0	0
일로 와봐	0	0	0	0	0	0	0	1
일로 타야 돼	0	0	1	0	0	0	0	0
일로와 분식들아 자 인사한명씩 할게요	0	0	0	0	0	0	0	1
일로와 아야야 업어줄게 일로와 일로와	0	0	0	0	0	0	0	1
일로와 올라와	0	0	0	0	0	0	0	1
일로와 일로와	0	0	0	0	0	0	0	1
일로와 일로와 형이 간다 분홍옵 형이 구해준다	0	0	0	0	0	0	0	1
일로와서 올려달라고 그래 이 [유저] 멍청아 넌 다시 그걸로 꺼져 대가리 빡아 새끼야	1	0	0	0	0	0	0	0
일방적으로 쳐맞자냐	0	0	1	0	0	0	0	0
일부라 그러는데 우리가 정이야 한명만	0	0	0	0	0	0	0	1
일부러 1초 클리어 할라 그러는 거야	0	0	0	0	0	0	1	0
일부러 그랬어	0	0	1	0	0	0	0	0
일부러 그런거지	0	0	1	0	0	0	0	0
일부러 벗겄어	0	0	1	0	0	0	0	0
일부러 이상하게 해	0	0	0	0	0	0	0	1
일부러 일부러	0	0	1	0	0	0	0	0
일어나 보세요 저분은	0	0	0	0	0	0	0	1
일어나 삼식	0	0	1	0	0	0	0	0
일어나 양킹	0	0	1	0	0	0	0	0
일어나 일어나	0	0	1	0	0	0	0	0
일어나세요 비행기 추락했어요	0	0	1	0	0	0	0	0
일자로 머리 위에 서봐	0	0	0	0	0	0	0	1
일자로 좀 쌓아야겠는데	0	0	1	0	0	0	0	0
일주일 만에 조회수 40만이 넘으면 한 번 더 하겠다고 했거든	0	0	1	0	0	0	0	0
입고 가 입고 가	0	0	0	0	0	0	0	1
입니다 죽어 죽어 내 뼈는 다 죽어 [유저] 씨나 한번 봐	1	0	0	0	0	0	0	0
입에서 안경냄새 뿌쩍뿌쩍뿌쩍 바로 바로 [유저] 이어	0	0	1	0	0	0	0	0
입장한 것이 저예요	0	0	1	0	0	0	0	0
있어 걱정하지 마	0	0	1	0	0	0	0	0
있어 상어 있다고	0	0	1	0	0	0	0	0
있어 있어	0	0	1	0	0	0	0	0
있어 있어 있어	0	0	1	0	0	0	0	0
자 0초에서 4초 05초 해야 돼	0	0	0	0	0	0	0	1
자 10초 10초 10초 이자 빨리 나가야 돼	0	0	0	0	0	0	0	1
자 12 진행해보겠습니다	0	0	0	0	0	0	0	1
자 1층 갈게요	0	0	1	0	0	0	0	0
자 2번 말씀 주시죠	0	0	1	0	0	0	0	0
자 2분 말해요	0	0	0	0	0	0	0	1
자 3단계 대형을 맞춰서 한번 진행해 보겠습니다	0	0	0	0	0	0	0	1
자 4번 갑니다	0	0	1	0	0	0	0	0
자 4번 할 수 있지	0	0	1	0	0	0	0	0
자 5번이 봐줘야지	0	0	0	0	0	0	0	1
자 7명이 올라가야 돼요	0	0	0	0	0	0	0	1
자 8번 앞으로 가세요	0	0	0	0	0	0	0	1
자 [유저] 님 팀 출발 올라가 봐 윤유님 올라가 봐	0	0	0	0	0	0	0	1
자 [유저] 마님 앞으로 가세요	0	0	0	0	0	0	0	1
자 [유저] 먼저 가봐봐	0	0	0	0	0	0	0	1
자 [유저] 씨 이쪽으로 넘어와줘야 돼 이쪽으로	0	0	0	0	0	0	0	1
자 [유저] 가 올라가고	0	0	0	0	0	0	0	1
자 [유저] 야 죽으러 가자	0	0	0	0	0	0	0	1
자 가가라	0	0	0	0	0	0	0	1
자 가고 가고 아	0	0	0	0	0	0	0	1
자 가고 가고 아아 뭐야	0	0	0	0	1	0	0	0
자 가만히 있고 다 왼쪽으로 가야 돼요	0	0	0	0	0	0	0	1
자 가보겠습니다	0	0	0	0	0	0	0	1
자 가보자	0	0	0	0	0	0	0	1
자 가보죠	0	0	0	0	0	0	0	1
자 가볼게	0	0	0	0	0	0	0	1
자 가세 자 넘어가세 1번 7번이 만들어주세요	0	0	0	0	0	0	0	1
자 가자 가자 가자	0	0	0	0	0	0	0	1
자 가자 가자 일부러 그래 웃기지도 않고 어	0	0	0	0	0	0	1	0
자 가지고 가지고 가지고 그러니까 [유저] 님이 제 대가리로 밟고 계시면 제가 점프를 뛸 수 없잖아요	0	0	0	0	0	0	0	1
자 각 잘 봐야 될 거 같아요	0	0	0	0	0	0	0	1
자 간격질 좀 띄우자 눈곱 높아지면 앞으로 땡겨야죠	0	0	1	0	0	0	0	0
자 갈게 [유저] 야 정신 안 차려	0	0	1	0	0	0	0	0
자 갑니다	0	0	1	0	0	0	0	0
자 갑시다 이자 출발하겠습니다	0	0	0	0	0	0	0	1
자 강아 빨리	0	0	0	0	0	0	0	1
자 거기 그렇게 있어	0	0	1	0	0	0	0	0
자 거기 눈표시가 중요하고 여기에 3명 간다	0	0	0	0	0	0	0	1
자 거의 뭐 애물단지구만	0	0	1	0	0	0	0	0
자 게임 만들어볼게요	0	0	1	0	0	0	0	0
자 계단 만들어 드릴게요	0	0	1	0	0	0	0	0
자 고요야 가라	0	0	0	0	0	0	0	1
자 공룡 2 [유저]	0	0	1	0	0	0	0	0
자 과연 점수를 매겨보겠습니다	0	0	1	0	0	0	0	0
자 그냥 막 눌러	0	0	0	0	0	0	0	1
자 그다음 더쌤 뺄쌤 오 나 작아졌어	0	0	1	0	0	0	0	0
자 그다음 초록색 올라가고	0	0	0	0	0	0	0	1
자 그래서 어떻게 할 거냐면 저희끼리 마이크를 끄고 아니 처음이니까 처음이니까 처음이니까 마이크 켜고 해보자고	0	0	0	0	0	1	0	0
자 그래서 오늘 해볼 게임은 QWER [유저] 의 모험이라는 게임입니다	0	0	0	0	0	0	1	0
자 그러면 순서대로 한 번씩 할게요	0	0	1	0	0	0	0	0
자 그러면 우리 구독자분들 솔로니까 솔로쇼 한번 해 오	0	0	0	0	0	0	0	1
자 그러면 한 칸에 두 명씩만 가면 되네요	0	0	0	0	0	0	0	1
자 그럼 다 다음 이제 에이 아이씨 진짜 A 경고해요	0	0	0	0	1	0	0	0
자 그럼 우리 그 각자 누를 때마다 우리 구호를 외치자 나갈게 나갈게	0	0	1	0	0	0	0	0
자 그럼 우리 부갈래에서 어디로 갈래요	0	0	1	0	0	0	0	0
자 그럼 한번 깨보면 안 돼	0	0	0	0	0	1	0	0
자 기다려	0	0	0	0	0	0	0	1
자 기우자 무레후	0	0	1	0	0	0	0	0
자 기우자 출발	0	0	1	0	0	0	0	0
자 기우자님 안녕하시고 자 이나윤녀님 하자윤녀입니다	0	0	1	0	0	0	0	0
자 깨자 나와 나와 라운드가 몇가지 있는지 모르겠지만 13이야	0	0	0	0	0	0	0	1
자 꺾습니다	0	0	1	0	0	0	0	0
자 꼴찌가 중요하죠	0	0	0	0	0	0	0	1
자 꼴찌가 커피 사기	0	0	0	0	0	0	0	1
자 끝나면 마이크 켜주시고 이거 누구야	0	0	1	0	0	0	0	0
자 나랑 [유저] 이	0	0	1	0	0	0	0	0
자 내 머리 위에다 올려줘	0	0	1	0	0	0	0	0
자 내가 움직이는 거야	0	0	0	0	0	0	0	1
자 내려갈 거예요	0	0	1	0	0	0	0	0
자 내려갈게	0	0	1	0	0	0	0	0
자 내려갔다가	0	0	0	0	0	0	0	1
자 내려오세요	0	0	0	0	0	0	0	1
자 너 너 빨리 가 아잇 다시 다시 화내지 마 봐봐	0	0	0	0	0	0	0	1
자 넘어와 자 오른쪽 오른쪽 자 이거 뒤돌 사람을 한 명만 정하자	0	0	0	0	0	0	0	1
자 늙은 것이 아니라 노련미라고 하죠	0	0	1	0	0	0	0	0
자 다들 진정해 간다	0	0	0	0	0	0	0	1
자 다시 가자	0	0	0	0	0	0	0	1
자 다시 다시 이 정도면 일부러 한 거 아니에요	0	0	1	0	0	0	0	0
자 다시 여기다 자 내 말 들어	0	0	1	0	0	0	0	0
자 다시 해볼게요	0	0	0	0	0	0	0	1
자 다음 2단계 이거 뭐지	0	0	1	0	0	0	0	0
자 다음 [유저] [유저] [유저] 이야	0	0	1	0	0	0	0	0
자 다음 [유저] 마님 밟아주게요	0	0	1	0	0	0	0	0
자 대기하시고 한명씩 천천히 넘어오세요	0	0	0	0	0	0	0	1
자 더 더 더 밀어	0	0	0	0	0	0	0	1
자 덕계 공룡 덕계 공룡	0	0	1	0	0	0	0	0
자 돌려 돌려 돌려 와 느낌 좋게 하나 이고 고 고 어	0	0	0	0	0	0	0	1
자 됐어요	0	0	1	0	0	0	0	0
자 뒤로 좀 나와주고 [유저] 색 그렇지	0	0	0	0	0	0	1	0
자 드디어 이제 협동은 집어치고 서로 [유저] 를 해볼 시간입니다	0	0	0	0	0	0	0	1
자 들어봐	0	0	0	0	0	0	0	1
자 들어와	0	0	0	0	0	0	0	1
자 등거리 보고 등거리 등거리	0	0	1	0	0	0	0	0
자 따닥 따닥 따닥	0	0	1	0	0	0	0	0
자 땡겨봐 하나 둘 셋 오른쪽 눌렀다가 바로 왼쪽 누른거야	0	0	0	0	0	0	0	1
자 띠용에서 앞에서 띠용에서 멈추자 자 지금 죽으면 어	0	0	1	0	0	0	0	0
자 레게노 또 까불지 말구요	0	0	1	0	0	0	0	0
자 레게노 아니 [유저] 왜 점프 안해	0	0	0	0	0	0	0	1
자 마사 보자 와 뭐야	0	0	0	0	1	0	0	0
자 마이크 켜보세요	0	0	0	0	0	0	0	1
자 만드가 들고 가 어	0	0	0	0	0	0	0	1
자 만들어볼게요	0	0	1	0	0	0	0	0
자 맨파 반응해	0	0	0	0	0	0	0	1
자 머리 위에 올라가자	0	0	0	0	0	0	0	1
자 머쌉니다	0	0	1	0	0	0	0	0
자 머쌉은 흰색입니다	0	0	1	0	0	0	0	0
자 먹고 모잉 올려주세요	0	0	1	0	0	0	0	0
자 멈춰 1번만 밀어 그래 이거지	0	0	0	0	0	0	1	0
자 멈춰 멈춰 멈춰 오케이 오케이 오케이 제가 그거 떨어뜨려 드릴게요	0	0	0	0	0	0	1	0
자 몇 분이시죠	0	0	1	0	0	0	0	0
자 몽땨 잡았어	0	0	1	0	0	0	0	0
자 물 한 잔씩 하세요	0	0	0	0	0	0	0	1
자 뭐가 나올지 몰라요	0	0	0	0	0	0	0	1
자 미사일 이제 반피 때 나온다 나온다 나온다	0	0	1	0	0	0	0	0
자 밀고 코드를 냅두고 가지 마 점프하지 마	0	0	0	0	0	0	0	1
자 밑에는 블랙홀 생겨서 이제 가기 힘들어졌어요	0	0	0	0	0	1	0	0
자 바로 가자	0	0	0	0	0	0	0	1
자 바로 시작 바로 시작	0	0	1	0	0	0	0	0
자 바로 한 방에 가자	0	0	0	0	0	0	0	1
자 박수 쳐	0	0	1	0	0	0	0	0
자 반갑습니다	0	0	1	0	0	0	0	0
자 배에 하나씩 올려놓으세요	0	0	1	0	0	0	0	0
자 보시면은 왼쪽에 지금 이거 삐용 있잖아	0	0	1	0	0	0	0	0
자 보자 보자	0	0	1	0	0	0	0	0
자 분홍색은 [유저] 가 합니다	0	0	0	0	0	0	0	1
자 분홍아 한 번 점프 그렇지	0	0	0	0	0	0	1	0
자 비켜주세요	0	0	0	0	0	0	0	1
자 비켜줘야죠	0	0	0	0	0	0	0	1
자 빨리 가야 돼	0	0	0	0	0	0	0	1
자 사탕까지 닦겠다	0	0	1	0	0	0	0	0
자 서댕아 어디가 서댕아 어디가 빨리요	0	0	0	0	0	0	0	1
자 선풍기 바로 선풍기 선택했습니다	0	0	1	0	0	0	0	0
자 스탑 왓츠 [유저] 는 바로 그 제시된 시간에 맞춰서 타이머 멈추면 돼요	0	0	1	0	0	0	0	0
자 시작하겠습니다	0	0	1	0	0	0	0	0
자 시작할까요	0	0	1	0	0	0	0	0
자 싸우지 맙시다 화내지 맙시다	0	0	1	0	0	0	0	0
자 쓰리 투 원 고 그렇지	0	0	0	0	0	0	1	0
자 아 저깄다 저기가 있을거야	0	0	0	0	0	0	0	1
자 아까 우리 기억나지	0	0	1	0	0	0	0	0
자 아니 더 있어	0	0	1	0	0	0	0	0
자 아래 맨파	0	0	1	0	0	0	0	0
자 아래쪽 아래쪽 아래쪽 내려가고 자 맨파 반응 맨파 반응 반응 반응 야아아아	0	0	0	0	1	0	0	0
자 아무튼 새로 들어온 기우자님 반갑다는 말씀 드리면서 오늘은 [유저] 이라는 협동심 게임을 해볼거에요	0	0	0	0	0	0	0	1
자 알았다	0	0	1	0	0	0	0	0
자 앞에 계시는 빨간색부터 머리 밟으면 누군지 말씀해주시면 됩니다	0	0	0	0	0	0	0	1
자 앞으로 가시죠	0	0	0	0	0	0	0	1
자 얘들아 천천히 가봐	0	0	0	0	0	0	0	1
자 얘들아 해라 형 어때 내 환상적인 작품 이때면 내가 망했어	0	0	0	0	0	1	0	0
자 어 잠깐만 잠깐만 점프 한번 더 어 좀 더 좀 더 한번 더 한번 더 가자	0	0	0	0	0	0	0	1
자 업기 요청 업기 업어줄사람 저 좀 업어줄사람 어 업었다	0	0	1	0	0	0	0	0
자 여기 4명만 밀어요 4명만	0	0	0	0	0	0	0	1
자 여기 가겠습니다	0	0	0	0	0	0	0	1
자 여기 간 본다	0	0	1	0	0	0	0	0
자 여기 갑니다	0	0	1	0	0	0	0	0
자 여기 고양이가 있는데 없으니깐 따딱	0	0	0	0	0	0	0	1
자 여기 두 줄 두 줄 두 줄 빨리 가면 되긴 해	0	0	0	0	0	0	0	1
자 여기 반응이 반응이 그런지	0	0	1	0	0	0	0	0
자 여기 발판해줘 발판해줘 올라가 올라가 보라색 먹어 보라색 기우자 저거 이야	0	0	0	0	0	0	0	1
자 여기 여기	0	0	1	0	0	0	0	0
자 여기 조심	0	0	0	0	0	0	0	1
자 여기 해파리 나오긴 하는데 해파리 반응해야돼	0	0	0	0	0	0	0	1
자 여기로 와서 같이 한 층에 2명씩 서있어 노란색 대가리에 2명 올라가고 레게노 대가리에 아 안되겠네	0	0	0	0	0	0	0	1
자 여기서 갈게요	0	0	1	0	0	0	0	0
자 여기서 나 잘할게	0	0	1	0	0	0	0	0
자 여기서 대포로 들어가서 발사되고 죽었습니다	0	0	0	0	0	1	0	0
자 여기서 또 끌거야	0	0	1	0	0	0	0	0
자 여기서 밟으면 진짜 미친 거지	0	0	1	0	0	0	0	0
자 여기서 보면 우리 아까 [유저] 마님 계속 떨어졌던 거 기억나죠	0	0	1	0	0	0	0	0
자 여기서 시작했다 시작하면 아 이거 막 집 어따로야	0	0	1	0	0	0	0	0
자 여기서 아 맞네	0	0	1	0	0	0	0	0
자 여기서 오른쪽 가는 거야	0	0	0	0	0	0	0	1
자 여기서 우회전이야	0	0	1	0	0	0	0	0
자 여기서 한 번 해야될 것 같죠	0	0	0	0	0	0	0	1
자 여기서는 직진 쭉 해서 직진하고 직진해서 여깁니다	0	0	0	0	0	0	0	1
자 여러분들 강퇴하고 싶은 색깔을 채팅창에 쳐주세요	0	0	1	0	0	0	0	0
자 여러분들 멈춰해주세요	0	0	0	0	0	0	0	1
자 여러분들 서로 얼마나 신뢰하는지 보겠습니다	0	0	1	0	0	0	0	0
자 여러분들 우리 전에 시기 폄하 이런거 외쳤죠	0	0	1	0	0	0	0	0
자 여러분들 이제 넘어있는지 알겠죠	0	0	1	0	0	0	0	0
자 여러분들 저번 어머머스 영상 재밌게 보셨나요	0	0	1	0	0	0	0	0
자 여러분들 지금 사방이잖아요	0	0	1	0	0	0	0	0
자 연호님 대가리 올라가세요	0	0	0	0	0	0	0	1
자 옆에 계신 분 당신 누구세요	0	0	1	0	0	0	0	0
자 오늘은 대망의 협동게임 날입니다	0	0	1	0	0	0	0	0
자 오늘은 우리 사랑스러운 주문을 해봅시다 자 다같이 따라하시면 돼요	0	0	0	0	0	0	0	1
자 오케이	0	0	0	0	0	0	1	0
자 오케이 오케이	0	0	0	0	0	0	1	0
자 오케이 움직이지마 움직이지마 움직이지마 간다	0	0	0	0	0	0	1	0
자 오케이 웅 이거 내꺼야	0	0	0	0	0	0	1	0
자 올라가	0	0	0	0	0	0	0	1
자 올라가 봐	0	0	0	0	0	0	0	1
자 올라왔다	0	0	1	0	0	0	0	0
자 왼쪽 갈게 왼쪽 갈게 왼쪽 갈게	0	0	1	0	0	0	0	0
자 왼쪽 보시면 점프를 할 수가 있어요	0	0	0	0	0	0	0	1
자 왼쪽으로 빠지자	0	0	1	0	0	0	0	0
자 왼쪽이 앞에 있다	0	0	1	0	0	0	0	0
자 요거 이제 약간 이렇게 밀어서 먹어 먹어 먹어 여기 8명이 같이 있는데 0 4 오케이 밀어 빨리 밀어 밀자 밀자 밀자 밀어 밀어 밀어 야 아래 봐봐 여기 뭔가 누가 달라 밀게 점프를 해야 돼	0	0	0	0	0	0	1	0
자 우리 같이 출발하면 돼 갈 때	0	0	0	0	0	0	0	1
자 우리 모두 악녀에게 박수 한 번 줄까요	0	0	1	0	0	0	0	0
자 우리 아 잠깐만 야 살려주세요	0	0	0	0	0	0	0	1
자 우리 천천히 해보자	0	0	0	0	0	0	0	1
자 우리부터 봐요	0	0	0	0	0	0	0	1
자 우선 땡기고 우리가 일단 밀고 그거를 떨어뜨려	0	0	0	0	0	0	0	1
자 움직여 움직여 자 가가 이제 찾아야 돼	0	0	0	0	0	0	0	1
자 원 이 쓰리	0	0	1	0	0	0	0	0
자 위 위 조심해 위	0	0	0	0	0	0	0	1
자 유쓰 레게소 오오오 오케이 잡아 점프해 점프해 점프했어요	0	0	0	0	0	0	1	0
자 윤호 손 듭니다	0	0	1	0	0	0	0	0
자 의중이형 넘어 아아아아 의중이형 의중이형 야 어떻게 롤하냐	0	0	0	0	1	0	0	0
자 이 맵은 뭐다	0	0	1	0	0	0	0	0
자 이 섬들을 보면 1 2 4 6 9 돼있지않아 최소 1점 이상의 카드가 들어있다는 소리야	0	0	0	0	0	0	0	1
자 이거 3개짜리라서 조금 위험하네요	0	0	1	0	0	0	0	0
자 이거 기억은 그냥 최대한 사이 만 믿고 오 점점 빨라진다	0	0	1	0	0	0	0	0
자 이거 밟아진다고 했으니까 왼쪽에 지렁이 가면 그냥 하면 될 것 같아 안전하게 3 2 1 살짝 살짝 오른쪽으로 오른쪽으로 살짝 자 갑니다	0	0	0	0	0	0	0	1
자 이거 언제 가게	0	0	0	0	0	0	0	1
자 이거 영화 안다 마이크 켜보세요	0	0	0	0	0	0	0	1
자 이거 제가 눌러드릴까요	0	0	0	0	0	0	0	1
자 이거는 김치가 내려가요	0	0	0	0	0	0	0	1
자 이거는 어떻게 하냐 쌓아주세요	0	0	0	0	0	1	0	0
자 이거를 한 명만 밟으면 되는 거잖아	0	0	1	0	0	0	0	0
자 이건 오래 펭귄을 가지고 있음 되는 게임입니다	0	0	0	0	0	0	0	1
자 이걸 쳤네	0	0	1	0	0	0	0	0
자 이것이 1번 안녕 [유저] 2 맛보기였습니다	0	0	1	0	0	0	0	0
자 이러고 우리 다 가만히 있을 거예요	0	0	0	0	0	0	0	1
자 이런 식으로 나서면 안됩니다	0	0	1	0	0	0	0	0
자 이런 식으로 제가 목청을 높이지 않아도 성공할 수 있다는 모습을 보여 주자고요	0	0	0	0	0	0	1	0
자 이렇게 되면 [유저] 는 내릴 수 있어	0	0	1	0	0	0	0	0
자 이렇게 마이크를 키면은 난리가 나기 때문에 마이크를 다 꺼보고 한번 진행해볼게요	0	0	0	0	0	0	0	1
자 이렇게 신맵일 땐 어떻게 하냐	0	0	0	0	0	1	0	0
자 이렇게 올라가서 여기서는 뛰지마	0	0	0	0	0	0	0	1
자 이렇게 하면 가벼워져 올라가져 아 이렇게 되네	0	0	0	0	0	0	0	1
자 이렇게 할게요	0	0	1	0	0	0	0	0
자 이렇게 해서 [유저] 8인 8와 8명이 몸이 하나가 돼야 깰 수 있는 미션 게임 여기서 끝내도록 하겠습니다	0	0	0	0	0	0	0	1
자 이번에는 까불지 않고 조용히 아주 [유저] 하게 읽도록 하겠습니다	0	0	1	0	0	0	0	0
자 이번에는 또 줄이 있네요	0	0	1	0	0	0	0	0
자 이번엔 [유저] 대가리 아 뭐야	0	0	0	0	1	0	0	0
자 이번엔 해보자	0	0	0	0	0	0	0	1
자 이제 [유저]	0	0	1	0	0	0	0	0
자 이제 가자	0	0	0	0	0	0	0	1
자 이제 돌려가지고 나 A이야	0	0	0	0	0	0	0	1
자 이제 등 보면서 [유저] 준비해	0	0	0	0	0	0	0	1
자 이제 마이크 키세요	0	0	1	0	0	0	0	0
자 이제 무임승차 싹 가능 자 과연 반년 만에 돌아온 [유저] 는 어떤 새로운 것들이 있을지 보시기 전에 인간들은 AI에 비해 좋아요를 잘 안 누른다	0	0	0	0	0	0	1	0
자 이제 밀어주세요	0	0	0	0	0	0	0	1
자 이제 비켜줘 비켜줘 비켜줘 보라색 비켜 파란색 비켜 비켜 열어 열려고해도 참게 들어가 잠깐만 우리 갇혔다	0	0	0	0	0	0	0	1
자 이제 시작 이제 시작 웅 연료 잘가	0	0	0	0	0	0	0	1
자 이제 약 4팀만 남은 상황입니다	0	0	1	0	0	0	0	0
자 이제 우리 다 위치는 알았다	0	0	1	0	0	0	0	0
자 이제 카운트 들어갑니다	0	0	1	0	0	0	0	0
자 이제는 밑으로 내려가야 되는	0	0	0	0	0	0	0	1
자 인코스 계속 타주면서 점프해주고	0	0	0	0	0	0	0	1
자 일단 색깔을 어 형	0	0	1	0	0	0	0	0
자 자 그럼 저거 2번입니다	0	0	1	0	0	0	0	0
자 자 자 먹어	0	0	1	0	0	0	0	0
자 자 자 아아아아아아 완벽했는데 아하하 너무 아깝다	0	0	0	0	1	0	0	0
자 자 자 오른쪽으로 힘줘 으어어어어어어어어어어 아 직oln를 놓으니까 자꾸 떨어지지않아 서클로 거 저쪽 끝으로 가	0	0	0	0	0	0	0	1
자 자 자	0	0	1	0	0	0	0	0
자 자 자 어	0	0	1	0	0	0	0	0
자 자 자 어 자 자 자 아아아아아아 완벽했는데 아하하 너무 아깝다	0	0	0	0	1	0	0	0
자 자 점프 이야	0	0	0	0	0	0	0	1
자 잡아서 난 이것도 가져가보자 오오오 영차영차 영차차영차 영차자소개 좀 자세가 이상한데	0	0	0	0	0	0	0	1
자 저 꺾을게요 이제	0	0	1	0	0	0	0	0
자 저거 하나 밀어주고	0	0	0	0	0	0	0	1
자 저기 저기도	0	0	1	0	0	0	0	0
자 저랑 치킨의 싸움이거든요	0	0	1	0	0	0	0	0
자 저리 밟으세요 빌어봐 갱신씨 빨리 빌어요	0	0	0	0	0	0	0	1
자 저희는 앞으로의 여정을 끝내고 [유저] 에 들어가기로 했습니다	0	0	0	0	0	0	0	1
자 점프 [유저] 안다 마이크 켜보세요	0	0	0	0	0	0	0	1
자 점프대 점프대 좋습니다	0	0	0	0	0	0	0	1
자 정박한다	0	0	1	0	0	0	0	0
자 제가 제가 제가 야 당겨	0	0	0	0	0	0	0	1
자 제가 파란색이고요	0	0	0	0	0	0	0	1
자 좋습니다	0	0	1	0	0	0	0	0
자 좋아요	0	0	0	0	0	0	1	0
자 죄송합니다	0	0	1	0	0	0	0	0
자 지금 누가 제일 높죠	0	0	0	0	0	0	0	1
자 지금부터 틀린사람 손 높게 들어서 그대로 뺨으로 내려치기 이나 실수 절대 안해	0	0	0	1	0	0	0	0
자 지나가면은 장난치지마	0	0	0	0	0	0	0	1
자 집중 바로 가자 바로 가자 바로 도전 한 번 하게 해 응 어 좋아	0	0	0	0	0	0	1	0
자 집중 집중	0	0	1	0	0	0	0	0
자 집중 집중 집중	0	0	1	0	0	0	0	0
자 처각 어각 만처 거각 처 반어 간 거 막은 [유저] 에 있는 이것의 이름입니다	0	0	1	0	0	0	0	0
자 천천히 좋다 할것이 우리가 그렇게 많지는 않아 타이밍만 잘 맞추면 어 잠깐만 많아 보이는데	0	0	0	0	0	0	1	0
자 천천히 천천히 6분	0	0	0	0	0	0	0	1
자 천천히 천천히 따닥따닥 하고 여기서 한 번 더 완전 따닥따닥이야 알지	0	0	0	0	0	0	0	1
자 첫 번째 골	0	0	1	0	0	0	0	0
자 체인드 [유저]	0	0	1	0	0	0	0	0
자 출발 가야 돼	0	0	0	0	0	0	0	1
자 출발합니다	0	0	1	0	0	0	0	0
자 침착해 7번 [유저] 나 계단을 만들어줘 내가 계단을 만들어줘 한줄씩 하자 따로따로해 한줄씩 해 한줄씩 하면 되잖아	0	0	0	0	0	0	0	1
자 탑 다시 쌓아야 돼	0	0	1	0	0	0	0	0
자 파티박스	0	0	1	0	0	0	0	0
자 파티박스 뭐야	0	0	0	0	1	0	0	0
자 피지컬 안좋으면 먼저 피지컬 안좋으면 먼저 아니 이거 그냥 아니 8번이 앞으로 가주셔가지고 그래	0	0	0	0	0	0	1	0
자 피코파카	0	0	1	0	0	0	0	0
자 하나 둘 셋	0	0	1	0	0	0	0	0
자 하나 둘 셋 아 같이 올라가야된데 같이 올라가야된데 아 잠깐만 이거 아닌거같아	0	0	0	0	0	0	0	1
자 하나 둘 셋 아 꽉차고 꽉차고 자 하나 둘 셋 5번	0	0	1	0	0	0	0	0
자 하나 둘 셋 오른쪽	0	0	1	0	0	0	0	0
자 하나 둘 셋 하면 갑니다	0	0	1	0	0	0	0	0
자 하나 둘 셋 하면 출발이에요	0	0	1	0	0	0	0	0
자 하나씩 들어가시면 돼요	0	0	0	0	0	0	0	1
자 하나씩 하나씩 개인주의 개인 개인 피지컬 케이케치치치치 짤려 빨리 가야 돼	0	0	0	0	0	0	0	1
자 하자 하자 하자	0	0	1	0	0	0	0	0
자 한 명만	0	0	1	0	0	0	0	0
자 한 명한테만 딱 더 드릴 거예요	0	0	1	0	0	0	0	0
자 한 번 버티면서 살짝 보면 일부러 갔어	0	0	1	0	0	0	0	0
자 한명씩 천천히 자 자이키링만 봐	0	0	0	0	0	0	0	1
자 한번 코인 찾아봅시다 어딨냐	0	0	1	0	0	0	0	0
자 한숨 누워 한숨 누워 한숨 쉬지마 한숨 한숨은 전염됩니다	0	0	1	0	0	0	0	0
자 해보자	0	0	0	0	0	0	0	1
자 해볼게	0	0	0	0	0	0	0	1
자 해파리 해파리 조심 해파리 조심	0	0	0	0	0	0	0	1
자 혈국주장 가자	0	0	0	0	0	0	0	1
자 형님 그 머리 있으면 점프가 안된다고요	0	0	0	0	0	0	0	1
자 화낸거 아니시죠	0	0	1	0	0	0	0	0
자X 죽여버려	0	0	1	0	0	0	0	0
자극해서 볼 거 없어	0	0	0	0	0	0	0	1
자기 멀리서 빨간색 버튼을 하는거야	0	0	1	0	0	0	0	0
자기 시점 녹화를 해서	0	0	0	0	0	0	0	1
자기 위치도 심지어 점프대에 갖다 놔 조로 나는 여기 있으면 되네	0	0	0	0	0	0	0	1
자기 위치를 기억해야 되나	0	0	0	0	0	0	0	1
자기 위치만 기억하라고	0	0	1	0	0	0	0	0
자기 자리 아 이거 버튼을 누르면 시간이 늘어나네 버튼 다 밟아 버튼 다 밟아 앞으로 쭉 앞으로 쭉 어라	0	0	1	0	0	0	0	0
자기 자리만 해 자기 자리만	0	0	0	0	0	0	0	1
자기 점수 세세요	0	0	1	0	0	0	0	0
자기 점수 아니 왜 자꾸 바로 밟는 거야	0	0	1	0	0	0	0	0
자기 캐릭터만 봐	0	0	0	0	0	0	0	1
자기 플레이어서 생각하자 오케이 나는 딱 말할게 난 점프는 뺄것이 오케이 그냥 원코인으로 하자 원코인으로 한다고 생각해 카운트 해줘 카운트 하나 둘 셋 오케이 괜찮아 누가 여기 갭상신 넣었냐	0	0	0	0	0	0	1	0
자기가 운전자인지 쏘는 사람인지 다 파악을 해	0	0	0	0	0	0	0	1
자기가 짝수인지 모르는 사람	0	0	0	0	0	0	0	1
자기가 타고 갈라고	0	0	0	0	0	0	0	1
자기들 공으로 아 귀여워 일단은 자기 앞에 오는 공 다 막아줘	0	0	1	0	0	0	0	0
자기야 난 대가리에 꼈어	0	0	0	0	0	0	0	1
자기장처럼 알았어	0	0	1	0	0	0	0	0
자꾸 까먹는다고 자꾸 까먹어	0	0	1	0	0	0	0	0
자꾸 남 탓해	0	0	0	0	0	0	0	1
자꾸 어떤 새끼가 떨어져서 나 눈이 계속	1	0	0	0	0	0	0	0
자꾸 이런식으로 나오면 어떻게 하실거인데요	0	0	0	0	0	1	0	0
자꾸 주기적으로	0	0	1	0	0	0	0	0
자다 놀랬다	0	0	1	0	0	0	0	0
자랑하고 자랑하는 것이 아니라	0	0	1	0	0	0	0	0
자랑하면서	0	0	1	0	0	0	0	0
자러 갈게요	0	0	1	0	0	0	0	0
자르지 마요	0	0	1	0	0	0	0	0
자리 바꾸기 찬스	0	0	1	0	0	0	0	0
자리 자리 자리 아니야	0	0	1	0	0	0	0	0
자막은 설정에서 선택하실 수 있습니다	0	0	1	0	0	0	0	0
자서서 하나 존아야 존아야 둘 아하	0	0	1	0	0	0	0	0
자석이 플랫폼을 빨아들이므로 슬 [유저] 밖에 머무세요	0	0	1	0	0	0	0	0
자신 없는 사람은 진짜 그냥 점프랑 앞에만 계속 누르고 있어	0	0	0	0	0	0	0	1
자신 없으면 위로 가세요	0	0	0	0	0	0	0	1
자아 [유저] [유저] 어	0	0	1	0	0	0	0	0
자아가 저기서 왜 나오지	0	0	0	0	0	0	0	1
자연상 말없네 에이 아 진짜 아 진짜 아 진짜 아 진짜 아니 이것이 딱 ADM 왜이래	0	0	0	0	1	0	0	0
자이키링만 5천만원 5천만원 다시 5천만원 5천만원 5천실링 드릴게요	0	0	1	0	0	0	0	0
자이키링만 봐	0	0	0	0	0	0	0	1
자자 간다 오 죽여버려	0	0	1	0	0	0	0	0
자자고하자 죽어 이 새끼야 그냥	1	0	0	0	0	0	0	0
자자자자 가	0	0	0	0	0	0	0	1
자자자자자자자 오케이	0	0	0	0	0	0	1	0
자존심 없는것이 멋있는거에요	0	0	0	0	0	0	1	0
자존심이 있지 지켜	0	0	1	0	0	0	0	0
작아져서 가야되네	0	0	0	0	0	0	0	1
잘 가라 늙은이	0	0	0	0	0	0	0	1
잘 갔다 온다 진짜	0	0	1	0	0	0	0	0
잘 건너가야 돼	0	0	0	0	0	0	0	1
잘 던져야 돼	0	0	1	0	0	0	0	0
잘 됐다 잘 됐다 됐다	0	0	1	0	0	0	0	0
잘 때리네	0	0	1	0	0	0	0	0
잘 만들었네	0	0	1	0	0	0	0	0
잘 봐 제가 내가 아래로 가서 먹어야 돼	0	0	0	0	0	0	0	1
잘 살고 계시네	0	0	1	0	0	0	0	0
잘 자요 님들 수고했어요	0	0	1	0	0	0	0	0
잘 잘 아 제발 아 내 발 봤어	0	0	1	0	0	0	0	0
잘 한대 애들이	0	0	1	0	0	0	0	0
잘 해야 돼	0	0	0	0	0	0	0	1
잘가 웅 [유저] 잘가	0	0	0	0	0	0	0	1
잘들 가고 있다	0	0	0	0	0	0	0	1
잘라구 씨	0	0	1	0	0	0	0	0
잘라주세요	0	0	1	0	0	0	0	0
잘못 누른다	0	0	0	1	0	0	0	0
잘못 들었어	0	0	0	1	0	0	0	0
잘못 볼 거야	0	0	0	1	0	0	0	0
잘생긴 연호입니다	0	0	1	0	0	0	0	0
잘쓰자 두줄로다가 두줄로다가 앞으로 붙어 앞으로 붙어 앞으로 앞으로 오 됐다 아 진짜 못해	0	0	0	0	1	0	0	0
잘오고있냐	0	0	1	0	0	0	0	0
잘하고 있는 거 아니야	0	0	1	0	0	0	0	0
잘하고 있어	0	0	1	0	0	0	0	0
잘하네 판단 좋다 좋았어요	0	0	0	0	0	0	1	0
잘하는 것이 뭐임	0	0	1	0	0	0	0	0
잘하니까 이렇게 순조롭지않아	0	0	1	0	0	0	0	0
잘하시겠다	0	0	1	0	0	0	0	0
잘하자 선행아 아까웠다	0	0	1	0	0	0	0	0
잘하지 마	0	0	1	0	0	0	0	0
잘한다 별거있네 그만해도 되겠는데 너무 싫어하면 그만해도 되겠는데	0	0	0	0	0	1	0	0
잘한다 아주	0	0	0	0	0	0	1	0
잘한다 얘	0	0	0	0	0	0	1	0
잘한다 온몸을 던져	0	0	0	0	0	0	1	0
잘한다 잘한다	0	0	0	0	0	0	1	0
잘한다 잘한다 잘한다	0	0	0	0	0	0	1	0
잘한다 잘한다 잘한다 좋아 좋아 좋아 깔짝할꺼야 깔짝할꺼야	0	0	0	0	0	0	1	0
잘한다 칭찬해줘 잘했어요	0	0	0	0	0	0	1	0
잘할 수 없잖아요	0	0	1	0	0	0	0	0
잘해야 된다	0	0	0	0	0	0	1	0
잘해주세요	0	0	0	0	0	0	1	0
잘했는데 나와봐	0	0	0	0	0	0	1	0
잘했다 들어왔다	0	0	0	0	0	0	1	0
잘했다 박수 한 번 줍시다	0	0	0	0	0	0	1	0
잘했다 잘했다	0	0	0	0	0	0	1	0
잘했다 좋다	0	0	0	0	0	0	1	0
잘했어 오케이	0	0	0	0	0	0	1	0
잘했어 잘했어	0	0	0	0	0	0	1	0
잘했어요 잘했어요	0	0	0	0	0	0	1	0
잠깐 다 떼봐 렉 걸렸나봐	0	0	0	0	0	0	0	1
잠깐 망설일게요	0	0	0	0	0	0	0	1
잠깐 멈춰봐봐	0	0	0	0	0	0	0	1
잠깐 왼쪽으로 가서	0	0	0	0	0	0	0	1
잠깐 잠깐	0	0	0	0	0	0	0	1
잠깐 잠깐 잠깐 야 이거 못 먹어라 너 이거 못 먹어라 저거 이거 하다 끝나겠네	0	0	0	0	0	0	0	1
잠깐 잠깐 잠깐 으악	0	0	0	0	1	0	0	0
잠깐 잠깐 잠깐 그렇게 하면 안 되지	0	0	0	0	0	0	0	1
잠깐 좀 더 붙여 좀 더 붙여 좀 더 붙여 내가 맞춰줄게 가	0	0	0	0	0	0	0	1
잠깐 켜봐	0	0	0	0	0	0	0	1
잠깐 파란색 박스가	0	0	0	0	0	0	0	1
잠깐 형이 없는 틈을 타서 형이 없는 상황을 한번 해봤거든	0	0	0	0	0	0	0	1
잠깐만 8번 나와야 돼	0	0	0	0	0	0	0	1
잠깐만 [유저] ᆯ라야 미쳤냐	1	0	0	0	0	0	0	0
잠깐만 거기 들어가	0	0	0	0	0	0	0	1
잠깐만 그럼 진짜 우리 여기까지는 안 내리기로 12까지 가 그냥 무조건 하나 둘 셋 파이팅 하도 안 맞는데 이렇게 오케이 그냥 갈게요	0	0	0	0	0	0	1	0
잠깐만 기다려봐	0	0	0	0	0	0	0	1
잠깐만 내가 [유저] 이가 위로 올라와서 저걸 가서 밟아	0	0	0	0	0	0	0	1
잠깐만 내가 내려갈것이 내가 내려갈것이 저만 넘어질 수 있어	0	0	0	0	0	0	0	1
잠깐만 내가 살릴것이 버티고 있어 내가 버티고 있어 빨리 올라와	0	0	0	0	0	0	0	1
잠깐만 내가 오른쪽에 가는 것이 맞는데 [유저] 야	0	0	0	0	0	0	0	1
잠깐만 다 먹었어	0	0	0	0	0	0	0	1
잠깐만 답이 없어	0	0	0	0	0	0	0	1
잠깐만 당겨와아	0	0	0	0	0	0	0	1
잠깐만 들어가지 마봐	0	0	0	0	0	0	0	1
잠깐만 맞다	0	0	0	0	0	0	0	1
잠깐만 뭐해 잠깐만 잠깐만 왜이래	0	0	0	1	0	0	0	0
잠깐만 밀지마 밀지마 죽어 레이저 맞아	1	0	0	0	0	0	0	0
잠깐만 밴드 좀 붙여줄게	0	0	0	0	0	0	0	1
잠깐만 살짝 끌어서 먹어야 돼	0	0	0	0	0	0	0	1
잠깐만 스톱 끌고 가는거야	0	0	0	0	0	0	0	1
잠깐만 아	0	0	0	0	0	0	0	1
잠깐만 아 김나나 이 새끼야 어	1	0	0	0	0	0	0	0
잠깐만 아 이거 머리로 치는 거다	0	0	0	0	0	0	0	1
잠깐만 아잇 잠깐만 으	0	0	0	0	0	0	0	1
잠깐만 앞으로 움직이지마	0	0	0	0	0	0	0	1
잠깐만 애기는 무조건 살려야 돼 이거	0	0	0	0	0	0	0	1
잠깐만 어떡해	0	0	0	0	0	1	0	0
잠깐만 여기 올라가서 이쪽으로 점프를 해서 올라가서 안 돼	0	0	0	0	0	1	0	0
잠깐만 여기 있으면 해야 돼	0	0	0	0	0	0	0	1
잠깐만 여기서 올리고 네가 그냥 가 그렇지 가버려	0	0	0	0	0	0	1	0
잠깐만 오지 마봐요 잠깐만 잠깐만 자자자자 잡아 잡아 잡아 오케이 자자자자 아 나 찢었다 이거 하다가 아아 괜찮은데 여기서 여기 와서 여기 다리 있거든요	0	0	0	0	0	0	1	0
잠깐만 왼쪽사람이 해줘야된다	0	0	0	0	0	0	0	1
잠깐만 우리 한 번에 성공하는 거 보여줄게	0	0	0	0	0	0	1	0
잠깐만 이거 가벼워진다 가벼워진다	0	0	0	0	0	0	0	1
잠깐만 이거 껴서 이거 할 수 있어	0	0	0	0	0	0	0	1
잠깐만 이거 아닌 것 같아 다시 쏴 다시 쏴 다시 쏴 다시 쏴 하나 둘 셋 아악 할 수 있어 할 수 있어	0	0	0	0	1	0	0	0
잠깐만 이것이 막 하면 안되네	0	0	0	0	0	0	0	1
잠깐만 이제 나 이제 한 명 올라와 한 명 올라와 남아	0	0	0	0	0	0	0	1
잠깐만 이제 여기만 올라가면 괜찮을 것 같은데 제가 먼저 가볼게요	0	0	0	0	0	0	0	1
잠깐만 있나	0	0	0	0	0	0	0	1
잠깐만 잠깐만	0	0	0	0	0	0	0	1
잠깐만 잠깐만 누가가 잠깐만 멈춰 1번부터 가 1번부터 1번부터 가 1번부터 12345678 이다	0	0	0	0	0	0	0	1
잠깐만 잠깐만 이거 키는 못바꾸나봐요	0	0	0	0	0	0	0	1
잠깐만 잠깐만 잠깐 쉭 쓱 야 dick ror kik kik 잠깐만 잠깐만 기다려 아무것도 들어오지마	0	0	0	0	0	0	0	1
잠깐만 잠깐만 잠깐만 빨리 가야 돼	0	0	0	0	0	0	0	1
잠깐만 잠깐만 잠깐만 이건 무슨 게임이야	0	0	0	0	0	0	0	1
잠깐만 잠깐만 잠깐만 저것이 [유저] [유저] 아니냐	0	0	0	0	0	0	0	1
잠깐만 잠깐만 쟤 뭐야	0	0	0	0	1	0	0	0
잠깐만 잠깐만 한 번만 감사합니다	0	0	0	0	0	0	1	0
잠깐만 잠깐만 한명 한명 한명 자 다시 다시 침착해 침착해 침착해	0	0	0	0	0	0	0	1
잠깐만 저 애들아 애들아 애들아 여기로 하다	0	0	0	0	0	0	0	1
잠깐만 조졌다	0	0	0	0	0	0	0	1
잠깐만 준비하고 레디 크 야 그냥 점프로 해 그거 하지 말고 점프 점프만 해 떨어져서 점프 떨어져서 점프 살짝 떨어져서 점프 살짝 떨어져서 점프 살짝 떨어져서 점프 아 내가 좀 느린데	0	0	0	0	0	0	0	1
잠깐만 친구야 들어왔니	0	0	0	0	0	0	0	1
잠깐만 풀어봐	0	0	0	0	0	0	0	1
잠깐만 해봐 해봐 해봐	0	0	0	0	0	0	0	1
잠깐만요 아니 좀 일로 와 그만하고 일로 와	0	0	0	0	0	1	0	0
잠깐만요 이다	0	0	0	0	0	0	0	1
잠깐만요 잠깐만요	0	0	0	0	0	0	0	1
잠깐만요 한 번에 가자 한 번에 가자	0	0	0	0	0	0	0	1
잠깐잠깐잠깐 다주 누나 거기 내려가 다주 누나 내려가봐	0	0	0	0	0	0	0	1
잠들 기절했어	0	0	1	0	0	0	0	0
잠들기 잘하는데 던질라고 했는데 승자는 나 혼자면 된다 헤어져 누가 이거 단상으로 올라가서 아 웃음 잘해 야야야 내려와이씨 내려와이씨 내가 사진 찍을거야	0	0	0	0	0	0	1	0
잠뜰 그냥 뒤지기만 해봐 그냥	1	0	0	0	0	0	0	0
잠뜰이고 걸치자	0	0	1	0	0	0	0	0
잠시 가야돼	0	0	0	0	0	0	0	1
잠시만 잠시만 멍 때렸어	0	0	1	0	0	0	0	0
잠시만 저 밑에 버튼은 뭐지	0	0	1	0	0	0	0	0
잠시만요 코인 코인 버 내려올 거 같은데 밑에서 가야지	0	0	0	0	0	0	0	1
잠잠 멈추지마 멈추는 순간 우리 타이밍을 잃어버려 왜 이렇게 잘해	0	0	0	0	0	0	1	0
잡고 쉴 수 있나	0	0	1	0	0	0	0	0
잡고 있어라	0	0	1	0	0	0	0	0
잡아 내 손 잡아	0	0	1	0	0	0	0	0
잡아 얘 잡아 잡았어	0	0	1	0	0	0	0	0
잡아야 돼 윤료가 잡아줘야 돼 이 보라색을	0	0	0	0	0	0	0	1
잡아줄것이 여기봐 보세요	0	0	0	0	0	0	0	1
잡아줘요 살려주세요	0	0	1	0	0	0	0	0
잡았는데 이상한거야	0	0	1	0	0	0	0	0
잡을 필요 없었네	0	0	1	0	0	0	0	0
장난치지마 하지마 하지마	0	0	1	0	0	0	0	0
장난하지 마	0	0	1	0	0	0	0	0
장뜰 진행 마이너스 1 10 지금 진행하는 50 떨어진 쪽으로	0	0	1	0	0	0	0	0
장미랑 부른다니까	0	0	1	0	0	0	0	0
장조기 발전 야 뒤로 마지막에 한 번 멈추자	0	0	1	0	0	0	0	0
장조기 발전이야	0	0	1	0	0	0	0	0
재난 영화	0	0	1	0	0	0	0	0
재미 뽑았다 가자 오케이 재미 뽑았다 살금살금 나 그냥 앞에 키만 누르고 있을께	0	0	0	0	0	0	1	0
재미있다 재미있다 빨리 눌러 화내지 마 화내지 마	0	0	0	0	0	0	0	1
재밌겠다 이거	0	0	1	0	0	0	0	0
재밌네 화들나시는거 아니죠	0	0	1	0	0	0	0	0
재밌는 얘기 했지	0	0	1	0	0	0	0	0
재밌는게임은 재밌는데 유령 어	0	0	1	0	0	0	0	0
재밌는데 아싸	0	0	1	0	0	0	0	0
재밌는데 어이 어이 좀 빨리 가요	0	0	0	0	0	0	0	1
재밌는데요	0	0	1	0	0	0	0	0
재밌다 7번 [유저] 7번 [유저] 들어가 들어가줘 들어가줘 화내기 없다면서 왜 자꾸 화를 내 화내셨어요	0	0	0	0	0	0	0	1
재밌어 끝났어	0	0	0	0	0	1	0	0
재밌어 재미있어 맨 위에 사람들은 점프 안하고 그냥 앞으로 출발하면 돼	0	0	0	0	0	0	0	1
재밌어져도 두hot 좋났어	0	0	1	0	0	0	0	0
재밌었어요	0	0	1	0	0	0	0	0
재밌으면 됐지	0	0	1	0	0	0	0	0
재밌을려고 궁금했어	0	0	1	0	0	0	0	0
재밌을려고 한거야	0	0	1	0	0	0	0	0
재장전 재장전 체격 악 [유저] 아 이거 어디에 있다	0	0	1	0	0	0	0	0
잼민이 킹크 부화	0	0	1	0	0	0	0	0
쟈기 열심히 하고 있다고	0	0	1	0	0	0	0	0
쟤 끝까지 밀어줘야 돼	0	0	0	0	0	0	0	1
쟤 박치인데	0	0	1	0	0	0	0	0
쟤 빠른데 아래로 갈꺼야	0	0	1	0	0	0	0	0
쟤 어디가냐	0	0	0	0	0	0	0	1
쟤 어우 어우 아니 해파리가 무빙치네 흐흐흐흐흐흐 어 갑자기 나 할거 생겼다 아 오케이 오케이 오케이 이나 너무 많이 졌다	0	0	0	0	0	0	1	0
쟤 왜 저래	0	0	1	0	0	0	0	0
쟤 일부러 한다니까 쟤도 옷은 4살이여 쟤는 일부러 그래	0	0	0	0	0	0	1	0
쟤 자꾸 어디가 보라색님 이쪽으로 오세요	0	0	0	0	0	0	0	1
쟤 저거 껐어	0	0	1	0	0	0	0	0
쟤 저거 꼈	0	0	1	0	0	0	0	0
쟤 진짜 잘한다니까	0	0	0	0	0	0	1	0
쟤 하고 싶어 하긴 해	0	0	0	0	0	0	0	1
쟤 하하하하 야 울겠다	0	0	1	0	0	0	0	0
쟤가 바로 내리네	0	0	0	0	0	0	0	1
쟤가 움직였어	0	0	0	0	0	0	0	1
쟤가 잠을 안 깨게 쪼꼼치 움직여야 돼	0	0	0	0	0	0	0	1
쟤가 최고야	0	0	0	0	0	0	1	0
쟤네 꿀빤다	0	0	1	0	0	0	0	0
쟤네 뭐해	0	0	0	1	0	0	0	0
쟤네 진짜 어 그렇지	0	0	0	0	0	0	1	0
쟤네도 같이 보내 못 들어오게 [유저] 어 형 들어가고 나 다시 들어왔고 너무 더워가지고 잠깐 바람 좀 쐐 [유저] 야 죽어 야	1	0	0	0	0	0	0	0
쟤는 어디가	0	0	0	0	0	0	0	1
쟤는 왜 죽은 거야	0	0	1	0	0	0	0	0
쟤도 끌고 와야 되네	0	0	0	0	0	0	0	1
쟤도 좀 와야돼	0	0	0	0	0	0	0	1
쟤를 따라갔다가 우리 여기 T자 있잖아	0	0	0	0	0	0	0	1
쟤를 진짜 들어와 임마 빨리 나 파지 잔뜩 나서 빨개졌어	0	0	0	0	0	0	0	1
쟤한테 탱크한테 때려	0	0	1	0	0	0	0	0
쟨 왜 죽어	1	0	0	0	0	0	0	0
쟨 왜 죽은 거야	0	0	1	0	0	0	0	0
저 2번 3번까지만 가면 자러 갈게요	0	0	0	0	0	0	0	1
저 A를 못 가요	0	0	0	0	0	0	0	1
저 [유저] 꺼내야 될 거 같은데 [유저] 가 아니라 조타인가 저거	0	0	0	0	0	0	0	1
저 가 가요	0	0	0	0	0	0	0	1
저 가만히 있잖아요	0	0	0	0	0	0	0	1
저 가방이 있어서 안 돼요	0	0	0	0	0	1	0	0
저 개새끼 저거 죽인다 내가	1	0	0	0	0	0	0	0
저 고졸입니다	0	0	1	0	0	0	0	0
저 관종이야 관종 덕에 빌드업 해놓고 걸리면 웃길 것 같아서 그 탤런트의 속마음 해체 분석하지 마주세요	0	0	0	0	0	0	0	1
저 귀속말 중이었어요	0	0	1	0	0	0	0	0
저 길 몰라요	0	0	1	0	0	0	0	0
저 까만 고양이 친구 제가 키우는 고양이에요	0	0	0	0	0	0	0	1
저 꼬부리 한번 확인해보자 이야 닿냐	0	0	0	0	0	0	0	1
저 남을게요	0	0	1	0	0	0	0	0
저 내려가야 하지 한번	0	0	0	0	0	0	0	1
저 내릴래요	0	0	1	0	0	0	0	0
저 누나 뭐 먹었는데	0	0	1	0	0	0	0	0
저 눌러 뭐 하는 거야 저거	0	0	0	0	0	0	0	1
저 다리가 이렇게 막 있는데	0	0	0	0	0	0	0	1
저 다음에 안전하게 갈게요	0	0	1	0	0	0	0	0
저 던져버려야 돼요	0	0	1	0	0	0	0	0
저 동그란 뱅이가 언제까지 올라갈지 몰랐어	0	0	0	0	0	0	0	1
저 뗐거든요	0	0	1	0	0	0	0	0
저 똥 싸는 새끼들 어떡하냐	1	0	0	0	0	0	0	0
저 뜁니다	0	0	1	0	0	0	0	0
저 먹겠습니다	0	0	1	0	0	0	0	0
저 먼저 갈게요	0	0	1	0	0	0	0	0
저 멀리서 여기까지 오고	0	0	1	0	0	0	0	0
저 모히또 한잔 주세요	0	0	1	0	0	0	0	0
저 물레방아 돌아갔었어	0	0	1	0	0	0	0	0
저 밑에 버튼 또 있는데	0	0	1	0	0	0	0	0
저 밑에 버튼이 있는데 이거	0	0	1	0	0	0	0	0
저 방금 S 방금 누가 눌렀어요	0	0	0	0	0	0	0	1
저 방법을 생각했어요	0	0	1	0	0	0	0	0
저 배로 날리는 거 같은데 이거를 돌려서 야 이거를 돌려서 저 배에다가 날리는 거 같아	0	0	0	0	0	0	0	1
저 버리지 마세요	0	0	1	0	0	0	0	0
저 버텨줘요	0	0	1	0	0	0	0	0
저 버튼을 누르지 말라고	0	0	1	0	0	0	0	0
저 사람 야 이거 점프가 안돼 너무 멀어지면 자 나부터 오케이 내가 끝인 것이 나아	0	0	0	0	0	1	0	0
저 사람 왜 그래	0	0	0	1	0	0	0	0
저 사람 지금 쓰레기들이랑 뒤지는거 뭐야	1	0	0	0	0	0	0	0
저 사람이 활성화 돼있나봐	0	0	0	0	0	0	0	1
저 새끼 날리려고 가자	1	0	0	0	0	0	0	0
저 새끼 못 떼	1	0	0	0	0	0	0	0
저 새끼 묶어	1	0	0	0	0	0	0	0
저 새끼 벌써 저기 있는데	1	0	0	0	0	0	0	0
저 새끼 사람 죽이고 다니네 저거	1	0	0	0	0	0	0	0
저 새끼 아 이 새끼 뭐하는디 새끼야	1	0	0	0	0	0	0	0
저 새끼 어디 갔어	1	0	0	0	0	0	0	0
저 새끼 없을 때 하면 1등 할만해요	1	0	0	0	0	0	0	0
저 새끼 없을 때 할게요	1	0	0	0	0	0	0	0
저 새끼 왜 저래	1	0	0	0	0	0	0	0
저 새끼 일단 알았다	1	0	0	0	0	0	0	0
저 새끼 저거	1	0	0	0	0	0	0	0
저 새끼 저기다 설치했다	1	0	0	0	0	0	0	0
저 새끼 점프가 뭔지 모름	1	0	0	0	0	0	0	0
저 새끼가 그랬어	1	0	0	0	0	0	0	0
저 새끼가 문제지	1	0	0	0	0	0	0	0
저 새끼가 사과할 때까지 안 가봤잖아	1	0	0	0	0	0	0	0
저 새끼는 기다아아아아아악	1	0	0	0	0	0	0	0
저 새끼를 어떡해	1	0	0	0	0	0	0	0
저 아 이건 억까 인정 왜 다 와	0	0	0	0	0	0	0	1
저 아무것도 안 하고 있는데 니들끼리	0	0	1	0	0	0	0	0
저 아무것도 안 했는데 저 머리 밟아주셨어	0	0	1	0	0	0	0	0
저 안 졸려요	0	0	1	0	0	0	0	0
저 알고 그런 거에 왼쪽을 잘 뚫자 아 왼쪽을 일단 다 뚫어봐	0	0	0	0	0	0	0	1
저 앞에까지 점프로 가도 되잖아	0	0	0	0	0	0	0	1
저 어떻게 가	0	0	0	0	0	1	0	0
저 억지로 화나는 척 억텐으로 짜증나는 척 안 하겠습니다	1	0	0	0	0	0	0	0
저 여러분들 이번에 돈 딸 수 있는 기회 좀 드릴게요	0	0	1	0	0	0	0	0
저 열쇠 먹는다 치고 점프해서 애벌레쪽 가서 깃발 지나서 위로 간 다음에 꽃을 지나서 아 오케이 아 저거 오른쪽으로 바로 가는것이 아니라 애벌레로 가야되는구나	0	0	0	0	0	0	1	0
저 열심히 해야죠	0	0	0	0	0	0	0	1
저 오른쪽으로 먹고 있지	0	0	1	0	0	0	0	0
저 올라가야 돼	0	0	0	0	0	0	0	1
저 옮기는 거라 자기 위치 기억하면 되는구나	0	0	1	0	0	0	0	0
저 옷 왜 쪼개	0	0	1	0	0	0	0	0
저 왔어요	0	0	1	0	0	0	0	0
저 왜 실패해요	0	0	0	0	0	0	0	1
저 왜 이렇게 안 그러냐고	0	0	1	0	0	0	0	0
저 요새 요새 감긴 분 있어 이거 두 번	0	0	1	0	0	0	0	0
저 웃겨보세요	0	0	0	0	0	0	0	1
저 웃겨주세요	0	0	1	0	0	0	0	0
저 위로 올라가는 거 아니야	0	0	0	0	0	0	0	1
저 위에 무슨 짐 같은 거 있는데	0	0	1	0	0	0	0	0
저 위에 뭐가 있는 거 아니야	0	0	0	0	0	0	0	1
저 위에 위에 위쪽 왼쪽날개 여기가 여기 없어	0	0	0	0	0	0	0	1
저 위에 있네	0	0	1	0	0	0	0	0
저 위에 저거 누가 취식한다	0	0	0	0	0	0	0	1
저 위쪽에 빨간색이면은 어	0	0	1	0	0	0	0	0
저 이거 체력 회복을 좀 하고 가야 될 것 같아요	0	0	0	0	0	0	0	1
저 이거 한번 써볼게요	0	0	1	0	0	0	0	0
저 인공호흡했나	0	0	1	0	0	0	0	0
저 인공호흡했어요	0	0	1	0	0	0	0	0
저 있습니다	0	0	1	0	0	0	0	0
저 자기 생각에서만 하자	0	0	1	0	0	0	0	0
저 자식이 열쇠 쳐가지고 가놓고 저 자식이 미친놈이네	1	0	0	0	0	0	0	0
저 잠깐 오디오 좀 비울게요	0	0	0	0	0	0	0	1
저 잠뜰 님이 움직이는 대로 쏠 거예요	0	0	1	0	0	0	0	0
저 저 빨아주세요	0	0	1	0	0	0	0	0
저 저 저 빨려주세요	0	0	1	0	0	0	0	0
저 저 죄송한데 저 저 저 저기요 어	0	0	1	0	0	0	0	0
저 저거부터 먹어	0	0	1	0	0	0	0	0
저 좀 귀엽거든요	0	0	1	0	0	0	0	0
저 좀 무거운데 괜찮습니다	0	0	1	0	0	0	0	0
저 주기표가 약간 공 주는 거 같긴 해	0	0	0	0	0	0	0	1
저 주세요	0	0	1	0	0	0	0	0
저 줄 너무 깔끔하게 채웠는데 저 길 야 막대기 일로 올래 한명이 똥싸니까 두 줄 싹 버려줘 노병 싹 버려줘 막대기 어디 저기 그냥 오른쪽 세 칸짜리 가 이야	1	0	0	0	0	0	0	0
저 지골 씨 같은 새꺄	0	0	1	0	0	0	0	0
저 진짜 과학이다	0	0	1	0	0	0	0	0
저 체력이 너무너무 없어요	0	0	1	0	0	0	0	0
저 체력이 없어요	0	0	1	0	0	0	0	0
저 체력이 찼어요	0	0	1	0	0	0	0	0
저 친구 얼마나 잘하는지 나를 업고도 이긴다	0	0	1	0	0	0	0	0
저 캐릭터가 안 돼서 갈게요	0	0	0	0	0	1	0	0
저 틀어주세요	0	0	1	0	0	0	0	0
저 하면은 여러분이 하나씩 치킨 사주시면 저요	0	0	1	0	0	0	0	0
저 혼자서 뭐 해요	0	0	0	0	0	0	0	1
저 화내는거 아닙니다	0	0	1	0	0	0	0	0
저 회색이 문제야	0	0	1	0	0	0	0	0
저거 [유저] 2 멈춰 멈춰 멈춰 저거 [유저] 5 저거 돈 할 때 5에서 뛰면은 갈 수 있어	0	0	0	0	0	0	0	1
저거 [유저] [유저] 감사합니다	0	0	0	0	0	0	1	0
저거 [유저] 님 도와줘	0	0	0	0	0	0	0	1
저거 갈색 [유저] 님부터 내려가 내려가	0	0	0	0	0	0	0	1
저거 개사기야 들어왔다	0	0	1	0	0	0	0	0
저거 걘 가둬	0	0	0	0	0	0	0	1
저거 거슬려	0	0	1	0	0	0	0	0
저거 괜찮아	0	0	1	0	0	0	0	0
저거 굳이 밟는 이유가 뭐야	0	0	0	0	1	0	0	0
저거 그냥 무시 저거 안 맞아	0	0	0	0	0	0	1	0
저거 그리고 저 기둥이랑 저 철블록 사이에 저 주황색 막대기 있지	0	0	1	0	0	0	0	0
저거 나왓	0	0	1	0	0	0	0	0
저거 내가 가져와야 되거든	0	0	0	0	0	0	0	1
저거 내꺼였는데 왜 저렇게 됐어	0	0	1	0	0	0	0	0
저거 너 len [유저] 땡 때리면 앞으로가서 안가져 하자하자 이건 못하면 아아아FS 가면 그거 못 moi WAS 이쟈	0	0	0	0	1	0	0	0
저거 너무 뻔해	0	0	0	0	0	0	0	1
저거 누구야	0	0	1	0	0	0	0	0
저거 눌러야지	0	0	0	0	0	0	0	1
저거 다시 돌아오는 거였어	0	0	0	0	1	0	0	0
저거 대가리 맞으면 죽는다	0	0	0	0	0	0	0	1
저거 들고 가야지 저거 들고 가야 돼	0	0	0	0	0	0	0	1
저거 떨어뜨릴 때까지 아 오케이 올라갈 사람은 미리 올라가 놔 내가 밀게 내가 밀게 미리 올라가 놓음 올라가 올라가 올라가 절대 밟지마	0	0	0	0	0	0	1	0
저거 로켓 발사해서 그래	0	0	0	0	0	0	1	0
저거 머쌰였구나	0	0	1	0	0	0	0	0
저거 먹어야 돼	0	0	1	0	0	0	0	0
저거 못 먹었어	0	0	1	0	0	0	0	0
저거 뭐라는 거야	0	0	1	0	0	0	0	0
저거 뭐야	0	0	0	0	1	0	0	0
저거 바로바로 해도 될 거야	0	0	0	0	0	0	0	1
저거 발판 이렇게 해야 돼	0	0	0	0	0	0	0	1
저거 밟으면 안 되나 봐	0	0	0	0	0	0	0	1
저거 방금 대가리가 [유저] 이였는데	0	0	0	0	0	0	0	1
저거 방향을 바꿀수 있나 본데	0	0	1	0	0	0	0	0
저거 버려	0	0	1	0	0	0	0	0
저거 버려야겠다	0	0	1	0	0	0	0	0
저거 보내야죠	0	0	1	0	0	0	0	0
저거 붙잡고 날아갈 수 있는 거 아니었어	0	0	1	0	0	0	0	0
저거 아 잠깐만 아 나 잘못났다	0	0	0	1	0	0	0	0
저거 아니 머리 막아주면 계단이 안 나오는데	0	0	1	0	0	0	0	0
저거 앞에다가 짤리는 사람 한 명이	0	0	0	0	0	0	0	1
저거 애기들 한 번 깔짝 할 거야 깔짝 갑시다	0	0	0	0	0	0	0	1
저거 양미처럼 잘하는데 야 양틴 공 주지마	0	0	1	0	0	0	0	0
저거 어 엄청 빠르네 저거 한 칸 움직일 시간밖에 없어 한 칸만 한 칸만 움직여 아이고 내가 거리가 잘 못됐어	0	0	0	0	0	1	0	0
저거 어떤 새끼 준거야	1	0	0	0	0	0	0	0
저거 어떻게 가지	0	0	0	0	0	1	0	0
저거 어떻게 갔는데 저기서 자 강냉이 다 빼줘요	0	0	0	0	0	1	0	0
저거 어떻게 올라가죠	0	0	0	0	0	1	0	0
저거 어떻게 해야 되냐	0	0	0	0	0	1	0	0
저거 열쇠 먹어야된다	0	0	1	0	0	0	0	0
저거 옛날에 그	0	0	1	0	0	0	0	0
저거 올라가면 올라가야 돼	0	0	0	0	0	0	0	1
저거 와야지	0	0	0	0	0	0	0	1
저거 왼쪽 봐봐	0	0	0	0	0	0	0	1
저거 위에로 방향 야 근데 저거 보이냐	0	0	1	0	0	0	0	0
저거 으아 tempel 헉 amp 당겨 어 얘기가 이걸 해내나	0	0	0	0	0	0	0	1
저거 이제까지 깼지	0	0	1	0	0	0	0	0
저거 잠깐 멈춰요	0	0	0	0	0	0	0	1
저거 저 아닌데요	0	0	1	0	0	0	0	0
저거 저 해파리 뭐야	0	0	0	0	1	0	0	0
저거 저거 저거	0	0	1	0	0	0	0	0
저거 좀 이거 없애라고 이거 아 나 진짜 서운해	0	0	0	0	0	0	0	1
저거 준우승이요 [유저] 가 유찰놈이었네 유찰놈이었어	0	0	0	0	0	0	0	1
저거 타임어택 할 수는 없습니다	0	0	1	0	0	0	0	0
저거 파이프는 뭔데	0	0	1	0	0	0	0	0
저거 한 명이 먹고 와	0	0	0	0	0	0	0	1
저거 한명 한명 한명 같은데	0	0	1	0	0	0	0	0
저거는 그럼 W가 문제지 W도 왜요	0	0	0	0	0	0	0	1
저거는 좀 그렇다	0	0	1	0	0	0	0	0
저거는 진짜 피지컬이거든	0	0	1	0	0	0	0	0
저거를 밟아줘야 될 것 같아	0	0	1	0	0	0	0	0
저거를 합체 합체 차라리 8번부터 8번 가야죠	0	0	0	0	0	0	0	1
저거부터 야 니 카드가 몇 점인데 범위 하나가 없어	0	0	0	0	0	0	0	1
저거에 한칸 밑에 내려줘야되 저거 무슨 말인지 이해했다 저거 돈풋이 뭐지	0	0	0	0	0	0	0	1
저거였는데	0	0	1	0	0	0	0	0
저건 근데 S가 좀 판단을 빨리 해서 내려갔어야 했던데	0	0	0	0	0	0	0	1
저건 말도 말이 돼	0	0	0	0	1	0	0	0
저건 실수였을 거야	0	0	0	1	0	0	0	0
저건 어떡해	0	0	0	0	0	1	0	0
저걸 넣는거인가봐	0	0	0	0	0	0	0	1
저걸 들어가야 되니까 이거 안되는거 같은데 기다려봐	0	0	0	0	0	0	0	1
저걸 먼저 먹어야지	0	0	1	0	0	0	0	0
저걸 못 피하고 있다	0	0	1	0	0	0	0	0
저걸 어떻게 해	0	0	0	0	0	1	0	0
저걸 왜 내리냐	0	0	1	0	0	0	0	0
저걸 왜 내리니 야 내가 운전하는 사람인 줄 알았어	0	0	0	0	0	0	0	1
저걸 저기다 끼우는 거인가	0	0	0	0	0	0	0	1
저걸로 함부로 왔다	0	0	1	0	0	0	0	0
저것 잘 보고 이쪽으로 와	0	0	0	0	0	0	0	1
저것 좀 버려	0	0	1	0	0	0	0	0
저것도 능력이야	0	0	1	0	0	0	0	0
저것도 먹어봐야 하나 봐	0	0	0	0	0	0	0	1
저것도 잘해요	0	0	0	0	0	0	1	0
저것도 진짜 레전드	0	0	1	0	0	0	0	0
저것만 빼면 돼	0	0	1	0	0	0	0	0
저것은 초코넛이니까 난 못 가	0	0	0	0	0	0	0	1
저것이 나왔다	0	0	1	0	0	0	0	0
저것이 넘어가야 돼	0	0	0	0	0	0	0	1
저것이 멈추면은 게이지가 끝나면 멈춰야 되나봐요	0	0	0	0	0	0	0	1
저것이 무너지죠	0	0	1	0	0	0	0	0
저것이 뭐해	0	0	0	1	0	0	0	0
저것이 봄이다	0	0	1	0	0	0	0	0
저것이 어떻게 갔대	0	0	0	0	0	1	0	0
저것이 이제 연iquni이거든요	0	0	1	0	0	0	0	0
저것이 정치야	0	0	1	0	0	0	0	0
저것이 하필	0	0	1	0	0	0	0	0
저것이 확실히 알았습니다	0	0	1	0	0	0	0	0
저기 가면 돼	0	0	0	0	0	0	0	1
저기 갔다	0	0	1	0	0	0	0	0
저기 내려가야 할 것 같아	0	0	0	0	0	0	0	1
저기 단무지 뭐냐 가자 가자 그냥 이렇게 구르면 되네	0	0	0	0	0	0	0	1
저기 더 어두운데 어이 저기 손님들	0	0	1	0	0	0	0	0
저기 뚫렸다	0	0	1	0	0	0	0	0
저기 못하실만 올라가세요	0	0	0	0	0	0	0	1
저기 뭐 김 나는 거 있다	0	0	1	0	0	0	0	0
저기 뭐가 돼	0	0	0	0	0	0	0	1
저기 민트 [유저] 잘한다 민트 [유저] 따라가 휴 올롤롤롤 얘들아 어디야	0	0	0	0	0	1	0	0
저기 불 나지않아	0	0	1	0	0	0	0	0
저기 빛나는데	0	0	1	0	0	0	0	0
저기 안쪽으로 들어가서 가보죠	0	0	0	0	0	0	0	1
저기 위에 올라가려면 아하하하하하하하하하하 아 오케이 오케이 이야	0	0	0	0	0	0	1	0
저기 위치 오케이 확인 꺼줘야 된다	0	0	0	0	0	0	1	0
저기 윤누님이 왼쪽 끝으로 가봐요 왼쪽 끝으로	0	0	0	0	0	0	0	1
저기 있는데	0	0	1	0	0	0	0	0
저기 있다 움직이는구나	0	0	1	0	0	0	0	0
저기 저거도 올라가야 돼	0	0	0	0	0	0	0	1
저기 저기 [유저] 이요 IV 야아 위축 [유저] rig 몇 개야	0	0	1	0	0	0	0	0
저기 조심해요	0	0	0	0	0	0	0	1
저기 찔리면 죽는 거였어	0	0	1	0	0	0	0	0
저기 탁 올라갈 수가 있네	0	0	0	0	0	0	0	1
저기 패급	0	0	1	0	0	0	0	0
저기가 거리가 너무 넓은데 여기 점프가 저거 봐	0	0	0	0	0	0	0	1
저기가 너무 점프가 좀 그래	0	0	0	0	0	0	1	0
저기가 어려우니까 이렇게라도 해서 미리 좀 길을 뚫어놓자	0	0	0	0	0	0	0	1
저기까지 가봐 오오 여기까지 오케이 가봐	0	0	0	0	0	0	1	0
저기는 바로바로 해야 돼	0	0	0	0	0	0	0	1
저기다 정박시켜야 돼	0	0	1	0	0	0	0	0
저기다 정박시켜야 되는 거 아니냐	0	0	1	0	0	0	0	0
저기로 들어가면 될 거 같아	0	0	0	0	0	0	0	1
저기서 오른쪽 보라색 연보라색으로 가야 돼	0	0	0	0	0	0	0	1
저기서 한 명씩 가서 다 버텨야 되나보다	0	0	0	0	0	0	0	1
저기서 한번 와리가리 쳐줘야 돼	0	0	0	0	0	0	0	1
저기에 다같이 가보자	0	0	0	0	0	0	0	1
저기요 이거 왜 이렇게 쉬는 거야	0	0	1	0	0	0	0	0
저기요 콘콩이 왕자 근데 네가 점프했어	0	0	0	0	0	0	0	1
저는 [유저] 입니다	0	0	1	0	0	0	0	0
저는 다음 죽을 거 같은데	0	0	1	0	0	0	0	0
저는 뭐 친구 아니니까	0	0	1	0	0	0	0	0
저는 미니 콩콩이에요	0	0	1	0	0	0	0	0
저는 미니 콩콩이예요	0	0	1	0	0	0	0	0
저는 비행기에요	0	0	1	0	0	0	0	0
저는 양으로 가도록 하겠습니다	0	0	0	0	0	0	0	1
저는 여기다가 해 볼게요	0	0	0	0	0	0	0	1
저는 여기다가 해볼게요	0	0	0	0	0	0	0	1
저는 여러분을 믿어요	0	0	1	0	0	0	0	0
저는 열쇠를 가지고 있는 하얀색이에요	0	0	0	0	0	0	0	1
저는 인형입니다	0	0	1	0	0	0	0	0
저는 진짜 비겁하게 무궁화 꽃을 피웠습니다	0	0	1	0	0	0	0	0
저는 한결같아요	0	0	1	0	0	0	0	0
저는 한결같음	0	0	1	0	0	0	0	0
저도 갈게요	0	0	1	0	0	0	0	0
저도 갑니다	0	0	1	0	0	0	0	0
저도 아 안해 오케이 삼식이 방금 벽 타기 한 것 같은데 기분 탓이냐	0	0	0	0	0	0	1	0
저도 아까부터 최소 70이에요	0	0	1	0	0	0	0	0
저도 여기 처음이라 저도 비행기 타고 오다가 지금 이렇게 됐거든요	0	0	0	0	0	0	0	1
저도 염선혜입니다	0	0	1	0	0	0	0	0
저도 오 미친 아기가 되야되요	0	0	0	0	0	0	0	1
저도 준비해놨어요	0	0	0	0	0	0	0	1
저도 지금 간질간질하거든요	0	0	1	0	0	0	0	0
저도 하는 거예요	0	0	1	0	0	0	0	0
저도 한마디 할게요	0	0	1	0	0	0	0	0
저랑 콩콩 님인 것 같은데 내가 움직인 거는 나야	0	0	0	0	0	0	0	1
저래도 안돼	0	0	0	0	0	1	0	0
저러면 눌러야 되는 거 아니야	0	0	0	0	0	0	0	1
저런 거 조심해야 되는데	0	0	0	0	0	0	0	1
저런 걸 배워	0	0	1	0	0	0	0	0
저렇게 계단 계단 그렇지	0	0	0	0	0	0	1	0
저렇게 되면 무적인가 보다 무적 저 뒤로 피해야 되나 봐	0	0	0	0	0	0	0	1
저렇게 많은데	0	0	1	0	0	0	0	0
저렇게 죽었어	0	0	0	0	0	1	0	0
저렇게 하면 헷갈릴 수가 있어 진짜	0	0	0	0	0	0	0	1
저를 이제 데리고 가야 돼요	0	0	0	0	0	0	0	1
저를 적극적으로 공격하시는 거 같은데 아니 저를 적극적으로 공격하시는 거 같은데 아니요 손 열려있어 저를 야 잠깐만	0	0	0	0	0	0	0	1
저를 지금 공격하시는	0	0	1	0	0	0	0	0
저리 가 이 새끼야	1	0	0	0	0	0	0	0
저리 가 잠들 이기자 [유저] 더 오른쪽으로 가 으아아아아아아아아아 후후후우 안돼	0	0	0	0	1	0	0	0
저리 가이	0	0	0	0	0	0	0	1
저만 넘어질 수 있어	0	0	1	0	0	0	0	0
저만 졸린 거 떴어요	0	0	1	0	0	0	0	0
저만큼 껌충 뛰셨네	0	0	1	0	0	0	0	0
저번 테마는 우주였다면 이번 테마는 바다라고 합니다	0	0	1	0	0	0	0	0
저번에 깬 데까진 깨자	0	0	1	0	0	0	0	0
저번에 꽤 많지 않았나	0	0	1	0	0	0	0	0
저번에 다 하지 않았나	0	0	1	0	0	0	0	0
저번에 썼어	0	0	1	0	0	0	0	0
저번에 어디까지 깼더라	0	0	1	0	0	0	0	0
저번에 했던 거 그대로 있네	0	0	1	0	0	0	0	0
저번에는 아래는 그건데	0	0	1	0	0	0	0	0
저번이 4일동안 이었거든	0	0	1	0	0	0	0	0
저부터 갈게요	0	0	1	0	0	0	0	0
저요 2번 2번 무슨 색이시죠	0	0	1	0	0	0	0	0
저요 저요 나야	0	0	1	0	0	0	0	0
저저저저저저저저 가방 메고 가요 가방	0	0	0	0	0	0	0	1
저쪽 잡아봐	0	0	0	0	0	0	0	1
저쪽아 말을 하고 뛰어야지 이쯤을 그릴 때가 아니 저쪽아 너 뭐 하는 거야	0	0	0	0	0	0	0	1
저쪽에 두면 가야 되는데	0	0	0	0	0	0	0	1
저쪽으로 넘어가야 되겠네	0	0	0	0	0	0	0	1
저쪽으로 밀어줘야돼	0	0	0	0	0	0	0	1
저쪽으로 왼쪽으로 저기 계단으로 와야돼	0	0	0	0	0	0	0	1
저쪽으로 저쪽으로 저쪽으로 저 배 쪽으로 잠깐만 스톱스톱스톱 스톱스톱스톱 그래 그래서 저기 건너가서 저 배 타고 가는 거야	0	0	0	0	0	0	1	0
저한테 아니 저거 이쪽이 없이라고요	0	0	1	0	0	0	0	0
저한테 저한테 열쇠 어제 패스되니까 됐다	0	0	1	0	0	0	0	0
저희 모르겠어요	0	0	1	0	0	0	0	0
저희 올라가야 돼요	0	0	0	0	0	0	0	1
저희 저 못 챙겨요	0	0	1	0	0	0	0	0
저희 짐꾼 어딨죠	0	0	1	0	0	0	0	0
저희 친추나 하죠	0	0	1	0	0	0	0	0
저희 협동은 집어치우고 저희끼리 치고 박고 싸우도록 하겠습니다	0	0	1	0	0	0	0	0
저희가 이제 새해로 접어들면서 [유저] 씨가 이제 저희 더 이상 같이 못 하시기로 돼서 그래서 이제 룰 마스터로	0	0	0	0	0	0	1	0
저희는 백선했었어요	0	0	1	0	0	0	0	0
저희는 이렇게 합동하는 것보다 서로 치고 박고 싸워야죠	0	0	1	0	0	0	0	0
저희는 이제 저희끼리 대결을 할 거입니다	0	0	1	0	0	0	0	0
저희한테 딱 맞는 게임이죠 아주 동물들의 싸움	0	0	1	0	0	0	0	0
적게 가 적게 가 적게 가	0	0	0	0	0	0	0	1
적어놔야 된다고	0	0	1	0	0	0	0	0
적어도 하는데 무슨 모유야	0	0	1	0	0	0	0	0
적으시면 말씀 주세요	0	0	1	0	0	0	0	0
전 1위분 했어요	0	0	1	0	0	0	0	0
전 내릴게요	0	0	1	0	0	0	0	0
전 뭐 먹어도 됩니다	0	0	1	0	0	0	0	0
전 없는 듯	0	0	1	0	0	0	0	0
전 엽니다 얘	0	0	1	0	0	0	0	0
전 잘 모르겠어요	0	0	1	0	0	0	0	0
전 좋아요	0	0	0	0	0	0	1	0
전 책임 전가형이야	0	0	0	0	0	0	0	1
전달해 전달해 전달해	0	0	0	0	0	0	0	1
전원이 다 타야 돼요	0	0	1	0	0	0	0	0
전진 하나도 안 움직여 자자자자 비켜	0	0	0	0	0	0	0	1
전진아 이거 앞에서 막아줘야 돼	0	0	1	0	0	0	0	0
전체 1등 해야 돼	0	0	0	0	0	0	0	1
전화 받아라	0	0	1	0	0	0	0	0
전화 받지 마	0	0	1	0	0	0	0	0
전화 전화해보세요	0	0	0	0	0	0	0	1
전화발발 소리 이어	0	0	1	0	0	0	0	0
전화발발 저 왜 그래요	0	0	0	1	0	0	0	0
전화번호 아시는 분은 전화 걸어주시구요	0	0	1	0	0	0	0	0
전화주시면 안 돼요	0	0	0	0	0	1	0	0
전화하지 마	0	0	1	0	0	0	0	0
절대 누르고 싶은데	0	0	1	0	0	0	0	0
절대 막아 한 번만 해볼게 한 번만 해볼게 절대 막아 포기해 [유저] 야 포기해	0	0	0	0	0	1	0	0
절대 먼저 갈려가지마 기우자님이 갈때까지 움직이지마	0	0	0	0	0	0	0	1
절대 밟지마	0	0	1	0	0	0	0	0
절대 안 돼	0	0	0	0	0	1	0	0
절대 안 봐	0	0	0	0	0	0	0	1
절대 안 봐 위로 올라갈 필요 없어	0	0	0	0	0	0	0	1
절대 허락하지마	0	0	1	0	0	0	0	0
절로 가요	0	0	0	0	0	0	0	1
절로도 오니까 양쪽 다 하면 되네	0	0	1	0	0	0	0	0
점수 차 지금 완벽하게 압살 중입니다	0	0	1	0	0	0	0	0
점스 마지막 황금 승리 그리고 마지막으로 황금으로 왁	0	0	1	0	0	0	0	0
점심 많이 먹었어	0	0	1	0	0	0	0	0
점점 내려가 점점 내려가 이거 그냥 진짜 일자로 가야될듯	0	0	0	0	0	0	0	1
점점 어려운데	0	0	1	0	0	0	0	0
점점 어려워지니까 이제 웃기려고 안하고만 하면은 금방 쑥쑥쑥 올게요	0	0	1	0	0	0	0	0
점점 커지는데 점점 커져 아기가 되야되요	0	0	0	0	0	0	0	1
점프 개같은 게임아 오케이 야 일로 와 이쪽으로 와 일로 가자 일로 가자	1	0	0	0	0	0	0	0
점프 그래 그래 가고 그렇지	0	0	0	0	0	0	1	0
점프 나는 트랜스젠더다	0	0	0	0	0	0	0	1
점프 나와	0	0	0	0	0	0	0	1
점프 느낌 왔지	0	0	0	0	0	0	0	1
점프 뭐냐	0	0	0	0	0	0	0	1
점프 버티기 아 이 아와	0	0	0	0	0	0	0	1
점프 빨리 점프 아 저기 세형 두 명 버려	0	0	0	0	0	0	0	1
점프 아 그니까 올라오는것이 마우스 클릭하고 올라가는 거니까 점프해서 마우스 클릭한 채로 아휴 어 오케이 굿 어 님 반가워요	0	0	0	0	0	1	0	0
점프 안 했어	0	0	0	0	0	0	0	1
점프 안되잖아	0	0	0	0	0	0	0	1
점프 안했는데	0	0	0	0	0	0	0	1
점프 오케이 잘 알았구요	0	0	0	0	0	0	1	0
점프 와 점프했다	0	0	0	0	0	0	0	1
점프 왔다갔다 오케이 됐어	0	0	0	0	0	0	1	0
점프 이 새끼야 점프 아이고 형님 아이고 형님 역시 멋지십니다	1	0	0	0	0	0	0	0
점프 이요시	0	0	0	0	0	0	0	1
점프 잘해야 돼	0	0	0	0	0	0	1	0
점프 점프 뛰어 점프 뛰어 점프 뛰어 자 빨아줘 람봉 빨아줘 오케이 먹자	0	0	0	0	0	0	1	0
점프 점프 잠깐 일로 됐어	0	0	0	0	0	0	0	1
점프 점프 점프	0	0	0	0	0	0	0	1
점프 점프 점프 그렇지 그러니까 [유저] 님이 이렇게 앞서가시면 주인공이 되지 않아요	0	0	0	0	0	0	1	0
점프 점프 점프 정신 차리고 싫어한 거 아니고 아아 아아아아아아 우리 갔던 데까지 돈 투 스탑 오케이	0	0	0	0	1	0	0	0
점프 점프 점프 점프해야 됨	0	0	0	0	0	0	0	1
점프 점프어어엌	0	0	0	0	0	0	0	1
점프 풀 클릭 더해 살았다	0	0	0	0	0	0	1	0
점프 한 번 한다 [유저] 가	0	0	0	0	0	0	0	1
점프 해야돼 해야돼	0	0	0	0	0	0	0	1
점프가 안 되잖아요	0	0	0	0	0	0	0	1
점프가 안돼	0	0	0	0	0	1	0	0
점프가 안되요 자꾸 아는 머리에 올라가있어 됐다 [유저] [유저] 이자 멈춰 멈춰	0	0	0	0	0	0	0	1
점프는 해주는거 맞았어	0	0	0	0	0	0	0	1
점프당 점프당 꾹 누르면 [유저] 야 [유저] 야 좋은 생각이다	0	0	0	0	0	0	0	1
점프대 한번 갈게요	0	0	0	0	0	0	0	1
점프대를 개같은 놈 야 점프대 내가 열심히 설치해놨더니 그걸 없애면 어떡해	1	0	0	0	0	0	0	0
점프대를 여기다 설치하는 거야	0	0	0	0	0	0	0	1
점프대를 여기다 설치하는거야	0	0	0	0	0	0	0	1
점프대를 올라가보세요	0	0	0	0	0	0	0	1
점프로 가 그냥 점프로 가 야야야 다시 뺑뺑뺑뺑뺑뺑뺑뺑뺑뺑뺑뺑뺑	0	0	0	0	0	0	0	1
점프로 가라고 임마	0	0	0	0	0	0	0	1
점프로 점프로 뛰어야 돼	0	0	0	0	0	0	0	1
점프로에서 앞으로 가야돼	0	0	0	0	0	0	0	1
점프로에서 한다	0	0	0	0	0	0	0	1
점프를 [유저] 시 경고	0	0	0	0	0	0	0	1
점프를 길게 누르면 길게 점프가 돼요	0	0	0	0	0	0	0	1
점프를 꼭 할것이 7번이랑 8번은 점프를 누르고 있어야 될 것 같은데 오케이 오케이 오케이 점프 누르면 다시 왼쪽 다시 왼쪽 7번이랑 8번은 점프 만들고 있다 안 보고 있음 하나 둘 셋 좋아	0	0	0	0	0	0	1	0
점프를 내가 보기에는 개빡센데 이거 내가 보기엔 점프는 일곱명인가 봐	1	0	0	0	0	0	0	0
점프를 받아야돼	0	0	0	0	0	0	0	1
점프를 아니 이거 애매한것이 점프하면 머리 박고 떨어질까봐	0	0	0	0	0	0	0	1
점프를 피하라고 피하라고 위에 있으면 괜찮고 맞부딪히면 안돼	0	0	0	0	0	1	0	0
점프를 하지마	0	0	0	0	0	0	0	1
점프를 해야 돼	0	0	0	0	0	0	0	1
점프를 해야돼	0	0	0	0	0	0	0	1
점프점프다	0	0	0	0	0	0	0	1
점프조 올라가	0	0	0	0	0	0	0	1
점프클럽 와 이거는 업어달라 해야겠다	0	0	0	0	0	0	0	1
점프하고 있어	0	0	0	0	0	0	0	1
점프하는 거야	0	0	0	0	0	0	0	1
점프하면 6명이 안 되게 돼요	0	0	0	0	0	0	0	1
점프하면 안돼	0	0	0	0	0	1	0	0
점프하면 톱니가 닿을 거 같아가지고 움직여라	0	0	0	0	0	0	0	1
점프하면서 먹으면 돼	0	0	0	0	0	0	0	1
점프하면서 점프하면서 다같이 점프해야 돼	0	0	0	0	0	0	0	1
점프하세요	0	0	0	0	0	0	0	1
점프하자 점프	0	0	0	0	0	0	0	1
점프하지 마봐	0	0	0	0	0	0	0	1
점프하지 말고	0	0	0	0	0	0	0	1
점프할 때 내가 앞으로 조금씩 가줄게	0	0	0	0	0	0	0	1
점프할 때 잡아주고 그렇지	0	0	0	0	0	0	1	0
점프해 그냥 우리가 앞으로 갔다 대줄터니까 그래 가 버튼 눌러 빨강아 알겠어	0	0	0	0	0	0	1	0
점프해 너 먹었다	0	0	0	0	0	0	0	1
점프해 저 안 밟기만 하면 될거같아 지나가 지나가 떨어지지 말고 떨어지지 말고 발판해줄게 발판해줄게 움직이고 싶어 움직이고 싶어 기다려 기다려 기다려 발판해줄게 발판해줄게 지나가 기다려 움직이면 안돼	0	0	0	0	0	1	0	0
점프해 점프 다같이 점프 아 이거 한번 해야지 이것이 더 근데 불 켜지는건 뭐야	0	0	0	0	1	0	0	0
점프해 점프해 점프해	0	0	0	0	0	0	0	1
점프해보자	0	0	0	0	0	0	0	1
점프해봐 [유저] 맨이야	0	0	0	0	0	0	0	1
점프해봐 점프해 아니 멀리서 점프해서 들어오면 되잖아	0	0	0	0	0	0	0	1
점프해봐 점프해봐	0	0	0	0	0	0	0	1
점프해서 가	0	0	0	0	0	0	0	1
점프해서 가 알았지	0	0	0	0	0	0	0	1
점프해서 터치해서 아 오케이 웅 내 공이여 야 초록공 너무 많아 초록공 너무 많아	0	0	0	0	0	0	1	0
점프해야 되나	0	0	0	0	0	0	0	1
점프해야 되는 거 느낌 왔지	0	0	0	0	0	0	0	1
점프해야 되는 거 알지	0	0	0	0	0	0	0	1
점프해야 됨	0	0	0	0	0	0	0	1
점프해주고	0	0	0	0	0	0	0	1
정가운데 서서 상자가 돌지 센스있게 이거 비지컬로 하는거야	0	0	0	0	0	0	0	1
정국 누나	0	0	1	0	0	0	0	0
정국 아 입으로 부르는 거야	0	0	1	0	0	0	0	0
정말 고마웠어 디노야	0	0	1	0	0	0	0	0
정말 너무 똑똑해	0	0	0	0	0	0	0	1
정말 잔인한 녀석이군요	0	0	1	0	0	0	0	0
정박을 하려면	0	0	1	0	0	0	0	0
정비하고 있어 머리가 통과 닫지 않을까 많습니다	0	0	0	0	0	0	0	1
정비해 정비해야 돼	0	0	0	0	0	0	0	1
정비해야 돼	0	0	0	0	0	0	0	1
정상에 올라가는 거야	0	0	0	0	0	0	0	1
정수련 [유저] 바 형님 나오세요	0	0	0	0	0	0	0	1
정신 없을 때	0	0	1	0	0	0	0	0
정신 차려	0	0	1	0	0	0	0	0
정신 차려 이 각박한 세상에서	0	0	1	0	0	0	0	0
정신 차려봐	0	0	0	0	0	0	0	1
정신 차려봐요 님	0	0	0	0	0	0	0	1
정신아 정신 피해야돼	0	0	0	0	0	0	0	1
정신이 장난 아니네	0	0	1	0	0	0	0	0
정신차리라고	0	0	1	0	0	0	0	0
정원아 있어	0	0	1	0	0	0	0	0
정원이부터 내릴래	0	0	1	0	0	0	0	0
정자 아니에요	0	0	1	0	0	0	0	0
정자 오케 오케 굿 저거 먹어야 돼요	0	0	0	0	0	0	1	0
정자조심 잘 봐요	0	0	0	0	0	0	0	1
정진만 가죠	0	0	0	0	0	0	0	1
정체조 폐쇄호 씨 웃지마	0	0	1	0	0	0	0	0
정치까지 하네	0	0	1	0	0	0	0	0
정품 이거는 이거는 수정 무빙인데 수정 무빙 이거 좀 같는데	0	0	1	0	0	0	0	0
제 아가리를 꾹 닫고 집중해보는 시간을 갖도록 하겠습니다	0	0	0	0	0	0	0	1
제 앞으로 무빙을 하시면 어떡합니까	0	0	1	0	0	0	0	0
제 역할을 잘 하는 줄	0	0	1	0	0	0	0	0
제 오른쪽 [유저] 부터 인사 한번 하고 시작하도록 하겠습니다	0	0	1	0	0	0	0	0
제 자리로 돌아가려고 제 자리로 야 세 번은 쳤잖아	0	0	0	0	0	0	0	1
제 친구는 누구냐면요 어 저쪽에 있네	0	0	1	0	0	0	0	0
제가 4번 위에 타고 이걸 밀어볼게요	0	0	0	0	0	0	0	1
제가 [유저] 의 생계를 끊겠습니다	0	0	0	0	0	0	0	1
제가 기다려 대기	0	0	0	0	0	0	0	1
제가 뛰면 음음음 아	0	0	0	0	0	0	0	1
제가 말씀드렸잖아요	0	0	0	0	0	0	0	1
제가 먹어보겠습니다	0	0	0	0	0	0	0	1
제가 먹어요	0	0	0	0	0	0	0	1
제가 먼저 갈게요	0	0	0	0	0	0	0	1
제가 먼저 갑니다	0	0	0	0	0	0	0	1
제가 먼저 증명할게요	0	0	0	0	0	0	0	1
제가 문 열어드리죠 기우자님 물에 호흡맞고 싶으세요	0	0	0	0	0	0	0	1
제가 받쳐 드릴게요	0	0	0	0	0	0	0	1
제가 방팔게요	0	0	0	0	0	0	0	1
제가 버러지 중에 범기다	0	0	0	0	0	0	0	1
제가 보기에는 저거 블럭을 아래로 내리는 것 같아 방벽 있는 사람이 혼자 나서 아래로 내려서 내려보자 내려줘봐 비켜주세요	0	0	0	0	0	0	0	1
제가 보여드릴게요	0	0	0	0	0	0	0	1
제가 아이비비인 것 같습니다	0	0	0	0	0	0	0	1
제가 오른쪽으로 가다가 왼쪽으로 꺾으면 그 다시 D 해주셔야 돼	0	0	0	0	0	0	0	1
제가 올라가 6번 버려	0	0	0	0	0	0	0	1
제가 움직여줄게요	0	0	0	0	0	0	0	1
제가 이거 맨 왼쪽 이거 어떻게 빨리 내려가	0	0	0	0	0	1	0	0
제가 이미 W를 누른 상태였어요	0	0	0	0	0	0	0	1
제가 잘 때는 움직이고 저 찡그렸을 때 멈추는 거 아니여	0	0	0	0	0	0	0	1
제가 잘해볼게요	0	0	0	0	0	0	1	0
제가 잡아주러 왔습니다	0	0	0	0	0	0	0	1
제가 전생에 한 번 꿈에서 죽었거든요	0	0	0	0	0	1	0	0
제가 정말 더 하고 싶은 거 너무 재밌는데 지금 눈이 자꾸 감겨요	0	0	0	0	0	0	0	1
제가 제가 막겠습니다	0	0	0	0	0	0	0	1
제가 한 번 해볼게요	0	0	0	0	0	0	0	1
제가 해볼까요	0	0	0	0	0	0	0	1
제능이 있어	0	0	1	0	0	0	0	0
제대로 해	0	0	0	1	0	0	0	0
제물로 줘 제물로 줘 찾았다	0	0	1	0	0	0	0	0
제발 [유저] 랑 짝 제발 [유저] 랑 짝 제발 [유저] 랑 짝 제발 [유저] 랑 짝 제발 [유저] 랑 짝 제발 [유저] 랑 짝 진짜 우리 집에 오는 황조롱이가 쟤네 집에 갔으면 좋겠다	0	0	0	0	0	0	0	1
제발 그렇지 어휴 고마워	0	0	0	0	0	1	0	0
제발 나줘	0	0	1	0	0	0	0	0
제발 내보내	0	0	1	0	0	0	0	0
제발 넘어 가 이 강아지 새끼야	1	0	0	0	0	0	0	0
제발 노랑아	0	0	1	0	0	0	0	0
제발 노랑아 가만히 좀	0	0	0	0	0	0	0	1
제발 노랑아 제발 가만히 좀 침착해	0	0	0	0	0	0	0	1
제발 땡겨 땡겨 자 땡기고 있어	0	0	1	0	0	0	0	0
제발 멈추세요	0	0	1	0	0	0	0	0
제발 부탁드리겠습니다	0	0	1	0	0	0	0	0
제발 살려줘	0	0	1	0	0	0	0	0
제발 아 나 진짜 아 가자 가자 뭐해 비켜 비키라고 [유저] 야 들어갈 수 있는 사람 먼저 들어가야지 어떻게 들어가 게임이 아니라 리드가 부족하냐	0	0	0	0	1	0	0	0
제발 야 [유저] 뒤로 들어가 천천히 들어가 천천히	0	0	0	0	0	0	0	1
제발 야 나 점점 어디로 떨어지냐	0	0	1	0	0	0	0	0
제발 야 잠깐만 도끼야 보냈다	0	0	0	0	0	0	0	1
제발 잘라주세요	0	0	1	0	0	0	0	0
제발 잘해줄래	0	0	0	0	0	0	1	0
제발 장바 찔려 가만히 있어 제발	0	0	0	0	0	0	0	1
제발 점프	0	0	0	0	0	0	0	1
제발 제발	0	0	1	0	0	0	0	0
제발 제발 됐다	0	0	1	0	0	0	0	0
제발 제발 막 누르지 말고 그냥 한 번 누르고 기다려	0	0	0	0	0	0	0	1
제발 제발 아 내가 왼쪽으로 가면 안되겠다	0	0	0	0	0	0	0	1
제발 제발 우리 평범한 대사 떨어지지 좀 말자	0	0	1	0	0	0	0	0
제발 제발 제발	0	0	1	0	0	0	0	0
제발 제발 제발 X 자몽끼만 아니면 돼	0	0	1	0	0	0	0	0
제발 제발 제발 버텨 버텨 버텨 한 명 버텨 한 명 뚝심 잡고 버텨 제발 미친 제발 됐어	0	0	1	0	0	0	0	0
제발 좀 가	0	0	0	0	0	0	0	1
제발 좀 침착해 제발	0	0	0	0	0	0	0	1
제발 죽었으면	0	0	0	0	0	1	0	0
제발 치지 마 치지 마	0	0	1	0	0	0	0	0
제발 회색님아 네가 가만히 멈춰있은 다음에 가면 되잖아요	0	0	0	0	0	0	0	1
제발요 자 여기 그렇지	0	0	0	0	0	0	1	0
제발요 형님을	0	0	1	0	0	0	0	0
제일 마지막에 멈추면 되는 거야	0	0	1	0	0	0	0	0
제일 맨날 컨디션 안 좋아가지고 제일 먼저 퇴근하고 싶어서 말만 선행이 아래로 겁쟁이들의 쉼터 진짜 멍청하다 겁쟁이들의 쉼터 진짜 멍청하다	1	0	0	0	0	0	0	0
제일 어렵다	0	0	1	0	0	0	0	0
제재들 답변	0	0	1	0	0	0	0	0
젤리야 올라와	0	0	0	0	0	0	0	1
져라 져라 이 새끼 졌으면 좋겠다	1	0	0	0	0	0	0	0
조금 부딪히더라도 맨 마지막에 있는 내가 올라가야 되나 봐	0	0	0	0	0	0	0	1
조금 엄청 아래로 가야 되는 거 아닐까	0	0	0	0	0	0	0	1
조금 조금 밀어야지	0	0	0	0	0	0	0	1
조금더 끌고와 밑으로가서 키빼서와 빨리 키빼서와 키빼서와 얘네끼야 내놔	0	0	0	0	0	0	0	1
조금만 갈 수 있게 하자	0	0	1	0	0	0	0	0
조금만 더	0	0	1	0	0	0	0	0
조금만 더 오른쪽 일자로 서야돼	0	0	1	0	0	0	0	0
조금만 더 우리 축구합의 원년 멤버야	0	0	1	0	0	0	0	0
조금만 버텨	0	0	1	0	0	0	0	0
조금만 숨쉬지 마	0	0	1	0	0	0	0	0
조금만 앞으로 더 가게 해야돼	0	0	0	0	0	0	0	1
조금만 조금만 이쪽으로 벽에 붙어 벽에 붙어 벽에 붙어 보고있어	0	0	1	0	0	0	0	0
조금밖에 안 쳤어요	0	0	1	0	0	0	0	0
조금씩 계속 해줘야 하잖아	0	0	0	0	0	0	0	1
조금씩 그렇죠	0	0	1	0	0	0	0	0
조금씩 문 열어 문 열어 나가라 나가라 들어가 들어가 엄청 엄청 엄청 그를 화나게 하면 안돼	0	0	0	0	1	0	0	0
조금씩 보내면 돼	0	0	1	0	0	0	0	0
조금씩 움직이면 되는 것 같은데	0	0	1	0	0	0	0	0
조금씩 조금씩 그렇지 그렇지 밟아 밟아 밟아 그렇지 우리가 일로 이렇게 우리가 이거 해주면 된 이루 이새끼야 어디갔어	1	0	0	0	0	0	0	0
조금씩 조금씩 자 두 명 내려	0	0	1	0	0	0	0	0
조금씩 조금씩 조금씩 꿈틀이 꿈틀이 꿈틀이 아 됐다 오케이 이자 5분 빨리 가려고 하지 마세요	0	0	0	0	0	0	1	0
조금씩만 움직이면 되잖아	0	0	1	0	0	0	0	0
조명탄 조명탄 저도 있어 조명탄은 근데 이것이 서로 조난 됐을 때 필요한 거니까 각자 하나씩 들고 있죠	0	0	1	0	0	0	0	0
조사 놓도록 하겠습니다	0	0	1	0	0	0	0	0
조심 빨리 가 빨리 가 내가 안했다	0	0	0	0	0	0	0	1
조심 조심	0	0	0	0	0	0	0	1
조심 조심 다리 조심해 오케이 좋았다 이야	0	0	0	0	0	0	1	0
조심 조심 오케이 일단 다같이 내려가야돼	0	0	0	0	0	0	1	0
조심 조심 조심 8번이 보고 있어 8번이 보고 있어 1명은 저거 내려갔을 때 피지컬로 그냥 가 오케이 5번 오셔야 될 거 같은데 가야지 가야지	0	0	0	0	0	0	1	0
조심 조심 조심	0	0	0	0	0	0	0	1
조심하시고 발지 않게 발지 않게 발지 않게 발지	0	0	0	0	0	0	0	1
조심해 조심해 조심해 2줄	0	0	0	0	0	0	0	1
조심해야 돼	0	0	0	0	0	0	0	1
조심해야 되는데	0	0	0	0	0	0	0	1
조심했어 조심했어	0	0	0	0	0	0	0	1
조용히 있자 조심히 있자 아 얘네 너무 노잼이야	0	0	0	0	0	0	0	1
조용히 하세요	0	0	0	0	0	0	0	1
조회수가 1200만이 된다면 다시 한 번 한다고 하는데 조회수가 1주일 안에 50만이 되면 하드한 것도 해볼게요	0	0	0	0	0	0	0	1
존나 띨뻥하게 생겨가지고는	1	0	0	0	0	0	0	0
존나 매워	1	0	0	0	0	0	0	0
존나 먹어	1	0	0	0	0	0	0	0
존나 못한 존중해요	1	0	0	0	0	0	0	0
존나 빨리 먹어 존나 빨리 올라가 올라가 빨리 빨리 빨리 [유저]	1	0	0	0	0	0	0	0
존댓뻔 했다	0	0	1	0	0	0	0	0
존은 대신에 실패야	0	0	1	0	0	0	0	0
졸린 것이 사라졌다	0	0	1	0	0	0	0	0
좀 가만히 있어	0	0	0	0	0	0	0	1
좀 가비면서 하세요	0	0	0	0	0	0	0	1
좀 가줄래	0	0	0	0	0	0	0	1
좀 귀엽지 않나요	0	0	1	0	0	0	0	0
좀 기다려야 돼	0	0	0	0	0	0	0	1
좀 꺼졌으면 좋겠네	0	0	1	0	0	0	0	0
좀 끌고 오고	0	0	1	0	0	0	0	0
좀 늦었나	0	0	1	0	0	0	0	0
좀 달려 좀 달려 야 이거 언제 끝나면 왜이렇게 길어	0	0	1	0	0	0	0	0
좀 대가리 박아 대가리 박아 오늘은 여기까지 한다	0	0	0	0	0	0	0	1
좀 대각선으로 살짝 앞으로 살짝 대각선으로 해 대각선으로 어 그정도 그래그래 어 좋아	0	0	0	0	0	0	1	0
좀 더 가야돼	0	0	0	0	0	0	0	1
좀 더 달려 좀 더 달려 아악 아악 아	0	0	0	0	1	0	0	0
좀 더 땡겨 [유저] 꼼driving 더 땡겨 더 땡겨 오른쪽 오른쪽 오른쪽 봐 오른쪽 봐 보고 있어 2번이 보고 있어 1번 2번이 보고 있어 땡겨야 돼 땡겨야 돼	0	0	0	0	0	0	0	1
좀 더 빨리 이거 나와 나와 [유저] 형 나와 지금쯤 지금쯤 그렇지 그렇지 그렇지 그리고 좀 기다렸다가 여기서 슬슬 지금 내가 올라가면은 지금쯤 지금쯤 지금쯤 됐어	0	0	0	0	0	0	1	0
좀 더 좀 더	0	0	1	0	0	0	0	0
좀 더 좀 더 됐어	0	0	1	0	0	0	0	0
좀 뒤로 따져봐요 화면에서 왜 이렇게 거슬리게 가방 가방 가방 오 이거 뭐야	0	0	0	0	1	0	0	0
좀 뒤로 땡겨줘도 될 듯	0	0	1	0	0	0	0	0
좀 듣기가 그러네요	0	0	0	0	0	0	0	1
좀 떨어져도 아 야야 아 잠깐 잠깐 야 초록이랑 회색 정신 안 차려 초록이랑 회색 정신 차려	0	0	0	0	0	0	0	1
좀 많아요	0	0	1	0	0	0	0	0
좀 말좀 하지	0	0	1	0	0	0	0	0
좀 멈추라고하니까 진짜 못한다	0	0	1	0	0	0	0	0
좀 밀어봐 밀어봐 밀어봐 금방금방금방 여기서 좀 위에서 만들어야돼	0	0	0	0	0	0	0	1
좀 붙어서 오케이 오케이 하나씩 하나씩 하나씩 으악 땡기지마 땡기지마 조용히 해 조용히 해 아니 천천히 해 [유저] 빵 [유저] 빵님 땡기지마 땡기지마 아아악 땡기지마 땡겨줘 땡겨줘 땡겨줘	0	0	0	0	1	0	0	0
좀 비켜봐	0	0	0	0	0	0	0	1
좀 순서대로 해보자	0	0	0	0	0	0	0	1
좀 아 나와봐	0	0	0	0	0	0	0	1
좀 아깝게 쓴 거 같기도 하고 그것이 아니라 [유저] [유저] [유저]	0	0	1	0	0	0	0	0
좀 앞으로 가줘야 돼 댕기씨	0	0	0	0	0	0	0	1
좀 오른쪽으로 빠져도 돼	0	0	1	0	0	0	0	0
좀 왜 잘하는 척 들어야 할까	0	0	1	0	0	0	0	0
좀 잘 쳐 보라고	0	0	1	0	0	0	0	0
좀 저거를 약간 왼쪽으로 가게끔 비스듬하게 쳐야될 듯 어	0	0	0	0	0	0	0	1
좀 제발 점프	0	0	0	0	0	0	0	1
좀 좀 써주실래요	0	0	1	0	0	0	0	0
좀 침착하게 좀 해봐	0	0	0	0	0	0	0	1
좀 침착해	0	0	0	0	0	0	0	1
좀 하게 지금	0	0	1	0	0	0	0	0
좀 한번 생각해 보도록 하겠습니다	0	0	0	0	0	0	0	1
좀만 더 가 한쪽 잡아 봐	0	0	0	0	0	0	0	1
좀만 더 가면 안되는데	0	0	0	0	0	0	0	1
좀만 더 가봐	0	0	0	0	0	0	0	1
좀만 더 쑥쑥 hills 어딜 봐	0	0	0	0	0	0	0	1
좀만 붙어줘 나한테 점프를 해야돼	0	0	0	0	0	0	0	1
좁으러 가서 너무 힘들어	0	0	0	0	0	1	0	0
종 generosity 자 서면 혼자 데려가 당연하지	0	0	0	0	0	0	0	1
종종 올라와 내가 커질것이 평소대로 커져	0	0	0	0	0	0	0	1
좆됐다 이거	1	0	0	0	0	0	0	0
좋고 습사	0	0	1	0	0	0	0	0
좋다고 했죠	0	0	0	0	0	0	1	0
좋아 가자	0	0	0	0	0	0	1	0
좋아 다리를 누가 위에다가 해놨거든요	0	0	0	0	0	0	1	0
좋아 따닥	0	0	0	0	0	0	1	0
좋아 아니 놔 봐	0	0	0	0	0	0	1	0
좋아 여기 끝에 딱 그렇지 그렇지	0	0	0	0	0	0	1	0
좋아 열어	0	0	0	0	0	0	1	0
좋아 점점 맞아가고 있어 여러분 꾹 누르면 점플력이 높아요	0	0	0	0	0	0	1	0
좋아 좋아	0	0	0	0	0	0	1	0
좋아 좋아 어	0	0	0	0	0	0	1	0
좋아 좋아 여기도 까놓자	0	0	0	0	0	0	1	0
좋아 좋아 좋아	0	0	0	0	0	0	1	0
좋아 좋아 할 수 있잖아 할 수 있잖아	0	0	0	0	0	0	1	0
좋아 타야돼	0	0	0	0	0	0	1	0
좋아 한명 더 오면 넷이서 가자고 어떻게 올라가요	0	0	0	0	0	1	0	0
좋아요 좋아요	0	0	0	0	0	0	1	0
좋아하면서 만족하지	0	0	0	0	0	0	1	0
좋았다 어질어질했다 이것이 끝판이 아니었구나	0	0	1	0	0	0	0	0
좋았습니다	0	0	1	0	0	0	0	0
좋았어 잘했어	0	0	0	0	0	0	1	0
좋은 거 같애	0	0	1	0	0	0	0	0
좋은 방법이 있어	0	0	1	0	0	0	0	0
죄송 마지막이야	0	0	1	0	0	0	0	0
죄송 야 잠들 경주야	0	0	1	0	0	0	0	0
죄송 죄송	0	0	1	0	0	0	0	0
죄송 죄송 내려오세요	0	0	0	0	0	0	0	1
죄송 죄송 여유있어 여유있어 7번	0	0	1	0	0	0	0	0
죄송합니다	0	0	1	0	0	0	0	0
죄송합니다 할비 할비 이리와봐 야	0	0	0	0	0	0	0	1
죄송해요 도시	0	0	0	0	0	0	0	1
죄송해요 못 배웠어요	0	0	0	0	0	0	0	1
죄송해요 죄송해요	0	0	0	0	0	0	0	1
죄송해요 형	0	0	0	0	0	0	0	1
주로 카드 많아	0	0	1	0	0	0	0	0
주말인데요	0	0	1	0	0	0	0	0
주면 총 맞춰서는 거 같아	0	0	1	0	0	0	0	0
주변에 자라해 보이는 데 따라가면 됩니다	0	0	0	0	0	0	0	1
주인 와 왔어	0	0	0	0	0	0	0	1
주인공아 움직이지 마세요	0	0	1	0	0	0	0	0
주황 누구야	0	0	1	0	0	0	0	0
주황색 3번 저 주황	0	0	1	0	0	0	0	0
주황색 누구야	0	0	1	0	0	0	0	0
주황색 아잇	0	0	1	0	0	0	0	0
주황색 주황색 주황색 노랑 주황 노랑 주황 노랑 쏴	0	0	1	0	0	0	0	0
주황색시 아 여기 어떻게 가지	0	0	0	0	0	1	0	0
주황이 잘 지내지	0	0	1	0	0	0	0	0
죽겠네 하고 한 번만 내려가 내려가 먹어야 돼	0	0	0	0	0	0	0	1
죽는 거 보고 싶어	0	0	1	0	0	0	0	0
죽닥치 와라	0	0	0	0	0	0	0	1
죽닥치라고 한 적은 없어요	0	0	1	0	0	0	0	0
죽어 야 내가 잘했는데	1	0	0	0	0	0	0	0
죽어 죽어	1	0	0	0	0	0	0	0
죽어도 다 같이 살아도 다 같이	1	0	0	0	0	0	0	0
죽어라 죽어	1	0	0	0	0	0	0	0
죽어있다고	1	0	0	0	0	0	0	0
죽었는데요	0	0	0	0	0	1	0	0
죽었다 죽었다	0	0	0	0	0	1	0	0
죽었다고요	0	0	0	0	0	1	0	0
죽었야 죽었어	0	0	0	0	0	1	0	0
죽여도 죽여도 살아나	0	0	1	0	0	0	0	0
죽으러 가자 [유저] 야	0	0	0	0	0	0	0	1
죽으면 뒤져 아주 죽으면 뒤져버려 그냥 미안하다	1	0	0	0	0	0	0	0
죽으면 빨리 죽어라	1	0	0	0	0	0	0	0
죽으면 욕 먹어야지	0	0	1	0	0	0	0	0
죽은 거야	0	0	1	0	0	0	0	0
죽은거 아니야	0	0	1	0	0	0	0	0
죽은거 좀 할까요	0	0	1	0	0	0	0	0
죽을 것 같은데	0	0	1	0	0	0	0	0
죽을 뻔했다	0	0	1	0	0	0	0	0
준비 3 2 1 이고 그렇지 좋았다	0	0	0	0	0	0	1	0
준비 시작	0	0	1	0	0	0	0	0
준비준비준비 아 제발	0	0	1	0	0	0	0	0
준비하고 점프 준비하고 점프 준비하고 점프 그렇지 빨리 와 빨리 빨리 빨리 그렇지	0	0	0	0	0	0	1	0
준비하시고 쓰리 투 어 안닿는데 어 뭐야 아니 아니	0	0	0	0	1	0	0	0
준비하시고 여기다 있었구나	0	0	1	0	0	0	0	0
준비했다가 빨리 가자	0	0	0	0	0	0	0	1
줄 감아 줄	0	0	1	0	0	0	0	0
줄 건 줘 뚫어야돼	0	0	1	0	0	0	0	0
줄 서 봐	0	0	0	0	0	0	0	1
줄 서 줄 서 5번 5번 뭐야	0	0	0	0	1	0	0	0
줄건 줘 들어갔습니다 비켜봐	0	0	0	0	0	0	0	1
줄다리기 이자 천천히 또 올라가죠	0	0	0	0	0	0	0	1
줄로 줄로 한 명만 떨어뜨려야 돼	0	0	1	0	0	0	0	0
줄에 [유저] 는 안 들어왔다 달걀이 3개 코코넛 2개 파인애플 1개 대왕이 못 죽냐	0	0	1	0	0	0	0	0
줄에 장력이 있거든 앞으로 좀 붙여주고 붙여주고 그렇지 그렇지 아야 초록색아 그래 앞으로 미리 가지 말고 야 다 뒤로 붙어 시작하면 다 뒤로 붙어 장력이 있단 말이야	0	0	0	0	0	0	1	0
줄이 팽팽해지면서 올라오겠지	0	0	0	0	0	0	0	1
중간에 길이 있는 거 같아	0	0	1	0	0	0	0	0
중간에 박는 거 맞는 거 같네	0	0	1	0	0	0	0	0
중량 [유저] 도 안 내려온 거야	0	0	1	0	0	0	0	0
중량아 너도 와야 돼	0	0	0	0	0	0	0	1
중력이 벗어	0	0	1	0	0	0	0	0
중룡아 색깔로 얘기해줄 수 있을까	0	0	0	0	0	0	0	1
중심축이 살아있어야 되니까 알았어	0	0	1	0	0	0	0	0
쥐랄할 타이밍 끝났장	0	0	0	0	0	1	0	0
즐겁지 않니	0	0	1	0	0	0	0	0
증자를 빼고 가자고	0	0	0	0	0	0	0	1
지 혼자서 그냥	0	0	1	0	0	0	0	0
지가 못 푼 줄 모른다	0	0	0	0	0	0	0	1
지가 열쇠 쳐가지고 가놓고 열어	0	0	0	0	0	0	0	1
지가 왜 값싸지	0	0	0	0	0	0	0	1
지금 13살이요	0	0	1	0	0	0	0	0
지금 1면으로 싸운 다음에 그냥 만들면 되는 거 아닌가	0	0	0	0	0	0	0	1
지금 3번님 [유저] 가 맨 마지막 올라가네	0	0	0	0	0	0	0	1
지금 9칼 근데 참고로 말씀드리자면 제가 좀 든든해요	0	0	0	0	0	0	0	1
지금 [유저] 스펀지밥 한 번 야 이 그 새끼야	1	0	0	0	0	0	0	0
지금 가 가 가 나 무서워	0	0	0	0	0	0	0	1
지금 가 가가가	0	0	0	0	0	0	0	1
지금 가라고 좀 더 가야 뭐가 있을 거야	0	0	0	0	0	0	0	1
지금 가야돼	0	0	0	0	0	0	0	1
지금 갈게	0	0	1	0	0	0	0	0
지금 갈게요	0	0	1	0	0	0	0	0
지금 골키퍼 있거든	0	0	1	0	0	0	0	0
지금 공격하시는 거죠	0	0	1	0	0	0	0	0
지금 괜찮아	0	0	1	0	0	0	0	0
지금 그거 기어 세컨드이 피엔 피엔 피엔 정신이 나가버렸어	0	0	0	0	0	0	0	1
지금 그래 위에를 밀자 간다	0	0	0	0	0	0	1	0
지금 그렇지 그렇지 그렇지 가만히 있으면 안돼	0	0	0	0	0	1	0	0
지금 그지	0	0	1	0	0	0	0	0
지금 근데 저 띠용은 한번 당해봐야 아는거라 오케이 오케이 띠용 가가가가 야 멈춰 멈춰 멈춰 띠용 앞에서 한번 쉬었다 가기 네 띠용 앞에서 띠용 앞에서 한번 쉬었다 가지	0	0	0	0	0	0	1	0
지금 꽉 잡아 너 좀 무겁다	0	0	1	0	0	0	0	0
지금 나 아니야	0	0	1	0	0	0	0	0
지금 나가	0	0	0	0	0	0	0	1
지금 나와 나와 야 줄 맞춰 줄 맞춰 아까 했잖아	0	0	0	0	0	0	0	1
지금 내가 왜 말하는 거야	0	0	0	0	0	0	0	1
지금 너무 좋아 가	0	0	0	0	0	0	1	0
지금 노란색 좋아	0	0	0	0	0	0	1	0
지금 누구야 누구야 누구야	0	0	1	0	0	0	0	0
지금 다시 자 지금 간다	0	0	1	0	0	0	0	0
지금 돼 뛰면 돼	0	0	1	0	0	0	0	0
지금 됐어	0	0	1	0	0	0	0	0
지금 때문에 헷갈려 내가 알아서 판단 잘하는데 방금 rzeczywicie이셨다	0	0	0	0	0	0	0	1
지금 또 맨 위에 하고 싶어가지고 그냥 주인공병 걸려가지고 누구야	0	0	0	0	0	0	0	1
지금 또 죽네 너블이	0	0	1	0	0	0	0	0
지금 만세 [유저] 님도 만세 갑니다	0	0	1	0	0	0	0	0
지금 망망대로 가고 있어	0	0	0	0	0	0	0	1
지금 매우 숙련 매우 숙련 거의 합숙이었다잉 다섯번째부터 밟아 밟아 밟아 대차ilt 아 한 명씩 한 명씩 겹치지 말고 머리 겹치지 말고 간 아니 앞에 비해가 막혀서 점프가 안돼 3 sogenan 오케이 오케이 황금 황금 황금 콩콩해 콩콩해 콩콩해 아카와타 콩콩하자 [유저] [유저] [유저] 어우 뭐야	0	0	0	0	1	0	0	0
지금 먹고 싶은데	0	0	1	0	0	0	0	0
지금 먹어 더 밀어 더 밀어 자 이렇게 더 더 더 해도 돼	0	0	0	0	0	0	0	1
지금 뭐 하세요	0	0	0	0	0	0	0	1
지금 뭐야	0	0	0	0	1	0	0	0
지금 뭔 소리예요	0	0	1	0	0	0	0	0
지금 미쳤다 1번 3번 깔아주고 그렇지 이렇게 깔아줘야지	1	0	0	0	0	0	0	0
지금 미친 집중하고 있어 좋아 가만히 있어 비켜줘	0	0	0	0	0	0	1	0
지금 밀어 오케이 됐다 하나 둘 셋 이것도 먹었네	0	0	0	0	0	0	1	0
지금 베스트 스코어 너무 잘해	0	0	0	0	0	0	1	0
지금 보기 좋아	0	0	0	0	0	0	1	0
지금 보니까	0	0	1	0	0	0	0	0
지금 보면 안 돼	0	0	0	0	0	1	0	0
지금 보면 안돼 오른쪽	0	0	0	0	0	1	0	0
지금 봉춤 중	0	0	1	0	0	0	0	0
지금 빨간이랑 안 붙겠다	0	0	1	0	0	0	0	0
지금 뺄까	0	0	1	0	0	0	0	0
지금 쓰면 어떡해 엎드려 뻗쳐야지	0	0	0	0	0	1	0	0
지금 아 꼬지랄이다	1	0	0	0	0	0	0	0
지금 아무도 없어	0	0	1	0	0	0	0	0
지금 아악 뭐야	0	0	0	0	1	0	0	0
지금 안 돼요	0	0	0	0	0	1	0	0
지금 야 너는 버튼만 누르고 있는데도	0	0	1	0	0	0	0	0
지금 야 잠깐만 야 웨잇 웨잇 웨잇 야야 해 해 우리 [유저] 속도에 맞추자 회색한테 다 맞춰 속도 오케이	0	0	0	0	0	0	1	0
지금 없다가 이거 큰일날거같아	0	0	0	0	0	1	0	0
지금 여기서 면허 있으면 안 된다	0	0	1	0	0	0	0	0
지금 여기에	0	0	1	0	0	0	0	0
지금 올 때 야 저거 남은 거 밟지 마	0	0	1	0	0	0	0	0
지금 우리 [유저] 이 자식이 잉깨야 저것이 잡고있어 영차 영차 여흥차 those lights 이야	0	0	1	0	0	0	0	0
지금 우리 서 있는 밭이잖아	0	0	1	0	0	0	0	0
지금 이 난리 치고 있는	0	0	1	0	0	0	0	0
지금 이 느낌이야	0	0	1	0	0	0	0	0
지금 이 정도 한 번에 그냥 기다려 멈출 때까지 나랑 콩콩이가 제일 마지막에 가자 간다 오케이 나 정말 심한발 한 마리 나올 뻔 했잖아	0	0	0	0	0	0	1	0
지금 이 친구 지금 어리버리 어리버리 어리버리 어딜 갈래	0	0	1	0	0	0	0	0
지금 이 템포가 빨랐어	0	0	0	0	0	0	0	1
지금 이거 어떡해요	0	0	0	0	0	1	0	0
지금 이제 2탄이야	0	0	1	0	0	0	0	0
지금 인생이	0	0	1	0	0	0	0	0
지금 자 다시 떨어집니다	0	0	1	0	0	0	0	0
지금 잘 되고 있어 일단 쌓고 올라간다	0	0	1	0	0	0	0	0
지금 잡아 그렇지 여기서 뽈롱 삘롱 그대로 잡고 그렇지	0	0	0	0	0	0	1	0
지금 잡아주고 그 다음에 놔주고 돌아서 그대로 잡아주고 프로게이머의 실력이 목수일지 않았다	0	0	1	0	0	0	0	0
지금 좋다	0	0	0	0	0	0	1	0
지금 좋아	0	0	0	0	0	0	1	0
지금 좋아 쭉쭉 올라간다	0	0	0	0	0	0	1	0
지금 주인공 되가지고 그렇지 올려 올려 끌어올려 올려 올려 집착해 할 수 있어 당황하지 않을것이 올려줘	0	0	0	0	0	0	1	0
지금 지금	0	0	1	0	0	0	0	0
지금 지금 2시간 돌파했는데 한번 깨보자	0	0	1	0	0	0	0	0
지금 지금 빨리 빨리 뭐해 3명 왜 안와	0	0	0	1	0	0	0	0
지금 지금 아 아 오른쪽 밑에 밑에 밑에 왼쪽 그거 아깝다	0	0	0	0	0	1	0	0
지금 지금 아까비 이거 점프 제대로 맞춰야지 높게 뛰거든 후춘이 지금 이동방 할 생각 없어요	0	0	0	0	0	0	0	1
지금 지금 여기 하필 마지막이 나와 나와 됐다 눈꽃이 저거 눈꽃이가 넣어야되는거 아니야	0	0	0	0	0	0	0	1
지금 지금 자 자 자 기다려 기다려 간다	0	0	0	0	0	0	0	1
지금 지금 좋다	0	0	0	0	0	0	1	0
지금 지금 지금	0	0	1	0	0	0	0	0
지금 지금 지금 가	0	0	0	0	0	0	0	1
지금 지금 지금 가야 돼	0	0	0	0	0	0	0	1
지금 지금 지금 그렇지 됐다	0	0	0	0	0	0	1	0
지금 지금 지금 더 좋아	0	0	0	0	0	0	1	0
지금 지금 지금 3명 여기 오른쪽 3명 와야돼	0	0	0	0	0	0	0	1
지금 지금 지금 자 반응 반응 오른쪽 내려가고 다시 올라가 다시 올라가 위 위 위 아냐아냐 어 근데 뒤 누구야	0	0	0	0	0	0	0	1
지금 진짜 괜찮아	0	0	1	0	0	0	0	0
지금 첫 번째	0	0	1	0	0	0	0	0
지금 최대한 낮은 데서 떨궈버려야 돼	0	0	1	0	0	0	0	0
지금 카트 돌릴게요	0	0	1	0	0	0	0	0
지금 칼라가 오염됐어	0	0	0	0	0	0	0	1
지금 킷 하나 먹을게요	0	0	1	0	0	0	0	0
지금 피하식별이 제대로 안돼 뭐해	0	0	0	1	0	0	0	0
지금 할아버지한테 말 걸지 마요 얘들아	0	0	1	0	0	0	0	0
지금 호흡 미쳤다	1	0	0	0	0	0	0	0
지금까지 S는 왜 간 거야	0	0	1	0	0	0	0	0
지금부터 똑바로 안 하는 새끼들 [유저] 에 체크하라	1	0	0	0	0	0	0	0
지금부터 이고고고고고고고고고 고고고고고고고고	0	0	0	0	0	0	0	1
지금부터 진짜 5천원	0	0	1	0	0	0	0	0
지금부터 진짜 진짜 진짜 5만원	0	0	1	0	0	0	0	0
지금이 되는 판이야	0	0	1	0	0	0	0	0
지나가 지나가 지나가 비켜 비켜 아 이거 아 이거 내 위에 점프할라고하는데 왜	0	0	0	0	0	0	0	1
지나가주고	0	0	0	0	0	0	0	1
지나가주고 이 새끼야	1	0	0	0	0	0	0	0
지나갈것이요 비켜주셔야죠	0	0	0	0	0	0	0	1
지나갑니다	0	0	1	0	0	0	0	0
지도 누르고 가라고 있으면서 무슨 딱 봐도 덕계가 누르고 싶어서 지금 난리인 거임	0	0	0	0	0	0	0	1
지랄빛은 놈이 안 닫고 오면 왜 안 와	1	0	0	0	0	0	0	0
지려고했다	0	0	1	0	0	0	0	0
지려고했다 지려고했다	0	0	1	0	0	0	0	0
지붕 한 번 해보자	0	0	0	0	0	0	0	1
지숙이 너 죽고 싶어	0	0	1	0	0	0	0	0
지옥에서 프라이팬 이 새끼 바로 뺏었어	1	0	0	0	0	0	0	0
지은러스예요	0	0	1	0	0	0	0	0
직박이 형 화내지마 화내지마 화내지마	0	0	1	0	0	0	0	0
직박형 어 그치 그치 어 직박형 좋아요	0	0	0	0	0	0	1	0
직선으로 땡겨 직진으로 땡겨 2번 올라가 2번 7번 올라가 나 보고있어 3번이 봐주고 내가 보고있어 7번가고 쟤네 보고 있어요	0	0	0	0	0	0	0	1
직진 먹어주고 [유저] 님 윤호님 데려와야 돼	0	0	0	0	0	0	0	1
진심으로 간다 뭐하지	0	0	1	0	0	0	0	0
진심으로 하면 되는 거 같네	0	0	1	0	0	0	0	0
진심으로 한대	0	0	1	0	0	0	0	0
진심으로 할 거야	0	0	1	0	0	0	0	0
진짜 1등 1등 하지 마세요	0	0	1	0	0	0	0	0
진짜 [유저] 단다	0	0	1	0	0	0	0	0
진짜 [유저] 이야 진짜 있어	0	0	1	0	0	0	0	0
진짜 가만히 있어봐	0	0	0	0	0	0	0	1
진짜 감동이다 와	0	0	0	0	0	0	0	1
진짜 강소조도 기다린다	0	0	1	0	0	0	0	0
진짜 개 극악이야	0	0	1	0	0	0	0	0
진짜 개 엿같이 굴리네	0	0	0	0	0	0	0	1
진짜 개같다	1	0	0	0	0	0	0	0
진짜 겁쟁이다	0	0	1	0	0	0	0	0
진짜 게임하면서 이렇게 힘들어 보는 거 처음이야	0	0	0	0	0	1	0	0
진짜 고마워	0	0	0	0	0	0	1	0
진짜 관종새끼가 존나 많네	1	0	0	0	0	0	0	0
진짜 괜찮아 아아악 경기 받기 전에 했었어야 됐어	0	0	0	0	1	0	0	0
진짜 그러다가 니 귀에 니가 당한다고 임마 잠깐만 이거 줄어드는구나	0	0	0	0	0	0	0	1
진짜 그렇게 3번만 해 3번만 왔다 갔다 다시 한 번 갔다가 갔다가 야야야 왜왜왜 버텨 기다려 버텨 버텨 야 올라가 올라가 다시 왔다 갔다 다시 왔다 갔다 지금 맨발 맨발 맨발 내려가 내려가 내려가 다시 다시 왔다갔다 다시 왔다갔다 자 이제 맨파 올라가고 윤류 자 보자 보자 어디로 올라가 일단 올라가봐	0	0	0	0	0	0	0	1
진짜 그렇게 얘기했어	0	0	1	0	0	0	0	0
진짜 그렇듯이	0	0	1	0	0	0	0	0
진짜 까비 어 잠깐만 타이머가 있다고	0	0	0	0	0	0	0	1
진짜 깝치지 말고 올라와	0	0	0	0	0	0	0	1
진짜 깨보자	0	0	1	0	0	0	0	0
진짜 나와봐	0	0	0	0	0	0	0	1
진짜 날려 날려 날려 여기 내려와 다시 왼쪽으로 다시 왼쪽으로 다시 왼쪽으로 다시 왼쪽으로 거기가 어딨어	0	0	0	0	0	0	0	1
진짜 내가 가야돼	0	0	0	0	0	0	0	1
진짜 너무 극악 아니야	0	0	1	0	0	0	0	0
진짜 너무 무서워	0	0	1	0	0	0	0	0
진짜 너무 웃겨	0	0	1	0	0	0	0	0
진짜 누가 쳐	0	0	0	0	0	0	0	1
진짜 누구 눌러봐 이거 어떻게 놔 형 너 누구 눌러봐 본지야 니 대가리 누르기 전에 가만히 있을래	0	0	0	0	0	1	0	0
진짜 누구야	0	0	1	0	0	0	0	0
진짜 다 빨리 깨려고 했는데 니 사과해	0	0	0	0	0	0	0	1
진짜 답답해 죽겠네	0	0	0	0	0	0	0	1
진짜 대단하다	0	0	0	0	0	0	1	0
진짜 대단해요	0	0	0	0	0	0	1	0
진짜 대박이야	0	0	0	0	0	0	1	0
진짜 돌겠다	0	0	0	0	1	0	0	0
진짜 됐다	0	0	1	0	0	0	0	0
진짜 뒤질거같애	0	0	1	0	0	0	0	0
진짜 뒤질래	0	0	1	0	0	0	0	0
진짜 들어가자 들어가자 으흐흐흐 으흐흐흐 빨리하자아 가자아 이야 차라리 이것이 쉽다	0	0	0	0	0	0	0	1
진짜 또라이들이야 누나 후회하고 있죠	1	0	0	0	0	0	0	0
진짜 뛰네	0	0	1	0	0	0	0	0
진짜 말을 하고 뛰어야 하는데 그냥 뛰었잖아	0	0	0	0	0	0	0	1
진짜 멍청하다	1	0	0	0	0	0	0	0
진짜 몰랐어	0	0	1	0	0	0	0	0
진짜 못 올라갔을 거 같을 때 저기 피스톤 그거 쓰면 될 거 같아요	0	0	1	0	0	0	0	0
진짜 무서워	0	0	1	0	0	0	0	0
진짜 문 찾는 거거든	0	0	1	0	0	0	0	0
진짜 뭐하냐	0	0	0	1	0	0	0	0
진짜 미쳤네 그러지마	1	0	0	0	0	0	0	0
진짜 선행론 탭 대박 선행론 탭은 위엣길로 들어가진다고 막기 안 된다	0	0	0	0	0	0	1	0
진짜 스테이지 됐다	0	0	1	0	0	0	0	0
진짜 스피드런 스피드런 해야 돼 했던거랑 이거빨리 빨리 빨리 깨자 적어도 우리 갔던곳까지는 가자는거지	0	0	0	0	0	0	0	1
진짜 아 번개가 없겠냐고 번개 하나인데 100 100 없다고	0	0	0	0	1	0	0	0
진짜 아 진짜 꺼져봐	1	0	0	0	0	0	0	0
진짜 아까 건드리지 마가 제일 어려웠어	0	0	0	0	1	0	0	0
진짜 아깝다	0	0	0	0	1	0	0	0
진짜 아니 아이고 치매 이슈예요	0	0	0	0	1	0	0	0
진짜 아니 어떡하나 진짜	0	0	0	0	1	0	0	0
진짜 아니 이거 삼식이형이 떨어지면 되는 거라니까 아니 네가 가면 안 돼	0	0	0	0	1	0	0	0
진짜 아닙니다	0	0	0	0	1	0	0	0
진짜 아들아 개잘하네 신나 나 목이 아파서 이제 말을 못할 것 같아	0	0	0	0	1	0	0	0
진짜 아쉽다	0	0	0	0	1	0	0	0
진짜 안 해 손 놔 손 놔 손 놔	0	0	0	0	0	0	0	1
진짜 안되겠다	0	0	1	0	0	0	0	0
진짜 야 고생했다	0	0	1	0	0	0	0	0
진짜 야 쟤 컷을 왜 저렇게 잡았냐	0	0	1	0	0	0	0	0
진짜 야각치세요	0	0	1	0	0	0	0	0
진짜 약속	0	0	1	0	0	0	0	0
진짜 얘네 데리고 아무도 어떻게 사냐	0	0	0	0	0	1	0	0
진짜 어떻게 살았어	0	0	0	0	0	1	0	0
진짜 어려워 진짜	0	0	1	0	0	0	0	0
진짜 어어어 후추랑 후추랑 공이랑 골고루 해가지고 넣어버렸어	0	0	0	0	0	0	0	1
진짜 억장이 무너진다	0	0	1	0	0	0	0	0
진짜 언니 앞으로 좀 뺑겨줘야 돼	0	0	1	0	0	0	0	0
진짜 언니 이 와중에 개진질 근데 저거 알죠	0	0	0	0	0	0	0	1
진짜 에잇 파워팔렛	0	0	1	0	0	0	0	0
진짜 여기	0	0	1	0	0	0	0	0
진짜 영원아 진짜 개 웃었다	0	0	0	0	1	0	0	0
진짜 오두망정	0	0	1	0	0	0	0	0
진짜 오빠 얘 이걸 밀지 않아	0	0	1	0	0	0	0	0
진짜 와 아 잠깐만 한마디만 해도 돼	0	0	0	0	0	0	0	1
진짜 왜 한 거야	0	0	1	0	0	0	0	0
진짜 왼쪽으로 가세요	0	0	0	0	0	0	0	1
진짜 이 불도저 멈추고 봐 영하야 손가락 좀 어떻게 해	0	0	0	0	0	1	0	0
진짜 이거 게임할 줄 모르네	0	0	1	0	0	0	0	0
진짜 이거 아래는 블럭 없네	0	0	1	0	0	0	0	0
진짜 이거 저희 지금 경활임	0	0	1	0	0	0	0	0
진짜 이거 피코파카 하는 거 보면 애들의 게임 실력이 보인다고하니까	0	0	1	0	0	0	0	0
진짜 이거는 먹어도 돼	0	0	1	0	0	0	0	0
진짜 이걸 크포로 할까	0	0	1	0	0	0	0	0
진짜 이걸 하자고	0	0	1	0	0	0	0	0
진짜 이기적인 녀석이다	0	0	1	0	0	0	0	0
진짜 이렇게 움직이면 안 돼	0	0	0	0	0	1	0	0
진짜 이쁘다	0	0	1	0	0	0	0	0
진짜 이씨 진짜 꺼져라	1	0	0	0	0	0	0	0
진짜 이제와서 5천원하는건 웃겹다 지금부터 진짜 5천원	0	0	0	0	0	0	0	1
진짜 일부러 자라는 거지	0	0	1	0	0	0	0	0
진짜 일자로 서 빨리 일자로 서 빨리 올라와 올라와 아니 일자로 안 서서 돼 이 새끼들아 야 야 야 빨리 가 빨리 가 야 나부터 한 명씩 한 명씩 내가 먼저 넘어가서 볼 터니까 진행 방향이 이쪽에 있는데 빨리 와 지금 와야 돼	1	0	0	0	0	0	0	0
진짜 있어	0	0	1	0	0	0	0	0
진짜 자 이거 부숴줄게	0	0	1	0	0	0	0	0
진짜 자기중심적이다	0	0	1	0	0	0	0	0
진짜 잘못한듯	0	0	0	1	0	0	0	0
진짜 잘한다 하는데도 안해	0	0	0	0	0	0	1	0
진짜 잘해	0	0	0	0	0	0	1	0
진짜 장난하지 마	0	0	1	0	0	0	0	0
진짜 재밌겠다잉 이것이 계단쏘이브 없다	0	0	1	0	0	0	0	0
진짜 저 오늘 여기까지 하겠습니다	0	0	1	0	0	0	0	0
진짜 저 피해야되는거야	0	0	0	0	0	0	0	1
진짜 저거 바로 했지	0	0	1	0	0	0	0	0
진짜 저희까지 가지도 못하겠다	0	0	0	0	0	1	0	0
진짜 정국 아 죄송해요	0	0	0	0	0	0	0	1
진짜 제일 빡쳤다	0	0	1	0	0	0	0	0
진짜 존중해요	0	0	0	0	0	0	0	1
진짜 좋다	0	0	0	0	0	0	1	0
진짜 좋았어	0	0	0	0	0	0	1	0
진짜 주다 얘 나한테 굴 교할 수 있어 휴	0	0	0	0	0	1	0	0
진짜 죽는 거 맞아요	0	0	0	0	0	0	1	0
진짜 죽어도 아래 있을거야 멈춰 [유저] 당첨 [유저] 세번째 할거야	1	0	0	0	0	0	0	0
진짜 지금 되게 무비건조 에서 콩콩 아예 스피드 아야	0	0	1	0	0	0	0	0
진짜 치킨 받고 콜라 1장오리 또 받고 [유저] 메뉴 받고 오케이	0	0	0	0	0	0	1	0
진짜 카메라 찍으러 갈거야	0	0	1	0	0	0	0	0
진짜 토할 것 같아 화면 흔들려	0	0	1	0	0	0	0	0
진짜 피지컬 레전드 아니 이것이 이렇게 세우고 야 이거 전략당했어 계획살인이야 계획살인이야	0	0	1	0	0	0	0	0
진짜 피지컬 레전드야	0	0	1	0	0	0	0	0
진짜 하지마라 너 진짜 니 귀에 니가 속는다	0	0	0	0	0	0	0	1
진짜 한 번 해	0	0	0	0	0	0	0	1
진짜 한 번만 나와봐	0	0	0	0	0	0	0	1
진짜 한 번에 성공하나	0	0	0	0	0	0	1	0
진짜 한 번에 성공하는 거 잠깐만 우리 한	0	0	0	0	0	0	1	0
진짜 형님 근데 폴파이즈 한창 때는 저격 뚫고 1등 하기가 기본 컨텐츠였대요	0	0	0	0	0	0	0	1
진짜 화합	0	0	1	0	0	0	0	0
진짜로 개핵살인이야	0	0	0	0	1	0	0	0
진짜로 너무 아쉽네	0	0	0	0	1	0	0	0
진짜로 늦게 가고 싶어	0	0	0	0	1	0	0	0
진짜로 마지막 [유저] 우리가 처음에 이런 걸 깨보는 거 같아	0	0	0	0	1	0	0	0
진짜로 모공이 쪼라들었어	0	0	0	0	1	0	0	0
진짜로 아 노력할게 [유저] 실망하지 마줘 꼭 또 큰 똥을 싸주길 바래	1	0	0	0	0	0	0	0
진짜로 아까에 비하면 너무 쉬워 천국이야	0	0	0	0	1	0	0	0
진짜로 안되겠다	0	0	0	0	1	0	0	0
진짜로 오바야	0	0	0	0	1	0	0	0
진짜로 이동 안 하세요	0	0	0	0	1	0	0	0
진짜로 줄 정리해봐 줄 정리 좀 그래 그래 그래 우리가 가서 먹으면 돼	0	0	0	0	1	0	0	0
진짜로 진짜로	0	0	0	0	1	0	0	0
진짜로 진짜로 아니 아니 저 아니 그 진짜 딱 여기 위치가 입구거든	0	0	0	0	1	0	0	0
진짜야 이거 진짜야 빠르게 가자 빠르게 가자 이번엔 아니 각자 자리에서 해 각자 자리에서 하라고	0	0	0	0	0	0	0	1
질병기 같아	0	0	1	0	0	0	0	0
질서 정연해야돼	0	0	0	0	0	0	0	1
짐꾼님 가서 살려고해요	0	0	0	0	0	0	0	1
집사 지켜줄께	0	0	1	0	0	0	0	0
집에 들어가기 싫어서 그래요	0	0	0	0	0	0	1	0
집이 빡세네	0	0	1	0	0	0	0	0
집중 집중	0	0	1	0	0	0	0	0
집중하고 자기 캐릭터만 봐	0	0	0	0	0	0	0	1
집중할것이 따닥 한 번 하자	0	0	1	0	0	0	0	0
집중해 집중해 집중해	0	0	0	0	0	0	0	1
집중해봐요	0	0	0	0	0	0	0	1
집중해야 돼	0	0	0	0	0	0	0	1
집중해야지 움직여 움직여 움직여 아래 있는건 콩콩이가 잘하니까 콩콩이가 애들 발판해줘 콩콩이가 발판해줘 이자 목적에 멈춰 천천히 가 천천히 가	0	0	0	0	0	0	0	1
집착할게요	0	0	1	0	0	0	0	0
짜잔 나에요	0	0	1	0	0	0	0	0
짜증 깔짝을 좀 더 빨리 말해 주시면 좋을 것 같아요	1	0	0	0	0	0	0	0
짝 쪄야돼 2명씩 올라가라고 2명 3명 2명이에요	0	0	0	0	0	0	0	1
짝수는 오른쪽이라고	0	0	1	0	0	0	0	0
짠 짠 레벨2 뭐야	0	0	0	0	1	0	0	0
짧게 누르면 짧게 점프 되고	0	0	0	0	0	0	0	1
짧게 톡 웅 기우자 잘가 웅 윤녀 잘가	0	0	0	0	0	0	0	1
짧은 시간에 그렇게 팀웍이 방송이	0	0	1	0	0	0	0	0
짬쎄 괜찮아요	0	0	1	0	0	0	0	0
짭 호소인 호소인 짭인데 자 그래서 오늘은예 4인 해안저스 합방입니다	0	0	0	0	0	0	1	0
쨔아아아악	0	0	0	0	1	0	0	0
쪼커 쓴다 쟤	0	0	1	0	0	0	0	0
쪼커 없이	0	0	1	0	0	0	0	0
쪼커 있다니까	0	0	1	0	0	0	0	0
쪼커는 있잖아	0	0	1	0	0	0	0	0
쪼커도 없어 나	0	0	1	0	0	0	0	0
쪽씨 나다 싶으면 대답해야지 금쪽씨 하양님 부른다고요	0	0	0	0	0	0	0	1
쫄보마냥 씨발 놈들 이거야	1	0	0	0	0	0	0	0
쭉 가 쭉 가 쭉 가	0	0	0	0	0	0	0	1
쭉 가고 여기서 한 번 따닥 가자 따닥	0	0	0	0	0	0	0	1
쭉 가면 돼 앞으로 앞으로 빨리가 빨리가	0	0	0	0	0	0	0	1
쭉 가봐 사탕 쳐다보지마	1	0	0	0	0	0	0	0
쭉 가서 쭉 가서 가서 어디로 가는거야	0	0	0	0	0	0	0	1
쭉 갈게 쭉 갈게 쭉 가고 자 올라가고 세계에서 가장 어려운 게임 그거 나 진짜 어려워질라 그래 오케이 자 한 번 보고 괜찮죠	0	0	0	0	0	0	1	0
쭉 그냥 그리고 열쇠	0	0	1	0	0	0	0	0
쭉 밀어도 돼	0	0	0	0	0	0	0	1
쭉쭉 가야 돼요 이거	0	0	0	0	0	0	0	1
쭉쭉 가자 쭉쭉 가자	0	0	0	0	0	0	0	1
쭉쭉 고 우리는 항상 생각해 우리는 항몸이야 알겠지	0	0	0	0	0	0	0	1
쭉쭉쭉쭉쭉쭉 아 뭐 있네 흐흐흐 나 무서워 흐흐흐 이얍	0	0	1	0	0	0	0	0
찡찡대는 사내새끼가	1	0	0	0	0	0	0	0
차라리 도와줄게	0	0	0	0	0	0	0	1
차라리 이것이 쉬워	0	0	1	0	0	0	0	0
차지합니다	0	0	1	0	0	0	0	0
착착착착 야 이것이 줄이 어느정도까지가 늘어나는 그것이 있네 고무줄인가보다	0	0	0	0	0	0	0	1
착하고 이쁜 말 다른 포지션들을 위해 이거는 아 정말 학습이 안되나본다	0	0	0	0	0	0	0	1
착한 애들이 밑에 있어야 돼	0	0	1	0	0	0	0	0
찰칵 아아 대박 대박 대박 [유저] [유저] [유저] 이나 코서 떨려 조용히해 혼자서 해봐	0	0	0	0	0	0	1	0
참고로 아 벽에 붙어있는데 왜 못 쏴	0	0	1	0	0	0	0	0
참나 이것이 디가 가는 것이 맞긴 해	0	0	0	0	0	0	0	1
참식아 들어와 들어와 MVP님	0	0	0	0	0	0	0	1
참식아 해봤다며 왜 이렇게 오벼하고 싶어해 떨어지면 주인공이지 않을까	0	0	0	0	0	0	0	1
찾는 거 보니까 조금	0	0	1	0	0	0	0	0
찾아 놀랬다	0	0	1	0	0	0	0	0
찾아야 돼	0	0	1	0	0	0	0	0
찾았다 찾았다 찾았다	0	0	1	0	0	0	0	0
찾은 다음에 어떻게 해야 돼	0	0	0	0	0	1	0	0
채색 안 눈대	0	0	1	0	0	0	0	0
채팅 느린순위 적어놔야겠다 키는 못바꾸나봐요	0	0	0	0	0	0	0	1
채팅을 어떻게 바꿀까	0	0	0	0	0	1	0	0
책 가지러 가야겠다	0	0	0	0	0	0	0	1
책 봐야겠다	0	0	0	0	0	0	0	1
책에서 색깔 바꿀 수 있나	0	0	1	0	0	0	0	0
책을 내가 버리고 왔나	0	0	0	0	0	0	0	1
책이 안 적혀 있어요	0	0	1	0	0	0	0	0
책이 없어요	0	0	1	0	0	0	0	0
책임 소재가 넘어가버렸죠	0	0	0	0	0	0	0	1
챙겼잖아요	0	0	1	0	0	0	0	0
처각 몰라 이거를	0	0	1	0	0	0	0	0
처리하면 앞으로 가서 아 있어	0	0	0	0	0	0	0	1
처리해주세요	0	0	0	0	0	0	0	1
처음 하는 사람이 아닌가 봐	0	0	0	0	0	0	0	1
처음부터 과감하게 가겠습니다	0	0	0	0	0	0	0	1
처음부터 이렇게	0	0	1	0	0	0	0	0
처음부터 처먹은 다음에 씨발	1	0	0	0	0	0	0	0
처음부터는 아니다	0	0	1	0	0	0	0	0
처음부터야	0	0	1	0	0	0	0	0
처음에 드롭킹 무조건이야 이거 무조건 무조건 일로와 일로와 일로와	0	0	0	0	0	0	0	1
처음에 뭐였는데	0	0	1	0	0	0	0	0
처음에 요쪽으로 와 요쪽으로 와	0	0	0	0	0	0	0	1
척척이 우리 잡았어	0	0	1	0	0	0	0	0
천지가 개벽하네	0	0	0	0	0	0	0	1
천천히 가야되는데 아아아아아아아아 이것이 뭐야	0	0	0	0	1	0	0	0
천천히 그냥 천천히 가 아쉽게 선발대 선발대 콩콩 겁없는 사람 특 제일 앞에 있음	0	0	0	0	0	0	0	1
천천히 대신 말씀 주세요	0	0	0	0	0	0	0	1
천천히 멈춰 다시 하자 다시 하자 다시 뒤로 반동 주고 앞으로 갈 때 앞으로 갈 때 오 그렇지 점프하지 말고 그렇지 그렇지 들어갔다	0	0	0	0	0	0	1	0
천천히 쏙 그렇지 쏙 쏙 들어가면 되는거야	0	0	0	0	0	0	1	0
천천히 아 천천히 야 이거 어떻게 달려야 되냐	0	0	0	0	0	1	0	0
천천히 오세요	0	0	0	0	0	0	0	1
천천히 일로 좀 와요	0	0	0	0	0	0	0	1
천천히 좋아요	0	0	0	0	0	0	1	0
천천히 쨘쨘이 쨘쨘이 왜 밀어 왜 그래	0	0	0	1	0	0	0	0
천천히 천천히	0	0	0	0	0	0	0	1
천천히 천천히 와	0	0	0	0	0	0	0	1
천천히 폰트 1번 [유저] 이야	0	0	0	0	0	0	0	1
천천히 하세요	0	0	0	0	0	0	0	1
천천히 해 천천히	0	0	0	0	0	0	0	1
천천히 해도 돼	0	0	0	0	0	0	0	1
천천히 해서 와	0	0	0	0	0	0	0	1
천천히해 천천히해 천천히해	0	0	0	0	0	0	0	1
첫 게임이라서 어떻게 하는 거야	0	0	0	0	0	1	0	0
첫 술에 배부를 수 없어요	0	0	1	0	0	0	0	0
청소기다 청소기 저 분 빨아들여줘야 될 것 같은데 연어 땡겨줘야 돼	0	0	1	0	0	0	0	0
청소년한테 유행 결견 안나오지	0	0	1	0	0	0	0	0
청첩질개는 청첩질개	0	0	1	0	0	0	0	0
체력 좀 먹자	0	0	1	0	0	0	0	0
체력이 없어서 올라갈 수가 없는데	0	0	0	0	0	0	0	1
체인 [유저] 체인 [유저] 아야야 끌어올려 뒤지기 싫으면 끌어올려요	1	0	0	0	0	0	0	0
체인 런처래요	0	0	1	0	0	0	0	0
체인 아깝게 썼네	0	0	1	0	0	0	0	0
체크 포인트	0	0	1	0	0	0	0	0
쳐다보기도 싫네	0	0	1	0	0	0	0	0
쳐다볼 시간이 어딨어	0	0	1	0	0	0	0	0
쳐다봐야 돼	0	0	0	0	0	0	0	1
초대해봐 거시기 초대를 해줘야 들어오는거 같아	0	0	0	0	0	0	0	1
초록 어디였어	0	0	1	0	0	0	0	0
초록공 죽여 초록공	0	0	1	0	0	0	0	0
초록색 내 마음속에 저장	0	0	1	0	0	0	0	0
초록색 뭔데 여기 여기 그렇지	0	0	0	0	0	0	1	0
초록색 부터 그 다음에 초록색 올리고 뒤로가 뒤로가 제일 뒤로가 제일 뒤로가	0	0	0	0	0	0	0	1
초록색 하하하하하하하하 하하하하하하하 봉쇄	0	0	1	0	0	0	0	0
초록아 초록아 앞에 가있지 말라고 지금 안 쏘는 애들아 나와 나와 나와 나왔어	0	0	0	0	0	0	0	1
초록아 초록아 초록아	0	0	1	0	0	0	0	0
초사이언이야	0	0	1	0	0	0	0	0
초점이 저 저리 소재의 윤도 너무 빨라 더 빨라 더 빨라 더 빨라 너무 빨라요	0	0	1	0	0	0	0	0
촉수가 어딨죠	0	0	0	0	0	0	0	1
촘촘하게 다른 후추가 끌면 돼	0	0	0	0	0	0	0	1
총 12명 [유저] 라운드 안녕하세요	0	0	0	0	0	0	0	1
총 맞춰서	0	0	1	0	0	0	0	0
총 올라온다	0	0	1	0	0	0	0	0
총이 이렇게 너무 가까이 붙으면	0	0	0	0	0	0	0	1
총쥐었어 잉깨야 이것이 맞아	0	0	0	0	0	0	1	0
총총한 계단	0	0	1	0	0	0	0	0
최고의 팀워크 접착해 접착해 [유저] 가 왼쪽	0	0	0	0	0	0	1	0
최대 크기 8번 누구야	0	0	1	0	0	0	0	0
최대한 넓은 쪽에 있어야 돼	0	0	1	0	0	0	0	0
최악의 선장이었어	0	0	1	0	0	0	0	0
최종 승자는 50점을 먼저 모으는 자 그리고 그때 점수가 가장 낮은 사람이 꼴찌가 될 거야	0	0	0	0	0	0	0	1
추억의 게임이다	0	0	1	0	0	0	0	0
추후에 망설임이 없으셔	0	0	1	0	0	0	0	0
축구 먼저 해보자 축구 한번 먼저 해보자	0	0	0	0	0	0	0	1
축하드립니다	0	0	1	0	0	0	0	0
축하할 때 원래 껴안아줘야 되는데 껴안아 준 적이 없어서 그래	0	0	0	0	0	0	1	0
축하해 나를 믿겨 아까 루테 때문에 못들어와요	0	0	0	0	0	0	0	1
출근하셔도 되지 않을까요	0	0	1	0	0	0	0	0
출발 이우우 힘이 부족해 저기 뀨우 뀨우 이자 비키세요	0	0	0	0	0	0	0	1
출발 출발	0	0	1	0	0	0	0	0
출발 출발 버전 밑에 버전 밑에 출발 가자 가자 마지막 도전 마지막 도전 아 왜 왜 그래	0	0	0	1	0	0	0	0
출발하기 전에 제가 출발하라고 하면 출발하고 [유저] 앞에 이거 있는거 알죠	0	0	0	0	0	0	0	1
출발하지마 점프해 점프 아 이거 대각선으로 해야 돼	0	0	0	0	0	0	0	1
출발합니다	0	0	1	0	0	0	0	0
출제자로 그러면 우리 오늘 오전부터 이렇게 그냥 돌까요	0	0	1	0	0	0	0	0
춤 그만 추고	0	0	0	0	0	1	0	0
충분히 많이 뚫었어	0	0	1	0	0	0	0	0
취직력인가 이것이	0	0	0	0	0	0	0	1
치 손이 안 보여져서 저래	0	0	1	0	0	0	0	0
치매 이슈예요	0	0	1	0	0	0	0	0
치전 때문에 정신 공격받음	0	0	1	0	0	0	0	0
치킨 선두 치킨 선두 치킨이 들어갔구요	0	0	1	0	0	0	0	0
치킨 재주 가면서 먹는 거인데	0	0	0	0	0	0	0	1
치킨 주기 싫어	0	0	1	0	0	0	0	0
치킨은 내 거야	0	0	1	0	0	0	0	0
치킨은 잼민이랑 우리 사쿠라짱에게 드리도록 하겠소 하겠소는 뭐야 하겠고 너무 지치네요	0	0	0	0	1	0	0	0
치킨이 1등을 차지	0	0	1	0	0	0	0	0
치킨이 막아버렸는데 제가 한번 [유저] ᆯ게요	0	0	0	0	0	0	0	1
치킨이 막은 거 한번 [유저] ᆯ게요	0	0	1	0	0	0	0	0
치킨이 선두를 차지하는데 아	0	0	1	0	0	0	0	0
친구 이름을 지어달라고하고요	0	0	1	0	0	0	0	0
친구가 안돼 친구가 안돼 오른쪽	0	0	0	0	0	1	0	0
친구가 없으세요 어디에요	0	0	0	0	0	0	0	1
친구들 고생했어	0	0	1	0	0	0	0	0
친구들이 칭찬에 좀 박해요	0	0	0	0	0	0	0	1
친구를 3명 잃었어요	0	0	1	0	0	0	0	0
친구를 머리 위에다 얹고 앉으면 점프시킬 수 있다	0	0	0	0	0	0	0	1
친구야 나 업어줘 내 친구 내 친구 벌렁	0	0	1	0	0	0	0	0
칠각형이 다 누르라고	0	0	1	0	0	0	0	0
침대 누워보고 사야지	0	0	1	0	0	0	0	0
침착하게 나도 하기 싫어요	0	0	1	0	0	0	0	0
침착하게 우리 같이 친구하자	0	0	0	0	0	0	0	1
침착하게 침착하게 침착하게 나도 하기 싫은데 폭언을 해야돼요	0	0	0	0	0	0	0	1
침착하되 빨리 가야 돼	0	0	0	0	0	0	0	1
침착하라고	0	0	1	0	0	0	0	0
침착한 발 올림	0	0	1	0	0	0	0	0
침착한 플레이	0	0	1	0	0	0	0	0
침착한 플레이로	0	0	1	0	0	0	0	0
침착해 침착해	0	0	0	0	0	0	0	1
침착해 침착해 침착해 된근철 뒤에 뒤에	0	0	0	0	0	0	0	1
침추 예에 전 침착할게요	0	0	1	0	0	0	0	0
칭찬하면서 해봐요	0	0	0	0	0	0	0	1
칭찬하면서 해요	0	0	0	0	0	0	0	1
칭찬하지마	0	0	1	0	0	0	0	0
카드 되게 많아	0	0	1	0	0	0	0	0
카드 많아	0	0	1	0	0	0	0	0
카드로 해요	0	0	0	0	0	0	0	1
카운트 시간 많아	0	0	1	0	0	0	0	0
카운트 카운트 되네 카운트	0	0	1	0	0	0	0	0
카이 그렇다 [유저] 가자 가자 가자 와라와라	0	0	0	0	0	0	0	1
카이 이렇게 나 잘하지	0	0	1	0	0	0	0	0
카트리로 가	0	0	0	0	0	0	0	1
카트리로 핫하하 끝이 아냐	0	0	1	0	0	0	0	0
칼번개 있어	0	0	1	0	0	0	0	0
칼을 뽑았으면 네 끝을 볼 수도 있어 조심해	0	0	0	0	0	0	0	1
칼이 없어	0	0	1	0	0	0	0	0
캐리어 [유저] 대기실 가봐라	0	0	0	0	0	0	0	1
캐릭터 고를 수가 있네요	0	0	0	0	0	0	0	1
캐릭터 충돌이 있네	0	0	1	0	0	0	0	0
캐릭터가 엄청	0	0	0	0	0	0	0	1
캬아아아아아 와아아아아 와 [유저] 이겼다	0	0	0	0	1	0	0	0
커피 뿜을 뻔했는데 말 미친 새끼가 내가 말이었으면 아 나 커피 뿜을 뻔했는데 아 난 새끼람마 너무 웃기네	1	0	0	0	0	0	0	0
컨트롤 누가 할래	0	0	0	0	0	0	0	1
컨트롤 눌러봐봐	0	0	0	0	0	0	0	1
컨트롤 이슈 레전드야	0	0	1	0	0	0	0	0
컨트롤 이슈다	0	0	1	0	0	0	0	0
컨트롤 컨트롤 미세 컨트롤 오 됐다	0	0	1	0	0	0	0	0
컬러 맞추는 것이 좋대	0	0	1	0	0	0	0	0
컴퓨터가 돔 뭐예요	0	0	0	0	0	0	0	1
컷 컷 컷 [유저] 구구구구구 세에에에에에에에에에에 와아 우리 씨앗 좀 하고 오자 나도 씨앗 좀 먹을게	0	0	0	0	0	0	0	1
코요 화이팅	0	0	0	0	0	0	1	0
코인 세계 안 모아	0	0	1	0	0	0	0	0
코인 세계 안모아	0	0	1	0	0	0	0	0
코인 오오오 다시 돌아가고 올라가고 반응 한번 하고 그렇지 올라가고 반응 한번 하고 올라가 올라가	0	0	0	0	0	0	1	0
코카콜라 맛있다	0	0	1	0	0	0	0	0
코코넛 가방에 좀 챙겨봐요	0	0	0	0	0	0	0	1
코코넛 왜 저렇게 됐어	0	0	1	0	0	0	0	0
코팥집 먹었어	0	0	1	0	0	0	0	0
콜라 [유저] 콜라 [유저] 콜라 [유저] [유저] [유저] 우리 프사 안바꾼다	0	0	1	0	0	0	0	0
콩이 어떻게 올라오는데	0	0	0	0	0	1	0	0
콩이 하이	0	0	1	0	0	0	0	0
콩추바지웅	0	0	1	0	0	0	0	0
콩콩 안 사야돼	0	0	1	0	0	0	0	0
콩콩 안돼	0	0	0	0	0	1	0	0
콩콩 저거 이야야야	0	0	1	0	0	0	0	0
콩콩아 너 오른쪽 오른쪽 누나 그리고 가운데 가운데 가운데 여기 채우려고 하네 세워 세워 세워 3시간 세워	0	0	0	0	0	0	0	1
콩콩아 지금부터 진짜 5천원	0	0	1	0	0	0	0	0
콩콩아 한 층 더 쌓아야 돼	0	0	1	0	0	0	0	0
콩콩양띵입니다	0	0	1	0	0	0	0	0
콩콩을 안 사야돼	0	0	1	0	0	0	0	0
콩콩을 진짜 안 뱉어서 들어가 콩콩이 뱉지많아	0	0	0	0	0	0	0	1
콩콩이 개 같은 놈 차단	0	0	1	0	0	0	0	0
콩콩이 때문에 못하게 해	0	0	0	0	0	0	0	1
콩콩이 머리 밟고 가야돼	0	0	0	0	0	0	0	1
콩콩이 빠지고	0	0	1	0	0	0	0	0
콩콩이 한 거 맞는 거 같아	0	0	1	0	0	0	0	0
콩콩이가 내려가야 돼	0	0	0	0	0	0	0	1
콩콩이가 점프했어	0	0	0	0	0	0	0	1
콩콩이가 점프했어 장벽	0	0	0	0	0	0	0	1
콩콩이랑 하기 싫어요	0	0	1	0	0	0	0	0
크게 해서 와 그냥	0	0	0	0	0	0	0	1
크게 해서 하면 못 지나가잖아	0	0	0	0	0	0	0	1
크기가 다르니까 그럼 내가 4번이야	0	0	0	0	0	0	0	1
크하하하하하하 어렵지	0	0	1	0	0	0	0	0
큰 거 온다 크크	0	0	1	0	0	0	0	0
큰일 났네 이거	0	0	0	0	0	1	0	0
큰일 났다	0	0	0	0	0	1	0	0
큰일 났습니다	0	0	0	0	0	1	0	0
큰일인데 이거	0	0	0	0	0	1	0	0
클리어 아니 왜 다 힘들어	0	0	0	0	0	1	0	0
클리어 투 연정연승 그거 와 우리 아직 두 개밖에 안 했어	0	0	0	0	0	0	1	0
클릭해 보면 무슨 생각이 나 흰색 흰색 막을랑 막을랑 이 쉬운걸 이 쉬운걸 막을랑 막을랑 막아봐	0	0	0	0	0	0	0	1
키 좀 크지	0	0	1	0	0	0	0	0
키보드 뗐다고 어 뗐어요	0	0	1	0	0	0	0	0
키보드 손때 진짜 하지만 키보드 손때 진짜야	0	0	1	0	0	0	0	0
킬을 먹으면 되는거같아요	0	0	1	0	0	0	0	0
킹코킹크2가 나올 줄이야	0	0	0	0	0	0	0	1
킹크 부화	0	0	1	0	0	0	0	0
타겟 타임 001초랑 가까운 사람이 이기는 거네	0	0	0	0	0	0	0	1
타고 있어야 되네	0	0	1	0	0	0	0	0
타셉 타셉 오케이 누락 누락 타셉 갑니다	0	0	0	0	0	0	1	0
타이밍 너무 좋은데	0	0	1	0	0	0	0	0
타이밍 맞았는데 올라갈 수 있지않아 위에 사람부터 먼저 가주세요	0	0	0	0	0	0	0	1
타이밍 보자	0	0	1	0	0	0	0	0
타이밍 없을 때 됐다 지금이다	0	0	1	0	0	0	0	0
타이밍 이때야	0	0	1	0	0	0	0	0
타이밍 잘 맞춰야 된다니까	0	0	1	0	0	0	0	0
타이밍 좋다 내려갈게 아아아아아아악 아 진짜 와 근데 진짜 방금 나 취했어	0	0	0	0	1	0	0	0
타이밍보자	0	0	1	0	0	0	0	0
타이밍에 타이밍에 올라가야 돼	0	0	0	0	0	0	0	1
타이밍을 봤는데 죄송합니다	0	0	1	0	0	0	0	0
타이밍이 망쳐가지고 알겠다	0	0	0	0	0	0	0	1
타임 타임 타임 결계인가	0	0	0	0	0	0	0	1
탈출 카드	0	0	1	0	0	0	0	0
탐킥아 나와봐	0	0	0	0	0	0	0	1
탐킥아 이걸 잘하는 사람이 앞으로 점점 가야돼	0	0	0	0	0	0	0	1
탑 세워 탑 세워 탑 세워봐	0	0	0	0	0	0	0	1
탑 쌓는 거 알지	0	0	1	0	0	0	0	0
탑 하면은 이제 우리가 또 잘 쌓잖아 이제	0	0	0	0	0	0	0	1
탑4 탑4 야 이거 소독해 소독해 스톱 스톱 스톱 그렇지 탑4 탑4 가자 가자 가자 이동 이동 이동 고 고 고 그렇지 그렇지 그렇지 이거야	0	0	0	0	0	0	1	0
태워 타 타	0	0	1	0	0	0	0	0
태초말은 가지마	0	0	0	0	0	0	0	1
택하 가자	0	0	0	0	0	0	0	1
탭 눌러 탭 눌러 이걸로 소통 되거든	0	0	0	0	0	0	0	1
탭도 안돼 탭도 안돼	0	0	0	0	0	1	0	0
터진다 터진다	0	0	1	0	0	0	0	0
턴이 뭐 이렇게 빨리 넘어가요	0	0	0	0	0	0	0	1
테두리 해야되	0	0	0	0	0	0	0	1
테두리 해야된다	0	0	0	0	0	0	0	1
테드벛 때	0	0	1	0	0	0	0	0
테트리스 개못하네	0	0	1	0	0	0	0	0
토시 아니야	0	0	1	0	0	0	0	0
톡 누르는 거예요	0	0	1	0	0	0	0	0
톡 아 이거 어려운 거 아닌데 쉬운데	0	0	1	0	0	0	0	0
통 하나 둘	0	0	1	0	0	0	0	0
퇴근하러 가자	0	0	0	0	0	0	0	1
투 플레이어 원 바디	0	0	1	0	0	0	0	0
툭 빼고 있는 애기다	0	0	1	0	0	0	0	0
툭툭하면 안깬다 툭툭하면 안깨 툭툭하면 안깨 많이만 안가면 돼	0	0	0	0	0	0	0	1
퉁 퉁 중간중간에 이렇게 빨리 뛰는 새끼들 누구야	1	0	0	0	0	0	0	0
튕겼나 보다	0	0	1	0	0	0	0	0
트워 트워 트워	0	0	1	0	0	0	0	0
특이한 거다	0	0	1	0	0	0	0	0
틀릴뻔 했잖아	0	0	1	0	0	0	0	0
티가 없어요	0	0	0	0	0	0	0	1
티스피드 한번 보여줘	0	0	1	0	0	0	0	0
팀을 이렇게 해요	0	0	0	0	0	0	0	1
팀이 이로 개트롤이네	0	0	1	0	0	0	0	0
팀플 맞아졌어 맞아졌어	0	0	0	0	0	0	1	0
팀플 좋아 한번 더 연속적으로 가는 거야	0	0	0	0	0	0	1	0
팀플 찢었다	0	0	1	0	0	0	0	0
파란 나와봐	0	0	0	0	0	0	0	1
파란물되면 아 저기요	0	0	1	0	0	0	0	0
파란불 빨간 불이네 신호등 신호등 아 신호등 깜빡깜빡 하면 멈춰야 된다 스톱스톱스톱 오케이	0	0	0	0	0	0	1	0
파란색 내가 움직여야 돼	0	0	0	0	0	0	0	1
파란색 박스	0	0	1	0	0	0	0	0
파란색 생선은 나한테 정답을 알려줘야 돼	0	0	1	0	0	0	0	0
파란색 아까 오른쪽이었는데	0	0	1	0	0	0	0	0
파란색만 밀수있나봐	0	0	0	0	0	0	0	1
파란색은 저 위에 있고 분홍색 파이프는 어딨지	0	0	1	0	0	0	0	0
파란색이 어디 있지	0	0	1	0	0	0	0	0
파랑 그냥 파랑	0	0	1	0	0	0	0	0
파랑 이렇게 하면 되잖아	0	0	1	0	0	0	0	0
파랑 파랑	0	0	1	0	0	0	0	0
파스테이지 해야겠지	0	0	0	0	0	0	0	1
파이대 퓨 [유저] 야 폭탄같은거 좀 쏴봐	0	0	0	0	0	0	0	1
파이팅 하자	0	0	0	0	0	0	1	0
파티 최저	0	0	1	0	0	0	0	0
파하하하하하하하 어떻게 저렇게 몸개그를 할 수가 있대	0	0	0	0	0	1	0	0
팔 벌리면 팔 잘려	0	0	1	0	0	0	0	0
팔 좀 잡아줘요	0	0	1	0	0	0	0	0
팔 한쪽 나왔어	0	0	1	0	0	0	0	0
팔을 여기로 뻗어	0	0	1	0	0	0	0	0
팔이 말을 안 듣는다고 잘라버릴 순 없잖아	0	0	1	0	0	0	0	0
패급 건거 완료	0	0	1	0	0	0	0	0
패급인 거	0	0	1	0	0	0	0	0
패드로 해야겠는데 이거	0	0	0	0	0	0	0	1
패크 봐 머쌉니다	0	0	0	0	0	0	0	1
패턴 봐야지 먹으면 열리나 보다	0	0	0	0	0	0	0	1
패턴이 다 눈에 보이긴 하잖아	0	0	1	0	0	0	0	0
팽돌아 일자리 가	0	0	0	0	0	0	0	1
팽돌아 힘내	0	0	0	0	0	0	1	0
팽이버섯 이거 한번 먹어봐도 되나요	0	0	0	0	0	0	0	1
팽이버섯이 아닌데 이거는	0	0	1	0	0	0	0	0
팽팽해지니까 점프력이 안 좋네	0	0	0	0	0	0	1	0
퍽퀸 이즈	0	0	1	0	0	0	0	0
펄 [유저] 무료인가	0	0	0	0	0	0	0	1
펄 [유저] 재밌어요	0	0	1	0	0	0	0	0
펄 [유저] 가 뭐야	0	0	0	0	1	0	0	0
펄 [유저] 가 재밌어	0	0	0	0	0	0	0	1
펭귄 펭귄아 펭귄 내놔	0	0	1	0	0	0	0	0
펭귄아 일로 와	0	0	0	0	0	0	0	1
편안 편안 편안 이거지 8번 그대로 올라가 그대로 가 2번만 가서 그렇지 그렇지 편안	0	0	0	0	0	0	1	0
편집자님 구독자님 이해해주시길 바라겠습니다	0	0	0	0	0	0	0	1
편집자님 긴장되는 부금 틀어주세요	0	0	1	0	0	0	0	0
편집자님 죄송해요	0	0	0	0	0	0	0	1
편하게 그냥 열어	0	0	1	0	0	0	0	0
편하게 한 번 가볼까	0	0	0	0	0	0	0	1
평가가 등반하는 거인데 같이 끌어주고 잡아주고 당겨주고 밀어주고 하면서 등반하는 거라고해 올라가다가 캠프파이어도 하고 몰라	0	0	0	0	0	0	0	1
평화 믿음 미래 저희는 이렇게 합동하는 거보다 서로 치고받고 싸워야지요	0	0	1	0	0	0	0	0
폐급이네 이거	0	0	1	0	0	0	0	0
폐급인 거	0	0	1	0	0	0	0	0
포검작 하는 거 보세요	0	0	0	0	0	0	0	1
포기도 하고 이것이 좌절이란 거인가	0	0	0	0	0	1	0	0
포기하지 않으면 끝까지 할 수 있다	0	0	0	0	0	1	0	0
폭탄 너무 많아 칸칸 쏘라 잘 걸어 안 죽었지롱 띠리리리릭 띠리리리릭 야 저 전기총좀 어떻게해봐	0	0	0	0	0	1	0	0
폭탄 도망가 마크단 마크단 와우 으아아아아아 야 미친 드롭키 뭐야	0	0	0	0	1	0	0	0
폭탄 들어간다	0	0	1	0	0	0	0	0
폭탄 설치했지만 아우	0	0	1	0	0	0	0	0
폭탄 있다	0	0	1	0	0	0	0	0
폭탄 폭탄 이것이 뭐지	0	0	1	0	0	0	0	0
폭탄을 먹으면 죽이고 싶은 애가 생기나 봐	0	0	0	0	0	0	0	1
폭탄이 있는데	0	0	1	0	0	0	0	0
폭탄이라니 많이 지나네	0	0	1	0	0	0	0	0
폭포 가자 폭포 가자	0	0	0	0	0	0	0	1
폭풍 디엔 타임	0	0	1	0	0	0	0	0
폭풍 질량	0	0	1	0	0	0	0	0
폭풍들 딜타임 오 됐다	0	0	1	0	0	0	0	0
폰트에 보면은	0	0	1	0	0	0	0	0
폰트에 보면은 그 글자체 왼쪽에 색깔 누르면 돼요	0	0	1	0	0	0	0	0
풀어 풀어	0	0	1	0	0	0	0	0
품어줄 수 있잖아 야	0	0	1	0	0	0	0	0
풍차장애물코스	0	0	1	0	0	0	0	0
프라이팬 들어가지고 얘 저식아	0	0	0	0	0	0	0	1
프로 빨러임	0	0	1	0	0	0	0	0
플래시로 얘 눈을 멀게 한 다음에 바로 뛰어야 된대	0	0	0	0	0	0	0	1
피 너무 많이 달려있어	0	0	1	0	0	0	0	0
피 빨았나요	0	0	1	0	0	0	0	0
피 얼마 안 남았어도 컨트롤을 통해서 충분히 할 수가 있어요 그런 다음에 탐색이 앞으로 뭘 꼴아봐 멈춰 뭘 멈춰 이 새끼야 여기가 지금 얼음이라서 미끄러지는구만 조심조심해야겠네	1	0	0	0	0	0	0	0
피가 없어졌어요	0	0	0	0	0	0	0	1
피곤하면 들어가야죠	0	0	0	0	0	1	0	0
피곤하면 들어가야지 잼 짜고 하는 거인데 아 재밌어	0	0	0	0	0	1	0	0
피곤하면 아 잠깐만 저도 내일 출근때문에 좀 먼저 오케이 아 피곤하세요	0	0	0	0	0	1	0	0
피곤하세요	0	0	0	0	0	1	0	0
피곤하시는데 출근때문에 아아 피곤해야되는데 아 그럴 수 있죠	0	0	0	0	0	1	0	0
피곤하시면 들어가셔야죠	0	0	0	0	0	1	0	0
피곤하지 않으세요	0	0	0	0	0	1	0	0
피곤한건 아닌데 출근때문에 저는 피곤해요	0	0	0	0	0	1	0	0
피곤할 수 있죠	0	0	0	0	0	1	0	0
피곤해서 출근	0	0	0	0	0	1	0	0
피곤해서 하는건 아니예요	0	0	0	0	0	1	0	0
피지컬 안 돼	0	0	0	0	0	1	0	0
피지컬 안 되는 새끼 뭐야 쟤	1	0	0	0	0	0	0	0
피지컬 없는 분은 가지 마세요	0	0	0	0	0	0	0	1
피지컬 컷	0	0	1	0	0	0	0	0
피차 어 [유저] 어 뭐야	0	0	0	0	1	0	0	0
피하고 피하고	0	0	1	0	0	0	0	0
피해주고 피해주고 피해주고 [유저] 야 얼굴 왜 이렇게 빻았냐	0	0	0	0	0	0	0	1
필요 없어	0	0	1	0	0	0	0	0
핑가 해치웠나	0	0	0	0	0	0	0	1
하 [유저] 씨 X를 하시네	0	0	1	0	0	0	0	0
하 큰 빌딩이야	0	0	1	0	0	0	0	0
하게만 계단 아 아 아 우리 5 그거 제야 우리 너무 잘 해 갑자기 이렇게 쉬운 게임 이었네	0	0	0	0	0	0	0	1
하고 싶은 거 다 해봐	0	0	0	0	0	0	0	1
하고 이제 각별님 타고 다시 오거나 이렇게	0	0	1	0	0	0	0	0
하나 건졌다 통나무를 저기다 올리자 그렇지 그렇지 야 이것이 협동이지	0	0	0	0	0	0	1	0
하나 내려야 되네 저거	0	0	1	0	0	0	0	0
하나 더 둘 아 아 아 콩콩 있구나	0	0	1	0	0	0	0	0
하나 더 있어	0	0	1	0	0	0	0	0
하나 둘 3 괜찮아	0	0	1	0	0	0	0	0
하나 둘 [유저] 자 올려	0	0	1	0	0	0	0	0
하나 둘 셋	0	0	1	0	0	0	0	0
하나 둘 셋 2 3 오케이 앞으로 좀 앞으로 좀 앞으로 좀	0	0	0	0	0	0	1	0
하나 둘 셋 [유저] 이거 그냥 오른쪽 가자	0	0	0	0	0	0	0	1
하나 둘 셋 가자가 CAO 복귀하지마 내 손을 잡아 오 맵다	0	0	0	0	0	0	0	1
하나 둘 셋 고	0	0	1	0	0	0	0	0
하나 둘 셋 그러게 괜찮아	0	0	1	0	0	0	0	0
하나 둘 셋 넷 다 여 일곱을 눌러서 해야 되네	0	0	0	0	0	0	0	1
하나 둘 셋 될 것 같아	0	0	1	0	0	0	0	0
하나 둘 셋 블링킹을 잡아 블링킹을 OK OK 본격적인 게임 시작 루 chatting 설마 설마 또 사고내던 [유저] 있나	0	0	1	0	0	0	0	0
하나 둘 셋 셋 넷 셋 땡겨 땡겨 땡겨 아 싫어 [유저] 싫어	0	0	1	0	0	0	0	0
하나 둘 셋 셋 하나 둘 아니야 아니야 보고 얘기하지 말고 눈 하나 한 번 호수님 야 그러면 이거를 우리가 점프를 떼라는 거야	0	0	0	0	0	0	0	1
하나 둘 셋 아	0	0	1	0	0	0	0	0
하나 둘 셋 아악 됐어	0	0	0	0	1	0	0	0
하나 둘 셋 안돼	0	0	0	0	0	1	0	0
하나 둘 셋 야	0	0	1	0	0	0	0	0
하나 둘 셋 야 나 아니다	0	0	1	0	0	0	0	0
하나 둘 셋 야 다섯명만 해봐	0	0	0	0	0	0	0	1
하나 둘 셋 어	0	0	1	0	0	0	0	0
하나 둘 셋 엇박으로 뛰어야 돼	0	0	0	0	0	0	0	1
하나 둘 셋 와 됐다 들어가 들어가 잘해	0	0	0	0	0	0	1	0
하나 둘 셋 유령돌려 유령돌려 돌려 유령도 돌려	0	0	1	0	0	0	0	0
하나 둘 셋 이거 왜하는데 협동이라고 이거 봐	0	0	0	0	0	0	0	1
하나 둘 셋 자 이쪽 볼게 볼게 응 됐어	0	0	1	0	0	0	0	0
하나 둘 셋 점프 누가 눌렀어	0	0	0	0	0	0	0	1
하나 둘 셋 점프 누구냐 하자 하나 둘 셋 하나 둘 셋 좋아 좋아 좋아 하나 둘 셋 좋아 아이고 하나 둘 셋 오 이거 내가 이거 내가 이거 내가 하나두센 해줄게	0	0	0	0	0	1	0	0
하나 둘 셋 점프 점프 길게 점프 아아아아 아아 좋았다	0	0	0	0	1	0	0	0
하나 둘 셋 좋아요	0	0	0	0	0	0	1	0
하나 둘 셋 지금 그렇지 그 다음에 기다려 아이 이 그 기다려 이 바보들아 기다려 여기서 타야지 여기서 가야지 크리아즈 그 그 [유저] 야 제발 올라와 제발 한 명 받는다 올라와	1	0	0	0	0	0	0	0
하나 둘 셋 하나 둘 셋 그렇지 1 2 3 그렇지 그렇지 그렇지 좋아	0	0	0	0	0	0	1	0
하나 둘 셋 하면 앞에부터 누르고 점프 하나 둘 셋 시간 눌러 시간 눌러 와	0	0	0	0	0	0	0	1
하나 둘 셋 하면 하나 둘 셋 출발	0	0	1	0	0	0	0	0
하나 둘 승리 1등 마지막 블라스트공 자 이판 막판 하겠습니다	0	0	1	0	0	0	0	0
하나 둘 아니야 아니야 아니야 조금 빠를 맞게 빠를 맞게 하나 둘 셋 야 아니야 아니야 야 잘 봐 잠깐만 지금 59 1분 1분 2초때 띄어 아닌데 아니야	0	0	0	0	0	0	0	1
하나 둘 오 됐다	0	0	1	0	0	0	0	0
하나 둘 잡아	0	0	1	0	0	0	0	0
하나 둘 점프	0	0	0	0	0	0	0	1
하나 둘 한다 하나 둘 셋 좋았어	0	0	0	0	0	0	1	0
하나 둘은 이거 [유저] 를 넣었다고 오늘 달 맵다	0	0	1	0	0	0	0	0
하나 아 이거 대박 쎄는데	0	0	0	0	0	0	1	0
하나 이야 어딨니	0	0	1	0	0	0	0	0
하나 존아야	0	0	1	0	0	0	0	0
하나 하나 둘 셋 까비 까비 아깝다	0	0	0	0	0	1	0	0
하나 하나 하나 됐다	0	0	1	0	0	0	0	0
하나 하나 하나 호호 호 하나 둘 셋 자 위에 [유저] 님이 아니 내가 할게	0	0	0	0	0	0	0	1
하나가 자	0	0	0	0	0	0	0	1
하나가 저거 밀고 가봐	0	0	0	0	0	0	0	1
하나로 가능	0	0	0	0	0	0	0	1
하나만 먹으면 돼	0	0	1	0	0	0	0	0
하나만 어 이 중에 하나만 죽는 거임	0	0	1	0	0	0	0	0
하나만 찾아보자 자 일로가고 어 한번 반응하고 그렇지	0	0	0	0	0	0	1	0
하나만 파이팅 아 잠깐만 뭐 다음에 디디디디디디디디디 디디디 아아악 야 이거 어떻게 염 어 열렸네 뭐야	0	0	0	0	1	0	0	0
하나만 하나만 죽는 버튼이야	0	0	1	0	0	0	0	0
하나만 하자 하나만 어 열쇠 먹어	0	0	1	0	0	0	0	0
하나씩 가 이거 뭐 금방 풀리는 거 같진 않으니까	0	0	0	0	0	0	0	1
하나씩 가자고 자 출발 그다음 출발 그렇지	0	0	0	0	0	0	1	0
하나씩 밟아	0	0	1	0	0	0	0	0
하나씩 어 오케이 [유저] 부터 가보자	0	0	0	0	0	0	1	0
하나씩 올라오시고 3 2 1 오케이 멈추고 다같이 움직여 다같이 움직여 다같이 다같이 자 올라가시고 멈추고 형님 가세요	0	0	0	0	0	0	1	0
하느니구요	0	0	1	0	0	0	0	0
하는 폼부터 다르다 와	0	0	0	0	0	0	0	1
하늘 하지	0	0	1	0	0	0	0	0
하다 재밌다	0	0	1	0	0	0	0	0
하라고 확실히 하든가	0	0	0	0	0	0	0	1
하루에 하나씩 하잖아	0	0	1	0	0	0	0	0
하마님 먹으라고해요	0	0	0	0	0	0	0	1
하아아아아아	0	0	0	0	1	0	0	0
하얀색 계속 먹고 뱉어 먹벤	0	0	1	0	0	0	0	0
하얀색 그러면은 주황색이 지금 눈꽃이야	0	0	1	0	0	0	0	0
하얀색 하얀색 후추입니다	0	0	1	0	0	0	0	0
하얀색을 밟아야될거 아니야	0	0	1	0	0	0	0	0
하여튼 그때 뵈요 네 피곤하신 분들 들어가세요	0	0	0	0	0	1	0	0
하이 오케이 내려갈게	0	0	0	0	0	0	1	0
하잇 야야 팔	0	0	1	0	0	0	0	0
하지 마 지금 하지 마	0	0	1	0	0	0	0	0
하지 마 하지 마 하지 마	0	0	1	0	0	0	0	0
하지 마봐	0	0	0	0	0	0	0	1
하지 마주겠습니다	0	0	1	0	0	0	0	0
하지 말라	0	0	1	0	0	0	0	0
하지마 때려	0	0	1	0	0	0	0	0
하지마 하지마	0	0	1	0	0	0	0	0
하지마 하지마 오케이	0	0	0	0	0	0	1	0
하지마 하지마 하지마	0	0	1	0	0	0	0	0
하지만 선장이 성공하면 다음 칸으로 또 가요	0	0	0	0	0	0	1	0
하지만 우리는 어차피 한 몸이야	0	0	1	0	0	0	0	0
하키채 후려 갈기기	0	0	1	0	0	0	0	0
하키체 후려 갈기기	0	0	1	0	0	0	0	0
하트 그려 하트 그려	0	0	1	0	0	0	0	0
하필이면 저 지렁이 색깔도 콩콩 색깔이야	0	0	1	0	0	0	0	0
하하 가져야 된다니까	0	0	0	0	0	0	0	1
하하하 자자자	0	0	1	0	0	0	0	0
하하하하 4번 4번 4번을 그냥 들어가면 되잖아	0	0	0	0	0	0	0	1
하하하하 [유저] 야 올라가	0	0	0	0	0	0	0	1
하하하하 아니 이거 은근히 여러분도 잘해요 예	0	0	0	0	0	0	1	0
하하하하 야 이 또래	0	0	1	0	0	0	0	0
하하하하 좀봐	0	0	0	0	0	0	0	1
하하하하하 가면 깜짝 해줬어	0	0	0	0	0	0	0	1
하하하하하 우와 와 신기해	0	0	0	0	0	0	0	1
하하하하하 으하하하하 야 설영이 진짜 웃는데	0	0	1	0	0	0	0	0
하하하하하하 아 잠깐만 멈춰봐 멈추봐	0	0	0	0	0	0	0	1
하하하하하하 아니 근데	0	0	1	0	0	0	0	0
하하하하하하 아이씨 아 늦었다 올라가 올라가 일단 올라가 사람들 어	0	0	0	0	1	0	0	0
하하하하하하 야 뭐야	0	0	0	0	1	0	0	0
하하하하하하 진짜 [유저] 망정 호들갑 개쩌네 그냥 뭐하냐	0	0	0	1	0	0	0	0
하하하하하하 하하하하하하하 하하하하하하하 아 나 이거 진짜 실수로	0	0	0	1	0	0	0	0
하하하하하하하 3학년 어 기억해	0	0	0	0	0	0	0	1
하하하하하하하 subs 내가 막아줄게 죽여가 IZ 07 아	0	0	0	0	0	0	0	1
하하하하하하하 링을 먹는 거인가 봐	0	0	0	0	0	0	0	1
하하하하하하하 왔는데 became a 하하하하하하하 아 그러네	0	0	1	0	0	0	0	0
하하하하하하하하 야 이것이 1라운드야	0	0	1	0	0	0	0	0
하하하하하하하하하 봉쇄죠	0	0	1	0	0	0	0	0
하하하하하하하하하하하 땅이 좋아졌어	0	0	0	0	0	0	1	0
하하하하하하하하하하하하하하 웃기다	0	0	1	0	0	0	0	0
하하하핰 살려	0	0	1	0	0	0	0	0
한 1초정도 누른다 보자 1초 오케이 하나 둘 셋 야 다 했다 다 했다 다 한거야	0	0	0	0	0	0	1	0
한 2년만 젊었어도	0	0	1	0	0	0	0	0
한 마디만 하자	0	0	1	0	0	0	0	0
한 명 낙오대네	0	0	1	0	0	0	0	0
한 명 낙오대네 한 명 낙오대는 애가 범인이니까 일단 먼저 가	0	0	0	0	0	0	0	1
한 명 내려가 초록색	0	0	0	0	0	0	0	1
한 명 더 데리고 와	0	0	0	0	0	0	0	1
한 명 더 와야 돼	0	0	0	0	0	0	0	1
한 명 더 있어야 돼	0	0	1	0	0	0	0	0
한 명 더 한 명 더 한 명 더	0	0	1	0	0	0	0	0
한 명 들어왔다 보라색 얼굴 어	0	0	1	0	0	0	0	0
한 명 띠껍져	0	0	1	0	0	0	0	0
한 명 먹어	0	0	1	0	0	0	0	0
한 명 몇 명 나가서 다시 방 파야 되나봐	0	0	0	0	0	0	0	1
한 명 물어주길 바랐는데	0	0	1	0	0	0	0	0
한 명 올라가	0	0	0	0	0	0	0	1
한 명 올라가야 돼	0	0	0	0	0	0	0	1
한 명 올라가야겠다	0	0	0	0	0	0	0	1
한 명 올라왔고 E 눌러서 땡겨 그렇지 그렇지 땡기면서 다시 내려가지마	0	0	0	0	0	0	1	0
한 명 한 명	0	0	1	0	0	0	0	0
한 명 희생이도 갔다와 한 명 희생이도 갔다와 제가 갔다오겠습니다	0	0	0	0	0	0	0	1
한 명만 가도 될 것 같은데 저기 앞에 가서 계단 만드는 거 아닐까요	0	0	0	0	0	0	0	1
한 명만 밀어주고 자 이거는 이제 한 명씩 밟아야 돼요	0	0	0	0	0	0	0	1
한 명만 유령 자 오른쪽 유령 컴 아 좋았다	0	0	1	0	0	0	0	0
한 명만 커져 한 명만 내가 커질것이 형이 커질래	0	0	0	0	0	0	0	1
한 명만 커지면 돼	0	0	1	0	0	0	0	0
한 명씩 가도 돼	0	0	0	0	0	0	0	1
한 명씩 가야 돼	0	0	0	0	0	0	0	1
한 명씩 그렇지	0	0	0	0	0	0	1	0
한 명씩 들어가세요	0	0	0	0	0	0	0	1
한 명씩 먹고 선행이가 마지막에 한 명 더 가면 가면 되는 거야	0	0	0	0	0	0	0	1
한 명씩 보내줘	0	0	1	0	0	0	0	0
한 명씩 올라가	0	0	0	0	0	0	0	1
한 명씩 하나는 내가 봤을 때 박스를 올리는 거네 해주고 그렇지 서주고 그렇지 내려가주고 그리고 [유저] 님 내려오면 야 됐다	0	0	0	0	0	0	1	0
한 명씩 한 명씩 가	0	0	0	0	0	0	0	1
한 명씩 해야 되지 않겠어	0	0	0	0	0	0	0	1
한 명씩 해줘	0	0	0	0	0	0	0	1
한 명은 1층 한 명은 1층	0	0	1	0	0	0	0	0
한 명은 지켜줘야 되는데	0	0	1	0	0	0	0	0
한 명의 사람을 두 명이서 어떻게 조종을 할까요	0	0	0	0	0	1	0	0
한 명이 들어가	0	0	0	0	0	0	0	1
한 명이 밟고 올라갔다 와봐	0	0	0	0	0	0	0	1
한 명이 안 쏘잖아	0	0	1	0	0	0	0	0
한 명이 없으면 안 되니까 2명 이상이면 올라가는 거인가 봐	0	0	0	0	0	0	0	1
한 명이 위에 쳐져야 되는 것 같은데	0	0	1	0	0	0	0	0
한 명이라도 안 발면 안돼	0	0	0	0	0	1	0	0
한 명이면 돼	0	0	1	0	0	0	0	0
한 몸이 된거같애	0	0	1	0	0	0	0	0
한 몸이야	0	0	1	0	0	0	0	0
한 발 나갈까	0	0	1	0	0	0	0	0
한 발 빼야죠	0	0	1	0	0	0	0	0
한 발씩 그렇지 좋아	0	0	0	0	0	0	1	0
한 방에 가도 되겠다 아니 뭐해	0	0	0	1	0	0	0	0
한 번 깔짝 해주세요	0	0	0	0	0	0	0	1
한 번 넘어갈 거 같아	0	0	1	0	0	0	0	0
한 번 눌러줘라	0	0	0	0	0	0	0	1
한 번 더	0	0	1	0	0	0	0	0
한 번 더 그러면 배반 구해요	0	0	0	0	0	0	0	1
한 번 더 한 번 더	0	0	1	0	0	0	0	0
한 번 더 한 번 더 반응해 줄것이 반응해 줄것이 반응해 줄것이 매파 반응할 준비 반응할 준비 아아 아 미안해	0	0	0	0	0	0	0	1
한 번 더 한 번 라스트	0	0	1	0	0	0	0	0
한 번 더 해야 돼	0	0	0	0	0	0	0	1
한 번 더 해야 되나 보다 이거	0	0	0	0	0	0	0	1
한 번 더입니다	0	0	1	0	0	0	0	0
한 번 두 번 오케이	0	0	0	0	0	0	1	0
한 번 마지막 라스트	0	0	1	0	0	0	0	0
한 번 뭐	0	0	1	0	0	0	0	0
한 번 믿어	0	0	1	0	0	0	0	0
한 번 밑에 땅에 걸릴거 같단 말야	0	0	1	0	0	0	0	0
한 번 볼까	0	0	1	0	0	0	0	0
한 번 봐야겠지 그렇지	0	0	0	0	0	0	1	0
한 번 쉬면 왜 자꾸 [유저] 돼요	0	0	1	0	0	0	0	0
한 번 안전하게 할게	0	0	1	0	0	0	0	0
한 번 야	0	0	1	0	0	0	0	0
한 번 여기 뭐 있나 보자 오른쪽으로 와보자 [유저] 씨 오른쪽으로 예 아아 여기 도와줘	0	0	0	0	0	0	0	1
한 번 컷컷 준비해야	0	0	0	0	0	0	0	1
한 번 할게	0	0	1	0	0	0	0	0
한 번 해본 거야	0	0	0	0	0	0	0	1
한 번 해본 새끼가 이래	1	0	0	0	0	0	0	0
한 번 해봤어	0	0	0	0	0	0	0	1
한 번 해야 돼요	0	0	0	0	0	0	0	1
한 번만 눌러볼게요	0	0	0	0	0	0	0	1
한 번만 더 지랄해보라 했어	1	0	0	0	0	0	0	0
한 번만 살려줘	0	0	1	0	0	0	0	0
한 번만 하면 되잖아	0	0	1	0	0	0	0	0
한 번만 해볼게 형 절대 막아 한 번만 해볼게 절대 허락하지마	0	0	0	0	0	0	0	1
한 번씩 넘어가도 돼	0	0	0	0	0	0	0	1
한 번씩 부탁드리면서 그럼 바로 가자 틀렸어요	0	0	0	0	0	0	0	1
한 번씩 잡아줘야 돼	0	0	1	0	0	0	0	0
한 번씩만 부탁드릴게요	0	0	1	0	0	0	0	0
한 번에 가자	0	0	0	0	0	0	0	1
한 번에 간다	0	0	1	0	0	0	0	0
한 번에 끝내자	0	0	1	0	0	0	0	0
한 번에 나왔네	0	0	1	0	0	0	0	0
한 번에 맞췄으면 좋겠다 제발	0	0	1	0	0	0	0	0
한 번에 시행착오가 필요하긴 했어	0	0	0	0	0	0	0	1
한 번에 우르르 정신 놓고 있었어요	0	0	1	0	0	0	0	0
한 번에 하나 하나 한 번에 한 번에 한 번에 가야되나봐	0	0	0	0	0	0	0	1
한 번은 더 갈 수 있을 것 같아요	0	0	1	0	0	0	0	0
한 분 여기 죽으셨어요	0	0	1	0	0	0	0	0
한 사람씩 까야 돼 3점씩 가야돼	0	0	0	0	0	0	0	1
한 스테이지에 10분씩 해가지고 30분에 딱딱 끝내버리자고	0	0	0	0	0	0	0	1
한 시간 뒤	0	0	1	0	0	0	0	0
한 시간 뒤 괜찮아	0	0	1	0	0	0	0	0
한 줄 남았어	0	0	1	0	0	0	0	0
한 줄당 두 명씩	0	0	1	0	0	0	0	0
한 줄로 2번이 좀 여유있게 가야돼	0	0	0	0	0	0	0	1
한 줄로 6번이 맨 위로 올라가게 아 6번이 맨 위로 올라가게 아 6번이 맨 위로 올라가세요	0	0	0	0	0	0	0	1
한 줄로 죄송합니다	0	0	1	0	0	0	0	0
한 줄로 한 줄로 한 번에 가야돼	0	0	0	0	0	0	0	1
한 줄만 하면 돼 한 줄만 한 줄만 한 줄 아무리 봐도 없는데 한 줄이 위에 위에 한 줄밖에 없는데	0	0	0	0	0	0	0	1
한 칸 그렇지 그렇지 가만히 있어봐	0	0	0	0	0	0	1	0
한 칸 무조건 더 간다고 거짓말인데 아 번개가 없어	0	0	0	0	0	0	0	1
한 판 더	0	0	1	0	0	0	0	0
한국인 연습 바로 업어주세요	0	0	1	0	0	0	0	0
한국인들을 꼽히는 게임 이런 게임은 한국인은 못 깨는 게임이라고 해요	0	0	0	0	0	0	0	1
한국인들을 코끼린 게임 이거 이거 이제 7 8 9 10 11 12 난거지	0	0	1	0	0	0	0	0
한국인들이 아니네	0	0	1	0	0	0	0	0
한글 어려우면 말해	0	0	0	0	0	0	0	1
한글자막 by [유저]	0	0	1	0	0	0	0	0
한기 점점 올라오는데요	0	0	1	0	0	0	0	0
한다고 얘기해 주면 더 좋을 거 같아 오케이	0	0	0	0	0	0	1	0
한명 내려와줘야돼	0	0	0	0	0	0	0	1
한명 더 와	0	0	0	0	0	0	0	1
한명 더 와야 돼	0	0	0	0	0	0	0	1
한명 더 한명 더 일단 편하긴 해	0	0	0	0	0	0	0	1
한명 더 한명 더 한명 더 개새끼야 당겨야해 당겨야해 조절해 조절해 나까지 내려와 조절해 조절해 좀 더 좀 더 됐어	1	0	0	0	0	0	0	0
한명 더있어요	0	0	1	0	0	0	0	0
한명 한명 누 참 기 타다 아래로 내려 주면 될때 그거밟고 올라오라고	0	0	1	0	0	0	0	0
한명 한명 뭐야	0	0	0	0	1	0	0	0
한명만 가지고 올라가야되는거네	0	0	0	0	0	0	0	1
한명만 빌어요	0	0	1	0	0	0	0	0
한명씩 eliminating 멈춰 멈춰 오케이 내려오세요	0	0	0	0	0	0	1	0
한명씩 가야돼	0	0	0	0	0	0	0	1
한명씩 가자 한명씩 가자 한명씩 움직여야 돼요	0	0	0	0	0	0	0	1
한명씩 밟아야 돼	0	0	1	0	0	0	0	0
한명씩 살금살금 8분만 가봐 8분만 8번만 가야되는거 아니야	0	0	0	0	0	0	0	1
한명씩 아니 서로 축구 못 싸네	0	0	1	0	0	0	0	0
한명씩 와라	0	0	0	0	0	0	0	1
한명씩 저거 밟고 있어야 되는거 아니야	0	0	1	0	0	0	0	0
한명이 한명씩 먹어가지고 나 본인에서 풀려나는 순간 바로 뛸거야	0	0	0	0	0	0	0	1
한몸 어 버튼 눌러주고 내가 열쇠까지 먹고 여기 지렁이 있어요 지렁이 있어요	0	0	0	0	0	0	0	1
한발 빼야 돼	0	0	1	0	0	0	0	0
한발 빼야 돼요	0	0	1	0	0	0	0	0
한발 빼자 한발 빼자	0	0	1	0	0	0	0	0
한번 그런 걸로 해보자	0	0	0	0	0	0	0	1
한번 꺼고 가고 그렇지	0	0	0	0	0	0	1	0
한번 나 저거 가져와 볼게 가져와 볼게 쌓는거 같은데 이거	0	0	0	0	0	0	0	1
한번 다시 가만있어	0	0	0	0	0	0	0	1
한번 더 해서 여기를 이제 오는 거야	0	0	0	0	0	0	0	1
한번 맛보시죠	0	0	1	0	0	0	0	0
한번 반응 해야 할 것 해옹 위전 위전 해옹	0	0	0	0	0	0	0	1
한번 보라색한테 한번 기미를 보라고 해보죠 그럴까요	0	0	0	0	0	0	0	1
한번 와라	0	0	0	0	0	0	0	1
한번 저까지 가고 싶어	0	0	0	0	0	0	0	1
한번 죽어보셔도 돼요	1	0	0	0	0	0	0	0
한번 피하고 와줘 지금 W님 어 야야야야 에	0	0	0	0	0	0	0	1
한번 해봐	0	0	0	0	0	0	0	1
한번만 더 올라가면 돼	0	0	0	0	0	0	0	1
한병 버렸어	0	0	1	0	0	0	0	0
한줄 한줄 뭐야	0	0	0	0	1	0	0	0
한줄로 처음엔 한줄 처음엔 한줄 화면 쫓아와 7번 불안한데요	0	0	0	0	0	0	0	1
한쪽 눈이 안 보여	0	0	1	0	0	0	0	0
한쪽 손 들고	0	0	1	0	0	0	0	0
한쪽 잡아 봐	0	0	0	0	0	0	0	1
한판만 하자 한판만 좀 해보자	0	0	0	0	0	0	0	1
할 것이 없어	0	0	1	0	0	0	0	0
할 또 죽었대요	0	0	0	0	0	1	0	0
할 만한데 이번 턴은	0	0	1	0	0	0	0	0
할 만한데 할 만한데	0	0	1	0	0	0	0	0
할 말이 없다	0	0	1	0	0	0	0	0
할 수 있겠다	0	0	1	0	0	0	0	0
할 수 있겠어	0	0	1	0	0	0	0	0
할 수 있다	0	0	1	0	0	0	0	0
할 수 있다고 얘기해줘	0	0	0	0	0	0	0	1
할 수 있습니다	0	0	1	0	0	0	0	0
할 수 있어	0	0	1	0	0	0	0	0
할 수 있어 레겐은	0	0	1	0	0	0	0	0
할 수 있을 것 같아요	0	0	1	0	0	0	0	0
할 수 있지	0	0	1	0	0	0	0	0
할까 말까 할까 말까 할까 말까 할까 말까 빨리 해볼래요	0	0	0	0	0	0	0	1
할만 할만 저기만 뚫어 더블 올라오고 가면 되네	0	0	0	0	0	0	0	1
할머니 나와요	0	0	0	0	0	0	0	1
할머니 너무 벽에 붙으면 안 돼요	0	0	0	0	0	1	0	0
할머니가요	0	0	0	0	0	0	0	1
할배 빨아	0	0	1	0	0	0	0	0
할배 숨겨	0	0	1	0	0	0	0	0
할배 지금 웃다가 졸도하겠는데	0	0	0	0	0	0	0	1
할배 지금 죽였다 할배 지금	0	0	1	0	0	0	0	0
할배가 쐈어 할배가	0	0	0	0	0	0	0	1
할배는 깜찍하시니까	0	0	1	0	0	0	0	0
할배는 봐줄게요	0	0	0	0	0	0	0	1
할아버지 뛰어야 돼	0	0	0	0	0	0	0	1
할아버지 손주들 키우시기 힘들어 보여요	0	0	0	0	0	1	0	0
할아버지 주눅들지 마요	0	0	1	0	0	0	0	0
할아버지 호오오오오옹 날래요	0	0	1	0	0	0	0	0
할아버지가 나지않아 나 안 pair한 건 해야지 할아버지가 해야지 빨리	0	0	0	0	0	0	0	1
할아버지야	0	0	1	0	0	0	0	0
할탄 남았다	0	0	1	0	0	0	0	0
핥고가 됐네 이 시발 이것을 왜 이걸 왜 피해	1	0	0	0	0	0	0	0
함께 전 chakra로 넘어가는 거인가 봐	0	0	0	0	0	0	0	1
함께는 뭐야	0	0	0	0	1	0	0	0
함정이 숨어있는지 몰랐지	0	0	1	0	0	0	0	0
합을 봐 합을	0	0	0	0	0	0	0	1
합이 가졌어	0	0	0	0	0	0	0	1
합쳐서 4 5 [유저] 00 1초 봤어	0	0	1	0	0	0	0	0
항상 자기 체력 보면서	0	0	1	0	0	0	0	0
항상 주의	0	0	0	0	0	0	0	1
해 해 해	0	0	0	0	0	0	0	1
해골물인가	0	0	0	0	0	0	0	1
해바리 해바리 해바리 반응해 연호	0	0	0	0	0	0	0	1
해보자 제발 나와라 스펀지밥 또 있네	0	0	0	0	0	0	0	1
해보자 해보자 이얍	0	0	0	0	0	0	0	1
해봐 해봐	0	0	0	0	0	0	0	1
해봐 해봐 할 수 있다	0	0	0	0	0	0	0	1
해봐 해봐 해봐	0	0	0	0	0	0	0	1
해봤다면서요	0	0	0	0	0	0	0	1
해봤으니까 언니 뭐해요	0	0	0	1	0	0	0	0
해색이 다 잡아서 혼자 데려가는 거네	0	0	0	0	0	0	0	1
해안졌습니다	0	0	0	0	0	0	0	1
해야돼 해야돼 해야돼	0	0	0	0	0	0	0	1
해야될 것 같아 어깨로 올라가고 자 맨파 반응할 준비 맨파 반응 반응 올라가고	0	0	0	0	0	0	0	1
해야될때는 안하네	0	0	0	0	0	0	0	1
해야지 빨리 좀 깨자 아 이거 쳐다보면 잠깐만 아 열쇠를 먹으면 떡을 끓일까	0	0	0	0	0	0	0	1
해요 말을 해야 돼 말을	0	0	0	0	0	0	0	1
해요 웃고 있는 거 같은데	0	0	0	0	0	0	0	1
해장이 해장이	0	0	0	0	0	0	0	1
해줘 해줘	0	0	0	0	0	0	0	1
해파리 이거 뭐야	0	0	0	0	1	0	0	0
해파리 해파리 오케이	0	0	0	0	0	0	1	0
해파리랑 고양이 또 있어	0	0	0	0	0	0	0	1
핵폭 CUT 이야	0	0	1	0	0	0	0	0
핵폭탄 막아줘야 돼	0	0	1	0	0	0	0	0
핵폭탄을 막아야 돼 핵폭탄	0	0	1	0	0	0	0	0
핵폭탄이 중요한 거야	0	0	1	0	0	0	0	0
핸드 [유저]	0	0	1	0	0	0	0	0
핸드폰으로 게임하나 저거	0	0	1	0	0	0	0	0
햇빠리 보내고 가자 보내고 갈께 보내고 보내고 가자 보내고 가자 가자 가자 지금 [유저] 가 자 이제 윤유 준비해 연호랑 자 이제 윤유 준비해 연호랑 윤유 연호 준비해 내려올거야	0	0	0	0	0	0	0	1
했어 했어 했다 쳐 오케이 오케이 11분이잖아	0	0	0	0	0	0	1	0
행복했어 아아악 뭐야	0	0	0	0	1	0	0	0
헌 하 홉 아무것도 하지마	0	0	1	0	0	0	0	0
헐 거짓말 진짜 투플레이어였어	0	0	1	0	0	0	0	0
험하자 그냥 도깨야 기다려봐	0	0	0	0	0	0	0	1
헛되겄 아 뭐야	0	0	0	0	1	0	0	0
헛이 뭐라했어	0	0	1	0	0	0	0	0
헤딩 딱 4만 해보자	0	0	0	0	0	0	0	1
헤이 해줘	0	0	0	0	0	0	0	1
헤쳐모여 빨리	0	0	0	0	0	0	0	1
헷갈렸습니다	0	0	1	0	0	0	0	0
현 년에는 뭐예요	0	0	1	0	0	0	0	0
협동 게임은 협동 게임인데 상대를 엿 먹이는 협동 게임입니다	0	0	1	0	0	0	0	0
협동 게임이에요	0	0	1	0	0	0	0	0
협동 게임이죠	0	0	1	0	0	0	0	0
협동 끝판이 없었거든요	0	0	1	0	0	0	0	0
협동 잘해야 돼 얘들아	0	0	0	0	0	0	1	0
협동이라 함은 도울협 같을 동 같이 [유저] 는 게임이기에 혼자 할 수 없어서 제 친구들을 불렀습니다	0	0	0	0	0	0	0	1
형 거 보고 있지	0	0	1	0	0	0	0	0
형 게이지가 또 끝날 때까지 못 버텨	0	0	0	0	0	0	0	1
형 경고했다	0	0	1	0	0	0	0	0
형 그만해봐	0	0	0	0	0	1	0	0
형 나와봐	0	0	0	0	0	0	0	1
형 난 보이면 됐다	0	0	1	0	0	0	0	0
형 내려와봐요	0	0	0	0	0	0	0	1
형 넌 다리가 없는데	0	0	0	0	0	0	0	1
형 돌아와	0	0	0	0	0	0	0	1
형 목소리가 상당히 부드러워졌다	0	0	0	0	0	0	0	1
형 못 당긴다	0	0	1	0	0	0	0	0
형 밑이야	0	0	1	0	0	0	0	0
형 분명히 [유저] 인 거 알고	0	0	1	0	0	0	0	0
형 사람이	0	0	1	0	0	0	0	0
형 세명이 밀어야 왼쪽이 밀리나봐	0	0	0	0	0	0	0	1
형 쏴 쏴 형 쏴	0	0	1	0	0	0	0	0
형 아 작아지셈 작아지셈 아 [유저] 이가 들어가네 아아 쉽다 쉽다 뭐야	0	0	0	0	1	0	0	0
형 아니 같이 왔잖아	0	0	0	0	0	0	0	1
형 없으면 못 하지 했는데 나 있잖아	0	0	1	0	0	0	0	0
형 우리끼리 살아야 된다	0	0	1	0	0	0	0	0
형 자 가자 형 두지구 이오 좋아 좋아 좋아 귀신아 얼마나 좋아	0	0	0	0	0	0	1	0
형 좀 하자	0	0	1	0	0	0	0	0
형 죽어서 관전이야	1	0	0	0	0	0	0	0
형 진짜 손 많이 간다	0	0	1	0	0	0	0	0
형님 가세요	0	0	0	0	0	0	0	1
형님 나 좀 하자	0	0	1	0	0	0	0	0
형님 되게 단순한 게임이네	0	0	1	0	0	0	0	0
형님 출발 화가왜 나 정찰하고와 정찰병 6명 있어야 돼	0	0	0	0	0	0	0	1
형님들 이거 그냥 앞으로 가는거야	0	0	0	0	0	0	0	1
형님들 이제 예 출발해주세요	0	0	0	0	0	0	0	1
형도 한 거고요	0	0	1	0	0	0	0	0
형수다 꽉잡아	0	0	1	0	0	0	0	0
형수야 꽉잡아	0	0	1	0	0	0	0	0
형은 이제 빈털 툴이네요	0	0	1	0	0	0	0	0
형이 너 한다 형이 컨트롤 보여줄게 야야 이런거 필요없어	0	0	1	0	0	0	0	0
혜안이 그럼 아무 이유 없이 욕 먹은 거잖아	0	0	1	0	0	0	0	0
호 오우 잘했다 잘했어	0	0	0	0	0	0	1	0
호나 와 발라졌어 호나 [유저] 빠르다 빠르다 빠르다 출발한다	0	0	0	0	0	0	0	1
호낭이 되게 아슬아슬하게 피하는 성격이구나	0	0	1	0	0	0	0	0
호들갑 개쩌네 그냥	0	0	1	0	0	0	0	0
호랑이 날아 있어야 해	0	0	0	0	0	0	0	1
호룩 호룩 들어와 호룩 들어와 어디 어디 버림도 없지 버림도 없지	0	0	0	0	0	0	0	1
호수 때문에 그렇게 지은 거야	0	0	1	0	0	0	0	0
호수라고하니까 [유저] 형님이 이 호수를 보고서 이름을 처각	0	0	1	0	0	0	0	0
호쉬 오후 점프 누르거나 형 이거 내꺼 같은데	0	0	0	0	0	0	0	1
호스트가 나가는 것 같아요	0	0	0	0	0	0	0	1
호오오오오오오오오오오오오오오오오오오오 야야야 놔 놔 놔 호호호호호호 호호	0	0	1	0	0	0	0	0
호오오오오오옹 납니다	0	0	1	0	0	0	0	0
호잇 정리 자	0	0	1	0	0	0	0	0
호잉 앞에 앞에 줄 세울 준비 앞에 줄 세워 앞쪽이야	0	0	1	0	0	0	0	0
호잉 하하하 호잉 나 끌어줘	0	0	1	0	0	0	0	0
호출은 개 못 타면서 뭐 호출은 내 위에 타봐	0	0	0	0	0	0	0	1
호치 한명씩 한명씩 한명씩 줄 안고 이것이	0	0	1	0	0	0	0	0
혹시 [유저] 출신이십니까	0	0	1	0	0	0	0	0
혹시 [유저] 만 사용하지 마시고 우네	0	0	1	0	0	0	0	0
혹시 모르니까 8번이 선두	0	0	1	0	0	0	0	0
혹시 모르니까 반응할 준비	0	0	1	0	0	0	0	0
혹시 몰라서	0	0	1	0	0	0	0	0
혹시 우리팀 죽었어요	0	0	0	0	0	1	0	0
혹시 이걸 죽는다고	0	0	1	0	0	0	0	0
혹시 자석인가	0	0	0	0	0	0	0	1
혹시 통나무를 연결해서 가는 거인가	0	0	0	0	0	0	0	1
혹시 형 이거 좀 놔줄 수 있어	0	0	1	0	0	0	0	0
혼 좀 나자	0	0	1	0	0	0	0	0
혼자 다 해	0	0	0	0	0	0	0	1
혼자 다니면 무서울 거 같은데	0	0	1	0	0	0	0	0
혼자 다니면 무섭지 않을까요	0	0	1	0	0	0	0	0
혼자 닿았어	0	0	1	0	0	0	0	0
혼자 떨어지지	0	0	1	0	0	0	0	0
혼자 죽어	1	0	0	0	0	0	0	0
혼자 하려면 한 번에 간다	0	0	1	0	0	0	0	0
혼자 해도 지읒 같은 걸 4명이서 쇠사슬 묶고 쳤것이라	0	0	0	0	0	0	0	1
혼자 했으니까 무섭네 역시 공포게임은 혼자 해야 제맛이야잉 역시 공포게임은 혼자 하는것이 개무서워잉 그쪽으로 가	0	0	0	0	0	0	0	1
홀수는 왼쪽이겠죠	0	0	1	0	0	0	0	0
홈트리 조심 홈트리 조심 위에 게이지 있어 이것이 뭐지	0	0	0	0	0	0	0	1
홍하이가 잡고있어 빨리 빨리 빨리 열쇠 열쇠 열쇠 기다려 기다려 기다려	0	0	0	0	0	0	0	1
화가 많이 나셨네	0	0	0	0	0	0	0	1
화가 전혀 안나	0	0	0	0	0	0	0	1
화나게 했는데 끝났어	0	0	0	0	1	0	0	0
화내는 순위 적습니다	0	0	1	0	0	0	0	0
화내는 순위 화내지 마요 채팅 느린 순위랑 화내는 순위 적을거니까 [유저] 아빠님 3번 주황 승파 오케이 오케이 목진 [유저] 어디갔어	0	0	0	0	0	0	1	0
화내셨어요	0	0	1	0	0	0	0	0
화내지 마	0	0	1	0	0	0	0	0
화내지 마 화내지 마 화내지 마 화내지 마	0	0	1	0	0	0	0	0
화내지 말 거예요	0	0	1	0	0	0	0	0
화내지 말고 앞으로 무슨 일이 있든 행복해질 수 있다는 다짐	0	0	0	0	0	0	0	1
화내지 말자	0	0	1	0	0	0	0	0
화내지 않기로 했다	0	0	1	0	0	0	0	0
화내지마 화내지마	0	0	1	0	0	0	0	0
화내지마 화내지마 화내지마 화내려면 아무도 없습니다	0	0	1	0	0	0	0	0
화낸거 아니야	0	0	1	0	0	0	0	0
화낼 줄 모르는 남자 [유저] 입니다	0	0	1	0	0	0	0	0
화는 안내는데 답답하긴 하다 5번 [유저]	0	0	1	0	0	0	0	0
화도 안 나 화가 왜 나	0	0	0	0	0	0	0	1
화를 내서 해	0	0	0	0	0	0	0	1
화만 안 내면 돼	0	0	1	0	0	0	0	0
화면 밖으로 나가라	0	0	0	0	0	0	0	1
화면이 그냥 자동으로 가는 거인데	0	0	0	0	0	0	0	1
화민식 다 발린 가요 가요 미안하다	0	0	0	0	0	0	0	1
화살표만 아 그러네	0	0	1	0	0	0	0	0
화이팅 하나 둘 셋 화이팅 화이팅	0	0	0	0	0	0	1	0
화이팅 화이팅	0	0	0	0	0	0	1	0
화이팅이야	0	0	0	0	0	0	1	0
화장실 가능 오케이 화장 타임 고고 나 생각하고 있을것이 [유저] 띵크 타임 야 진짜 어렵다	0	0	0	0	0	0	1	0
화장실 다녀올게요	0	0	1	0	0	0	0	0
확대를 하면 글자가 안 보여 글자가 야성의 왕국이야	0	0	0	0	0	0	0	1
확률이 12분의 1 아니야	0	0	1	0	0	0	0	0
확실히 나 약간 뭐랄까 진절머리 난다고할까	0	0	1	0	0	0	0	0
확실히 나오네 타임어택이네	0	0	1	0	0	0	0	0
확실히 알았어	0	0	1	0	0	0	0	0
확실히 좋아	0	0	0	0	0	0	1	0
확실히 팀업이 좋아	0	0	0	0	0	0	1	0
확인 확인 그럼 양띵만일 와 방금 후추 뭐였지	0	0	0	0	0	0	0	1
확인해보세요	0	0	0	0	0	0	0	1
황 [유저] 들아 꼭 가요	0	0	0	0	0	0	0	1
황금 먹어 먹어	0	0	1	0	0	0	0	0
황금 황금 황금 여기 있다	0	0	1	0	0	0	0	0
황금만 가는것이 이득인거같은데	0	0	0	0	0	0	0	1
황급히 이야	0	0	1	0	0	0	0	0
회색 그냥 땅으로 냅다 갈겨버리네 쇠사슬 없었으면 아예 못 왔겠네	0	0	1	0	0	0	0	0
회색 그냥 어떻게 해야 돼 가만있어	0	0	0	0	0	1	0	0
회색 나 6번 아 회색이 [유저] 영 오케이 6번 [유저] 영 [유저] [유저] 영 이제 정리됐다	0	0	0	0	0	0	1	0
회색 너 내려가면 안 돼 회색 살려봐봐	0	0	0	0	0	1	0	0
회색 살려 회색 살려 지금 어떻게 하는지 알겠지	0	0	0	0	0	1	0	0
회색 회색 살려야 돼	0	0	1	0	0	0	0	0
회색 회색아 회색 땡겨 나 가운데 중심잡고 있을게	0	0	0	0	0	0	0	1
회색만 가봐	0	0	0	0	0	0	0	1
회색이 내려가고 오케이 찢어 그냥 찢어 됐어	0	0	0	0	0	0	1	0
회색이 내려갈 수 있게 여기까지 가줄까	0	0	0	0	0	0	0	1
회원님들 고고고 [유저] 야 오기야 깔끔해요	0	0	0	0	0	0	0	1
회장님 트름 따뜻했습니다	0	0	1	0	0	0	0	0
후 힘들었다	0	0	1	0	0	0	0	0
후기 한 번 하죠	0	0	1	0	0	0	0	0
후추 [유저] 후추 놔줘	0	0	1	0	0	0	0	0
후추 똥 싼 거 내가 봤다	1	0	0	0	0	0	0	0
후추 뭐해	0	0	0	1	0	0	0	0
후추가 선행위를 하다봐	0	0	0	0	0	0	0	1
후추가 잘해야돼	0	0	0	0	0	0	1	0
후추맨 앞에 후추맨 앞에 후추맨 앞에 오 좋아	0	0	0	0	0	0	1	0
후추인선의 2 후추인선의 2 일자로 안 겹치게 일자로 세봐	0	0	0	0	0	0	0	1
후치 5천원 에이 아니야 억지 억지 억지 억간이은 진짜 [유저] 트롤 한 사람만 내야 되니까 이렇게 6개를 해야 되는 거야	0	0	0	0	0	0	0	1
후퇴가 내 위에 타봐 누구 부터 누구 부터 후퇴가 내 위에 타봐 안돼	0	0	0	0	0	1	0	0
훔치기라니요	0	0	1	0	0	0	0	0
훨찌 맞음	0	0	1	0	0	0	0	0
휘어내려야 되나	0	0	1	0	0	0	0	0
휴 이렇게 다같이 [유저] 타야되는거 아냐	0	0	0	0	0	1	0	0
흐 호예 이야 이거다	0	0	1	0	0	0	0	0
흐으으으으으	0	0	1	0	0	0	0	0
흐하하하하하하하하하 아 뭐야	0	0	0	0	1	0	0	0
흐흐흐흐 가자	0	0	0	0	0	0	0	1
흐흐흐흐 야 허허 야 이거 시간 제한 있는 거였어	0	0	1	0	0	0	0	0
흐흐흐흐흐 어 박수 박수	0	0	1	0	0	0	0	0
흐흐흐흐흐흐흫 가자 가자 어후 자 여기서 타야 돼	0	0	0	0	0	0	0	1
흐흠 가자 가자 이거	0	0	0	0	0	0	0	1
흑기녀가 아니고 흑장미 아닌가	0	0	0	0	0	0	0	1
흘러가는 대로 가니까 죄송합니다 야	0	0	0	0	0	0	0	1
흠집도 안 났는데	0	0	1	0	0	0	0	0
흥내내시하고 있다고 [유저]	0	0	1	0	0	0	0	0
희망 줬다가 살려버리네	0	0	0	0	0	0	0	1
흰색 머쌰야	0	0	1	0	0	0	0	0
흰색 흰색 흰색	0	0	1	0	0	0	0	0
흰색 흰색이면	0	0	1	0	0	0	0	0
히이 같은 게임 자 나 태우고 해봐	0	0	0	0	0	0	0	1
힌트가 어딨어	0	0	0	0	0	0	0	1
힐만 치는데 미안하다	0	0	1	0	0	0	0	0
힘 더 내 더 내	0	0	1	0	0	0	0	0
힘 조절이 좀 필요해	0	0	0	0	0	0	0	1
힘내 야 이거 은근히 어렵네	0	0	0	0	0	0	1	0
힘들어서 다음 트라이에 안되면 나 너무 마음이 어려울 것 같아	0	0	0	0	0	1	0	0
힘을 내라고 말해줄래	0	0	0	0	0	0	0	1
